{
  "X": [
    [59, 7, 34],
    [56, 8, 36],
    [51, 12, 37],
    [56, 4, 40],
    [48, 10, 42],
    [47, 8, 45],
    [54, 11, 35],
    [58, 10, 32],
    [50, 7, 43],
    [55, 9, 36],
    [59, 7, 34],
    [49, 9, 42],
    [54, 9, 37],
    [57, 8, 35],
    [50, 8, 42],
    [46, 7, 47],
    [59, 8, 33],
    [52, 16, 32],
    [54, 5, 41],
    [50, 8, 42],
    [54, 10, 36],
    [59, 8, 33],
    [51, 13, 36],
    [42, 11, 47],
    [59, 6, 35],
    [43, 8, 49],
    [55, 2, 43],
    [49, 3, 48],
    [51, 8, 41],
    [57, 5, 38],
    [48, 4, 48],
    [47, 6, 47],
    [50, 7, 43],
    [54, 3, 43],
    [57, 4, 39],
    [49, 2, 49],
    [53, 4, 43],
    [47, 7, 46],
    [53, 5, 42],
    [47, 4, 49],
    [46, 7, 47],
    [57, 6, 37],
    [52, 9, 39],
    [49, 5, 46],
    [45, 7, 48],
    [61, 6, 33],
    [39, 2, 59],
    [46, 2, 52],
    [49, 3, 48],
    [54, 5, 41]
  ],
  "W": [
    [79, 21],
    [75, 25],
    [74, 26],
    [71, 29],
    [72, 28],
    [77, 23],
    [80, 20],
    [68, 32],
    [79, 21],
    [86, 14],
    [73, 27],
    [71, 29],
    [73, 27],
    [75, 25],
    [82, 18],
    [69, 31],
    [81, 19],
    [78, 22],
    [69, 31],
    [73, 27],
    [77, 23],
    [79, 21],
    [74, 26],
    [75, 25],
    [77, 23],
    [33, 67],
    [26, 74],
    [22, 78],
    [26, 74],
    [19, 81],
    [23, 77],
    [26, 74],
    [33, 67],
    [21, 79],
    [32, 68],
    [21, 79],
    [18, 82],
    [22, 78],
    [20, 80],
    [23, 77],
    [32, 68],
    [25, 75],
    [28, 72],
    [15, 85],
    [28, 72],
    [26, 74],
    [27, 73],
    [22, 78],
    [21, 79],
    [24, 76]
  ],
  "method": "mvn_cdf",
  "mvncdf_method": "genz",
  "mvncdf_samples": 5000,
  "mvncdf_error": 1e-06,
  "cond_prob": [
    [
      [0.60464013295, 0.080714355902, 0.31464551115],
      [0.54514667558, 0.022772081833, 0.43208124259]
    ],
    [
      [0.57681166129, 0.093593572345, 0.32959476637],
      [0.52068125152, 0.026381736437, 0.45293701205]
    ],
    [
      [0.51862743189, 0.14906850487, 0.33230406324],
      [0.48392191688, 0.04329748454, 0.47278059858]
    ],
    [
      [0.58104577303, 0.056125906455, 0.36282832051],
      [0.50426648794, 0.016212204297, 0.47952130777]
    ],
    [
      [0.49685846014, 0.12147224219, 0.38166929767],
      [0.44508412198, 0.033907858971, 0.52100801905]
    ],
    [
      [0.48595557706, 0.091912418912, 0.42213200403],
      [0.41945740879, 0.024793866063, 0.55574872514]
    ],
    [
      [0.55018998521, 0.12554680281, 0.32426321198],
      [0.5078501388, 0.03612667651, 0.45602318469]
    ],
    [
      [0.59121958109, 0.12485923169, 0.28392118722],
      [0.55662248122, 0.036594904536, 0.40678261425]
    ],
    [
      [0.51443150405, 0.081249567585, 0.40431892837],
      [0.44488232395, 0.021968150372, 0.53314952568]
    ],
    [
      [0.56098747048, 0.096481778574, 0.34253075095],
      [0.50403380632, 0.027104448986, 0.46886174469]
    ],
    [
      [0.60777942059, 0.083850708636, 0.30836987077],
      [0.55072947427, 0.023767199367, 0.42550332637]
    ],
    [
      [0.50892259351, 0.10914777789, 0.38192962861],
      [0.45242910738, 0.03026711099, 0.51730378163]
    ],
    [
      [0.55595677634, 0.10728999194, 0.33675323172],
      [0.50517588624, 0.030308414806, 0.46451569895]
    ],
    [
      [0.58670210422, 0.093365911797, 0.31993198398],
      [0.53164646498, 0.026442526234, 0.44191100878]
    ],
    [
      [0.51297175733, 0.089016701364, 0.3980115413],
      [0.44702816133, 0.024266652879, 0.52870518579]
    ],
    [
      [0.48136846353, 0.086631752658, 0.43199978381],
      [0.41237512888, 0.023181547231, 0.56444332389]
    ],
    [
      [0.60294342034, 0.08908275793, 0.30797382173],
      [0.54820655381, 0.025315758912, 0.42647768728]
    ],
    [
      [0.50263750139, 0.21490752979, 0.28245496881],
      [0.50320670353, 0.066798395749, 0.42999490072]
    ],
    [
      [0.56140773265, 0.06800105295, 0.3705912144],
      [0.48923974961, 0.018567853027, 0.49219239736]
    ],
    [
      [0.51884358803, 0.095365233913, 0.38579117806],
      [0.45655564362, 0.026199455623, 0.51724490076]
    ],
    [
      [0.55342786599, 0.11570909915, 0.33086303486],
      [0.50618623647, 0.03300609152, 0.46080767201]
    ],
    [
      [0.60395083973, 0.090251008971, 0.30579815129],
      [0.55001106126, 0.025716599011, 0.42427233973]
    ],
    [
      [0.50566046455, 0.16377998519, 0.33055955027],
      [0.48714508885, 0.049043401502, 0.46381150965]
    ],
    [
      [0.43586167737, 0.13027290778, 0.43386541485],
      [0.38307563175, 0.035609810335, 0.58131455791]
    ],
    [
      [0.60598240249, 0.072851598839, 0.32116599867],
      [0.54195744755, 0.020409933271, 0.43763261918]
    ],
    [
      [0.45867146788, 0.15331678763, 0.3880117445],
      [0.41816813088, 0.04296121845, 0.53887065067]
    ],
    [
      [0.60438084843, 0.05358956054, 0.34202959103],
      [0.52909803834, 0.014710347551, 0.4561916141]
    ],
    [
      [0.54683541093, 0.069089038768, 0.3840755503],
      [0.47399199406, 0.018688984994, 0.50731902094]
    ],
    [
      [0.52212791984, 0.17316690072, 0.30470517944],
      [0.50246309404, 0.05127488356, 0.4462620224]
    ],
    [
      [0.60670883868, 0.10694793005, 0.28634323127],
      [0.56384671683, 0.030755657447, 0.40539762572]
    ],
    [
      [0.53247413329, 0.084495408258, 0.38303045846],
      [0.46620602242, 0.023009175061, 0.51078480252]
    ],
    [
      [0.5096240556, 0.12067221508, 0.36970372932],
      [0.45908885084, 0.033637741249, 0.50727340791]
    ],
    [
      [0.53093178271, 0.12884156228, 0.34022665501],
      [0.48753846797, 0.036640192144, 0.47582133989]
    ],
    [
      [0.59477130981, 0.068810210882, 0.33641847931],
      [0.52699877093, 0.019017016522, 0.45398421255]
    ],
    [
      [0.6127361263, 0.07514895017, 0.31211492353],
      [0.55231343814, 0.021041273422, 0.42664528844]
    ],
    [
      [0.55025295096, 0.056061847053, 0.39368520199],
      [0.47116818103, 0.015025589949, 0.51380622902]
    ],
    [
      [0.58027232392, 0.08895645516, 0.33077122092],
      [0.52199843749, 0.024842226074, 0.45315933644]
    ],
    [
      [0.49634671138, 0.15739180743, 0.34626148119],
      [0.46303467342, 0.045153976212, 0.49181135037]
    ],
    [
      [0.57174721234, 0.10718803362, 0.32106475404],
      [0.52272026296, 0.030331521119, 0.44694821592]
    ],
    [
      [0.52289110228, 0.084634453958, 0.39247444376],
      [0.45587328406, 0.022941523771, 0.52118519217]
    ],
    [
      [0.49398109228, 0.1314858905, 0.37453301722],
      [0.44697505243, 0.036818158822, 0.51620678875]
    ],
    [
      [0.5988230768, 0.11890323583, 0.28227368738],
      [0.56211254556, 0.03452988108, 0.40335757336]
    ],
    [
      [0.51809609511, 0.19716050838, 0.28474339651],
      [0.50591071614, 0.0591179484, 0.43497133546]
    ],
    [
      [0.53352986851, 0.11837129853, 0.34809883295],
      [0.4849724875, 0.033202990403, 0.4818245221]
    ],
    [
      [0.48323617786, 0.1407081762, 0.37605564594],
      [0.43949433496, 0.039527591457, 0.52097807358]
    ],
    [
      [0.63287662696, 0.11450779301, 0.25261558003],
      [0.60113935521, 0.033708333847, 0.36515231094]
    ],
    [
      [0.44750622747, 0.051177088605, 0.50131668393],
      [0.36264962092, 0.012982706404, 0.62436767268]
    ],
    [
      [0.51971426887, 0.055843803636, 0.42444192749],
      [0.43891609769, 0.014754432258, 0.54632947006]
    ],
    [
      [0.54733199266, 0.069760022349, 0.38290798499],
      [0.4749581747, 0.018881411193, 0.50616041411]
    ],
    [
      [0.58146904526, 0.10079395541, 0.31773699933],
      [0.53038585899, 0.028451434871, 0.44116270614]
    ]
  ],