{
  "X": [
    [15, 11, 74],
    [27, 8, 65],
    [24, 9, 67],
    [19, 9, 72],
    [21, 13, 66],
    [10, 10, 80],
    [17, 9, 74],
    [18, 7, 75],
    [20, 9, 71],
    [18, 9, 73],
    [23, 8, 69],
    [15, 8, 77],
    [20, 7, 73],
    [17, 7, 76],
    [23, 8, 69],
    [21, 8, 71],
    [14, 7, 79],
    [27, 12, 61],
    [17, 10, 73],
    [18, 7, 75],
    [21, 4, 75],
    [19, 9, 72],
    [21, 8, 71],
    [21, 11, 68],
    [17, 9, 74],
    [33, 19, 48],
    [45, 21, 34],
    [41, 23, 36],
    [48, 19, 33],
    [33, 29, 38],
    [39, 23, 38],
    [40, 27, 33],
    [41, 21, 38],
    [40, 21, 39],
    [39, 25, 36],
    [45, 20, 35],
    [39, 25, 36],
    [43, 21, 36],
    [42, 24, 34],
    [40, 31, 29],
    [44, 25, 31],
    [49, 16, 35],
    [40, 18, 42],
    [40, 25, 35],
    [39, 19, 42],
    [42, 16, 42],
    [49, 23, 28],
    [39, 23, 38],
    [32, 27, 41],
    [36, 20, 44]
  ],
  "W": [
    [75, 25],
    [72, 28],
    [76, 24],
    [70, 30],
    [70, 30],
    [86, 14],
    [86, 14],
    [78, 22],
    [78, 22],
    [79, 21],
    [74, 26],
    [80, 20],
    [80, 20],
    [81, 19],
    [67, 33],
    [70, 30],
    [82, 18],
    [65, 35],
    [75, 25],
    [77, 23],
    [75, 25],
    [76, 24],
    [72, 28],
    [72, 28],
    [81, 19],
    [24, 76],
    [23, 77],
    [17, 83],
    [19, 81],
    [26, 74],
    [24, 76],
    [19, 81],
    [24, 76],
    [29, 71],
    [25, 75],
    [20, 80],
    [23, 77],
    [35, 65],
    [24, 76],
    [24, 76],
    [20, 80],
    [27, 73],
    [24, 76],
    [27, 73],
    [26, 74],
    [22, 78],
    [19, 81],
    [29, 71],
    [24, 76],
    [29, 71]
  ],
  "method": "mvn_cdf",
  "mvncdf_method": "genz",
  "mvncdf_samples": 5000,
  "mvncdf_error": 1e-06,
  "cond_prob": [
    [
      [0.063714995009, 0.028585279387, 0.9076997256],
      [0.41724762026, 0.34700855878, 0.23574382096]
    ],
    [
      [0.13524158106, 0.025011726348, 0.83974669259],
      [0.63313126713, 0.21197033379, 0.15489839908]
    ],
    [
      [0.13303238854, 0.031677742819, 0.83528986864],
      [0.59454374379, 0.25848887822, 0.14696737799]
    ],
    [
      [0.065789308773, 0.018774569865, 0.91543612136],
      [0.48259244415, 0.25153164317, 0.26587591269]
    ],
    [
      [0.092794972573, 0.03669322419, 0.87051180324],
      [0.47616252213, 0.34716475878, 0.1766727191]
    ],
    [
      [0.062029131378, 0.044366328062, 0.89360454056],
      [0.34043048886, 0.46458302445, 0.1949864867]
    ],
    [
      [0.11553966816, 0.046075149576, 0.83838518226],
      [0.49180759082, 0.36714815307, 0.14104425611]
    ],
    [
      [0.080687060671, 0.020118174744, 0.89919476459],
      [0.52754833881, 0.2403532791, 0.23209838209]
    ],
    [
      [0.10428872426, 0.03047750957, 0.86523376617],
      [0.53645244885, 0.28801807711, 0.17552947403]
    ],
    [
      [0.091741740615, 0.029946904875, 0.87831135451],
      [0.50521460904, 0.30387356787, 0.19091182308]
    ],
    [
      [0.10752420954, 0.023642290124, 0.86883350033],
      [0.58118871017, 0.23259121509, 0.18622007474]
    ],
    [
      [0.070520805351, 0.023767347852, 0.9057118468],
      [0.46965008583, 0.29187157197, 0.23847834219]
    ],
    [
      [0.10606690927, 0.024256600467, 0.86967649026],
      [0.57473865995, 0.23969853002, 0.18556281003]
    ],
    [
      [0.085221456767, 0.022861600012, 0.89191694322],
      [0.52489819144, 0.25831977224, 0.21678203632]
    ],
    [
      [0.076685809173, 0.016764486997, 0.90654970383],
      [0.53626622215, 0.21276772864, 0.25096604921]
    ],
    [
      [0.074489992211, 0.017683253161, 0.90782675463],
      [0.52276841334, 0.22570084394, 0.25153074272]
    ],
    [
      [0.067847871723, 0.021581816318, 0.91057031196],
      [0.47254525812, 0.2768549871, 0.25059975477]
    ],
    [
      [0.11547488466, 0.031200612327, 0.85332450302],
      [0.56022869992, 0.27608990002, 0.16368140006]
    ],
    [
      [0.072788763753, 0.026568081289, 0.90064315496],
      [0.46245313021, 0.31109981909, 0.2264470507]
    ],
    [
      [0.07683559112, 0.019081866543, 0.90408254234],
      [0.52144185988, 0.23622729813, 0.24233084199]
    ],
    [
      [0.079592315873, 0.012035205061, 0.90837247907],
      [0.58028515161, 0.15829503934, 0.26141980906]
    ],
    [
      [0.087060861766, 0.026097722449, 0.88684141578],
      [0.51214101816, 0.28176932402, 0.20608965782]
    ],
    [
      [0.081944233906, 0.019583913563, 0.89847185253],
      [0.53535283598, 0.23284187656, 0.23180528746]
    ],
    [
      [0.093362310834, 0.030753269125, 0.87588442004],
      [0.50602747814, 0.30620538732, 0.18776713453]
    ],
    [
      [0.092054674703, 0.032695787032, 0.87524953826],
      [0.49209925232, 0.32326661124, 0.18463413645]
    ],
    [
      [0.044356918674, 0.013982711077, 0.94166037025],
      [0.41524603661, 0.23588000018, 0.34887396321]
    ],
    [
      [0.10537690789, 0.027396120145, 0.86722697197],
      [0.55531955453, 0.26259407287, 0.1820863726]
    ],
    [
      [0.070212645594, 0.021716943433, 0.90807041097],
      [0.48111622304, 0.27033392445, 0.24854985251]
    ],
    [
      [0.10053237823, 0.022406830931, 0.87706079084],
      [0.57114700164, 0.23032796867, 0.19852502969]
    ],
    [
      [0.075496884664, 0.038232355839, 0.8862707595],
      [0.41752412349, 0.38687118209, 0.19560469442]
    ],
    [
      [0.080451249006, 0.026421699964, 0.89312705103],
      [0.49026274108, 0.2927985451, 0.21693871382]
    ],
    [
      [0.084403317692, 0.031885526958, 0.88371115535],
      [0.47504880313, 0.32667064728, 0.19828054959]
    ],
    [
      [0.084205715046, 0.024080440873, 0.89171384408],
      [0.51507171415, 0.26741715713, 0.21751112873]
    ],
    [
      [0.095881933095, 0.028256519889, 0.87586154702],
      [0.52631083321, 0.28209284359, 0.1915963232]
    ],
    [
      [0.091262244449, 0.032962046548, 0.875775709],
      [0.48978709679, 0.32281641091, 0.1873964923]
    ],
    [
      [0.089873746094, 0.02235656966, 0.88776968425],
      [0.5417693537, 0.24471993709, 0.21351070921]
    ],
    [
      [0.08445286623, 0.030303728292, 0.88524340548],
      [0.48291302594, 0.31543843472, 0.20164853934]
    ],
    [
      [0.14802689526, 0.040804253153, 0.81116885159],
      [0.58134086291, 0.29215655394, 0.12650258314]
    ],
    [
      [0.10240901078, 0.032827176778, 0.86476381244],
      [0.52136847644, 0.30344216478, 0.17518935879]
    ],
    [
      [0.1198855534, 0.055596177467, 0.82451826913],
      [0.47096452788, 0.4003096924, 0.12872577972]
    ],
    [
      [0.10423869034, 0.0330571925, 0.86270411716],
      [0.52452065436, 0.30240356628, 0.17307577936]
    ],
    [
      [0.12922535896, 0.024016590584, 0.84675805045],
      [0.62594251493, 0.21090175362, 0.16315573145]
    ],
    [
      [0.062728068562, 0.017619925786, 0.91965200565],
      [0.50243067467, 0.23209765547, 0.26547166986]
    ],
    [
      [0.10520455137, 0.037452564907, 0.85734288372],
      [0.50715430972, 0.32831229204, 0.16453339824]
    ],
    [
      [0.072793861536, 0.01990360373, 0.90730253473],
      [0.5015200915, 0.24904022726, 0.24943968125]
    ],
    [
      [0.066523277127, 0.01479851292, 0.91867820995],
      [0.51225764793, 0.20597211586, 0.28177023621]
    ],
    [
      [0.126601859, 0.032779629095, 0.8406185119],
      [0.57641200858, 0.27108149136, 0.15250650005]
    ],
    [
      [0.09778086612, 0.03259013148, 0.8696290024],
      [0.51003513648, 0.30946906821, 0.18049579531]
    ],
    [
      [0.059989243257, 0.028104842035, 0.91190591471],
      [0.40637519204, 0.34574445348, 0.24788035449]
    ],
    [
      [0.069646182563, 0.021597487138, 0.9087563303],
      [0.48024295468, 0.27044219918, 0.24931484614]
    ]
  ],