{
  "X": [
    [40, 60],
    [39, 61],
    [48, 52],
    [39, 61],
    [29, 71],
    [35, 65],
    [28, 72],
    [28, 72],
    [39, 61],
    [35, 65],
    [33, 67],
    [35, 65],
    [36, 64],
    [39, 61],
    [31, 69],
    [28, 72],
    [31, 69],
    [48, 52],
    [45, 55],
    [42, 58],
    [51, 49],
    [55, 45],
    [47, 53],
    [44, 56],
    [48, 52],
    [42, 58],
    [33, 67],
    [44, 56],
    [43, 57],
    [52, 48],
    [36, 64],
    [54, 46],
    [45, 55],
    [58, 42],
    [51, 49],
    [49, 51],
    [46, 54],
    [48, 52],
    [49, 51],
    [51, 49],
    [50, 50],
    [50, 50],
    [54, 46],
    [45, 55],
    [47, 53],
    [48, 52],
    [49, 51],
    [37, 63],
    [47, 53],
    [54, 46]
  ],
  "W": [
    [63, 16, 21],
    [59, 23, 18],
    [64, 15, 21],
    [59, 16, 25],
    [70, 11, 19],
    [68, 11, 21],
    [65, 21, 14],
    [75, 17, 8],
    [67, 19, 14],
    [63, 20, 17],
    [71, 14, 15],
    [75, 16, 9],
    [63, 13, 24],
    [62, 24, 14],
    [62, 16, 22],
    [78, 12, 10],
    [57, 32, 11],
    [21, 58, 21],
    [16, 67, 17],
    [14, 67, 19],
    [10, 68, 22],
    [21, 61, 18],
    [16, 70, 14],
    [18, 67, 15],
    [15, 69, 16],
    [20, 62, 18],
    [13, 74, 13],
    [17, 67, 16],
    [13, 70, 17],
    [23, 65, 12],
    [13, 73, 14],
    [27, 53, 20],
    [12, 72, 16],
    [16, 35, 49],
    [10, 19, 71],
    [19, 14, 67],
    [14, 14, 72],
    [19, 22, 59],
    [15, 12, 73],
    [16, 14, 70],
    [17, 16, 67],
    [19, 21, 60],
    [15, 20, 65],
    [13, 12, 75],
    [19, 26, 55],
    [9, 23, 68],
    [24, 10, 66],
    [13, 16, 71],
    [20, 19, 61],
    [19, 15, 66]
  ],
  "method": "mult",
  "cond_prob": [
    [
      [0.30810064082, 0.69189935918],
      [0.51627025432, 0.48372974568],
      [0.58711121711, 0.41288878289]
    ],
    [
      [0.2923131297, 0.7076868703],
      [0.4992916664, 0.5007083336],
      [0.57054539003, 0.42945460997]
    ],
    [
      [0.39146218997, 0.60853781003],
      [0.59854556696, 0.40145443304],
      [0.6651541113, 0.3348458887]
    ],
    [
      [0.28755219506, 0.71244780494],
      [0.49391980955, 0.50608019045],
      [0.56526814154, 0.43473185846]
    ],
    [
      [0.21850285618, 0.78149714382],
      [0.41196842811, 0.58803157189],
      [0.48279722939, 0.51720277061]
    ],
    [
      [0.26950691303, 0.73049308697],
      [0.47406540954, 0.52593459046],
      [0.54565763854, 0.45434236146]
    ],
    [
      [0.20398451498, 0.79601548502],
      [0.39311795627, 0.60688204373],
      [0.4632521032, 0.5367478968]
    ],
    [
      [0.225835456, 0.774164544],
      [0.41975078348, 0.58024921652],
      [0.49082218511, 0.50917781489]
    ],
    [
      [0.31108232024, 0.68891767976],
      [0.52021860283, 0.47978139717],
      [0.5909522207, 0.4090477793]
    ],
    [
      [0.26252530215, 0.73747469785],
      [0.46604062232, 0.53395937768],
      [0.5376525599, 0.4623474401]
    ],
    [
      [0.26039864676, 0.73960135324],
      [0.46335265271, 0.53664734729],
      [0.53498392947, 0.46501607053]
    ],
    [
      [0.29158046972, 0.70841953028],
      [0.4995946593, 0.5004053407],
      [0.57088335799, 0.42911664201]
    ],
    [
      [0.26723662895, 0.73276337105],
      [0.4715098261, 0.5284901739],
      [0.54310269319, 0.45689730681]
    ],
    [
      [0.30100636783, 0.69899363217],
      [0.50902689957, 0.49097310043],
      [0.58006854321, 0.41993145679]
    ],
    [
      [0.22020971711, 0.77979028289],
      [0.41544465669, 0.58455534331],
      [0.48635831963, 0.51364168037]
    ],
    [
      [0.22997660554, 0.77002339446],
      [0.42498928545, 0.57501071455],
      [0.49619533426, 0.50380466574]
    ],
    [
      [0.21865117592, 0.78134882408],
      [0.41296877486, 0.58703122514],
      [0.48380747066, 0.51619252934]
    ],
    [
      [0.29770676821, 0.70229323179],
      [0.51010893158, 0.48989106842],
      [0.57913523029, 0.42086476971]
    ],
    [
      [0.26724941878, 0.73275058122],
      [0.47027254944, 0.52972745056],
      [0.54210285219, 0.45789714781]
    ],
    [
      [0.23994735425, 0.76005264575],
      [0.43320341221, 0.56679658779],
      [0.5061109696, 0.4938890304]
    ],
    [
      [0.30328624232, 0.69671375768],
      [0.51594977506, 0.48405022494],
      [0.58557058514, 0.41442941486]
    ],
    [
      [0.36150179662, 0.63849820338],
      [0.58608483433, 0.41391516567],
      [0.64762707649, 0.35237292351]
    ],
    [
      [0.28507103774, 0.71492896226],
      [0.49344064609, 0.50655935391],
      [0.564144155, 0.435855845]
    ],
    [
      [0.26369939161, 0.73630060839],
      [0.46551667239, 0.53448332761],
      [0.53758626006, 0.46241373994]
    ],
    [
      [0.29041699979, 0.70958300021],
      [0.50021808747, 0.49978191253],
      [0.57054356047, 0.42945643953]
    ],
    [
      [0.24963277554, 0.75036722446],
      [0.44615301138, 0.55384698862],
      [0.51921432132, 0.48078567868]
    ],
    [
      [0.17808957524, 0.82191042476],
      [0.34212062616, 0.65787937384],
      [0.41291609121, 0.58708390879]
    ],
    [
      [0.26154046836, 0.73845953164],
      [0.46263941821, 0.53736058179],
      [0.53481068862, 0.46518931138]
    ],
    [
      [0.24702839519, 0.75297160481],
      [0.44316356726, 0.55683643274],
      [0.51571653849, 0.48428346151]
    ],
    [
      [0.34175230754, 0.65824769246],
      [0.56320367586, 0.43679632414],
      [0.62762149964, 0.37237850036]
    ],
    [
      [0.19791083744, 0.80208916256],
      [0.37261547531, 0.62738452469],
      [0.44473067254, 0.55526932746]
    ],
    [
      [0.36234956723, 0.63765043277],
      [0.58956612463, 0.41043387537],
      [0.64847785398, 0.35152214602]
    ],
    [
      [0.26140132134, 0.73859867866],
      [0.46262829488, 0.53737170512],
      [0.53462168203, 0.46537831797]
    ],
    [
      [0.3595943801, 0.6404056199],
      [0.5777498936, 0.4222501064],
      [0.65357640086, 0.34642359914]
    ],
    [
      [0.27448215047, 0.72551784953],
      [0.47967488643, 0.52032511357],
      [0.55128669934, 0.44871330066]
    ],
    [
      [0.27550375801, 0.72449624199],
      [0.48095544724, 0.51904455276],
      [0.55271719905, 0.44728280095]
    ],
    [
      [0.24186860868, 0.75813139132],
      [0.43737825303, 0.56262174697],
      [0.50681311022, 0.49318688978]
    ],
    [
      [0.27209901467, 0.72790098533],
      [0.47668390346, 0.52331609654],
      [0.54818767534, 0.45181232466]
    ],
    [
      [0.26565126375, 0.73434873625],
      [0.4685051153, 0.5314948847],
      [0.5396324611, 0.4603675389]
    ],
    [
      [0.28495399461, 0.71504600539],
      [0.4926593262, 0.5073406738],
      [0.56490722171, 0.43509277829]
    ],
    [
      [0.28024402986, 0.71975597014],
      [0.48685435137, 0.51314564863],
      [0.55889823687, 0.44110176313]
    ],
    [
      [0.28765069388, 0.71234930612],
      [0.49596120218, 0.50403879782],
      [0.56865752617, 0.43134247383]
    ],
    [
      [0.31140431348, 0.68859568652],
      [0.52425417587, 0.47574582413],
      [0.5975977197, 0.4024022803]
    ],
    [
      [0.23155361947, 0.76844638053],
      [0.42338175457, 0.57661824543],
      [0.49212295856, 0.50787704144]
    ],
    [
      [0.26646422148, 0.73353577852],
      [0.46954641642, 0.53045358358],
      [0.54052678118, 0.45947321882]
    ],
    [
      [0.25130757887, 0.74869242113],
      [0.4499193591, 0.5500806409],
      [0.52044244898, 0.47955755102]
    ],
    [
      [0.28434374438, 0.71565625562],
      [0.49191541863, 0.50808458137],
      [0.56449387801, 0.43550612199]
    ],
    [
      [0.17951139161, 0.82048860839],
      [0.34773539299, 0.65226460701],
      [0.40989557213, 0.59010442787]
    ],
    [
      [0.26470953435, 0.73529046565],
      [0.46730554077, 0.53269445923],
      [0.53814760719, 0.46185239281]
    ],
    [
      [0.31785129338, 0.68214870662],
      [0.53170662383, 0.46829337617],
      [0.60583675861, 0.39416324139]
    ]
  ],