{
  "X": [
    [29, 71],
    [24, 76],
    [32, 68],
    [35, 65],
    [25, 75],
    [29, 71],
    [22, 78],
    [29, 71],
    [23, 77],
    [23, 77],
    [35, 65],
    [29, 71],
    [27, 73],
    [27, 73],
    [28, 72],
    [30, 70],
    [27, 73],
    [46, 54],
    [49, 51],
    [39, 61],
    [34, 66],
    [46, 54],
    [41, 59],
    [54, 46],
    [49, 51],
    [40, 60],
    [47, 53],
    [43, 57],
    [47, 53],
    [40, 60],
    [47, 53],
    [46, 54],
    [51, 49],
    [24, 76],
    [24, 76],
    [25, 75],
    [27, 73],
    [19, 81],
    [25, 75],
    [26, 74],
    [26, 74],
    [26, 74],
    [18, 82],
    [21, 79],
    [21, 79],
    [20, 80],
    [29, 71],
    [21, 79],
    [24, 76],
    [15, 85]
  ],
  "W": [
    [69, 17, 14],
    [74, 11, 15],
    [64, 19, 17],
    [64, 17, 19],
    [70, 15, 15],
    [69, 16, 15],
    [67, 11, 22],
    [72, 8, 20],
    [68, 14, 18],
    [72, 15, 13],
    [69, 16, 15],
    [61, 16, 23],
    [59, 22, 19],
    [65, 15, 20],
    [78, 13, 9],
    [69, 14, 17],
    [44, 35, 21],
    [18, 64, 18],
    [12, 74, 14],
    [23, 67, 10],
    [19, 67, 14],
    [17, 60, 23],
    [19, 69, 12],
    [14, 74, 12],
    [11, 76, 13],
    [15, 63, 22],
    [23, 62, 15],
    [21, 59, 20],
    [20, 65, 15],
    [14, 69, 17],
    [13, 70, 17],
    [11, 68, 21],
    [16, 71, 13],
    [13, 32, 55],
    [18, 14, 68],
    [15, 20, 65],
    [11, 21, 68],
    [14, 13, 73],
    [17, 17, 66],
    [18, 17, 65],
    [13, 16, 71],
    [21, 15, 64],
    [14, 17, 69],
    [14, 19, 67],
    [20, 19, 61],
    [12, 16, 72],
    [13, 24, 63],
    [16, 19, 65],
    [17, 22, 61],
    [21, 14, 65]
  ],
  "method": "mult",
  "cond_prob": [
    [
      [0.24993918321, 0.75006081679],
      [0.58132993442, 0.41867006558],
      [0.13368481955, 0.86631518045]
    ],
    [
      [0.21973768233, 0.78026231767],
      [0.54406470554, 0.45593529446],
      [0.1169799831, 0.8830200169]
    ],
    [
      [0.27882982322, 0.72117017678],
      [0.61167978841, 0.38832021159],
      [0.14899854909, 0.85100145091]
    ],
    [
      [0.32199395595, 0.67800604405],
      [0.65319871823, 0.34680128177],
      [0.17305308471, 0.82694691529]
    ],
    [
      [0.21646553958, 0.78353446042],
      [0.54079658088, 0.45920341912],
      [0.11569756773, 0.88430243227]
    ],
    [
      [0.25463016827, 0.74536983173],
      [0.58668728385, 0.41331271615],
      [0.13623478985, 0.86376521015]
    ],
    [
      [0.20587182551, 0.79412817449],
      [0.52643475193, 0.47356524807],
      [0.10980933725, 0.89019066275]
    ],
    [
      [0.28963013071, 0.71036986929],
      [0.62636545559, 0.37363454441],
      [0.1567853472, 0.8432146528]
    ],
    [
      [0.20213939675, 0.79786060325],
      [0.52198134599, 0.47801865401],
      [0.10815456538, 0.89184543462]
    ],
    [
      [0.19431831938, 0.80568168062],
      [0.51058266974, 0.48941733026],
      [0.10387238143, 0.89612761857]
    ],
    [
      [0.31870114634, 0.68129885366],
      [0.65172545299, 0.34827454701],
      [0.17213424364, 0.82786575636]
    ],
    [
      [0.26515528, 0.73484472],
      [0.59787115319, 0.40212884681],
      [0.14172128127, 0.85827871873]
    ],
    [
      [0.21704754206, 0.78295245794],
      [0.54403579747, 0.45596420253],
      [0.11712670917, 0.88287329083]
    ],
    [
      [0.24301729831, 0.75698270169],
      [0.57360869238, 0.42639130762],
      [0.12998726121, 0.87001273879]
    ],
    [
      [0.24731580326, 0.75268419674],
      [0.57839137663, 0.42160862337],
      [0.13225327213, 0.86774672787]
    ],
    [
      [0.27488055635, 0.72511944365],
      [0.60900714546, 0.39099285454],
      [0.14747891619, 0.85252108381]
    ],
    [
      [0.17102089121, 0.82897910879],
      [0.4969685017, 0.5030314983],
      [0.099103963209, 0.90089603679]
    ],
    [
      [0.26409612288, 0.73590387712],
      [0.60430688675, 0.39569311325],
      [0.14281272424, 0.85718727576]
    ],
    [
      [0.25805711562, 0.74194288438],
      [0.59401197092, 0.40598802908],
      [0.13903062604, 0.86096937396]
    ],
    [
      [0.1995573467, 0.8004426533],
      [0.49810145594, 0.50189854406],
      [0.1037383478, 0.8962616522]
    ],
    [
      [0.16988004643, 0.83011995357],
      [0.44115763216, 0.55884236784],
      [0.086765554501, 0.9132344455]
    ],
    [
      [0.27942100648, 0.72057899352],
      [0.62901912725, 0.37098087275],
      [0.15255196761, 0.84744803239]
    ],
    [
      [0.21031503621, 0.78968496379],
      [0.51715242439, 0.48284757561],
      [0.1100414191, 0.8899585809]
    ],
    [
      [0.29630236167, 0.70369763833],
      [0.64715515574, 0.35284484426],
      [0.16352378431, 0.83647621569]
    ],
    [
      [0.25215675058, 0.74784324942],
      [0.58508747263, 0.41491252737],
      [0.13535598646, 0.86464401354]
    ],
    [
      [0.22483301595, 0.77516698405],
      [0.53994831941, 0.46005168059],
      [0.11867093808, 0.88132906192]
    ],
    [
      [0.27452494841, 0.72547505159],
      [0.62007371975, 0.37992628025],
      [0.14942370412, 0.85057629588]
    ],
    [
      [0.25550390065, 0.74449609935],
      [0.59128732804, 0.40871267196],
      [0.13742328659, 0.86257671341]
    ],
    [
      [0.26659165008, 0.73340834992],
      [0.60772819538, 0.39227180462],
      [0.14438895323, 0.85561104677]
    ],
    [
      [0.20728830195, 0.79271169805],
      [0.51097913035, 0.48902086965],
      [0.10825904581, 0.89174095419]
    ],
    [
      [0.25553103643, 0.74446896357],
      [0.59059176843, 0.40940823157],
      [0.13745133742, 0.86254866258]
    ],
    [
      [0.25648698419, 0.74351301581],
      [0.5923484812, 0.4076515188],
      [0.13804506916, 0.86195493084]
    ],
    [
      [0.28070485419, 0.71929514581],
      [0.62696680649, 0.37303319351],
      [0.15339069788, 0.84660930212]
    ],
    [
      [0.20276589893, 0.79723410107],
      [0.5148795398, 0.4851204602],
      [0.088870873464, 0.91112912654]
    ],
    [
      [0.27458869276, 0.72541130724],
      [0.61319547407, 0.38680452593],
      [0.15400980726, 0.84599019274]
    ],
    [
      [0.25911254765, 0.74088745235],
      [0.59392980493, 0.40607019507],
      [0.14207254903, 0.85792745097]
    ],
    [
      [0.27973939818, 0.72026060182],
      [0.61894551463, 0.38105448537],
      [0.16066192372, 0.83933807628]
    ],
    [
      [0.22897521453, 0.77102478547],
      [0.55447468793, 0.44552531207],
      [0.11761885005, 0.88238114995]
    ],
    [
      [0.27120848675, 0.72879151325],
      [0.60896167864, 0.39103832136],
      [0.15207738164, 0.84792261836]
    ],
    [
      [0.28041189661, 0.71958810339],
      [0.61986177618, 0.38013822382],
      [0.16022977948, 0.83977022052]
    ],
    [
      [0.29247991295, 0.70752008705],
      [0.63382195392, 0.36617804608],
      [0.1698114066, 0.8301885934]
    ],
    [
      [0.28676894404, 0.71323105596],
      [0.6272844531, 0.3727155469],
      [0.16513414654, 0.83486585346]
    ],
    [
      [0.19998277519, 0.80001722481],
      [0.51131266772, 0.48868733228],
      [0.09431776516, 0.90568223484]
    ],
    [
      [0.22344762656, 0.77655237344],
      [0.54622865872, 0.45377134128],
      [0.11184162257, 0.88815837743]
    ],
    [
      [0.21685534329, 0.78314465671],
      [0.53660058265, 0.46339941735],
      [0.10602429613, 0.89397570387]
    ],
    [
      [0.22848021896, 0.77151978104],
      [0.5535888512, 0.4464111488],
      [0.11667799657, 0.88332200343]
    ],
    [
      [0.28268414013, 0.71731585987],
      [0.62219120762, 0.37780879238],
      [0.1649605904, 0.8350394096]
    ],
    [
      [0.22121943729, 0.77878056271],
      [0.54300044067, 0.45699955933],
      [0.10989970201, 0.89010029799]
    ],
    [
      [0.23765265084, 0.76234734916],
      [0.56578076728, 0.43421923272],
      [0.12315947632, 0.87684052368]
    ],
    [
      [0.17167624789, 0.82832375211],
      [0.46461046938, 0.53538953062],
      [0.075234649584, 0.92476535042]
    ]
  ],