{
  "X": [
    [62, 38],
    [58, 42],
    [66, 34],
    [70, 30],
    [63, 37],
    [61, 39],
    [62, 38],
    [65, 35],
    [61, 39],
    [63, 37],
    [61, 39],
    [65, 35],
    [58, 42],
    [50, 50],
    [59, 41],
    [58, 42],
    [50, 50],
    [26, 74],
    [24, 76],
    [32, 68],
    [30, 70],
    [26, 74],
    [31, 69],
    [20, 80],
    [33, 67],
    [29, 71],
    [25, 75],
    [20, 80],
    [29, 71],
    [33, 67],
    [27, 73],
    [35, 65],
    [31, 69],
    [44, 56],
    [48, 52],
    [57, 43],
    [57, 43],
    [58, 42],
    [50, 50],
    [48, 52],
    [55, 45],
    [53, 47],
    [54, 46],
    [65, 35],
    [61, 39],
    [54, 46],
    [61, 39],
    [56, 44],
    [56, 44],
    [62, 38]
  ],
  "W": [
    [75, 13, 12],
    [68, 17, 15],
    [63, 20, 17],
    [74, 17, 9],
    [65, 16, 19],
    [68, 13, 19],
    [61, 12, 27],
    [66, 23, 11],
    [68, 13, 19],
    [69, 14, 17],
    [74, 12, 14],
    [69, 11, 20],
    [58, 21, 21],
    [64, 19, 17],
    [60, 15, 25],
    [68, 17, 15],
    [47, 34, 19],
    [13, 71, 16],
    [18, 65, 17],
    [18, 68, 14],
    [10, 68, 22],
    [21, 66, 13],
    [14, 63, 23],
    [14, 74, 12],
    [18, 63, 19],
    [17, 68, 15],
    [16, 64, 20],
    [13, 77, 10],
    [14, 71, 15],
    [22, 56, 22],
    [16, 70, 14],
    [13, 70, 17],
    [18, 61, 21],
    [18, 32, 50],
    [12, 16, 72],
    [20, 14, 66],
    [20, 16, 64],
    [21, 16, 63],
    [14, 20, 66],
    [25, 17, 58],
    [20, 16, 64],
    [17, 23, 60],
    [8, 27, 65],
    [22, 8, 70],
    [15, 13, 72],
    [18, 16, 66],
    [16, 19, 65],
    [14, 17, 69],
    [16, 18, 66],
    [19, 17, 64]
  ],
  "method": "mult",
  "cond_prob": [
    [
      [0.71462352198, 0.28537647802],
      [0.079173696285, 0.92082630372],
      [0.61449814997, 0.38550185003]
    ],
    [
      [0.70055692366, 0.29944307634],
      [0.076201303371, 0.92379869663],
      [0.60444713557, 0.39555286443]
    ],
    [
      [0.8225527418, 0.1774472582],
      [0.11264149606, 0.88735850394],
      [0.70154984384, 0.29845015616]
    ],
    [
      [0.83145210121, 0.16854789879],
      [0.11955223828, 0.88044776172],
      [0.71557293998, 0.28442706002]
    ],
    [
      [0.75643680123, 0.24356319877],
      [0.09146011473, 0.90853988527],
      [0.65096032023, 0.34903967977]
    ],
    [
      [0.71112270224, 0.28887729776],
      [0.078372775948, 0.92162722405],
      [0.61183211369, 0.38816788631]
    ],
    [
      [0.72427954097, 0.27572045903],
      [0.082022454241, 0.91797754576],
      [0.62350661295, 0.37649338705]
    ],
    [
      [0.82789624448, 0.17210375552],
      [0.1137642098, 0.8862357902],
      [0.70384282172, 0.29615717828]
    ],
    [
      [0.71112270224, 0.28887729776],
      [0.078372775948, 0.92162722405],
      [0.61183211369, 0.38816788631]
    ],
    [
      [0.73878826145, 0.26121173855],
      [0.086239629584, 0.91376037042],
      [0.63625030268, 0.36374969732]
    ],
    [
      [0.69872512885, 0.30127487115],
      [0.074781469737, 0.92521853026],
      [0.59978305915, 0.40021694085]
    ],
    [
      [0.74263031817, 0.25736968183],
      [0.087433938651, 0.91256606135],
      [0.63983673604, 0.36016326396]
    ],
    [
      [0.73851522538, 0.26148477462],
      [0.086224042622, 0.91377595738],
      [0.63597200156, 0.36402799844]
    ],
    [
      [0.61978411686, 0.38021588314],
      [0.059834071962, 0.94016592804],
      [0.54099818552, 0.45900181448]
    ],
    [
      [0.70898713629, 0.29101286371],
      [0.078292669494, 0.92170733051],
      [0.6114552712, 0.3885447288]
    ],
    [
      [0.70055692366, 0.29944307634],
      [0.076201303371, 0.92379869663],
      [0.60444713557, 0.39555286443]
    ],
    [
      [0.74260870803, 0.25739129197],
      [0.087171640829, 0.91282835917],
      [0.63860815445, 0.36139184555]
    ],
    [
      [0.74075880952, 0.25924119048],
      [0.086539706713, 0.91346029329],
      [0.63911351873, 0.36088648127]
    ],
    [
      [0.67923761593, 0.32076238407],
      [0.032668175516, 0.96733182448],
      [0.56766420616, 0.43233579384]
    ],
    [
      [0.77392583425, 0.22607416575],
      [0.12578285374, 0.87421714626],
      [0.67972149496, 0.32027850504]
    ],
    [
      [0.76471159204, 0.23528840796],
      [0.11250696506, 0.88749303494],
      [0.66829138434, 0.33170861566]
    ],
    [
      [0.7044898238, 0.2955101762],
      [0.052295838315, 0.94770416168],
      [0.59647602857, 0.40352397143]
    ],
    [
      [0.74451969073, 0.25548030927],
      [0.091591458545, 0.90840854146],
      [0.64375923659, 0.35624076341]
    ],
    [
      [0.68853612736, 0.31146387264],
      [0.046273654799, 0.9537263452],
      [0.57802031348, 0.42197968652]
    ],
    [
      [0.75804375001, 0.24195624999],
      [0.10812033032, 0.89187966968],
      [0.66019114158, 0.33980885842]
    ],
    [
      [0.74916383918, 0.25083616082],
      [0.095948605498, 0.9040513945],
      [0.64931397067, 0.35068602933]
    ],
    [
      [0.68732924871, 0.31267075129],
      [0.038534825891, 0.96146517411],
      [0.57682515818, 0.42317484182]
    ],
    [
      [0.70945512603, 0.29054487397],
      [0.06178064378, 0.93821935622],
      [0.60199737905, 0.39800262095]
    ],
    [
      [0.76764816904, 0.23235183096],
      [0.11513720233, 0.88486279767],
      [0.67187895121, 0.32812104879]
    ],
    [
      [0.72048647354, 0.27951352646],
      [0.064539076519, 0.93546092348],
      [0.61523224077, 0.38476775923]
    ],
    [
      [0.74199086917, 0.25800913083],
      [0.087992160809, 0.91200783919],
      [0.64062105977, 0.35937894023]
    ],
    [
      [0.80967860683, 0.19032139317],
      [0.17354996789, 0.82645003211],
      [0.7250400211, 0.2749599789]
    ],
    [
      [0.7307333694, 0.2692666306],
      [0.076618558986, 0.92338144101],
      [0.62728891679, 0.37271108321]
    ],
    [
      [0.70690876377, 0.29309123623],
      [0.074832725279, 0.92516727472],
      [0.57761990086, 0.42238009914]
    ],
    [
      [0.67094377977, 0.32905622023],
      [0.06398455138, 0.93601544862],
      [0.54062391418, 0.45937608582]
    ],
    [
      [0.73028136863, 0.26971863137],
      [0.083196895282, 0.91680310472],
      [0.62469115293, 0.37530884707]
    ],
    [
      [0.73904372105, 0.26095627895],
      [0.086704435216, 0.91329556478],
      [0.63799772837, 0.36200227163]
    ],
    [
      [0.74606767805, 0.25393232195],
      [0.089657402335, 0.91034259767],
      [0.64917556069, 0.35082443931]
    ],
    [
      [0.7053986352, 0.2946013648],
      [0.074323414496, 0.9256765855],
      [0.58542349723, 0.41457650277]
    ],
    [
      [0.66388042517, 0.33611957483],
      [0.062098784825, 0.93790121518],
      [0.52322948326, 0.47677051674]
    ],
    [
      [0.7230865146, 0.2769134854],
      [0.080488001021, 0.91951199898],
      [0.61328846393, 0.38671153607]
    ],
    [
      [0.74025109349, 0.25974890651],
      [0.087234927383, 0.91276507262],
      [0.64015546801, 0.35984453199]
    ],
    [
      [0.77077508709, 0.22922491291],
      [0.10134295449, 0.89865704551],
      [0.69380830049, 0.30619169951]
    ],
    [
      [0.76633364832, 0.23366635168],
      [0.098965806946, 0.90103419305],
      [0.67641333259, 0.32358666741]
    ],
    [
      [0.76132854826, 0.23867145174],
      [0.096584643021, 0.90341535698],
      [0.67117321412, 0.32882678588]
    ],
    [
      [0.71663785404, 0.28336214596],
      [0.078154899191, 0.92184510081],
      [0.60378848849, 0.39621151151]
    ],
    [
      [0.78414732621, 0.21585267379],
      [0.10858213391, 0.89141786609],
      [0.71370126518, 0.28629873482]
    ],
    [
      [0.74032343922, 0.25967656078],
      [0.08724443349, 0.91275556651],
      [0.63988864466, 0.36011135534]
    ],
    [
      [0.74299977496, 0.25700022504],
      [0.088366411204, 0.9116335888],
      [0.64426376059, 0.35573623941]
    ],
    [
      [0.78163902297, 0.21836097703],
      [0.10714653128, 0.89285346872],
      [0.70824011769, 0.29175988231]
    ]
  ],