{
  "X": [
    [75, 25],
    [68, 32],
    [68, 32],
    [75, 25],
    [62, 38],
    [67, 33],
    [65, 35],
    [83, 17],
    [63, 37],
    [68, 32],
    [67, 33],
    [61, 39],
    [72, 28],
    [69, 31],
    [69, 31],
    [67, 33],
    [71, 29],
    [74, 26],
    [86, 14],
    [79, 21],
    [75, 25],
    [74, 26],
    [69, 31],
    [74, 26],
    [81, 19],
    [77, 23],
    [86, 14],
    [85, 15],
    [75, 25],
    [80, 20],
    [75, 25],
    [80, 20],
    [75, 25],
    [61, 39],
    [54, 46],
    [51, 49],
    [48, 52],
    [57, 43],
    [53, 47],
    [49, 51],
    [55, 45],
    [65, 35],
    [61, 39],
    [50, 50],
    [53, 47],
    [50, 50],
    [48, 52],
    [44, 56],
    [60, 40],
    [52, 48]
  ],
  "W": [
    [71, 19, 10],
    [70, 13, 17],
    [69, 18, 13],
    [74, 15, 11],
    [68, 16, 16],
    [65, 19, 16],
    [61, 21, 18],
    [58, 22, 20],
    [64, 19, 17],
    [67, 17, 16],
    [69, 18, 13],
    [73, 12, 15],
    [59, 23, 18],
    [72, 16, 12],
    [70, 13, 17],
    [67, 19, 14],
    [51, 32, 17],
    [13, 63, 24],
    [13, 69, 18],
    [14, 68, 18],
    [13, 68, 19],
    [18, 68, 14],
    [24, 61, 15],
    [14, 63, 23],
    [14, 68, 18],
    [19, 67, 14],
    [18, 68, 14],
    [12, 73, 15],
    [13, 71, 16],
    [20, 68, 12],
    [17, 65, 18],
    [10, 74, 16],
    [24, 62, 14],
    [19, 32, 49],
    [16, 12, 72],
    [18, 13, 69],
    [20, 16, 64],
    [15, 21, 64],
    [8, 18, 74],
    [16, 15, 69],
    [17, 19, 64],
    [20, 15, 65],
    [11, 23, 66],
    [18, 21, 61],
    [17, 15, 68],
    [16, 11, 73],
    [18, 11, 71],
    [15, 16, 69],
    [21, 12, 67],
    [18, 9, 73]
  ],
  "method": "mult",
  "cond_prob": [
    [
      [0.74637463158, 0.25362536842],
      [0.91211594179, 0.087884058213],
      [0.46771982641, 0.53228017359]
    ],
    [
      [0.70338721324, 0.29661278676],
      [0.89494502128, 0.10505497872],
      [0.41932998802, 0.58067001198]
    ],
    [
      [0.68001555167, 0.31998444833],
      [0.8853890556, 0.1146109444],
      [0.39553261032, 0.60446738968]
    ],
    [
      [0.75638391784, 0.24361608216],
      [0.91611417316, 0.083885826843],
      [0.48053431657, 0.51946568343]
    ],
    [
      [0.62700953698, 0.37299046302],
      [0.86271636065, 0.13728363935],
      [0.34749310718, 0.65250689282]
    ],
    [
      [0.67593758783, 0.32406241217],
      [0.88383192628, 0.11616807372],
      [0.39195313698, 0.60804686302]
    ],
    [
      [0.65427096893, 0.34572903107],
      [0.87521974472, 0.12478025528],
      [0.37276979202, 0.62723020798]
    ],
    [
      [0.85926967734, 0.14073032266],
      [0.94937945865, 0.050620541355],
      [0.61380053121, 0.38619946879]
    ],
    [
      [0.63326263867, 0.36673736133],
      [0.86603512106, 0.13396487894],
      [0.35391316616, 0.64608683384]
    ],
    [
      [0.69177383721, 0.30822616279],
      [0.89023485512, 0.10976514488],
      [0.40732252313, 0.59267747687]
    ],
    [
      [0.66879430879, 0.33120569121],
      [0.8806812334, 0.1193187666],
      [0.38468696092, 0.61531303908]
    ],
    [
      [0.62363787111, 0.37636212889],
      [0.8604615831, 0.1395384169],
      [0.3432597608, 0.6567402392]
    ],
    [
      [0.73119120238, 0.26880879762],
      [0.90507630327, 0.094923696734],
      [0.44683133802, 0.55316866198]
    ],
    [
      [0.69244432448, 0.30755567552],
      [0.89052895597, 0.10947104403],
      [0.40796211184, 0.59203788816]
    ],
    [
      [0.71412786292, 0.28587213708],
      [0.89922345884, 0.10077654116],
      [0.43065556651, 0.56934443349]
    ],
    [
      [0.6695562357, 0.3304437643],
      [0.88109738452, 0.11890261548],
      [0.38563442157, 0.61436557843]
    ],
    [
      [0.6958214106, 0.3041785894],
      [0.89165879652, 0.10834120348],
      [0.41058979828, 0.58941020172]
    ],
    [
      [0.68144900648, 0.31855099352],
      [0.88333663952, 0.11666336048],
      [0.39545644275, 0.60454355725]
    ],
    [
      [0.79715415578, 0.20284584422],
      [0.95389336217, 0.046106637831],
      [0.54546411029, 0.45453588971]
    ],
    [
      [0.70884132906, 0.29115867094],
      [0.90294433998, 0.097055660019],
      [0.42644479303, 0.57355520697]
    ],
    [
      [0.66368732944, 0.33631267056],
      [0.87097829798, 0.12902170202],
      [0.37608107654, 0.62391892346]
    ],
    [
      [0.63274083606, 0.36725916394],
      [0.84979434933, 0.15020565067],
      [0.34461779976, 0.65538220024]
    ],
    [
      [0.59771075129, 0.40228924871],
      [0.81921556432, 0.18078443568],
      [0.31218616969, 0.68781383031]
    ],
    [
      [0.67813906571, 0.32186093429],
      [0.88086793101, 0.11913206899],
      [0.39179884463, 0.60820115537]
    ],
    [
      [0.73396785525, 0.26603214475],
      [0.91902000513, 0.080979994869],
      [0.45728275987, 0.54271724013]
    ],
    [
      [0.67221648855, 0.32778351145],
      [0.87817998264, 0.12182001736],
      [0.38498770577, 0.61501229423]
    ],
    [
      [0.78806727321, 0.21193272679],
      [0.94665431267, 0.053345687333],
      [0.53159255864, 0.46840744136]
    ],
    [
      [0.76664313877, 0.23335686123],
      [0.93550548736, 0.06449451264],
      [0.50055878383, 0.49944121617]
    ],
    [
      [0.6444864503, 0.3555135497],
      [0.85806340643, 0.14193659357],
      [0.35619839309, 0.64380160691]
    ],
    [
      [0.7005517903, 0.2994482097],
      [0.89692770168, 0.10307229832],
      [0.41649003996, 0.58350996004]
    ],
    [
      [0.66765432003, 0.33234567997],
      [0.8739121523, 0.1260878477],
      [0.38031036999, 0.61968963001]
    ],
    [
      [0.69980327112, 0.30019672888],
      [0.89665042073, 0.10334957927],
      [0.41561475966, 0.58438524034]
    ],
    [
      [0.66078819139, 0.33921180861],
      [0.869658777, 0.130341223],
      [0.37301708804, 0.62698291196]
    ],
    [
      [0.6861570965, 0.3138429035],
      [0.88764369015, 0.11235630985],
      [0.39915136901, 0.60084863099]
    ],
    [
      [0.71593842127, 0.28406157873],
      [0.90102180125, 0.098978198751],
      [0.44073227284, 0.55926772716]
    ],
    [
      [0.68178858454, 0.31821141546],
      [0.8855673147, 0.1144326853],
      [0.39442652735, 0.60557347265]
    ],
    [
      [0.63667654215, 0.36332345785],
      [0.86356821553, 0.13643178447],
      [0.3351465267, 0.6648534733]
    ],
    [
      [0.70738366607, 0.29261633393],
      [0.89724867509, 0.10275132491],
      [0.43042223175, 0.56957776825]
    ],
    [
      [0.7024832183, 0.2975167817],
      [0.89504887216, 0.10495112784],
      [0.42255749398, 0.57744250602]
    ],
    [
      [0.6606164534, 0.3393835466],
      [0.87547791133, 0.12452208867],
      [0.36663721849, 0.63336278151]
    ],
    [
      [0.6937287204, 0.3062712796],
      [0.8910884078, 0.1089115922],
      [0.41056143758, 0.58943856242]
    ],
    [
      [0.78236228823, 0.21763771177],
      [0.9284920767, 0.071507923295],
      [0.54500573977, 0.45499426023]
    ],
    [
      [0.74174129789, 0.25825870211],
      [0.9120834542, 0.0879165458],
      [0.48277161025, 0.51722838975]
    ],
    [
      [0.63792049809, 0.36207950191],
      [0.86420830141, 0.13579169859],
      [0.33391896237, 0.66608103763]
    ],
    [
      [0.69313234475, 0.30686765525],
      [0.89081116613, 0.10918883387],
      [0.4096262154, 0.5903737846]
    ],
    [
      [0.68640687115, 0.31359312885],
      [0.88771376198, 0.11228623802],
      [0.40072107781, 0.59927892219]
    ],
    [
      [0.66387702386, 0.33612297614],
      [0.87705657562, 0.12294342438],
      [0.37186748223, 0.62813251777]
    ],
    [
      [0.61227983076, 0.38772016924],
      [0.8508334931, 0.1491665069],
      [0.30728212535, 0.69271787465]
    ],
    [
      [0.7526284345, 0.2473715655],
      [0.91659243536, 0.083407564637],
      [0.49545811419, 0.50454188581]
    ],
    [
      [0.70668314796, 0.29331685204],
      [0.89692834867, 0.10307165133],
      [0.42749792053, 0.57250207947]
    ]
  ],