{
  "X": [
    [65, 35],
    [56, 44],
    [58, 42],
    [53, 47],
    [61, 39],
    [59, 41],
    [66, 34],
    [66, 34],
    [56, 44],
    [58, 42],
    [57, 43],
    [60, 40],
    [56, 44],
    [66, 34],
    [56, 44],
    [63, 37],
    [50, 50],
    [18, 82],
    [19, 81],
    [18, 82],
    [30, 70],
    [27, 73],
    [19, 81],
    [31, 69],
    [20, 80],
    [15, 85],
    [19, 81],
    [22, 78],
    [21, 79],
    [18, 82],
    [16, 84],
    [22, 78],
    [22, 78],
    [38, 62],
    [45, 55],
    [36, 64],
    [42, 58],
    [37, 63],
    [39, 61],
    [32, 68],
    [47, 53],
    [44, 56],
    [46, 54],
    [37, 63],
    [43, 57],
    [42, 58],
    [45, 55],
    [46, 54],
    [45, 55],
    [38, 62]
  ],
  "W": [
    [66, 18, 16],
    [60, 19, 21],
    [62, 19, 19],
    [64, 19, 17],
    [72, 13, 15],
    [70, 16, 14],
    [70, 12, 18],
    [59, 16, 25],
    [65, 17, 18],
    [66, 19, 15],
    [64, 19, 17],
    [61, 21, 18],
    [61, 14, 25],
    [71, 13, 16],
    [64, 17, 19],
    [66, 15, 19],
    [51, 41, 8],
    [20, 71, 9],
    [21, 68, 11],
    [12, 77, 11],
    [22, 62, 16],
    [22, 67, 11],
    [17, 70, 13],
    [25, 59, 16],
    [19, 67, 14],
    [13, 70, 17],
    [11, 67, 22],
    [19, 68, 13],
    [14, 67, 19],
    [19, 66, 15],
    [15, 76, 9],
    [18, 66, 16],
    [18, 68, 14],
    [11, 33, 56],
    [21, 17, 62],
    [15, 13, 72],
    [18, 11, 71],
    [15, 11, 74],
    [17, 17, 66],
    [17, 18, 65],
    [15, 12, 73],
    [16, 7, 77],
    [16, 15, 69],
    [19, 16, 65],
    [20, 15, 65],
    [16, 20, 64],
    [20, 14, 66],
    [18, 13, 69],
    [22, 19, 59],
    [14, 19, 67]
  ],
  "method": "mult",
  "cond_prob": [
    [
      [0.86622777615, 0.13377222385],
      [0.02580496796, 0.97419503204],
      [0.46027983445, 0.53972016555]
    ],
    [
      [0.78847775058, 0.21152224942],
      [0.019949350801, 0.9800506492],
      [0.39582368096, 0.60417631904]
    ],
    [
      [0.80415207834, 0.19584792166],
      [0.020930814505, 0.97906918549],
      [0.40762556145, 0.59237443855]
    ],
    [
      [0.729621917, 0.270378083],
      [0.016613792076, 0.98338620792],
      [0.35226678016, 0.64773321984]
    ],
    [
      [0.7660050312, 0.2339949688],
      [0.018209919596, 0.9817900804],
      [0.37406058661, 0.62593941339]
    ],
    [
      [0.76383018711, 0.23616981289],
      [0.018234636405, 0.9817653636],
      [0.37429519429, 0.62570480571]
    ],
    [
      [0.82832417263, 0.17167582737],
      [0.022893222999, 0.977106777],
      [0.43014384665, 0.56985615335]
    ],
    [
      [0.90227756339, 0.097722436606],
      [0.029202892113, 0.97079710789],
      [0.49193509944, 0.50806490056]
    ],
    [
      [0.75470493974, 0.24529506026],
      [0.017835287952, 0.98216471205],
      [0.36894327899, 0.63105672101]
    ],
    [
      [0.7840690903, 0.2159309097],
      [0.019625693159, 0.98037430684],
      [0.391903458, 0.608096542]
    ],
    [
      [0.78125469748, 0.21874530252],
      [0.019472988547, 0.98052701145],
      [0.38998309288, 0.61001690712]
    ],
    [
      [0.84571990197, 0.15428009803],
      [0.023787013009, 0.97621298699],
      [0.43953103925, 0.56046896075]
    ],
    [
      [0.76098633812, 0.23901366188],
      [0.018145793448, 0.98185420655],
      [0.37303169065, 0.62696830935]
    ],
    [
      [0.82847294268, 0.17152705732],
      [0.022885264856, 0.97711473514],
      [0.43005703916, 0.56994296084]
    ],
    [
      [0.75951174731, 0.24048825269],
      [0.018127607959, 0.98187239204],
      [0.37279362299, 0.62720637701]
    ],
    [
      [0.82653700581, 0.17346299419],
      [0.022602189191, 0.97739781081],
      [0.42681709361, 0.57318290639]
    ],
    [
      [0.88843187389, 0.11156812611],
      [0.025396517497, 0.9746034825],
      [0.45608965179, 0.54391034821]
    ],
    [
      [0.73721849119, 0.26278150881],
      [0, 1],
      [0.36173668625, 0.63826331375]
    ],
    [
      [0.71837265778, 0.28162734222],
      [0, 1],
      [0.35583401696, 0.64416598304]
    ],
    [
      [0.83179132605, 0.16820867395],
      [0.039655710164, 0.96034428984],
      [0.45136494589, 0.54863505411]
    ],
    [
      [0.83791231955, 0.16208768045],
      [0.066607338887, 0.93339266111],
      [0.46476712242, 0.53523287758]
    ],
    [
      [0.83236963896, 0.16763036104],
      [0.055055251119, 0.94494474888],
      [0.45446964709, 0.54553035291]
    ],
    [
      [0.79171970336, 0.20828029664],
      [0.0069469600485, 0.99305303995],
      [0.38880598765, 0.61119401235]
    ],
    [
      [0.82741030593, 0.17258969407],
      [0.053777781987, 0.94622221801],
      [0.44636582591, 0.55363417409]
    ],
    [
      [0.77554915772, 0.22445084228],
      [0, 1],
      [0.3760404288, 0.6239595712]
    ],
    [
      [0.7602769998, 0.2397230002],
      [0, 1],
      [0.30096464721, 0.69903535279]
    ],
    [
      [0.80438271809, 0.19561728191],
      [0.017764813863, 0.98223518614],
      [0.40734307146, 0.59265692854]
    ],
    [
      [0.80585119032, 0.19414880968],
      [0.019939362267, 0.98006063773],
      [0.41022698075, 0.58977301925]
    ],
    [
      [0.8118317701, 0.1881682299],
      [0.024895574887, 0.97510442511],
      [0.41928166848, 0.58071833152]
    ],
    [
      [0.67816678444, 0.32183321556],
      [0, 1],
      [0.34098873971, 0.65901126029]
    ],
    [
      [0.79212745063, 0.20787254937],
      [0.0081718833123, 0.99182811669],
      [0.38855834542, 0.61144165458]
    ],
    [
      [0.80229800629, 0.19770199371],
      [0.016378684766, 0.98362131523],
      [0.40485266826, 0.59514733174]
    ],
    [
      [0.80955376103, 0.19044623897],
      [0.023603409307, 0.97639659069],
      [0.4159286049, 0.5840713951]
    ],
    [
      [0.84004998653, 0.15995001347],
      [0.026704946183, 0.97329505382],
      [0.4978247665, 0.5021752335]
    ],
    [
      [0.81864805228, 0.18135194772],
      [0.023126306333, 0.97687369367],
      [0.44218134991, 0.55781865009]
    ],
    [
      [0.76252677318, 0.23747322682],
      [0.016557900939, 0.98344209906],
      [0.33815063458, 0.66184936542]
    ],
    [
      [0.79222069811, 0.20777930189],
      [0.019607788765, 0.98039221124],
      [0.38766678532, 0.61233321468]
    ],
    [
      [0.7645312503, 0.2354687497],
      [0.016742403679, 0.98325759632],
      [0.34253871358, 0.65746128642]
    ],
    [
      [0.79020861741, 0.20979138259],
      [0.019364190165, 0.98063580984],
      [0.38238276168, 0.61761723832]
    ],
    [
      [0.73806012598, 0.26193987402],
      [0.014555154523, 0.98544484548],
      [0.29524592426, 0.70475407574]
    ],
    [
      [0.83282162349, 0.16717837651],
      [0.025458081205, 0.97454191879],
      [0.46852299552, 0.53147700448]
    ],
    [
      [0.80042919238, 0.19957080762],
      [0.020607257117, 0.97939274288],
      [0.40323223535, 0.59676776465]
    ],
    [
      [0.83164846475, 0.16835153525],
      [0.025246162571, 0.97475383743],
      [0.46833234964, 0.53166765036]
    ],
    [
      [0.76715893105, 0.23284106895],
      [0.016984102339, 0.98301589766],
      [0.34080361035, 0.65919638965]
    ],
    [
      [0.80383135842, 0.19616864158],
      [0.021039045945, 0.97896095405],
      [0.40935057142, 0.59064942858]
    ],
    [
      [0.81996914958, 0.18003085042],
      [0.023310867058, 0.97668913294],
      [0.44397306665, 0.55602693335]
    ],
    [
      [0.81391899419, 0.18608100581],
      [0.022427695089, 0.97757230491],
      [0.4304186725, 0.5695813275]
    ],
    [
      [0.82238547521, 0.17761452479],
      [0.023708304822, 0.97629169518],
      [0.44766454324, 0.55233545676]
    ],
    [
      [0.82096121296, 0.17903878704],
      [0.02348090441, 0.97651909559],
      [0.44902908697, 0.55097091303]
    ],
    [
      [0.79680898795, 0.20319101205],
      [0.020133273763, 0.97986672624],
      [0.39495734279, 0.60504265721]
    ]
  ],