{
  "X": [
    [41, 59],
    [34, 66],
    [36, 64],
    [46, 54],
    [36, 64],
    [42, 58],
    [41, 59],
    [38, 62],
    [43, 57],
    [45, 55],
    [50, 50],
    [37, 63],
    [36, 64],
    [41, 59],
    [28, 72],
    [43, 57],
    [38, 62],
    [21, 79],
    [23, 77],
    [31, 69],
    [27, 73],
    [29, 71],
    [24, 76],
    [22, 78],
    [21, 79],
    [17, 83],
    [27, 73],
    [32, 68],
    [27, 73],
    [24, 76],
    [21, 79],
    [18, 82],
    [28, 72],
    [43, 57],
    [46, 54],
    [56, 44],
    [50, 50],
    [46, 54],
    [39, 61],
    [50, 50],
    [50, 50],
    [55, 45],
    [44, 56],
    [54, 46],
    [54, 46],
    [57, 43],
    [50, 50],
    [46, 54],
    [52, 48],
    [53, 47]
  ],
  "W": [
    [57, 20, 23],
    [65, 26, 9],
    [58, 23, 19],
    [63, 14, 23],
    [65, 20, 15],
    [68, 20, 12],
    [73, 11, 16],
    [65, 23, 12],
    [65, 22, 13],
    [63, 18, 19],
    [69, 14, 17],
    [68, 17, 15],
    [71, 15, 14],
    [64, 15, 21],
    [66, 15, 19],
    [67, 21, 12],
    [55, 32, 13],
    [17, 65, 18],
    [16, 65, 19],
    [16, 65, 19],
    [22, 58, 20],
    [19, 64, 17],
    [13, 68, 19],
    [17, 66, 17],
    [17, 75, 8],
    [14, 70, 16],
    [18, 65, 17],
    [20, 69, 11],
    [17, 67, 16],
    [17, 64, 19],
    [22, 64, 14],
    [14, 73, 13],
    [18, 65, 17],
    [21, 30, 49],
    [13, 22, 65],
    [18, 15, 67],
    [13, 14, 73],
    [21, 12, 67],
    [15, 18, 67],
    [17, 13, 70],
    [12, 22, 66],
    [12, 13, 75],
    [16, 16, 68],
    [23, 15, 62],
    [18, 13, 69],
    [10, 13, 77],
    [20, 20, 60],
    [16, 19, 65],
    [18, 10, 72],
    [25, 13, 62]
  ],
  "method": "mult",
  "cond_prob": [
    [
      [0.43398783494, 0.56601216506],
      [0.10921276752, 0.89078723248],
      [0.61210600252, 0.38789399748]
    ],
    [
      [0.40250500718, 0.59749499282],
      [0.098783089969, 0.90121691003],
      [0.58542379932, 0.41457620068]
    ],
    [
      [0.39313272056, 0.60686727944],
      [0.096216238774, 0.90378376123],
      [0.57817519556, 0.42182480444]
    ],
    [
      [0.46908727344, 0.53091272656],
      [0.12183022837, 0.87816977163],
      [0.64095124244, 0.35904875756]
    ],
    [
      [0.39172787816, 0.60827212184],
      [0.095267781142, 0.90473221886],
      [0.5754888198, 0.4245111802]
    ],
    [
      [0.46873339627, 0.53126660373],
      [0.12175124316, 0.87824875684],
      [0.64092534918, 0.35907465082]
    ],
    [
      [0.41563352185, 0.58436647815],
      [0.10268980306, 0.89731019694],
      [0.59557281697, 0.40442718303]
    ],
    [
      [0.43316005363, 0.56683994637],
      [0.10894223319, 0.89105776681],
      [0.61157709591, 0.38842290409]
    ],
    [
      [0.48711766022, 0.51288233978],
      [0.12840052443, 0.87159947557],
      [0.65481081143, 0.34518918857]
    ],
    [
      [0.48192210638, 0.51807789362],
      [0.12642963591, 0.87357036409],
      [0.65069336062, 0.34930663938]
    ],
    [
      [0.52600012957, 0.47399987043],
      [0.14540621692, 0.85459378308],
      [0.68648847191, 0.31351152809]
    ],
    [
      [0.39317036507, 0.60682963493],
      [0.095489217605, 0.9045107824],
      [0.57607323174, 0.42392676826]
    ],
    [
      [0.3774264027, 0.6225735973],
      [0.090212061459, 0.90978793854],
      [0.56068174903, 0.43931825097]
    ],
    [
      [0.41944861025, 0.58055138975],
      [0.10423989517, 0.89576010483],
      [0.59960431031, 0.40039568969]
    ],
    [
      [0.27784959049, 0.72215040951],
      [0.061986186184, 0.93801381382],
      [0.45958601237, 0.54041398763]
    ],
    [
      [0.48473479311, 0.51526520689],
      [0.12771005934, 0.87228994066],
      [0.65340480127, 0.34659519873]
    ],
    [
      [0.46939706726, 0.53060293274],
      [0.12095877449, 0.87904122551],
      [0.63942157824, 0.36057842176]
    ],
    [
      [0.37421292269, 0.62578707731],
      [0.072292784452, 0.92770721555],
      [0.55218607361, 0.44781392639]
    ],
    [
      [0.39962970212, 0.60037029788],
      [0.086374264388, 0.91362573561],
      [0.57850513583, 0.42149486417]
    ],
    [
      [0.50029591284, 0.49970408716],
      [0.15685435855, 0.84314564145],
      [0.67367010993, 0.32632989007]
    ],
    [
      [0.42091194978, 0.57908805022],
      [0.099079559207, 0.90092044079],
      [0.59966613354, 0.40033386646]
    ],
    [
      [0.47691327169, 0.52308672831],
      [0.13814899114, 0.86185100886],
      [0.65277131795, 0.34722868205]
    ],
    [
      [0.42574944812, 0.57425055188],
      [0.10261445276, 0.89738554724],
      [0.60460391508, 0.39539608492]
    ],
    [
      [0.39459349489, 0.60540650511],
      [0.083999080081, 0.91600091992],
      [0.57341007657, 0.42658992343]
    ],
    [
      [0.44368183893, 0.55631816107],
      [0.11305922932, 0.88694077068],
      [0.62224581738, 0.37775418262]
    ],
    [
      [0.33920680722, 0.66079319278],
      [0.057450448578, 0.94254955142],
      [0.51434833115, 0.48565166885]
    ],
    [
      [0.45650999022, 0.54349000978],
      [0.12315585494, 0.87684414506],
      [0.63398174148, 0.36601825852]
    ],
    [
      [0.54911080681, 0.45088919319],
      [0.19056478323, 0.80943521677],
      [0.71534671101, 0.28465328899]
    ],
    [
      [0.46760868657, 0.53239131343],
      [0.1304680754, 0.8695319246],
      [0.64433070479, 0.35566929521]
    ],
    [
      [0.40891139743, 0.59108860257],
      [0.09186371175, 0.90813628825],
      [0.58785414167, 0.41214585833]
    ],
    [
      [0.37907306493, 0.62092693507],
      [0.075904077038, 0.92409592296],
      [0.55732368866, 0.44267631134]
    ],
    [
      [0.37500027281, 0.62499972719],
      [0.076129153305, 0.92387084669],
      [0.55327446072, 0.44672553928]
    ],
    [
      [0.46897994697, 0.53102005303],
      [0.13206394946, 0.86793605054],
      [0.64554142585, 0.35445857415]
    ],
    [
      [0.44018588157, 0.55981411843],
      [0.11168346448, 0.88831653552],
      [0.62052229699, 0.37947770301]
    ],
    [
      [0.41592876941, 0.58407123059],
      [0.10225031989, 0.89774968011],
      [0.58989875323, 0.41010124677]
    ],
    [
      [0.48917835696, 0.51082164304],
      [0.13282316188, 0.86717683812],
      [0.67466331562, 0.32533668438]
    ],
    [
      [0.4157523128, 0.5842476872],
      [0.10218483517, 0.89781516483],
      [0.59129633207, 0.40870366793]
    ],
    [
      [0.38135875453, 0.61864124547],
      [0.089747321224, 0.91025267878],
      [0.5509626612, 0.4490373388]
    ],
    [
      [0.33341377344, 0.66658622656],
      [0.07407480776, 0.92592519224],
      [0.48754398297, 0.51245601703]
    ],
    [
      [0.41779350221, 0.58220649779],
      [0.10295814307, 0.89704185693],
      [0.59370078004, 0.40629921996]
    ],
    [
      [0.45355664419, 0.54644335581],
      [0.11719503679, 0.88280496321],
      [0.63604590091, 0.36395409909]
    ],
    [
      [0.45838333243, 0.54161666757],
      [0.11922257424, 0.88077742576],
      [0.63932675394, 0.36067324606]
    ],
    [
      [0.37291018712, 0.62708981288],
      [0.086852768688, 0.91314723131],
      [0.53887930452, 0.46112069548]
    ],
    [
      [0.47789660845, 0.52210339155],
      [0.12770514911, 0.87229485089],
      [0.66278710918, 0.33721289082]
    ],
    [
      [0.45900151965, 0.54099848035],
      [0.11948643972, 0.88051356028],
      [0.64035723087, 0.35964276913]
    ],
    [
      [0.47503052733, 0.52496947267],
      [0.12642654553, 0.87357345447],
      [0.65722272253, 0.34277727747]
    ],
    [
      [0.45772939029, 0.54227060971],
      [0.11894576309, 0.88105423691],
      [0.6411082822, 0.3588917178]
    ],
    [
      [0.4064762874, 0.5935237126],
      [0.098723293032, 0.90127670697],
      [0.57877902821, 0.42122097179]
    ],
    [
      [0.42430663818, 0.57569336182],
      [0.10544933891, 0.89455066109],
      [0.60149982116, 0.39850017884]
    ],
    [
      [0.46141238842, 0.53858761158],
      [0.12051222569, 0.87948777431],
      [0.64351663477, 0.35648336523]
    ]
  ],