{
  "X": [
    [45, 34, 21],
    [54, 22, 24],
    [47, 25, 28],
    [60, 24, 16],
    [43, 28, 29],
    [51, 22, 27],
    [41, 22, 37],
    [50, 34, 16],
    [49, 26, 25],
    [47, 31, 22],
    [56, 21, 23],
    [43, 26, 31],
    [39, 32, 29],
    [49, 24, 27],
    [36, 26, 38],
    [53, 23, 24],
    [43, 23, 34],
    [14, 45, 41],
    [26, 41, 33],
    [26, 42, 32],
    [26, 38, 36],
    [30, 38, 32],
    [25, 34, 41],
    [22, 49, 29],
    [24, 38, 38],
    [22, 40, 38],
    [26, 34, 40],
    [19, 40, 41],
    [28, 36, 36],
    [25, 35, 40],
    [27, 33, 40],
    [24, 31, 45],
    [34, 26, 40],
    [26, 21, 53],
    [11, 15, 74],
    [18, 14, 68],
    [19, 17, 64],
    [18, 15, 67],
    [9, 19, 72],
    [24, 10, 66],
    [12, 24, 64],
    [15, 19, 66],
    [10, 21, 69],
    [17, 9, 74],
    [17, 14, 69],
    [16, 16, 68],
    [18, 19, 63],
    [12, 16, 72],
    [20, 18, 62],
    [17, 12, 71]
  ],
  "W": [
    [75, 13, 12],
    [68, 17, 15],
    [63, 20, 17],
    [74, 17, 9],
    [65, 16, 19],
    [68, 13, 19],
    [61, 12, 27],
    [66, 23, 11],
    [68, 13, 19],
    [69, 14, 17],
    [74, 12, 14],
    [69, 11, 20],
    [58, 21, 21],
    [64, 19, 17],
    [60, 15, 25],
    [68, 17, 15],
    [47, 34, 19],
    [13, 71, 16],
    [18, 65, 17],
    [18, 68, 14],
    [10, 68, 22],
    [21, 66, 13],
    [14, 63, 23],
    [14, 74, 12],
    [18, 63, 19],
    [17, 68, 15],
    [16, 64, 20],
    [13, 77, 10],
    [14, 71, 15],
    [22, 56, 22],
    [16, 70, 14],
    [13, 70, 17],
    [18, 61, 21],
    [18, 32, 50],
    [12, 16, 72],
    [20, 14, 66],
    [20, 16, 64],
    [21, 16, 63],
    [14, 20, 66],
    [25, 17, 58],
    [20, 16, 64],
    [17, 23, 60],
    [8, 27, 65],
    [22, 8, 70],
    [15, 13, 72],
    [18, 16, 66],
    [16, 19, 65],
    [14, 17, 69],
    [16, 18, 66],
    [19, 17, 64]
  ],
  "method": "mcmc",
  "mcmc_stepsize": 3000,
  "mcmc_samples": 100,
  "burn_in": 10000,
  "cond_prob": [
    [
      [0.54561194805, 0.37616436605, 0.078223685902],
      [0.2106449183, 0.41399077104, 0.37536431066],
      [0.11172666322, 0.033816043554, 0.85445729323]
    ],
    [
      [0.7057782547, 0.21218213507, 0.082039610232],
      [0.27740769641, 0.3856542839, 0.33693801969],
      [0.086076522779, 0.06769946592, 0.8462240113]
    ],
    [
      [0.65406401808, 0.23795681267, 0.10797916925],
      [0.22883553881, 0.44974932927, 0.32141513191],
      [0.071603299095, 0.059631424509, 0.8687652764]
    ],
    [
      [0.72468991873, 0.21635744481, 0.058952636453],
      [0.29936714984, 0.41055176227, 0.29008108789],
      [0.14263382959, 0.11224101392, 0.74512515648]
    ],
    [
      [0.56551314459, 0.32899182647, 0.10549502894],
      [0.3017226597, 0.34907780896, 0.34919953133],
      [0.0744254235, 0.054225596618, 0.87134897988]
    ],
    [
      [0.6783411602, 0.24940056447, 0.072258275334],
      [0.26375383639, 0.35282349802, 0.38342266559],
      [0.076000064918, 0.023897691679, 0.9001022434]
    ],
    [
      [0.58677943286, 0.27868209771, 0.13453846943],
      [0.28432137977, 0.3504167499, 0.36526187033],
      [0.066466594018, 0.029458927428, 0.90407447855]
    ],
    [
      [0.63170106873, 0.321780156, 0.046518775267],
      [0.3055034009, 0.48246107838, 0.21203552072],
      [0.11646829483, 0.15144590009, 0.73208580508]
    ],
    [
      [0.64252864532, 0.30299045859, 0.054480896083],
      [0.29619005743, 0.37184713766, 0.33196280491],
      [0.076714809021, 0.029612422424, 0.89367276856]
    ],
    [
      [0.60211920259, 0.34269441945, 0.055186377963],
      [0.30787772568, 0.42917552319, 0.26294675112],
      [0.067263933061, 0.079154572538, 0.8535814944]
    ],
    [
      [0.69976919531, 0.21606388721, 0.084166917487],
      [0.24998777935, 0.40002536725, 0.34998685339],
      [0.086944728224, 0.015069138542, 0.89798613323]
    ],
    [
      [0.57512845943, 0.31409797529, 0.11077356528],
      [0.24373383598, 0.36410389308, 0.39216227094],
      [0.031753205168, 0.016104844065, 0.95214195077]
    ],
    [
      [0.56744492707, 0.36227969156, 0.070275381376],
      [0.21895830473, 0.47305358156, 0.3079881137],
      [0.070955706228, 0.050173936987, 0.87887035678]
    ],
    [
      [0.67505986733, 0.23094150084, 0.093998631827],
      [0.24092660706, 0.43175943811, 0.32731395483],
      [0.071680173931, 0.059783213048, 0.86853661302]
    ],
    [
      [0.5000763441, 0.32622760586, 0.17369605004],
      [0.3051796146, 0.36152939225, 0.33329099314],
      [0.056709005409, 0.040136110576, 0.90315488401]
    ],
    [
      [0.6910896816, 0.22603767023, 0.082872648169],
      [0.27568134034, 0.3889875591, 0.33533110057],
      [0.087954591024, 0.067776661315, 0.84426874766]
    ],
    [
      [0.74136224025, 0.18997918293, 0.068658576822],
      [0.18042923623, 0.38197872155, 0.43759204222],
      [0.10638845666, 0.057036940509, 0.83657460283]
    ],
    [
      [0.50186719843, 0.29349607017, 0.2046367314],
      [0.09730380621, 0.56151081781, 0.34118537598],
      [0.03544726122, 0.082330188964, 0.88222254982]
    ],
    [
      [0.59405287464, 0.26030806222, 0.14563906314],
      [0.22255588821, 0.52529042616, 0.25215368563],
      [0.049465619008, 0.12768101056, 0.82285337043]
    ],
    [
      [0.57672532697, 0.25239257102, 0.17088210202],
      [0.21771348674, 0.51883346913, 0.26345304412],
      [0.058173358286, 0.15544698718, 0.78637965453]
    ],
    [
      [0.61980660025, 0.32425651455, 0.055936885194],
      [0.27541957238, 0.48692982299, 0.23765060463],
      [0.048791048906, 0.074827585949, 0.87638136515]
    ],
    [
      [0.58349637985, 0.24297943109, 0.17352418907],
      [0.26051425487, 0.46956127067, 0.26992447446],
      [0.042510400141, 0.14664523713, 0.81084436272]
    ],
    [
      [0.64628339683, 0.24152615498, 0.1121904482],
      [0.24160717199, 0.44234424438, 0.31604858363],
      [0.031773069967, 0.11960636672, 0.84862056332]
    ],
    [
      [0.58518155003, 0.26068113494, 0.15413731503],
      [0.17620942087, 0.58958961106, 0.23420096807],
      [0.063996762947, 0.143402741, 0.79260049605]
    ],
    [
      [0.50290233955, 0.33816469388, 0.15893296657],
      [0.21858622494, 0.47606686698, 0.30534690808],
      [0.061938195628, 0.10109594159, 0.83696586278]
    ],
    [
      [0.53661197321, 0.28056484107, 0.18282318571],
      [0.17431562795, 0.48903540325, 0.3366489688],
      [0.06827558363, 0.13173268539, 0.79999173098]
    ],
    [
      [0.59708556649, 0.25249147614, 0.15042295737],
      [0.24303980242, 0.43504307917, 0.3219171184],
      [0.044604179054, 0.10586896574, 0.84952685521]
    ],
    [
      [0.589922341, 0.27101857163, 0.13905908737],
      [0.13776295946, 0.46919225055, 0.39304478999],
      [0.072326168882, 0.034895527649, 0.89277830347]
    ],
    [
      [0.62888516885, 0.22948351935, 0.1416313118],
      [0.25624031905, 0.44395080387, 0.29980887708],
      [0.066836332243, 0.084448243596, 0.84871542416]
    ],
    [
      [0.4898064354, 0.36919407055, 0.14099949405],
      [0.2333817875, 0.44639998693, 0.32021822556],
      [0.052494469133, 0.085424144525, 0.86208138634]
    ],
    [
      [0.60861474963, 0.20732016864, 0.18406508173],
      [0.23328250485, 0.39574877622, 0.37096871893],
      [0.066599190481, 0.14146164045, 0.79193916907]
    ],
    [
      [0.60802335568, 0.24485979385, 0.14711685047],
      [0.21540713371, 0.3803927128, 0.40420015349],
      [0.059835118607, 0.069960752011, 0.87020412938]
    ],
    [
      [0.69344160335, 0.17361929465, 0.13293910199],
      [0.32464773295, 0.34217115097, 0.33318111608],
      [0.081644734749, 0.095352975577, 0.82300228967]
    ],
    [
      [0.74703739046, 0.19494022951, 0.058022380029],
      [0.29765267397, 0.45360736907, 0.24873995696],
      [0.060568828091, 0.059512801172, 0.87991837074]
    ],
    [
      [0.4415857196, 0.36440947838, 0.19400480202],
      [0.19715265844, 0.44976540777, 0.35308193378],
      [0.035368455969, 0.047650551876, 0.91698099215]
    ],
    [
