{
  "X": [
    [43, 27, 30],
    [35, 38, 27],
    [35, 31, 34],
    [32, 28, 40],
    [34, 29, 37],
    [31, 30, 39],
    [33, 33, 34],
    [33, 32, 35],
    [37, 27, 36],
    [37, 27, 36],
    [38, 29, 33],
    [42, 34, 24],
    [36, 26, 38],
    [30, 30, 40],
    [39, 37, 24],
    [40, 33, 27],
    [32, 29, 39],
    [18, 37, 45],
    [14, 36, 50],
    [16, 41, 43],
    [18, 43, 39],
    [14, 37, 49],
    [25, 36, 39],
    [13, 43, 44],
    [23, 36, 41],
    [22, 32, 46],
    [18, 38, 44],
    [10, 39, 51],
    [15, 32, 53],
    [22, 26, 52],
    [23, 37, 40],
    [14, 34, 52],
    [25, 34, 41],
    [13, 45, 42],
    [12, 48, 40],
    [13, 49, 38],
    [15, 50, 35],
    [13, 52, 35],
    [10, 47, 43],
    [12, 52, 36],
    [16, 39, 45],
    [16, 52, 32],
    [14, 52, 34],
    [10, 47, 43],
    [13, 44, 43],
    [15, 42, 43],
    [12, 51, 37],
    [15, 55, 30],
    [16, 44, 40],
    [13, 45, 42]
  ],
  "W": [
    [71, 19, 10],
    [70, 13, 17],
    [69, 18, 13],
    [74, 15, 11],
    [68, 16, 16],
    [65, 19, 16],
    [61, 21, 18],
    [58, 22, 20],
    [64, 19, 17],
    [67, 17, 16],
    [69, 18, 13],
    [73, 12, 15],
    [59, 23, 18],
    [72, 16, 12],
    [70, 13, 17],
    [67, 19, 14],
    [51, 32, 17],
    [13, 63, 24],
    [13, 69, 18],
    [14, 68, 18],
    [13, 68, 19],
    [18, 68, 14],
    [24, 61, 15],
    [14, 63, 23],
    [14, 68, 18],
    [19, 67, 14],
    [18, 68, 14],
    [12, 73, 15],
    [13, 71, 16],
    [20, 68, 12],
    [17, 65, 18],
    [10, 74, 16],
    [24, 62, 14],
    [19, 32, 49],
    [16, 12, 72],
    [18, 13, 69],
    [20, 16, 64],
    [15, 21, 64],
    [8, 18, 74],
    [16, 15, 69],
    [17, 19, 64],
    [20, 15, 65],
    [11, 23, 66],
    [18, 21, 61],
    [17, 15, 68],
    [16, 11, 73],
    [18, 11, 71],
    [15, 16, 69],
    [21, 12, 67],
    [18, 9, 73]
  ],
  "method": "mcmc",
  "mcmc_stepsize": 3000,
  "mcmc_samples": 100,
  "burn_in": 10000,
  "cond_prob": [
    [
      [0.54287107273, 0.23067546236, 0.22645346491],
      [0.20564708925, 0.29141451977, 0.50293839098],
      [0.054885914056, 0.50851662965, 0.4365974563]
    ],
    [
      [0.44252188594, 0.31798268893, 0.23949542512],
      [0.23656842981, 0.40099851983, 0.36243305036],
      [0.055769317433, 0.61930770688, 0.32492297568]
    ],
    [
      [0.45755412855, 0.25967630441, 0.28276956704],
      [0.18448464571, 0.28942203827, 0.52609331602],
      [0.0083108851578, 0.6055952544, 0.38609386045]
    ],
    [
      [0.38925035167, 0.24439228383, 0.36635736451],
      [0.20076779997, 0.33432229687, 0.46490990316],
      [0.016723361548, 0.44546695853, 0.53780967992]
    ],
    [
      [0.44343110984, 0.25638030636, 0.3001885838],
      [0.21429324489, 0.31001707265, 0.47568968247],
      [0.026124538275, 0.41286662533, 0.5610088364]
    ],
    [
      [0.42351895805, 0.27149372646, 0.30498731549],
      [0.17867038182, 0.27066223905, 0.55066737913],
      [0.0047831545147, 0.45064532738, 0.5445715181]
    ],
    [
      [0.4495291417, 0.2878782462, 0.2625926121],
      [0.23654431765, 0.27079190139, 0.49266378096],
      [0.0339606492, 0.54182205849, 0.42421729231]
    ],
    [
      [0.46142738488, 0.25654251756, 0.28203009756],
      [0.21300276522, 0.32892181363, 0.45807542115],
      [0.077557542103, 0.49421270407, 0.42822975382]
    ],
    [
      [0.50705578199, 0.21435706668, 0.27858715134],
      [0.21797871656, 0.27842477817, 0.50359650527],
      [0.023931431667, 0.47006334984, 0.50600521849]
    ],
    [
      [0.48880103027, 0.22584214202, 0.28535682771],
      [0.22606469538, 0.29477900479, 0.47915629983],
      [0.025451946907, 0.42858333769, 0.54596471541]
    ],
    [
      [0.49787878286, 0.23180073801, 0.27032047914],
      [0.19546425608, 0.2864815477, 0.51805419623],
      [0.0098467210259, 0.60377547839, 0.38637780058]
    ],
    [
      [0.52055075035, 0.2805287138, 0.19892053585],
      [0.26186113137, 0.38272031891, 0.35541854973],
      [0.057164109882, 0.59525067104, 0.34758521908]
    ],
    [
      [0.52373052216, 0.19418797487, 0.28208150296],
      [0.20198810042, 0.23333312904, 0.56467877054],
      [0.025231826827, 0.50979152859, 0.46497664459]
    ],
    [
      [0.37488124442, 0.26008344107, 0.36503531451],
      [0.17774142836, 0.33476480287, 0.48749376877],
      [0.013723962308, 0.4931462831, 0.49312975459]
    ],
    [
      [0.49825615366, 0.29622346209, 0.20552038425],
      [0.23799227904, 0.40319985967, 0.35880786129],
      [0.060480565653, 0.64839761636, 0.29112181799]
    ],
    [
      [0.52407336852, 0.2857188733, 0.19020775818],
      [0.23509317458, 0.31390018118, 0.45100664425],
      [0.030022428007, 0.56376657475, 0.40621099724]
    ],
    [
      [0.4931782575, 0.26154721945, 0.24527452305],
      [0.20718788234, 0.17949652234, 0.61331559532],
      [0.012817448991, 0.58336488782, 0.40381766319]
    ],
    [
      [0.55956806918, 0.2314333671, 0.20899856371],
      [0.15185768137, 0.36189058199, 0.48625173664],
      [0.048274215584, 0.46634414844, 0.48538163598]
    ],
    [
      [0.57774358228, 0.17996551204, 0.24229090569],
      [0.088774022758, 0.34877544585, 0.56245053139],
      [0.020218103337, 0.53305236553, 0.44672953113]
    ],
    [
      [0.56357249765, 0.19321458471, 0.24321291764],
      [0.11762843872, 0.41567853873, 0.46669302255],
      [0.0061806222063, 0.55715862115, 0.43666075665]
    ],
    [
      [0.61950579824, 0.16997614955, 0.2105180522],
      [0.14024432452, 0.4304113758, 0.42934429968],
      [0.021568976592, 0.60643876325, 0.37199226016]
    ],
    [
      [0.3584340593, 0.23761828471, 0.40394765599],
      [0.11024928796, 0.35963261614, 0.53011809589],
      [0.0036596679313, 0.59056092697, 0.4057794051]
    ],
    [
      [0.45933861078, 0.22939882875, 0.31126256047],
      [0.22537674737, 0.38034548623, 0.3942777664],
      [0.015192783439, 0.48622356334, 0.49858365323]
    ],
    [
      [0.46386423156, 0.24462277798, 0.29151299046],
      [0.099517254375, 0.39026202405, 0.51022072157],
      [0.010274510114, 0.65168580839, 0.3380396815]
    ],
    [
      [0.63931649302, 0.088515580431, 0.27216792655],
      [0.1928163536, 0.35986035093, 0.44732329546],
      [0.0521142807, 0.5716821117, 0.37620360759]
    ],
    [
      [0.4398753737, 0.22364973777, 0.33647488853],
      [0.20304837783, 0.30668921486, 0.4902624073],
      [0.0027233274874, 0.51446268474, 0.48281398777]
    ],
    [
      [0.4388315997, 0.23934961247, 0.32181878782],
      [0.14813753329, 0.36517689064, 0.48668557608],
      [0.0019770672744, 0.6328341723, 0.36518876043]
    ],
    [
      [0.43481851298, 0.26051959632, 0.3046618907],
      [0.061818134358, 0.37364075627, 0.56454110937],
      [0.017963602407, 0.5731993091, 0.4088370885]
    ],
    [
      [0.56596481749, 0.16429342985, 0.26974175266],
      [0.10629706944, 0.31597828083, 0.57772464973],
      [0.0059603401525, 0.46435796706, 0.52968169279]
    ],
    [
      [0.44414304227, 0.21110848203, 0.3447484757],
      [0.17879069121, 0.25050216473, 0.57070714405],
      [0.079947679353, 0.39530692979, 0.52474539085]
    ],
    [
      [0.57797251119, 0.16519258147, 0.25683490733],
      [0.20182551531, 0.36101289379, 0.4371615909],
      [0.003100489694, 0.59588266771, 0.40101684259]
    ],
    [
      [0.54969248661, 0.18020356711, 0.27010394628],
      [0.11194137252, 0.33248012384, 0.55557850365],
      [0.013713347981, 0.47465219782, 0.5116344542]
    ],
    [
      [0.45704775028, 0.25114371984, 0.29180852988],
      [0.22498932625, 0.35450592907, 0.42050474467],
      [0.005822554681, 0.42808450867, 0.56609293665]
    ],
    [
      [0.38993454847, 0.24187111911, 0.36819433242],
      [0.12912041248, 0.30144664072, 0.56943294679],
      [0.029783477134, 0.62771747416, 0.34249904871]
    ],
    [
      [0.48088199359, 0.24373653084, 0.27538147557],
      [0.23592380626, 0.33774778512, 0.42632840861],
      [0.020483367048, 0.55621169563, 0.42330493733]
    ],
    [
      [0.49327529583, 0.24690134823, 0.25982335594],
