{
  "X": [
    [41, 16, 43],
    [40, 16, 44],
    [53, 16, 31],
    [44, 19, 37],
    [43, 8, 49],
    [47, 19, 34],
    [45, 19, 36],
    [41, 15, 44],
    [47, 10, 43],
    [36, 23, 41],
    [47, 14, 39],
    [44, 19, 37],
    [44, 19, 37],
    [42, 13, 45],
    [46, 18, 36],
    [45, 15, 40],
    [50, 16, 34],
    [53, 21, 26],
    [53, 21, 26],
    [58, 13, 29],
    [59, 28, 13],
    [48, 28, 24],
    [57, 21, 22],
    [52, 23, 25],
    [45, 18, 37],
    [51, 22, 27],
    [58, 12, 30],
    [48, 26, 26],
    [52, 15, 33],
    [54, 20, 26],
    [54, 23, 23],
    [49, 21, 30],
    [57, 20, 23],
    [42, 21, 37],
    [26, 17, 57],
    [19, 10, 71],
    [18, 18, 64],
    [15, 24, 61],
    [16, 28, 56],
    [17, 20, 63],
    [26, 26, 48],
    [21, 28, 51],
    [20, 21, 59],
    [24, 21, 55],
    [24, 19, 57],
    [22, 24, 54],
    [19, 23, 58],
    [16, 23, 61],
    [25, 19, 56],
    [21, 28, 51]
  ],
  "W": [
    [64, 19, 17],
    [64, 19, 17],
    [68, 20, 12],
    [65, 20, 15],
    [66, 15, 19],
    [62, 23, 15],
    [74, 14, 12],
    [59, 18, 23],
    [70, 17, 13],
    [60, 19, 21],
    [62, 24, 14],
    [69, 17, 14],
    [66, 16, 18],
    [68, 13, 19],
    [67, 14, 19],
    [64, 19, 17],
    [53, 34, 13],
    [15, 77, 8],
    [18, 63, 19],
    [20, 61, 19],
    [14, 73, 13],
    [18, 61, 21],
    [19, 74, 7],
    [16, 72, 12],
    [25, 52, 23],
    [14, 69, 17],
    [17, 70, 13],
    [15, 70, 15],
    [15, 61, 24],
    [13, 70, 17],
    [21, 65, 14],
    [19, 63, 18],
    [18, 64, 18],
    [15, 41, 44],
    [25, 14, 61],
    [17, 18, 65],
    [16, 15, 69],
    [13, 15, 72],
    [14, 17, 69],
    [19, 12, 69],
    [23, 15, 62],
    [14, 16, 70],
    [17, 13, 70],
    [23, 13, 64],
    [14, 15, 71],
    [19, 13, 68],
    [19, 12, 69],
    [16, 14, 70],
    [13, 21, 66],
    [12, 17, 71]
  ],
  "method": "mcmc",
  "mcmc_stepsize": 3000,
  "mcmc_samples": 100,
  "burn_in": 10000,
  "cond_prob": [
    [
      [0.53724065426, 0.018412992785, 0.44434635295],
      [0.34722674416, 0.39869683142, 0.25407642442],
      [0.001134705199, 0.42625462734, 0.57261066747]
    ],
    [
      [0.5237426925, 0.018006064584, 0.45825124292],
      [0.34017349899, 0.40417689022, 0.25564961079],
      [0.0010100705385, 0.42166182073, 0.57732810873]
    ],
    [
      [0.63530879232, 0.056580017638, 0.30811119005],
      [0.48655228626, 0.31419526121, 0.19925245253],
      [0.0056630331061, 0.48905446471, 0.50528250218]
    ],
    [
      [0.58386521292, 0.016768298578, 0.3993664885],
      [0.3022903292, 0.54646567029, 0.15124400051],
      [0.00019697174141, 0.46538314578, 0.53441988248]
    ],
    [
      [0.5024691242, 0.0011566519201, 0.49637422388],
      [0.65104282796, 0.13995927934, 0.2089978927],
      [0.0037576517568, 0.30654062017, 0.68970172807]
    ],
    [
      [0.65975340696, 0.017516145983, 0.32273044706],
      [0.26268478417, 0.47904792858, 0.25826728725],
      [0.0035692488412, 0.45972643945, 0.53670431171]
    ],
    [
      [0.53309810553, 0.062430981277, 0.40447091319],
      [0.39449047675, 0.54538625139, 0.060123271863],
      [0.0023227930011, 0.56205832217, 0.43561888483]
    ],
    [
      [0.56532787777, 0.018186567461, 0.41648555476],
      [0.41889129306, 0.31523445698, 0.26587424996],
      [0.0045918233157, 0.3588161867, 0.63659198998]
    ],
    [
      [0.53192237409, 0.016308544512, 0.45176908139],
      [0.57025810473, 0.25221400316, 0.17752789211],
      [0.0054650794535, 0.35159721773, 0.64293770281]
    ],
    [
      [0.49969930096, 0.03544634285, 0.46485435619],
      [0.31418258123, 0.67942657631, 0.0063908424578],
      [0.0023129951866, 0.37924354662, 0.61844345819]
    ],
    [
      [0.58393657052, 0.014908363538, 0.40115506594],
      [0.43818628615, 0.30324630869, 0.25856740515],
      [0.019961554287, 0.41412643229, 0.56591201343]
    ],
    [
      [0.54161628695, 0.037617002667, 0.42076671038],
      [0.38958692907, 0.57239727267, 0.038015798263],
      [0.00039274330497, 0.47669094147, 0.52291631522]
    ],
    [
      [0.57452811418, 0.033497259555, 0.39197462626],
      [0.37475425301, 0.60888049959, 0.016365247398],
      [0.004726467539, 0.39150515978, 0.60376837268]
    ],
    [
      [0.53516300174, 0.010156307406, 0.45468069085],
      [0.42133305061, 0.45683758244, 0.12182936695],
      [0.0069255907121, 0.33528855393, 0.65778585536]
    ],
    [
      [0.59679673578, 0.033568131765, 0.36963513246],
      [0.41751700836, 0.56453963954, 0.017943352106],
      [0.0089147676772, 0.41302001148, 0.57806522084]
    ],
    [
      [0.56902982412, 0.017273205601, 0.41369697028],
      [0.44546033925, 0.30283453637, 0.25170512438],
      [0.0069614594583, 0.47886227356, 0.51417626699]
    ],
    [
      [0.63729796595, 0.00011325872101, 0.36258877533],
      [0.47611432601, 0.41713771039, 0.1067479636],
      [0.0027169784921, 0.13933193343, 0.85795108808]
    ],
    [
      [0.62455445475, 0.012377553924, 0.36306799132],
      [0.56377714848, 0.26422599655, 0.17199685497],
      [0.027605343241, 0.058616869582, 0.91377778718]
    ],
    [
      [0.66649264779, 4.1035507021e-05, 0.3334663167],
      [0.65066408323, 0.25407414772, 0.095261769053],
      [0.000594478755, 0.26276789761, 0.73663762364]
    ],
    [
      [0.71723535822, 8.5575726351e-05, 0.28267906606],
      [0.71532042027, 0.14306586397, 0.14161371576],
      [0.0010919578456, 0.22480372544, 0.77410431672]
    ],
    [
      [0.83064457804, 0.0016058405728, 0.16774958138],
      [0.63213915237, 0.30548236806, 0.062378479567],
      [0.094216752649, 0.43671579718, 0.46906745017]
    ],
    [
      [0.70573437476, 0.0004735975022, 0.29379202773],
      [0.57670462872, 0.37380290329, 0.049492467989],
      [0.0056094715268, 0.24711895926, 0.74727156921]
    ],
    [
      [0.57968485327, 0.012934908329, 0.4073802384],
      [0.61824188147, 0.27456496583, 0.10719315269],
      [0.033726937001, 0.062347038569, 0.90392602443]
    ],
    [
      [0.62366812273, 0.0025713463621, 0.37376053091],
      [0.58231949654, 0.25515588355, 0.16252461991],
      [0.0078588571008, 0.38230290356, 0.60983823934]
    ],
    [
      [0.50243292925, 0.0036249126492, 0.4939421581],
      [0.56855265508, 0.26264451279, 0.16880283213],
      [0.12497559585, 0.18486358776, 0.69016081638]
    ],
    [
      [0.56643840235, 4.5228221297e-05, 0.43351636943],
      [0.62152985814, 0.2492412213, 0.12922892056],
      [0.010841303264, 0.28245426678, 0.70670442996]
    ],
    [
      [0.64319606415, 0.0032630302839, 0.35354090557],
      [0.67051537634, 0.16669258726, 0.1627920364],
      [0.0099685050438, 0.021234413634, 0.96879708132]
    ],
    [
      [0.59258525014, 0.00044527523355, 0.40696947463],
      [0.55703006927, 0.3014664755, 0.14150345523],
      [0.0079410932905, 0.32604450575, 0.66601440096]
    ],
    [
      [0.7282418123, 0.00011589630806, 0.2716422914],
      [0.67269030085, 0.18079972539, 0.14650997377],
      [0.0017610193339, 0.16539492945, 0.83284405122]
    ],
    [
      [0.54437516498, 0.00019174303142, 0.45543309199],
      [0.66711480921, 0.21911225244, 0.11377293835],
      [0.013240365342, 0.2740970394, 0.71266259526]
    ],
    [
      [0.71873368079, 0.0019698259801, 0.27929649323],
      [0.59756328227, 0.28536291295, 0.11707380478],
      [0.0046413825596, 0.31500316519, 0.68035545225]
    ],
    [
      [0.67214450858, 5.1539420957e-05, 0.327803952],
      [0.57308009216, 0.25440630864, 0.1725135992],
      [0.0069560295004, 0.2761901837, 0.7168537868]
    ],
    [
      [0.66903974878, 0.00023079900364, 0.33072945222],
      [0.70144107329, 0.23509831447, 0.063460612243],
      [0.0036142128513, 0.27497519401, 0.72141059314]
    ],
    [
      [0.49008738144, 0.042842475974, 0.46707014259],
      [0.76602476664, 0.16404415463, 0.069931078731],
      [0.073674405595, 0.30980801183, 0.61651758257]
    ],
    [
      [0.56466921729, 0.00027075927622, 0.43506002344],
      [0.63827805538, 0.28730364357, 0.074418301052],
