{
  "X": [
    [12, 29, 59],
    [13, 27, 60],
    [10, 29, 61],
    [10, 29, 61],
    [11, 26, 63],
    [12, 33, 55],
    [8, 33, 59],
    [9, 32, 59],
    [6, 28, 66],
    [11, 37, 52],
    [10, 26, 64],
    [12, 34, 54],
    [9, 36, 55],
    [12, 27, 61],
    [7, 38, 55],
    [13, 33, 54],
    [15, 32, 53],
    [17, 26, 57],
    [18, 17, 65],
    [17, 27, 56],
    [26, 23, 51],
    [25, 30, 45],
    [13, 30, 57],
    [13, 25, 62],
    [20, 24, 56],
    [16, 40, 44],
    [29, 22, 49],
    [19, 30, 51],
    [25, 22, 53],
    [18, 30, 52],
    [18, 29, 53],
    [19, 32, 49],
    [18, 18, 64],
    [30, 23, 47],
    [19, 28, 53],
    [25, 23, 52],
    [14, 31, 55],
    [15, 30, 55],
    [16, 24, 60],
    [18, 32, 50],
    [23, 20, 57],
    [20, 33, 47],
    [19, 25, 56],
    [24, 24, 52],
    [20, 18, 62],
    [19, 26, 55],
    [18, 25, 57],
    [20, 20, 60],
    [17, 19, 64],
    [25, 22, 53]
  ],
  "W": [
    [68, 14, 18],
    [64, 16, 20],
    [64, 19, 17],
    [67, 20, 13],
    [65, 19, 16],
    [59, 19, 22],
    [76, 6, 18],
    [68, 16, 16],
    [73, 14, 13],
    [67, 18, 15],
    [64, 14, 22],
    [67, 20, 13],
    [69, 15, 16],
    [65, 12, 23],
    [72, 21, 7],
    [56, 24, 20],
    [48, 42, 10],
    [14, 73, 13],
    [13, 65, 22],
    [22, 62, 16],
    [16, 70, 14],
    [15, 66, 19],
    [25, 60, 15],
    [17, 67, 16],
    [21, 63, 16],
    [16, 62, 22],
    [17, 74, 9],
    [22, 66, 12],
    [13, 68, 19],
    [24, 58, 18],
    [17, 63, 20],
    [21, 59, 20],
    [17, 66, 17],
    [16, 39, 45],
    [14, 26, 60],
    [16, 16, 68],
    [17, 23, 60],
    [17, 19, 64],
    [14, 18, 68],
    [17, 18, 65],
    [22, 19, 59],
    [13, 19, 68],
    [11, 14, 75],
    [17, 12, 71],
    [17, 22, 61],
    [15, 10, 75],
    [16, 10, 74],
    [17, 19, 64],
    [16, 17, 67],
    [10, 15, 75]
  ],
  "method": "mcmc",
  "mcmc_stepsize": 3000,
  "mcmc_samples": 100,
  "burn_in": 10000,
  "cond_prob": [
    [
      [0.09246688466, 0.30928145608, 0.59825165926],
      [0.17417546292, 0.28096077341, 0.54486376367],
      [0.18187752012, 0.22418945327, 0.59393302661]
    ],
    [
      [0.10032655509, 0.28652166501, 0.61315177991],
      [0.18938935549, 0.25283238143, 0.55777826309],
      [0.17744353933, 0.23086476684, 0.59169169383]
    ],
    [
      [0.077667822933, 0.30509696917, 0.6172352079],
      [0.1469041185, 0.26696358916, 0.58613229233],
      [0.13165182828, 0.25891092818, 0.60943724354]
    ],
    [
      [0.085430400662, 0.29830791852, 0.61626168082],
      [0.13620927386, 0.29680945628, 0.56698126986],
      [0.11938289834, 0.2367061795, 0.64391092217]
    ],
    [
      [0.088155290754, 0.27415707999, 0.63768762926],
      [0.15195081122, 0.25243090323, 0.59561828555],
      [0.14892754298, 0.21147516496, 0.63959729206]
    ],
    [
      [0.098340547531, 0.35671488284, 0.54494456963],
      [0.17410341911, 0.27474349568, 0.5511530852],
      [0.1313610333, 0.30607706793, 0.56256189877]
    ],
    [
      [0.071477105346, 0.3448469198, 0.58367597486],
      [0.075695649624, 0.28545699462, 0.63884735576],
      [0.11742033867, 0.28216067377, 0.60041898756]
    ],
    [
      [0.072480756434, 0.32639075908, 0.60112848448],
      [0.1528851717, 0.30503202162, 0.54208280668],
      [0.10157161346, 0.30780725227, 0.59062113427]
    ],
    [
      [0.057989214818, 0.28287504134, 0.65913574385],
      [0.10224999856, 0.2634597797, 0.63429022174],
      [0.025791333731, 0.28166808204, 0.69254058422]
    ],
    [
      [0.084923384458, 0.39996427719, 0.51511233835],
      [0.18733379772, 0.31073362679, 0.50193257549],
      [0.12920832549, 0.30727920974, 0.56351246477]
    ],
    [
      [0.086987192153, 0.26679698243, 0.64621582542],
      [0.16514016943, 0.25039750387, 0.5844623267],
      [0.096402605919, 0.24633763957, 0.65725975451]
    ],
    [
      [0.092264518547, 0.35201596847, 0.55571951298],
      [0.19166917021, 0.3332546461, 0.47507618368],
      [0.15268414255, 0.28844901464, 0.55886684282]
    ],
    [
      [0.074216843206, 0.37623870934, 0.54954444745],
      [0.1476703425, 0.32657665259, 0.52575300491],
      [0.10399891758, 0.32130495417, 0.57469612826]
    ],
    [
      [0.09731510579, 0.26993325874, 0.63275163547],
      [0.19460026002, 0.28652838294, 0.51887135704],
      [0.14518760884, 0.26156511247, 0.59324727868]
    ],
    [
      [0.058452707802, 0.39339543461, 0.54815185759],
      [0.10068614029, 0.34511053932, 0.55420332038],
      [0.096713727443, 0.34688676887, 0.55639950369]
    ],
    [
      [0.10658606848, 0.34575376775, 0.54766016377],
      [0.16816868656, 0.30999877888, 0.52183253457],
      [0.1497565844, 0.30989091564, 0.54035249997]
    ],
    [
      [0.12991139801, 0.34547310785, 0.52461549414],
      [0.15748401216, 0.30873397119, 0.53378201665],
      [0.21499243848, 0.24504640331, 0.53996115821]
    ],
    [
      [0.16629464997, 0.30885333359, 0.52485201643],
      [0.16018692148, 0.26041130028, 0.57940177824],
      [0.22909458711, 0.20507910842, 0.56582630447]
    ],
    [
      [0.18317604068, 0.1737030844, 0.64312087492],
      [0.18390102781, 0.17144074429, 0.64465822789],
      [0.1665974847, 0.16355506926, 0.66984744605]
    ],
    [
      [0.13660255541, 0.30977044923, 0.55362699536],
      [0.17811198194, 0.2715344345, 0.55035358356],
      [0.18448755629, 0.20936969861, 0.6061427451]
    ],
    [
      [0.26586153702, 0.27176313131, 0.46237533168],
      [0.25298055569, 0.23315616942, 0.51386327488],
      [0.28839832208, 0.16648985997, 0.54511181796]
    ],
    [
      [0.24842553562, 0.31213579059, 0.4394386738],
      [0.24353711838, 0.3162627303, 0.44020015132],
      [0.27369300803, 0.23392752324, 0.49237946873]
    ],
    [
      [0.10439535625, 0.32938491948, 0.56621972427],
      [0.1397534246, 0.29635310561, 0.56389346978],
      [0.13366070785, 0.26561271174, 0.60072658041]
    ],
    [
      [0.1334916842, 0.28786356066, 0.57864475514],
      [0.12815610237, 0.24555787689, 0.62628602075],
      [0.13401140688, 0.22837135733, 0.63761723579]
    ],
    [
      [0.19917621278, 0.2600544333, 0.54076935393],
      [0.19531603592, 0.24814015122, 0.55654381286],
      [0.21952432929, 0.18162671087, 0.59884895984]
    ],
    [
      [0.14177812124, 0.46516667318, 0.39305520558],
      [0.16186473639, 0.39475395295, 0.44338131066],
      [0.16799710928, 0.36739037027, 0.46461252045]
    ],
    [
      [0.2499824465, 0.25536196636, 0.49465558714],
      [0.29038595303, 0.21697534271, 0.49263870426],
      [0.36241532062, 0.17807457903, 0.45951010035]
    ],
    [
      [0.16428390891, 0.30770350866, 0.52801258243],
      [0.19462623338, 0.30936731237, 0.49600645425],
      [0.21170188343, 0.23435668273, 0.55394143384]
    ],
    [
      [0.24087570037, 0.26384537377, 0.49527892586],
      [0.24421732064, 0.22540148982, 0.53038118953],
      [0.27693884691, 0.17066888594, 0.55239226714]
    ],
    [
      [0.14985355302, 0.34262280035, 0.50752364663],
      [0.186625345, 0.29839025919, 0.51498439581],
      [0.19884692876, 0.24835654215, 0.55279652909]
    ],
    [
      [0.18378083163, 0.32950050802, 0.48671866034],
      [0.18109025288, 0.28594257448, 0.53296717264],
      [0.17335199653, 0.26920545858, 0.55744254489]
    ],
    [
      [0.14301737834, 0.39709732738, 0.45988529427],
      [0.18727675597, 0.30479522426, 0.50792801977],
      [0.24736532263, 0.2839018947, 0.46873278268]
    ],
    [
      [0.20095089492, 0.17340365015, 0.62564545494],
      [0.17045553448, 0.18775765512, 0.64178681039],
      [0.19610408885, 0.15647839467, 0.64741751648]
    ],
    [
      [0.31123097074, 0.18617594759, 0.50259308167],
      [0.29749187286, 0.27818711863, 0.42432100851],
      [0.29818047615, 0.20381971582, 0.49799980803]
    ],
    [
      [0.13620903719, 0.28319549523, 0.58059546758],
      [0.16830974417, 0.36317047086, 0.46851978498],
      [0.21195033552, 0.24321384707, 0.54483581741]
    ],
    [
      [0.16077760082, 0.27474285976, 0.56447953943],
