{
  "X": [
    [9, 80, 11],
    [3, 86, 11],
    [5, 77, 18],
    [5, 75, 20],
    [8, 84, 8],
    [8, 75, 17],
    [4, 79, 17],
    [4, 78, 18],
    [6, 75, 19],
    [4, 80, 16],
    [4, 80, 16],
    [9, 82, 9],
    [6, 79, 15],
    [9, 81, 10],
    [8, 79, 13],
    [9, 76, 15],
    [10, 68, 22],
    [22, 30, 48],
    [29, 25, 46],
    [24, 41, 35],
    [30, 35, 35],
    [20, 42, 38],
    [18, 45, 37],
    [16, 46, 38],
    [20, 43, 37],
    [18, 38, 44],
    [24, 36, 40],
    [20, 43, 37],
    [20, 46, 34],
    [22, 45, 33],
    [16, 42, 42],
    [19, 50, 31],
    [23, 35, 42],
    [11, 65, 24],
    [5, 70, 25],
    [11, 67, 22],
    [4, 70, 26],
    [9, 56, 35],
    [8, 71, 21],
    [5, 72, 23],
    [11, 64, 25],
    [9, 73, 18],
    [5, 73, 22],
    [6, 77, 17],
    [11, 66, 23],
    [7, 69, 24],
    [8, 63, 29],
    [5, 77, 18],
    [8, 66, 26],
    [6, 64, 30]
  ],
  "W": [
    [67, 17, 16],
    [79, 10, 11],
    [60, 21, 19],
    [62, 21, 17],
    [66, 16, 18],
    [64, 17, 19],
    [64, 20, 16],
    [66, 13, 21],
    [70, 13, 17],
    [73, 13, 14],
    [65, 12, 23],
    [67, 15, 18],
    [67, 15, 18],
    [70, 13, 17],
    [61, 18, 21],
    [58, 19, 23],
    [54, 30, 16],
    [12, 73, 15],
    [10, 76, 14],
    [19, 67, 14],
    [16, 71, 13],
    [15, 63, 22],
    [19, 67, 14],
    [17, 62, 21],
    [19, 62, 19],
    [12, 69, 19],
    [15, 73, 12],
    [24, 63, 13],
    [19, 64, 17],
    [27, 58, 15],
    [18, 65, 17],
    [20, 63, 17],
    [15, 70, 15],
    [14, 29, 57],
    [16, 16, 68],
    [28, 25, 47],
    [18, 14, 68],
    [18, 24, 58],
    [15, 24, 61],
    [9, 15, 76],
    [13, 18, 69],
    [15, 13, 72],
    [12, 18, 70],
    [12, 22, 66],
    [17, 20, 63],
    [18, 12, 70],
    [17, 19, 64],
    [24, 14, 62],
    [16, 15, 69],
    [15, 20, 65]
  ],
  "method": "mcmc",
  "mcmc_stepsize": 3000,
  "mcmc_samples": 100,
  "burn_in": 10000,
  "cond_prob": [
    [
      [0.0022790936406, 0.94157405727, 0.056146849089],
      [0.40775414675, 0.2395517464, 0.35269410685],
      [0.11971751446, 0.80263490463, 0.077647580916]
    ],
    [
      [0.004169152256, 0.93401544245, 0.06181540529],
      [0.21494696481, 0.32424459398, 0.46080844121],
      [0.047378847611, 0.81548491876, 0.13713623363]
    ],
    [
      [0.0047987318757, 0.93005502201, 0.065146246111],
      [0.20068859666, 0.23050795877, 0.56880344457],
      [0.026190292508, 0.86084376552, 0.11296594197]
    ],
    [
      [0.017677703803, 0.89672183877, 0.085600457432],
      [0.18476699628, 0.22889882754, 0.58633417617],
      [0.0014044377843, 0.85861003636, 0.13998552586]
    ],
    [
      [0.0041039952619, 0.96641693042, 0.029479074315],
      [0.3888755096, 0.29568360135, 0.31544088905],
      [0.083729342169, 0.86030805392, 0.055962603914]
    ],
    [
      [0.017651726766, 0.90425837321, 0.078089900025],
      [0.28383148611, 0.15200553227, 0.56416298162],
      [0.10763969595, 0.76544052979, 0.12691977426]
    ],
    [
      [0.00058917622616, 0.93028653247, 0.069124291306],
      [0.19136082955, 0.25256823145, 0.55607093901],
      [0.0084422581619, 0.90064358082, 0.09091416102]
    ],
    [
      [0.0055443407101, 0.8898123349, 0.10464332439],
      [0.18322437092, 0.21697259413, 0.59980303495],
      [0.059626509104, 0.78341629395, 0.15695719695]
    ],
    [
      [0.015764124284, 0.8580350497, 0.12620082601],
      [0.23634929194, 0.1531654319, 0.61048527616],
      [0.10729238264, 0.76155270036, 0.131154917]
    ],
    [
      [0.0062403951129, 0.90967204785, 0.084087557033],
      [0.20472174964, 0.23801311682, 0.55726513354],
      [0.063076315101, 0.74998357057, 0.18694011433]
    ],
    [
      [0.004222889036, 0.9004882709, 0.095288840066],
      [0.21175730192, 0.23776948095, 0.55047321713],
      [0.051496721288, 0.80934907045, 0.13915420827]
    ],
    [
      [0.0034183431369, 0.94842313379, 0.048158523078],
      [0.43727425272, 0.25958644206, 0.30313930521],
      [0.12288095661, 0.80899185586, 0.068127187534]
    ],
    [
      [0.0072171977495, 0.91958790941, 0.073194892844],
      [0.26390199767, 0.19622908125, 0.53986892108],
      [0.086550988093, 0.80245410284, 0.11099490907]
    ],
    [
      [0.0042869675161, 0.94169377402, 0.054019258459],
      [0.51840114411, 0.16869159001, 0.31290726588],
      [0.1153351412, 0.75814383225, 0.12652102655]
    ],
    [
      [0.0025907650949, 0.93382785965, 0.063581375258],
      [0.328366176, 0.23251938695, 0.43911443705],
      [0.091970102918, 0.85005483792, 0.057975059159]
    ],
    [
      [0.0075316926967, 0.93706364646, 0.055404660844],
      [0.3507405136, 0.15308564298, 0.49617384342],
      [0.082569220226, 0.81485570821, 0.10257507157]
    ],
    [
      [0.00088256256745, 0.92666404988, 0.072453387551],
      [0.26657654155, 0.1692479408, 0.56417551765],
      [0.12219033593, 0.80516894265, 0.072640721419]
    ],
    [
      [0.0026742524382, 0.74626140034, 0.25106434722],
      [0.27340250091, 0.12508187114, 0.60151562795],
      [0.13396842697, 0.79425910683, 0.071772466194]
    ],
    [
      [0.013167910537, 0.69446750812, 0.29236458134],
      [0.35024116574, 0.098873905939, 0.55088492832],
      [0.16071373557, 0.75292200482, 0.08636425961]
    ],
    [
      [5.4504923848e-06, 0.84208946431, 0.1579050852],
      [0.32835605677, 0.2089647757, 0.46267916753],
      [0.14286004551, 0.78569001472, 0.071449939769]
    ],
    [
      [0.00017964088502, 0.81230906645, 0.18751129266],
      [0.3942215616, 0.16926177755, 0.43651666084],
      [0.15441499016, 0.76811297927, 0.07747203057]
    ],
    [
      [1.7311316512e-07, 0.80006499976, 0.19993482713],
      [0.28563656522, 0.17469645296, 0.53966698181],
      [0.091131536106, 0.86332493032, 0.045543533579]
    ],
    [
      [1.668906364e-06, 0.84210076751, 0.15789756358],
      [0.23880546136, 0.26865928759, 0.49253525104],
      [0.14285731283, 0.78570808204, 0.071434605137]
    ],
    [
      [1.0662776903e-06, 0.82354189564, 0.17645703809],
      [0.22578870979, 0.22582105619, 0.54839023402],
      [0.095289612689, 0.85708963287, 0.047620754439]
    ],
    [
      [3.6343668655e-07, 0.8421047287, 0.15789490786],
      [0.29031934167, 0.17742273978, 0.53225791855],
      [0.10527336374, 0.84209475202, 0.052631884247]
    ],
    [
      [1.3449620976e-05, 0.74998437161, 0.25000217877],
      [0.23187728118, 0.18842279779, 0.57969992103],
      [0.10527927386, 0.84205339437, 0.052667331778]
    ],
    [
      [0.0011538094294, 0.8000498635, 0.19879632708],
      [0.30132497001, 0.20598790342, 0.49268712657],
      [0.16549750398, 0.7468445915, 0.087657904526]
    ],
    [
      [1.0215932934e-07, 0.87499984838, 0.12500004946],
      [0.28571415103, 0.19047636754, 0.52380948143],
      [0.15384661794, 0.76923019107, 0.076923190993]
    ],
    [
      [4.2719810401e-08, 0.84210520784, 0.15789474944],
      [0.28124979583, 0.2500002193, 0.46874998487],
      [0.1176477797, 0.82352864799, 0.058823572306]
    ],
    [
      [1.5760200783e-06, 0.88888659874, 0.11111182524],
      [0.34482442952, 0.15517618742, 0.49999938306],
      [0.13334270235, 0.79998953091, 0.06666776674]
    ],
    [
      [1.7668865556e-05, 0.83333224967, 0.16665008147],
      [0.21537712199, 0.20001038189, 0.58461249611],
      [0.11765700181, 0.8234908637, 0.058852134484]
    ],
    [
      [1.0064021928e-08, 0.84999999163, 0.1499999983],
      [0.26984121306, 0.30158735956, 0.42857142738],
      [0.1176472574, 0.82352920677, 0.058823535835]
    ],
    [
      [0.00028327570412, 0.79948204452, 0.20023467978],
      [0.29985254395, 0.15750128001, 0.54264617604],
      [0.13373818587, 0.79884531543, 0.067416498698]
    ],
    [
      [0.004500475652, 0.84036498727, 0.15513453708],
      [0.18468322167, 0.13758508374, 0.6777316946],
      [0.097915437062, 0.86394601316, 0.038138549782]
    ],
    [
      [0.0043242046, 0.82885249463, 0.16682330077],
      [0.093653034854, 0.086285287545, 0.8200616776],
      [0.050475943658, 0.81408522772, 0.13543882862]
    ],
    [
