{
  "X": [
    [48, 15, 37],
    [51, 11, 38],
    [41, 19, 40],
    [53, 15, 32],
    [58, 12, 30],
    [48, 17, 35],
    [34, 17, 49],
    [48, 15, 37],
    [43, 17, 40],
    [52, 14, 34],
    [38, 24, 38],
    [51, 16, 33],
    [48, 18, 34],
    [48, 16, 36],
    [52, 12, 36],
    [48, 18, 34],
    [40, 31, 29],
    [27, 46, 27],
    [28, 47, 25],
    [20, 45, 35],
    [16, 53, 31],
    [27, 47, 26],
    [22, 55, 23],
    [24, 44, 32],
    [28, 41, 31],
    [19, 49, 32],
    [30, 43, 27],
    [21, 55, 24],
    [29, 42, 29],
    [25, 54, 21],
    [25, 52, 23],
    [27, 46, 27],
    [26, 40, 34],
    [40, 25, 35],
    [28, 33, 39],
    [29, 30, 41],
    [35, 20, 45],
    [32, 27, 41],
    [38, 18, 44],
    [33, 21, 46],
    [33, 22, 45],
    [34, 29, 37],
    [32, 31, 37],
    [32, 28, 40],
    [45, 25, 30],
    [42, 18, 40],
    [29, 30, 41],
    [36, 31, 33],
    [39, 30, 31],
    [28, 30, 42]
  ],
  "W": [
    [65, 22, 13],
    [70, 12, 18],
    [60, 23, 17],
    [70, 11, 19],
    [72, 13, 15],
    [65, 21, 14],
    [63, 21, 16],
    [70, 16, 14],
    [62, 22, 16],
    [70, 11, 19],
    [56, 19, 25],
    [69, 15, 16],
    [63, 20, 17],
    [70, 14, 16],
    [68, 12, 20],
    [66, 15, 19],
    [54, 34, 12],
    [18, 66, 16],
    [24, 58, 18],
    [13, 72, 15],
    [17, 61, 22],
    [23, 66, 11],
    [13, 69, 18],
    [16, 60, 24],
    [14, 64, 22],
    [20, 67, 13],
    [14, 69, 17],
    [12, 72, 16],
    [16, 72, 12],
    [11, 71, 18],
    [12, 63, 25],
    [18, 65, 17],
    [12, 76, 12],
    [22, 26, 52],
    [19, 17, 64],
    [20, 19, 61],
    [12, 18, 70],
    [16, 20, 64],
    [10, 14, 76],
    [18, 12, 70],
    [21, 14, 65],
    [15, 16, 69],
    [22, 21, 57],
    [17, 17, 66],
    [17, 16, 67],
    [21, 14, 65],
    [17, 17, 66],
    [20, 14, 66],
    [20, 20, 60],
    [14, 20, 66]
  ],
  "method": "mcmc",
  "mcmc_stepsize": 3000,
  "mcmc_samples": 100,
  "burn_in": 10000,
  "cond_prob": [
    [
      [0.61881918249, 0.00031663510636, 0.3808641824],
      [0.20746224118, 0.57188178712, 0.2206559717],
      [0.24712183324, 0.18446303088, 0.56841513588]
    ],
    [
      [0.61472575241, 6.8001552993e-05, 0.38520624604],
      [0.18413626581, 0.66410725464, 0.15175647955],
      [0.31997567453, 0.16810849087, 0.5119158346]
    ],
    [
      [0.5776825747, 0.00011902404676, 0.42219840125],
      [0.14443576666, 0.64472287099, 0.21084136236],
      [0.17747193439, 0.24495485438, 0.57757321122]
    ],
    [
      [0.69141411441, 0.0021867347508, 0.30639915084],
      [0.11025667043, 0.77860369143, 0.11113963814],
      [0.17832571666, 0.33064673483, 0.49102754851]
    ],
    [
      [0.71377667707, 1.5697394547e-05, 0.28620762554],
      [0.19568585847, 0.67497717786, 0.12933696367],
      [0.27094420607, 0.2149444317, 0.51411136223]
    ],
    [
      [0.63899789229, 0.00029097253524, 0.36071113517],
      [0.17124230347, 0.6510605956, 0.17769710092],
      [0.20493204485, 0.23634387697, 0.55872407818]
    ],
    [
      [0.4649359993, 0.00057187550514, 0.5344921252],
      [0.090337123368, 0.62765014609, 0.28201273054],
      [0.17574702835, 0.23645742345, 0.58779554819]
    ],
    [
      [0.61260543012, 8.4758778105e-06, 0.387386094],
      [0.11262628511, 0.70625363666, 0.18112007823],
      [0.23682852355, 0.26423917871, 0.49893229774]
    ],
    [
      [0.58423349006, 0.00053299860874, 0.41523351133],
      [0.16948654948, 0.61804175144, 0.21247169908],
      [0.19055122049, 0.21062722216, 0.59882155735]
    ],
    [
      [0.67526274197, 0.0021853203441, 0.32255193768],
      [0.12124102914, 0.75050205411, 0.12825691675],
      [0.17883982849, 0.29428973583, 0.52687043569]
    ],
    [
      [0.58379621274, 0.00046260443879, 0.41574118282],
      [0.10703911126, 0.82867520121, 0.064285687536],
      [0.13094675891, 0.32917061314, 0.53988262795]
    ],
    [
      [0.66777374141, 0.00075518763518, 0.33147107096],
      [0.10760099261, 0.72353999326, 0.16885901412],
      [0.2068498096, 0.31842450964, 0.47472568076]
    ],
    [
      [0.6507499458, 0.00011197006242, 0.34913808413],
      [0.176976032, 0.65345563544, 0.16956833257],
      [0.20371957496, 0.28963724573, 0.50664317931]
    ],
    [
      [0.62239979073, 0.00039647979954, 0.37720372947],
      [0.08516665288, 0.74775548681, 0.16707786031],
      [0.2024800943, 0.34397934992, 0.45354055578]
    ],
    [
      [0.62195342717, 0.00017375645814, 0.37787281637],
      [0.17884791744, 0.67732284564, 0.14382923691],
      [0.37804959715, 0.19301552066, 0.42893488219]
    ],
    [
      [0.66213321799, 0.00012809387952, 0.33773868813],
      [0.064080727341, 0.77154790065, 0.16437137201],
      [0.17568403698, 0.33780669969, 0.48650926333]
    ],
    [
      [0.66420188179, 0.0014937102193, 0.33430440799],
      [0.032947203578, 0.84637731306, 0.12067548336],
      [0.25107445515, 0.17854258368, 0.57038296116]
    ],
    [
      [0.52793298016, 0.0028733520858, 0.46919366776],
      [0.15066855283, 0.65015253614, 0.19917891103],
      [0.47206761689, 0.18988826735, 0.33804411577]
    ],
    [
      [0.54570766313, 0.00078689787883, 0.45350543899],
      [0.15398943909, 0.73999565233, 0.10601490858],
      [0.33175714544, 0.22563147864, 0.44261137592]
    ],
    [
      [0.58066693504, 0.0010357782612, 0.4182972867],
      [0.13901752236, 0.58291261152, 0.27806986612],
      [0.16280454899, 0.20112179021, 0.63607366079]
    ],
    [
      [0.45209032351, 0.0020592611148, 0.54585041538],
      [0.0856052774, 0.73493321854, 0.17946150406],
      [0.14057011723, 0.36973028318, 0.48969959959]
    ],
    [
      [0.53161447617, 0.0034082200202, 0.46497730381],
      [0.1514820087, 0.67006035636, 0.17845763493],
      [0.43409586125, 0.24523885632, 0.32066528243]
    ],
    [
      [0.70383130061, 0.0005465611217, 0.29562213827],
      [0.11705194211, 0.73957113613, 0.14337692176],
      [0.26520050481, 0.22013812846, 0.51466136673]
    ],
    [
      [0.53598311644, 0.00028146663596, 0.46373541693],
      [0.07920559927, 0.67242871407, 0.24836568666],
      [0.4446639242, 0.15207390374, 0.40326217206]
    ],
    [
      [0.58557909547, 0.00039471806185, 0.41402618647],
      [0.17894568662, 0.58658416996, 0.23447014342],
      [0.37951675999, 0.15695850317, 0.46352473684]
    ],
    [
      [0.45773774028, 6.006819735e-05, 0.54220219152],
      [0.10159940508, 0.68599965191, 0.21240094302],
      [0.23369885032, 0.23360168909, 0.53269946058]
    ],
    [
      [0.64387275918, 0.00021894819748, 0.35590829262],
      [0.21635193567, 0.58502891081, 0.19861915352],
      [0.35632340059, 0.15470234583, 0.48897425357]
    ],
    [
      [0.62806799913, 0.00014736307653, 0.37178463779],
      [0.12382621279, 0.71692434123, 0.15924944598],
      [0.2842310431, 0.21122994216, 0.50453901474]
    ],
    [
      [0.54555625486, 0.0017177674636, 0.45272597768],
      [0.23082737916, 0.53641169375, 0.2327609271],
      [0.30429405191, 0.27923948089, 0.41646646719]
    ],
    [
      [0.64930919224, 0.0010783897273, 0.34961241804],
      [0.16674258878, 0.71209462504, 0.12116278619],
      [0.33438194902, 0.19052329641, 0.47509475458]
    ],
    [
      [0.68991207478, 0.0003679869643, 0.30971993826],
      [0.12386367901, 0.72710171503, 0.14903460596],
      [0.35670573301, 0.24752704438, 0.39576722262]
    ],
    [
      [0.53358135561, 0.001764858573, 0.46465378582],
      [0.14718589648, 0.66133705385, 0.19147704968],
      [0.46049719576, 0.17537200269, 0.36413080155]
    ],
    [
      [0.59304180773, 0.00040281655921, 0.40655537571],
      [0.22128002389, 0.49919132982, 0.27952864629],
      [0.17218470763, 0.17138542791, 0.65642986446]
    ],
    [
      [0.60542456404, 6.579125102e-05, 0.39450964471],
      [0.14024098162, 0.69047564072, 0.16928337767],
      [0.44296911671, 0.13550357565, 0.42152730764]
    ],
    [
      [0.5569412434, 4.9544819639e-05, 0.44300921178],
      [0.083189058344, 0.70521727205, 0.21159366961],
      [0.25006097474, 0.32828695349, 0.42165207176]
    ],
    [
