{
  "X": [
    [34, 8, 0, 35, 23],
    [28, 9, 1, 30, 32],
    [28, 7, 1, 43, 21],
    [31, 10, 3, 38, 18],
    [23, 8, 3, 37, 29],
    [22, 8, 2, 40, 28],
    [26, 10, 2, 45, 17],
    [29, 5, 3, 38, 25],
    [27, 6, 3, 42, 22],
    [28, 5, 2, 37, 28],
    [28, 6, 3, 41, 22],
    [23, 13, 2, 45, 17],
    [40, 6, 1, 42, 11],
    [39, 8, 5, 33, 15],
    [19, 9, 5, 44, 23],
    [28, 9, 1, 40, 22],
    [25, 9, 0, 49, 17],
    [17, 9, 2, 51, 21],
    [24, 10, 0, 45, 21],
    [26, 9, 3, 44, 18],
    [27, 7, 1, 47, 18],
    [29, 10, 3, 43, 15],
    [28, 11, 1, 41, 19],
    [32, 6, 0, 43, 19],
    [30, 7, 1, 47, 15],
    [38, 14, 4, 32, 12],
    [29, 13, 10, 29, 19],
    [40, 15, 3, 27, 15],
    [34, 16, 4, 34, 12],
    [35, 15, 2, 25, 23],
    [40, 11, 1, 31, 17],
    [32, 13, 6, 35, 14],
    [31, 14, 4, 30, 21],
    [37, 13, 9, 25, 16],
    [28, 12, 11, 33, 16],
    [31, 17, 4, 31, 17],
    [41, 12, 5, 28, 14],
    [32, 14, 8, 32, 14],
    [32, 14, 10, 37, 7],
    [41, 17, 2, 18, 22],
    [29, 14, 9, 31, 17],
    [39, 11, 2, 31, 17],
    [31, 19, 6, 29, 15],
    [42, 17, 3, 23, 15],
    [38, 11, 3, 29, 19],
    [38, 6, 7, 32, 17],
    [34, 17, 5, 26, 18],
    [34, 13, 4, 33, 16],
    [36, 14, 3, 28, 19],
    [46, 11, 5, 28, 10]
  ],
  "W": [
    [76, 24],
    [67, 33],
    [72, 28],
    [74, 26],
    [78, 22],
    [77, 23],
    [78, 22],
    [67, 33],
    [76, 24],
    [73, 27],
    [76, 24],
    [74, 26],
    [64, 36],
    [77, 23],
    [71, 29],
    [76, 24],
    [83, 17],
    [83, 17],
    [81, 19],
    [78, 22],
    [77, 23],
    [77, 23],
    [84, 16],
    [77, 23],
    [79, 21],
    [19, 81],
    [20, 80],
    [26, 74],
    [22, 78],
    [30, 70],
    [24, 76],
    [22, 78],
    [30, 70],
    [16, 84],
    [30, 70],
    [20, 80],
    [26, 74],
    [18, 82],
    [24, 76],
    [29, 71],
    [21, 79],
    [22, 78],
    [21, 79],
    [28, 72],
    [24, 76],
    [27, 73],
    [26, 74],
    [25, 75],
    [29, 71],
    [26, 74]
  ],
  "method": "mvn_cdf",
  "mvncdf_method": "genz",
  "mvncdf_samples": 5000,
  "mvncdf_error": 1e-06,
  "cond_prob": [
    [
      [0.30220530423, 0.055401038168, 0.00081301406123, 0.37793868878, 0.26364195476],
      [0.4988350507, 0.14461274953, 0.020455803262, 0.19452025305, 0.14157614345]
    ],
    [
      [0.18137351875, 0.060452476388, 0.0016304100902, 0.32504094329, 0.43150265149],
      [0.46269307903, 0.11626001973, 0.030138230263, 0.17313251739, 0.21777615358]
    ],
    [
      [0.23098110392, 0.04358836622, 0.0010894668074, 0.49684261823, 0.22749844482],
      [0.41153182291, 0.13381831831, 0.033874735671, 0.27260051115, 0.14817461195]
    ],
    [
      [0.27705578168, 0.069503603608, 0.0035057857973, 0.44330449066, 0.20663033825],
      [0.41157668774, 0.17940290933, 0.090865224398, 0.20321873031, 0.11493644822]
    ],
    [
      [0.19711805928, 0.058190781286, 0.0047694092003, 0.3965912646, 0.34333048564],
      [0.32862271368, 0.13013276915, 0.11034050784, 0.21624558932, 0.21465842001]
    ],
    [
      [0.18825522225, 0.053465603318, 0.0020317475408, 0.44458295679, 0.31166447011],
      [0.33703559138, 0.15894456708, 0.065287900727, 0.24005583664, 0.19867610417]
    ],
    [
      [0.22769203905, 0.070599844072, 0.0021969912831, 0.50963991125, 0.18987121435],
      [0.3561537172, 0.19124898031, 0.061598347977, 0.28555073912, 0.10544821538]
    ],
    [
      [0.22820075215, 0.034569645623, 0.0024408426502, 0.4421966251, 0.29259213448],
      [0.40469902798, 0.096979418431, 0.07942867374, 0.23789312022, 0.18099975963]
    ],
    [
      [0.23529729562, 0.041528842564, 0.003421573045, 0.47807229398, 0.24167999479],
      [0.38992503064, 0.11878653054, 0.10259335994, 0.24469383927, 0.14400123961]
    ],
    [
      [0.21579950998, 0.037663252178, 0.0017632935977, 0.41861252921, 0.32616141504],
      [0.40897886117, 0.10561535143, 0.056907884942, 0.227562854, 0.20093504846]
    ],
    [
      [0.24232995369, 0.041877537886, 0.0034243098127, 0.47055455497, 0.24181364365],
      [0.39554530152, 0.11787615897, 0.10240901773, 0.24146279243, 0.14270672936]
    ],
    [
      [0.21635056917, 0.10131211125, 0.0020565945331, 0.51597640567, 0.16430431938],
      [0.30594444974, 0.26936589673, 0.059904078555, 0.25305434276, 0.11173123221]
    ],
    [
      [0.31519909776, 0.042294247458, 0.001320320881, 0.4966069153, 0.1445794186],
      [0.5357711279, 0.1068564552, 0.031420458351, 0.25666074172, 0.069291216826]
    ],
    [
      [0.3902347381, 0.055077330577, 0.011796814234, 0.36512116052, 0.17776995658],
      [0.40436376916, 0.114610274, 0.26838930297, 0.1421157691, 0.070520884776]
    ],
    [
      [0.16937194186, 0.057213480862, 0.0067604484972, 0.51116043805, 0.25549369073],
      [0.26503901587, 0.15287036491, 0.19085955299, 0.24726093606, 0.14397013016]
    ],
    [
      [0.23679852268, 0.060270966621, 0.0012574815797, 0.45833451624, 0.24333851288],
      [0.40376682907, 0.1751918843, 0.036205945629, 0.24010446632, 0.14473087468]
    ],
    [
      [0.21365569742, 0.067300035074, 0.0007025010229, 0.524761486, 0.19358028048],
      [0.38464522587, 0.19132172039, 0.020931120319, 0.28911476002, 0.1139871734]
    ],
    [
      [0.15446454745, 0.068933798575, 0.0025860015911, 0.55899055171, 0.21502510068],
      [0.26609645275, 0.20613267883, 0.076944005296, 0.30744257857, 0.14338428455]
    ],
    [
      [0.21261394865, 0.071498596863, 0.00067155292499, 0.49017664, 0.22503926157],
      [0.36702429767, 0.21064774632, 0.019691988243, 0.26406885636, 0.13856711141]
    ],
    [
      [0.23366265977, 0.063997765274, 0.0039397215672, 0.50085961303, 0.19754024035],
      [0.36077993303, 0.17164152605, 0.11119908288, 0.24306278639, 0.11331667164]
    ],
    [
      [0.22868832465, 0.046185935185, 0.0010891790398, 0.5264987386, 0.19753782252],
      [0.41012837716, 0.14027532784, 0.035836509509, 0.28862948952, 0.12513029598]
    ],
    [
      [0.25832465191, 0.0711124979, 0.0037774255156, 0.48719902794, 0.17958639673],
      [0.33956573024, 0.20405224382, 0.1128381788, 0.24263841588, 0.10090543126]
    ],
    [
      [0.24844910804, 0.091554976944, 0.0014415367884, 0.45382142775, 0.20473295048],
      [0.39201510258, 0.23813625607, 0.038455441666, 0.21751955699, 0.11387364269]
    ],
    [
      [0.27524336816, 0.041206921892, 0.00069127345908, 0.47823832677, 0.20462010973],
      [0.47850396933, 0.11661868482, 0.020170494236, 0.25421665843, 0.13049019319]
    ],
    [
      [0.25813877723, 0.047293624822, 0.0011259470697, 0.5217220788, 0.17171957208],
      [0.44550808557, 0.14156639165, 0.036291181337, 0.27492686531, 0.10170747614]
    ],
    [
      [0.23870610803, 0.05390097183, 0.0016694163168, 0.52560714274, 0.18011636108],
      [0.41510532847, 0.15913297116, 0.042619416655, 0.27543291835, 0.10770936536]
    ],
    [
      [0.18625482442, 0.05240767396, 0.0044694456379, 0.48251710599, 0.27435095],
      [0.30734672726, 0.15294864711, 0.13731660327, 0.22571529632, 0.17667272605]
    ],
    [
      [0.27862725931, 0.064405660483, 0.0016066801722, 0.44372188115, 0.21163851889],
      [0.44866878856, 0.17549240115, 0.042384382269, 0.21171069049, 0.12174373752]
    ],
    [
      [0.2182110405, 0.063732310639, 0.0016596973559, 0.53870111382, 0.17769583769],
      [0.37419475531, 0.18556148049, 0.042011263182, 0.28959618958, 0.10863631144]
    ],
    [
      [0.27485114168, 0.05742329854, 0.0013335138176, 0.31073950681, 0.35565253916],
      [0.42067567751, 0.1703107535, 0.033492842372, 0.17775380206, 0.19776692456]
    ],
    [
      [0.26016986396, 0.041192943089, 0.00096732473318, 0.46959643593, 0.22807343229],
      [0.43811463075, 0.13501438694, 0.028318423351, 0.25419014349, 0.14436241548]
    ],
    [
      [0.20487746054, 0.048736365018, 0.0023078639581, 0.54467558212, 0.19940272836],
      [0.36368011785, 0.13987602654, 0.070336428043, 0.30683569209, 0.11927173547]
    ],
    [
      [0.20372260011, 0.054788798795, 0.0018215642759, 0.44642015509, 0.29324688173],
