{
  "X": [
    [27, 5, 56, 8, 4],
    [29, 3, 62, 6, 0],
    [32, 6, 53, 5, 4],
    [32, 7, 47, 10, 4],
    [33, 5, 50, 11, 1],
    [39, 4, 44, 10, 3],
    [33, 7, 46, 8, 6],
    [30, 9, 51, 6, 4],
    [28, 6, 51, 9, 6],
    [30, 10, 49, 9, 2],
    [38, 10, 39, 8, 5],
    [32, 5, 54, 5, 4],
    [35, 4, 46, 12, 3],
    [29, 10, 50, 9, 2],
    [29, 3, 61, 6, 1],
    [32, 3, 55, 6, 4],
    [34, 9, 44, 7, 6],
    [27, 5, 53, 10, 5],
    [33, 6, 55, 5, 1],
    [37, 4, 47, 6, 6],
    [38, 5, 41, 6, 10],
    [45, 5, 43, 3, 4],
    [40, 2, 51, 4, 3],
    [34, 3, 54, 6, 3],
    [34, 7, 50, 7, 2],
    [22, 10, 53, 8, 7],
    [24, 13, 40, 17, 6],
    [15, 15, 45, 19, 6],
    [19, 14, 43, 15, 9],
    [22, 15, 36, 25, 2],
    [19, 13, 44, 17, 7],
    [21, 12, 37, 23, 7],
    [19, 13, 43, 20, 5],
    [14, 16, 43, 22, 5],
    [20, 10, 51, 11, 8],
    [23, 14, 44, 14, 5],
    [18, 18, 39, 14, 11],
    [15, 18, 38, 21, 8],
    [16, 15, 47, 16, 6],
    [25, 12, 41, 17, 5],
    [19, 6, 51, 15, 9],
    [20, 15, 41, 15, 9],
    [15, 20, 33, 22, 10],
    [31, 6, 44, 12, 7],
    [18, 17, 33, 26, 6],
    [21, 15, 38, 20, 6],
    [17, 13, 48, 18, 4],
    [23, 18, 39, 17, 3],
    [23, 16, 41, 18, 2],
    [19, 16, 39, 17, 9]
  ],
  "W": [
    [78, 22],
    [78, 22],
    [77, 23],
    [72, 28],
    [75, 25],
    [76, 24],
    [67, 33],
    [73, 27],
    [71, 29],
    [70, 30],
    [76, 24],
    [68, 32],
    [72, 28],
    [69, 31],
    [82, 18],
    [81, 19],
    [71, 29],
    [74, 26],
    [78, 22],
    [74, 26],
    [78, 22],
    [76, 24],
    [79, 21],
    [77, 23],
    [79, 21],
    [29, 71],
    [23, 77],
    [33, 67],
    [24, 76],
    [27, 73],
    [23, 77],
    [25, 75],
    [24, 76],
    [25, 75],
    [25, 75],
    [31, 69],
    [25, 75],
    [21, 79],
    [23, 77],
    [23, 77],
    [28, 72],
    [29, 71],
    [23, 77],
    [33, 67],
    [21, 79],
    [23, 77],
    [24, 76],
    [25, 75],
    [20, 80],
    [22, 78]
  ],
  "method": "mvn_cdf",
  "mvncdf_method": "genz",
  "mvncdf_samples": 5000,
  "mvncdf_error": 1e-06,
  "cond_prob": [
    [
      [0.31288826934, 0.012996937952, 0.62461536112, 0.024153829472, 0.025345602119],
      [0.10198864132, 0.16975138371, 0.38476044212, 0.27364888046, 0.069850652394]
    ],
    [
      [0.26008498711, 0.013161265959, 0.70062086904, 0.014885597854, 0.011247280039],
      [0.12703858335, 0.12798846016, 0.54616614939, 0.17602512124, 0.022781685853]
    ],
    [
      [0.37893242875, 0.013840669162, 0.56988176173, 0.012955949694, 0.024389190668],
      [0.12808135413, 0.19897715439, 0.43130722312, 0.16824468228, 0.073389586082]
    ],
    [
      [0.40043607275, 0.017239211574, 0.530000707, 0.026892861561, 0.025431147123],
      [0.11681887032, 0.19886720788, 0.32707183876, 0.29120812421, 0.066033958831]
    ],
    [
      [0.40053544281, 0.011826586255, 0.55294099474, 0.023107527631, 0.011589448567],
      [0.11651517457, 0.14760692706, 0.34095168987, 0.36205929281, 0.032866915697]
    ],
    [
      [0.48568822748, 0.01006626483, 0.45494182554, 0.02925689733, 0.020046784816],
      [0.14983076079, 0.13233331663, 0.32792668728, 0.33547887103, 0.054430364278]
    ],
    [
      [0.42299788944, 0.012643031259, 0.51363643612, 0.016602318503, 0.034120324675],
      [0.14149348973, 0.18930372784, 0.36256034188, 0.20417005566, 0.10247238488]
    ],
    [
      [0.36912333863, 0.021968385593, 0.56708394068, 0.015692144287, 0.026132190805],
      [0.11130287063, 0.28250918722, 0.35926096481, 0.17603086885, 0.070896108494]
    ],
    [
      [0.35204411198, 0.013079765782, 0.57415518864, 0.022321349231, 0.03839958437],
      [0.10836583214, 0.16784842081, 0.36852316463, 0.25041059667, 0.10485198576]
    ],
    [
      [0.37841755537, 0.024010886147, 0.55869384476, 0.022346585703, 0.016531128019],
      [0.10831114129, 0.28503312314, 0.33350582224, 0.23354124281, 0.039608670524]
    ],
    [
      [0.43014829329, 0.033794399324, 0.47167126763, 0.026321884044, 0.038064155715],
      [0.1212135656, 0.34607599952, 0.24045884333, 0.22351446588, 0.068737125671]
    ],
    [
      [0.39070827094, 0.0079337824518, 0.57107551272, 0.010352223396, 0.019930210496],
      [0.16016399601, 0.12862590602, 0.49247328825, 0.14937132156, 0.069365488157]
    ],
    [
      [0.43291676681, 0.0078703168905, 0.50872726681, 0.031921518425, 0.018564131068],
      [0.13948494811, 0.12374911932, 0.34555067213, 0.33650694511, 0.054708315343]
    ],
    [
      [0.37557095673, 0.022724188426, 0.5643499925, 0.021559264821, 0.015795597515],
      [0.10759477226, 0.27811196705, 0.34772071883, 0.22552804613, 0.041044495724]
    ],
    [
      [0.31056116456, 0.0082530781906, 0.65321506315, 0.016796090763, 0.011174603337],
      [0.12263997047, 0.11742985494, 0.49151176986, 0.23002900174, 0.038389402977]
    ],
    [
      [0.36042175723, 0.0083850494741, 0.58920718454, 0.017022622607, 0.024963386139],
      [0.13040597276, 0.12706569475, 0.43591159596, 0.22699236267, 0.07962437386]
    ],
    [
      [0.42380462672, 0.021222435555, 0.49810941532, 0.017676283766, 0.039187238635],
      [0.12793378066, 0.26540478561, 0.30994920216, 0.19414461453, 0.10256761704]
    ],
    [
      [0.33709925903, 0.011380029632, 0.590159752, 0.028639384798, 0.032721574536],
      [0.09735156852, 0.15080425451, 0.36344529693, 0.30555600657, 0.082842873472]
    ],
    [
      [0.38384396938, 0.009116501247, 0.58260903351, 0.012964901444, 0.01146559442],
      [0.13710499098, 0.20243347094, 0.43313890848, 0.18735416253, 0.039968467072]
    ],
    [
      [0.44190983215, 0.0083531775864, 0.50040403069, 0.013415466625, 0.035917492952],
      [0.16785911831, 0.1325962649, 0.3923767674, 0.18808677571, 0.11908107369]
    ],
    [
      [0.64147341859, 0.012766435174, 0.25671880084, 0.01687073941, 0.072170605985],
      [0.055123184888, 0.074149949655, 0.31654003755, 0.27738373775, 0.27680309016]
    ],
    [
      [0.51200598312, 0.0085626299049, 0.44897493753, 0.0088043634318, 0.021652086016],
      [0.22629523403, 0.13245080192, 0.45165417724, 0.11418701069, 0.075412776116]
    ],
    [
      [0.43675033855, 0.0055355453989, 0.53008132858, 0.0096704875528, 0.017962299915],
      [0.20114862938, 0.10565653856, 0.47248061271, 0.15243102072, 0.068283198627]
    ],
    [
      [0.39088181363, 0.0071114238119, 0.57004066606, 0.014086060771, 0.01788003573],
      [0.16538180254, 0.11760510682, 0.45797986062, 0.19837966001, 0.060653570014]
    ],
    [
      [0.39881285336, 0.019755993692, 0.54370685134, 0.021327019413, 0.016397282195],
      [0.1201644728, 0.25517307177, 0.3432451331, 0.2378199008, 0.043597421516]
    ],
    [
      [0.34247142034, 0.0070452421612, 0.61989235976, 0.0097614176888, 0.02082956005],
      [0.14123265394, 0.13956879411, 0.49991127686, 0.12098298207, 0.098304293014]
    ],
    [
      [0.47477273813, 0.010881469164, 0.47701185726, 0.016178319856, 0.02115561559],
      [0.17854174323, 0.1629227933, 0.38007925853, 0.21054862074, 0.067907584199]
    ],
    [
      [0.29969944324, 0.018388115529, 0.62808703948, 0.026348489242, 0.02747691251],
      [0.086315419218, 0.22317817637, 0.35674319102, 0.27561251181, 0.058150701589]
    ],
    [
      [0.46489935985, 0.01243178464, 0.47366520658, 0.015007161024, 0.0339964879],
      [0.12527354933, 0.19379499547, 0.38967619412, 0.18800648698, 0.10324877411]
    ],
    [
      [0.49232432245, 0.01230943779, 0.44316726938, 0.029354984507, 0.022843985874],
      [0.20057386014, 0.16860328508, 0.24948168248, 0.34669454377, 0.03464662853]
    ],
    [
      [0.37333010603, 0.011921083825, 0.57203215726, 0.017029058896, 0.025687593985],
      [0.13267617353, 0.16572125754, 0.40837168437, 0.21451198306, 0.078718901501]
    ],
    [
      [0.4338328461, 0.011917642661, 0.49840455815, 0.027395188305, 0.028449764784],
      [0.13850535571, 0.15722643305, 0.32459786748, 0.29689525276, 0.082775090996]
    ],
    [
      [0.38485326645, 0.012137628366, 0.5616882852, 0.021203120333, 0.020117699657],
