{
  "X": [
    [15, 34, 40, 7, 4],
    [11, 32, 39, 7, 11],
    [17, 38, 30, 8, 7],
    [9, 34, 34, 15, 8],
    [16, 40, 30, 10, 4],
    [16, 32, 36, 9, 7],
    [19, 35, 32, 9, 5],
    [16, 31, 32, 15, 6],
    [15, 34, 35, 13, 3],
    [16, 30, 39, 9, 6],
    [13, 33, 41, 8, 5],
    [17, 34, 34, 11, 4],
    [22, 29, 33, 9, 7],
    [11, 34, 37, 12, 6],
    [17, 30, 33, 15, 5],
    [18, 28, 37, 11, 6],
    [17, 26, 43, 10, 4],
    [18, 34, 31, 11, 6],
    [17, 36, 35, 4, 8],
    [18, 38, 28, 14, 2],
    [19, 26, 38, 11, 6],
    [17, 27, 39, 11, 6],
    [17, 31, 33, 13, 6],
    [16, 29, 38, 12, 5],
    [21, 29, 32, 7, 11],
    [41, 11, 37, 7, 4],
    [50, 11, 32, 6, 1],
    [40, 19, 30, 9, 2],
    [52, 15, 26, 5, 2],
    [46, 14, 27, 11, 2],
    [46, 14, 33, 6, 1],
    [35, 13, 44, 8, 0],
    [50, 17, 23, 5, 5],
    [46, 11, 36, 4, 3],
    [53, 11, 26, 6, 4],
    [36, 16, 36, 8, 4],
    [41, 14, 32, 11, 2],
    [47, 14, 23, 11, 5],
    [42, 14, 30, 11, 3],
    [37, 13, 44, 4, 2],
    [48, 15, 29, 7, 1],
    [48, 9, 37, 4, 2],
    [43, 15, 30, 8, 4],
    [41, 17, 33, 6, 3],
    [41, 13, 37, 7, 2],
    [40, 14, 38, 5, 3],
    [47, 12, 31, 7, 3],
    [46, 18, 24, 9, 3],
    [44, 19, 31, 3, 3],
    [43, 18, 34, 4, 1]
  ],
  "W": [
    [67, 33],
    [87, 13],
    [70, 30],
    [80, 20],
    [76, 24],
    [83, 17],
    [72, 28],
    [78, 22],
    [74, 26],
    [73, 27],
    [77, 23],
    [73, 27],
    [65, 35],
    [77, 23],
    [71, 29],
    [67, 33],
    [73, 27],
    [70, 30],
    [74, 26],
    [75, 25],
    [72, 28],
    [73, 27],
    [70, 30],
    [77, 23],
    [75, 25],
    [23, 77],
    [26, 74],
    [29, 71],
    [25, 75],
    [24, 76],
    [23, 77],
    [28, 72],
    [27, 73],
    [24, 76],
    [24, 76],
    [33, 67],
    [26, 74],
    [24, 76],
    [26, 74],
    [25, 75],
    [30, 70],
    [24, 76],
    [22, 78],
    [26, 74],
    [34, 66],
    [27, 73],
    [28, 72],
    [27, 73],
    [27, 73],
    [19, 81]
  ],
  "method": "mvn_cdf",
  "mvncdf_method": "genz",
  "mvncdf_samples": 5000,
  "mvncdf_error": 1e-06,
  "cond_prob": [
    [
      [0.010173519688, 0.46564946804, 0.38835990289, 0.079517867375, 0.056299242001],
      [0.44905181335, 0.076417687106, 0.42299552341, 0.04602640573, 0.0055085704105]
    ],
    [
      [0.023732387296, 0.33954285805, 0.41177709391, 0.08930465941, 0.13564300134],
      [0.56068203283, 0.043142152157, 0.34839184304, 0.035269553251, 0.012514418722]
    ],
    [
      [0.014967143598, 0.52872701143, 0.29712970524, 0.073200584291, 0.085975555439],
      [0.53109624695, 0.082564912643, 0.32896450703, 0.0491196113, 0.0082547220761]
    ],
    [
      [0.007504614053, 0.40195824174, 0.33746246288, 0.15777353829, 0.095301143034],
      [0.41557018182, 0.068442937366, 0.41278925573, 0.093838688641, 0.00935893644]
    ],
    [
      [0.016230022832, 0.50013965754, 0.32550869824, 0.10951931434, 0.048602307059],
      [0.61043625793, 0.060971444527, 0.27474131576, 0.049966895154, 0.0038840866253]
    ],
    [
      [0.039221217432, 0.37270424946, 0.4025092466, 0.10501832075, 0.080546965755],
      [0.77294836335, 0.023461892936, 0.17684106509, 0.023771270914, 0.0029774077126]
    ],
    [
      [0.019510721371, 0.46865261633, 0.34248153964, 0.10605899653, 0.06329612613],
      [0.63908740614, 0.050762653959, 0.26726564562, 0.038556954691, 0.0043273395906]
    ],
    [
      [0.021217402763, 0.3891328273, 0.33890311794, 0.18101636491, 0.069730287081],
      [0.64936159894, 0.038417917283, 0.24914053314, 0.058725660801, 0.0043542898386]
    ],
    [
      [0.015026151033, 0.46735909029, 0.31556114428, 0.15514836016, 0.04690525423],
      [0.53464125186, 0.05673904599, 0.33790670542, 0.067139172408, 0.0035738243267]
    ],
    [
      [0.015413795587, 0.40891045663, 0.39904461369, 0.10323092413, 0.073400209954],
      [0.54326218556, 0.047210483306, 0.36205765516, 0.042045547361, 0.0054241286066]
    ],
    [
      [0.013817578129, 0.40878169057, 0.43101978371, 0.08660909955, 0.059771848038],
      [0.51099137183, 0.050992544457, 0.38679604731, 0.046446438969, 0.0047735974299]
    ],
    [
      [0.016395774897, 0.46415892706, 0.34489860766, 0.1229131591, 0.051633531288],
      [0.57126961502, 0.054843563306, 0.31621543407, 0.053574203571, 0.0040971840378]
    ],
    [
      [0.017562072848, 0.42359057481, 0.34865728703, 0.11005261931, 0.100137446],
      [0.59939602447, 0.049289369371, 0.29949674057, 0.044561964209, 0.0072559013775]
    ],
    [
      [0.0097340618761, 0.41945593224, 0.36895181182, 0.13067502147, 0.071183172596],
      [0.44058016082, 0.065673039817, 0.41551770551, 0.070525709251, 0.007703384604]
    ],
    [
      [0.015602322678, 0.42232587763, 0.31601648112, 0.17729258852, 0.06876273006],
      [0.55696984027, 0.04974243164, 0.30751291387, 0.080728447068, 0.0050463671497]
    ],
    [
      [0.013578267688, 0.40242298561, 0.37246034249, 0.13113944658, 0.080398957633],
      [0.52034591214, 0.051538789726, 0.36078005582, 0.060930051553, 0.0064051907634]
    ],
    [
      [0.019379366588, 0.37699676202, 0.44186216087, 0.10772577343, 0.054035937089],
      [0.57694191133, 0.035108667444, 0.3443919318, 0.040186672898, 0.0033708165211]
    ],
    [
      [0.014516015731, 0.46363760818, 0.31758578042, 0.12781059681, 0.076449998853],
      [0.56930053882, 0.060905804034, 0.30552000144, 0.058161272364, 0.0061123833386]
    ],
    [
      [0.018846014024, 0.45930209861, 0.37258496588, 0.047943775798, 0.10132314569],
      [0.59860823926, 0.053705275875, 0.31661316695, 0.023830479237, 0.0072428386834]
    ],
    [
      [0.018169990635, 0.52658184425, 0.30388131336, 0.11212944174, 0.039237410018],
      [0.68124537394, 0.046785155795, 0.21373340444, 0.055940346914, 0.0022957189049]
    ],
    [
      [0.022179458319, 0.35343756343, 0.41409094588, 0.13435615762, 0.075935874751],
      [0.62492907683, 0.033112479159, 0.29396918045, 0.043367041257, 0.004622222307]
    ],
    [
      [0.018309415311, 0.36523353706, 0.41407052341, 0.12789726695, 0.074489257276],
      [0.58306781669, 0.039149535792, 0.32534217939, 0.047585094024, 0.0048553741083]
    ],
    [
      [0.013686266627, 0.42613502846, 0.33192686539, 0.15582981493, 0.072422024592],
      [0.5306844946, 0.057201806478, 0.33346138881, 0.072132407304, 0.0065199028]
    ],
    [
      [0.021215899197, 0.36659384596, 0.40051870526, 0.15105258604, 0.060618963551],
      [0.6247631393, 0.036326127141, 0.28941702521, 0.045817621649, 0.0036760867059]
    ],
    [
      [0.014512813894, 0.42722050432, 0.35003434472, 0.11049616914, 0.097736167927],
      [0.65714816989, 0.04011454593, 0.27089444323, 0.021410639899, 0.010432201055]
    ],
    [
      [0.014659442611, 0.341612471, 0.39034393044, 0.12074131239, 0.13264284355],
      [0.53587693337, 0.042303159632, 0.3612340561, 0.050692170645, 0.0098936802505]
    ],
    [
      [0.029055882574, 0.35653321389, 0.45073820605, 0.1246440516, 0.039028645881],
      [0.66675972387, 0.02878540139, 0.26760915161, 0.034745642167, 0.0021000809625]
    ],
    [
      [0.01419583817, 0.49723292302, 0.29697166015, 0.13989070748, 0.051708871184],
      [0.56170200861, 0.066932607883, 0.30055368011, 0.066192878081, 0.0046188253189]
    ],
    [
      [0.025948418439, 0.46253829893, 0.35218220746, 0.10036778103, 0.058963294154],
      [0.68350717247, 0.041969788494, 0.24044993274, 0.03077019688, 0.0033029094138]
    ],
    [
      [0.017707243938, 0.40653413244, 0.29861900842, 0.2188235863, 0.058316028892],
      [0.59666680925, 0.049139554827, 0.26044996225, 0.089457070237, 0.0042866034402]
    ],
    [
      [0.01927593518, 0.44211410385, 0.38949974044, 0.10909253344, 0.04001768708],
      [0.59532908196, 0.047609577362, 0.31336562384, 0.040958074908, 0.00273764193]
    ],
    [
      [0.011389080299, 0.38999917371, 0.39245089328, 0.19229610806, 0.013864744646],
      [0.40136316141, 0.024894013716, 0.54644660742, 0.026585998171, 0.00071021928566]
    ],
    [
