{
  "X": [
    [5, 20, 36, 21, 18],
    [7, 25, 36, 22, 10],
    [5, 23, 40, 22, 10],
    [5, 27, 38, 20, 10],
    [1, 22, 44, 20, 13],
    [8, 25, 39, 18, 10],
    [2, 29, 40, 12, 17],
    [8, 27, 38, 20, 7],
    [6, 27, 34, 22, 11],
    [6, 28, 36, 23, 7],
    [4, 23, 36, 24, 13],
    [6, 31, 37, 11, 15],
    [3, 29, 38, 18, 12],
    [5, 23, 36, 23, 13],
    [9, 25, 44, 11, 11],
    [7, 21, 40, 17, 15],
    [4, 29, 38, 15, 14],
    [3, 26, 50, 9, 12],
    [2, 22, 38, 21, 17],
    [10, 33, 32, 11, 14],
    [6, 28, 35, 20, 11],
    [6, 24, 32, 21, 17],
    [6, 21, 39, 19, 15],
    [4, 26, 40, 21, 9],
    [5, 18, 47, 13, 17],
    [17, 20, 16, 34, 13],
    [15, 20, 20, 29, 16],
    [12, 21, 24, 35, 8],
    [13, 19, 18, 39, 11],
    [9, 29, 28, 28, 6],
    [12, 23, 23, 29, 13],
    [8, 29, 19, 33, 11],
    [14, 21, 17, 40, 8],
    [18, 16, 21, 34, 11],
    [8, 22, 22, 33, 15],
    [11, 16, 27, 38, 8],
    [7, 16, 32, 32, 13],
    [7, 20, 22, 36, 15],
    [7, 16, 32, 31, 14],
    [7, 18, 31, 30, 14],
    [8, 23, 26, 34, 9],
    [11, 14, 22, 43, 10],
    [15, 20, 22, 28, 15],
    [13, 26, 17, 36, 8],
    [14, 23, 27, 22, 14],
    [10, 19, 26, 33, 12],
    [9, 23, 16, 34, 18],
    [11, 22, 31, 28, 8],
    [10, 17, 26, 37, 10],
    [12, 21, 26, 33, 8]
  ],
  "W": [
    [73, 27],
    [74, 26],
    [74, 26],
    [74, 26],
    [77, 23],
    [67, 33],
    [78, 22],
    [75, 25],
    [81, 19],
    [75, 25],
    [73, 27],
    [79, 21],
    [78, 22],
    [73, 27],
    [82, 18],
    [65, 35],
    [81, 19],
    [78, 22],
    [69, 31],
    [76, 24],
    [75, 25],
    [71, 29],
    [76, 24],
    [79, 21],
    [76, 24],
    [25, 75],
    [24, 76],
    [32, 68],
    [22, 78],
    [30, 70],
    [25, 75],
    [26, 74],
    [24, 76],
    [24, 76],
    [30, 70],
    [26, 74],
    [30, 70],
    [23, 77],
    [22, 78],
    [29, 71],
    [29, 71],
    [21, 79],
    [19, 81],
    [24, 76],
    [28, 72],
    [21, 79],
    [20, 80],
    [27, 73],
    [25, 75],
    [15, 85]
  ],
  "method": "mvn_cdf",
  "mvncdf_method": "genz",
  "mvncdf_samples": 5000,
  "mvncdf_error": 1e-06,
  "cond_prob": [
    [
      [0.021978481544, 0.21033041836, 0.44872972612, 0.12336544393, 0.19559593005],
      [0.12348515569, 0.14701467568, 0.13604541486, 0.414108192, 0.17934656178]
    ],
    [
      [0.032698838721, 0.27745236869, 0.44338558728, 0.13861824693, 0.10784495838],
      [0.16368063605, 0.15434174184, 0.13995348541, 0.45558200995, 0.086442126743]
    ],
    [
      [0.021966174947, 0.25720364081, 0.48461239809, 0.1328321669, 0.10338561925],
      [0.11725780302, 0.156520551, 0.1649068461, 0.47243370335, 0.088881096529]
    ],
    [
      [0.021495583793, 0.29991355183, 0.45878076185, 0.11691268127, 0.10289742125],
      [0.11915559359, 0.18945210057, 0.16334089415, 0.43586808462, 0.09218332707]
    ],
    [
      [0.0094802679014, 0.23884875221, 0.51097017766, 0.11575445722, 0.124946345],
      [0.055533247839, 0.1615096122, 0.19782493393, 0.45926478948, 0.12586741656]
    ],
    [
      [0.029411318297, 0.28431449534, 0.49591537279, 0.094278204553, 0.096080609019],
      [0.17963124549, 0.19019248542, 0.17621260608, 0.35421173216, 0.099751930855]
    ],
    [
      [0.011740166496, 0.27395615346, 0.46172846779, 0.071932709745, 0.18064250251],
      [0.082660091357, 0.27639416864, 0.18824570286, 0.28774170389, 0.16495833325]
    ],
    [
      [0.038664186958, 0.29451189938, 0.46399751719, 0.12400248365, 0.078823912823],
      [0.20975000284, 0.15869630983, 0.14418753643, 0.41125974377, 0.076106407137]
    ],
    [
      [0.032201395234, 0.30627187897, 0.38173526471, 0.16746221033, 0.11232925075],
      [0.14185225597, 0.15459644286, 0.11100215919, 0.49628375056, 0.096265391427]
    ],
    [
      [0.032371553941, 0.30698549669, 0.42343752707, 0.15040913266, 0.086796289636],
      [0.13601991251, 0.17726272805, 0.13915788744, 0.47467079573, 0.072888676274]
    ],
    [
      [0.017861764418, 0.25679607598, 0.44872858315, 0.14366652993, 0.13294704651],
      [0.093277706342, 0.14952298111, 0.13508672242, 0.51075604178, 0.11135654834]
    ],
    [
      [0.024974028578, 0.33900612646, 0.41207185765, 0.075364114292, 0.14858387302],
      [0.17785853574, 0.22781715476, 0.172288553, 0.27552541402, 0.14651034248]
    ],
    [
      [0.015104010231, 0.32010770969, 0.4371973132, 0.10754958461, 0.12004138228],
      [0.086308110405, 0.20833286746, 0.1647502296, 0.42875139545, 0.11185739708]
    ],
    [
      [0.022136738878, 0.26607135183, 0.43735912115, 0.140508074, 0.13392471414],
      [0.10899806767, 0.14294848554, 0.14955402326, 0.48734273067, 0.11115669286]
    ],
    [
      [0.057733633928, 0.26318541204, 0.49869948895, 0.070150325416, 0.11023113966],
      [0.33314854662, 0.15391611482, 0.15976028717, 0.26244149851, 0.090733552877]
    ],
    [
      [0.023744783819, 0.23244843592, 0.51237207677, 0.083673457935, 0.14776124556],
      [0.14459645536, 0.1632962286, 0.20108233071, 0.341534779, 0.14949020632]
    ],
    [
      [0.018775485446, 0.31281661337, 0.4378118348, 0.096286385941, 0.13430968044],
      [0.11791757781, 0.20741657279, 0.16404003299, 0.37763331937, 0.13299249704]
    ],
    [
      [0.011752576576, 0.23919397567, 0.58811960775, 0.054869751759, 0.10606408824],
      [0.090785091301, 0.21151034524, 0.28221710144, 0.26102083953, 0.15446662248]
    ],
    [
      [0.010322012518, 0.23410827418, 0.45642447791, 0.13136103426, 0.16778420112],
      [0.062989530818, 0.15785111525, 0.14572493261, 0.46257595542, 0.1708584659]
    ],
    [
      [0.044610801734, 0.35863792039, 0.3931900263, 0.0603610875, 0.14320016408],
      [0.33265173355, 0.18671030695, 0.12097393153, 0.25000863191, 0.10965539605]
    ],
    [
      [0.028031123941, 0.3196464619, 0.4169574765, 0.12560107893, 0.10976385873],
      [0.14442970583, 0.18606839614, 0.14316076026, 0.42955968676, 0.096781451015]
    ],
    [
      [0.025524456973, 0.27025869915, 0.40232189412, 0.12325840357, 0.1786365462],
      [0.13236565766, 0.1575833549, 0.1392640043, 0.4232632009, 0.14752378224]
    ],
    [
      [0.027504381285, 0.23122850825, 0.4720646175, 0.11494841225, 0.15425408072],
      [0.14895725277, 0.14737171197, 0.15482472449, 0.41560064497, 0.1332456658]
    ],
    [
      [0.019557429651, 0.28325146949, 0.46589133888, 0.13734269476, 0.09395706722],
      [0.10286535792, 0.16534480819, 0.15813261504, 0.49089856129, 0.082758657549]
    ],
    [
      [0.014396981561, 0.20839577373, 0.51757904636, 0.070641898515, 0.18898629982],
      [0.10930510158, 0.14524238689, 0.24008927224, 0.3036264733, 0.20173676599]
    ],
    [
      [0.047571552051, 0.3163703519, 0.36913128099, 0.1146721679, 0.15225464715],
      [0.21830433324, 0.15874099063, 0.11464655585, 0.38759024271, 0.12071787757]
    ],
    [
      [0.034629463917, 0.3595104857, 0.34656596084, 0.094046375021, 0.16524771452],
      [0.19945476416, 0.17009339828, 0.14963235459, 0.32155696321, 0.15926251976]
    ],
    [
      [0.031366305388, 0.29362930247, 0.44371518298, 0.13546576363, 0.095823445534],
      [0.15868535509, 0.16674768934, 0.15160274292, 0.44501008734, 0.077954125307]
    ],
    [
      [0.030743944928, 0.28731327185, 0.40495854218, 0.14631428537, 0.13066995567],
      [0.15200780273, 0.16439323573, 0.12431193763, 0.45839780269, 0.10088922122]
    ],
    [
      [0.018178492391, 0.39076621766, 0.4621747579, 0.067043064234, 0.061837467817],
      [0.1084380568, 0.29724051343, 0.22058673224, 0.30365260689, 0.070082090645]
    ],
    [
      [0.025154332372, 0.30887583617, 0.44028738229, 0.091992992811, 0.13368945636],
      [0.14687986428, 0.2014180074, 0.16264099452, 0.36484873095, 0.12421240285]
    ],
    [
      [0.01834775343, 0.40150515762, 0.36271643216, 0.10864611819, 0.1087845386],
      [0.10032520078, 0.26671184626, 0.12517240923, 0.40307566512, 0.10471487862]
    ],
    [
      [0.045431564169, 0.31816096519, 0.374267177, 0.16397604144, 0.098164252208],
      [0.16465562441, 0.16803992659, 0.1046658634, 0.50220515676, 0.060433428837]
