{
  "X": [
    [35, 6, 24, 7, 28],
    [35, 7, 17, 12, 29],
    [30, 5, 15, 8, 42],
    [34, 7, 26, 12, 21],
    [26, 7, 34, 12, 21],
    [36, 6, 23, 10, 25],
    [33, 7, 15, 11, 34],
    [44, 3, 16, 13, 24],
    [23, 4, 18, 11, 44],
    [31, 7, 21, 13, 28],
    [22, 7, 23, 12, 36],
    [28, 5, 18, 11, 38],
    [27, 1, 18, 18, 36],
    [26, 4, 18, 15, 37],
    [35, 6, 21, 16, 22],
    [23, 4, 22, 10, 41],
    [35, 0, 21, 14, 30],
    [29, 4, 19, 16, 32],
    [34, 4, 16, 12, 34],
    [33, 8, 18, 9, 32],
    [24, 9, 18, 10, 39],
    [33, 10, 14, 5, 38],
    [25, 6, 18, 14, 37],
    [21, 6, 17, 16, 40],
    [29, 7, 23, 9, 32],
    [25, 13, 8, 24, 30],
    [16, 13, 17, 19, 35],
    [17, 15, 10, 23, 35],
    [30, 8, 18, 10, 34],
    [22, 9, 12, 22, 35],
    [19, 14, 8, 19, 40],
    [21, 10, 14, 22, 33],
    [18, 14, 7, 22, 39],
    [22, 10, 23, 20, 25],
    [25, 11, 9, 20, 35],
    [27, 16, 8, 11, 38],
    [27, 12, 12, 16, 33],
    [19, 15, 15, 19, 32],
    [14, 11, 22, 24, 29],
    [15, 14, 9, 23, 39],
    [19, 5, 13, 21, 42],
    [30, 8, 16, 16, 30],
    [24, 10, 19, 16, 31],
    [18, 14, 20, 13, 35],
    [14, 14, 19, 18, 35],
    [24, 9, 15, 19, 33],
    [17, 10, 12, 15, 46],
    [16, 16, 19, 21, 28],
    [22, 7, 15, 21, 35],
    [20, 13, 9, 29, 29]
  ],
  "W": [
    [77, 23],
    [78, 22],
    [74, 26],
    [76, 24],
    [79, 21],
    [80, 20],
    [74, 26],
    [78, 22],
    [75, 25],
    [75, 25],
    [68, 32],
    [76, 24],
    [72, 28],
    [80, 20],
    [73, 27],
    [74, 26],
    [80, 20],
    [74, 26],
    [74, 26],
    [72, 28],
    [69, 31],
    [75, 25],
    [72, 28],
    [68, 32],
    [76, 24],
    [26, 74],
    [23, 77],
    [23, 77],
    [28, 72],
    [18, 82],
    [17, 83],
    [28, 72],
    [20, 80],
    [27, 73],
    [28, 72],
    [31, 69],
    [22, 78],
    [29, 71],
    [17, 83],
    [22, 78],
    [27, 73],
    [24, 76],
    [37, 63],
    [26, 74],
    [25, 75],
    [29, 71],
    [26, 74],
    [26, 74],
    [30, 70],
    [22, 78]
  ],
  "method": "mvn_cdf",
  "mvncdf_method": "genz",
  "mvncdf_samples": 5000,
  "mvncdf_error": 1e-06,
  "cond_prob": [
    [
      [0.40215122693, 0.022739951246, 0.26033232922, 0.045898701843, 0.26887779076],
      [0.19448631635, 0.17025350891, 0.15009779775, 0.16538570312, 0.31977667386]
    ],
    [
      [0.4063722994, 0.032578981623, 0.18858885244, 0.080595114412, 0.29186475212],
      [0.17052790476, 0.20001123459, 0.093869021914, 0.24255590205, 0.29303593669]
    ],
    [
      [0.33722631339, 0.021078786382, 0.18028695652, 0.050802631393, 0.41060531232],
      [0.13925102185, 0.10974628536, 0.093703330721, 0.17855668353, 0.47874267854]
    ],
    [
      [0.37799829821, 0.023472092088, 0.32092547578, 0.080294645642, 0.19730948828],
      [0.16650658944, 0.17578600456, 0.15319104021, 0.29634169979, 0.20817466601]
    ],
    [
      [0.30851201676, 0.027079483365, 0.39742374729, 0.074512900535, 0.19247185205],
      [0.13066840825, 0.18669751058, 0.22008564536, 0.21700538399, 0.24554305182]
    ],
    [
      [0.39358760939, 0.024449297342, 0.25079197802, 0.06544440979, 0.26572670546],
      [0.17986095147, 0.17136844651, 0.13431429873, 0.21832908922, 0.29612721407]
    ],
    [
      [0.38809149056, 0.027642245069, 0.17922518588, 0.068606177693, 0.3364349008],
      [0.16771280369, 0.18238577465, 0.087006868266, 0.2091626449, 0.35373190848]
    ],
    [
      [0.51926910414, 0.012410124939, 0.17528501327, 0.07595957434, 0.21707618331],
      [0.24944911516, 0.096492603864, 0.099436156418, 0.26601536239, 0.28860676217]
    ],
    [
      [0.29020845231, 0.016696105175, 0.19131478354, 0.074576566928, 0.42720409205],
      [0.10177647804, 0.10873350196, 0.094030493803, 0.21348046998, 0.48197905622]
    ],
    [
      [0.35910279636, 0.028792401828, 0.24228873719, 0.08971748887, 0.28009857575],
      [0.15037791262, 0.18611181794, 0.11643911743, 0.25705975891, 0.2900113931]
    ],
    [
      [0.27328782295, 0.024436941479, 0.27717170197, 0.071684362365, 0.35341917124],
      [0.12050028995, 0.156015795, 0.13843597479, 0.21055358976, 0.3744943505]
    ],
    [
      [0.32444087791, 0.020498949613, 0.20511166327, 0.072573966249, 0.37737454296],
      [0.14488333342, 0.12872625391, 0.10310284642, 0.21944918742, 0.40383837882]
    ],
    [
      [0.3227953439, 0.0089661827739, 0.20591998151, 0.11902523948, 0.34329325234],
      [0.13110807177, 0.055984159443, 0.096677759313, 0.35817002677, 0.3580599827]
    ],
    [
      [0.29711438548, 0.019330768121, 0.20009018289, 0.11121210559, 0.37225255792],
      [0.11972253226, 0.11213654548, 0.090960361027, 0.32182676548, 0.35535379576]
    ],
    [
      [0.43013198428, 0.021074838466, 0.20393280907, 0.1090261281, 0.23583424008],
      [0.19962917634, 0.13443362245, 0.13082637922, 0.27174095004, 0.26336987195]
    ],
    [
      [0.2791708838, 0.01605558915, 0.24675556542, 0.063395335154, 0.39462262648],
      [0.12192057599, 0.10347775949, 0.12980458587, 0.19498189435, 0.4498151843]
    ],
    [
      [0.38888779992, 0.0073396681141, 0.22171968555, 0.095189759262, 0.28686308715],
      [0.17887872527, 0.046375540512, 0.11689291969, 0.29692661327, 0.36092620125]
    ],
    [
      [0.35071691182, 0.016250972817, 0.21098251451, 0.10377331696, 0.31827628389],
      [0.15270001575, 0.10218045377, 0.10321081372, 0.32677042414, 0.31513829261]
    ],
    [
      [0.39627179128, 0.015652556589, 0.17884742104, 0.074241661214, 0.33498656988],
      [0.18657677334, 0.10760650955, 0.10015393904, 0.22440520969, 0.38125756837]
    ],
    [
      [0.38780253962, 0.031674620608, 0.2014586496, 0.058412633779, 0.32065155639],
      [0.17946908552, 0.20139979232, 0.10773509229, 0.17251175031, 0.33888427956]
    ],
    [
      [0.28501167126, 0.034136192879, 0.21265234792, 0.066013750843, 0.4021860371],
      [0.12557102068, 0.21669261076, 0.099212172859, 0.16433044961, 0.3941937461]
    ],
    [
      [0.3438383126, 0.046315101515, 0.15731027209, 0.038864264786, 0.41367204901],
      [0.15322699629, 0.26448600097, 0.079434577317, 0.11468913465, 0.38816329078]
    ],
    [
      [0.2946454017, 0.023947655433, 0.21508896841, 0.09372003625, 0.37259793821],
      [0.12571612418, 0.14253361709, 0.098760106242, 0.26778611508, 0.36520403741]
    ],
    [
      [0.26747123257, 0.021883837006, 0.20226324242, 0.098076221656, 0.41030546634],
      [0.10783355822, 0.12789253058, 0.098040711317, 0.27203686685, 0.39419633303]
    ],
    [
      [0.32847532599, 0.028466151933, 0.25523851144, 0.059867111103, 0.32795289954],
      [0.14499649686, 0.19336689057, 0.13675689041, 0.18511944579, 0.33976027637]
    ],
    [
      [0.42596026709, 0.025812433666, 0.13912658372, 0.097713369291, 0.31138734624],
      [0.18602488426, 0.16536008934, 0.070575429919, 0.29302782785, 0.28501176864]
    ],
    [
      [0.28707536274, 0.02487025252, 0.27602434445, 0.073327687186, 0.3387023531],
      [0.12435245343, 0.15840237596, 0.13848898109, 0.2230060997, 0.35575008982]
    ],
    [
      [0.31943861301, 0.032596404048, 0.17884917785, 0.098763162304, 0.37035264279],
      [0.12474103233, 0.18604837607, 0.082746017233, 0.26810013109, 0.33836444327]
    ],
    [
      [0.47866442223, 0.013017828975, 0.21853962947, 0.032979278185, 0.25679884113],
      [0.27241541416, 0.10473261794, 0.1570282074, 0.13743334368, 0.32839041682]
    ],
    [
      [0.39614014246, 0.016242842314, 0.19384120336, 0.078140436356, 0.31563537552],
      [0.18340588745, 0.1106932662, 0.10017555217, 0.24881968731, 0.35690560687]
    ],
    [
      [0.38040225649, 0.027875020604, 0.15004458495, 0.073307626895, 0.36837051106],
      [0.15761582579, 0.16503984473, 0.073980646119, 0.18133436018, 0.42202932317]
    ],
    [
      [0.35158907378, 0.020079163242, 0.21685912725, 0.091975256475, 0.31949737925],
      [0.15146030353, 0.12804540359, 0.107661149, 0.26994614399, 0.34288699988]
    ],
    [
      [0.32529786102, 0.027096245863, 0.15231344232, 0.085242411666, 0.41005003913],
