{
  "X": [
    [80, 20],
    [80, 20],
    [81, 19],
    [78, 22],
    [81, 19],
    [86, 14],
    [85, 15],
    [82, 18],
    [80, 20],
    [78, 22],
    [78, 22],
    [81, 19],
    [80, 20],
    [74, 26],
    [81, 19],
    [81, 19],
    [75, 25],
    [63, 37],
    [64, 36],
    [70, 30],
    [66, 34],
    [69, 31],
    [68, 32],
    [70, 30],
    [67, 33],
    [72, 28],
    [71, 29],
    [77, 23],
    [72, 28],
    [66, 34],
    [72, 28],
    [77, 23],
    [69, 31],
    [60, 40],
    [61, 39],
    [67, 33],
    [60, 40],
    [63, 37],
    [65, 35],
    [57, 43],
    [55, 45],
    [56, 44],
    [67, 33],
    [62, 38],
    [61, 39],
    [61, 39],
    [58, 42],
    [67, 33],
    [55, 45],
    [63, 37]
  ],
  "W": [
    [64, 19, 17],
    [70, 16, 14],
    [60, 16, 24],
    [67, 14, 19],
    [67, 19, 14],
    [67, 18, 15],
    [68, 18, 14],
    [63, 20, 17],
    [58, 19, 23],
    [67, 12, 21],
    [65, 14, 21],
    [70, 16, 14],
    [58, 21, 21],
    [62, 16, 22],
    [74, 11, 15],
    [70, 17, 13],
    [52, 34, 14],
    [16, 66, 18],
    [19, 67, 14],
    [15, 67, 18],
    [17, 74, 9],
    [14, 74, 12],
    [22, 61, 17],
    [18, 65, 17],
    [14, 60, 26],
    [13, 73, 14],
    [19, 59, 22],
    [15, 64, 21],
    [15, 56, 29],
    [18, 56, 26],
    [20, 67, 13],
    [19, 68, 13],
    [15, 71, 14],
    [13, 36, 51],
    [15, 19, 66],
    [18, 9, 73],
    [13, 24, 63],
    [23, 13, 64],
    [18, 16, 66],
    [19, 14, 67],
    [13, 16, 71],
    [16, 20, 64],
    [18, 18, 64],
    [14, 28, 58],
    [16, 16, 68],
    [18, 22, 60],
    [16, 22, 62],
    [24, 18, 58],
    [17, 13, 70],
    [25, 15, 60]
  ],
  "method": "mult",
  "cond_prob": [
    [
      [0.91165938025, 0.088340619748],
      [0.68808690974, 0.31191309026],
      [0.50471461051, 0.49528538949]
    ],
    [
      [0.89736186682, 0.10263813318],
      [0.66018346806, 0.33981653194],
      [0.47298098812, 0.52701901188]
    ],
    [
      [0.93287481306, 0.067125186939],
      [0.72999942325, 0.27000057675],
      [0.55614668518, 0.44385331482]
    ],
    [
      [0.89429820749, 0.10570179251],
      [0.65608424245, 0.34391575755],
      [0.46825477387, 0.53174522613]
    ],
    [
      [0.91009044022, 0.089909559778],
      [0.68485624202, 0.31514375798],
      [0.50083370762, 0.49916629238]
    ],
    [
      [0.94531634306, 0.054683656937],
      [0.76246061617, 0.23753938383],
      [0.59596759492, 0.40403240508]
    ],
    [
      [0.93647471508, 0.063525284916],
      [0.7417333437, 0.2582666563],
      [0.56917994197, 0.43082005803]
    ],
    [
      [0.92696711326, 0.073032886743],
      [0.71951945854, 0.28048054146],
      [0.54180486435, 0.45819513565]
    ],
    [
      [0.92783717108, 0.072162828919],
      [0.72024901439, 0.27975098561],
      [0.54350925235, 0.45649074765]
    ],
    [
      [0.89709821244, 0.10290178756],
      [0.66149608475, 0.33850391525],
      [0.47411746425, 0.52588253575]
    ],
    [
      [0.90064139511, 0.09935860489],
      [0.66777617234, 0.33222382766],
      [0.4814020431, 0.5185979569]
    ],
    [
      [0.9050425821, 0.094957417904],
      [0.67479497232, 0.32520502768],
      [0.48930712115, 0.51069287885]
    ],
    [
      [0.92543634526, 0.074563654738],
      [0.71585130417, 0.28414869583],
      [0.53770545653, 0.46229454347]
    ],
    [
      [0.87668041418, 0.12331958582],
      [0.62731272187, 0.37268727813],
      [0.43676412595, 0.56323587405]
    ],
    [
      [0.89929228782, 0.10070771218],
      [0.66381692111, 0.33618307889],
      [0.4766923046, 0.5233076954]
    ],
    [
      [0.90366294479, 0.096337055213],
      [0.67198515816, 0.32801484184],
      [0.48614201356, 0.51385798644]
    ],
    [
      [0.89249342597, 0.10750657403],
      [0.64990503576, 0.35009496424],
      [0.46382647384, 0.53617352616]
    ],
    [
      [0.88424740758, 0.11575259242],
      [0.62123382215, 0.37876617785],
      [0.43614495647, 0.56385504353]
    ],
    [
      [0.88152241483, 0.11847758517],
      [0.61526140922, 0.38473859078],
      [0.43061140719, 0.56938859281]
    ],
    [
      [0.91493366123, 0.08506633877],
      [0.70049755928, 0.29950244072],
      [0.51903658942, 0.48096341058]
    ],
    [
      [0.88905761068, 0.11094238932],
      [0.63321379259, 0.36678620741],
      [0.44757777405, 0.55242222595]
    ],
    [
      [0.90750002016, 0.09249997984],
      [0.68020993914, 0.31979006086],
      [0.49662201843, 0.50337798157]
    ],
    [
      [0.8989840626, 0.1010159374],
      [0.65846455927, 0.34153544073],
      [0.47388308868, 0.52611691132]
    ],
    [
      [0.91165883874, 0.08834116126],
      [0.69138871033, 0.30861128967],
      [0.50881616066, 0.49118383934]
    ],
    [
      [0.90972196883, 0.090278031174],
      [0.68626136709, 0.31373863291],
      [0.50339270812, 0.49660729188]
    ],
    [
      [0.92135610791, 0.078643892094],
      [0.71866159671, 0.28133840329],
      [0.54000528837, 0.45999471163]
    ],
    [
      [0.91853006132, 0.081469938684],
      [0.71009040118, 0.28990959882],
      [0.52966341662, 0.47033658338]
    ],
    [
      [0.94190931222, 0.058090687781],
      [0.78040920965, 0.21959079035],
      [0.61548432852, 0.38451567148]
    ],
    [
      [0.92961333715, 0.07038666285],
      [0.742438343, 0.257561657],
      [0.5682500943, 0.4317499057]
    ],
    [
      [0.90177406485, 0.098225935151],
      [0.66541163903, 0.33458836097],
      [0.48096211719, 0.51903788281]
    ],
    [
      [0.91513746839, 0.084862531612],
      [0.7007404271, 0.2992595729],
      [0.51904938588, 0.48095061412]
    ],
    [
      [0.93522514961, 0.064774850387],
      [0.75871819145, 0.24128180855],
      [0.58752962607, 0.41247037393]
    ],
    [
      [0.90806581143, 0.091934188573],
      [0.68172923225, 0.31827076775],
      [0.49830266706, 0.50169733294]
    ],
    [
      [0.9011263049, 0.098873695098],
      [0.66418035823, 0.33581964177],
      [0.47793853216, 0.52206146784]
    ],
    [
      [0.91359340812, 0.086406591883],
      [0.6962314758, 0.3037685242],
      [0.51617728542, 0.48382271458]
    ],
    [
      [0.93555611228, 0.064443887721],
      [0.75388093227, 0.24611906773],
      [0.59417892587, 0.40582107413]
    ],
    [
      [0.90957885309, 0.090421146906],
      [0.68602256479, 0.31397743521],
      [0.50334814849, 0.49665185151]
    ],
    [
      [0.91341653876, 0.086583461238],
      [0.69495094679, 0.30504905321],
      [0.51495402032, 0.48504597968]
    ],
    [
      [0.92555908714, 0.074440912859],
      [0.72674747317, 0.27325252683],
      [0.55624207365, 0.44375792635]
    ],
    [
      [0.89501456163, 0.10498543837],
      [0.65190699946, 0.34809300054],
      [0.46071679607, 0.53928320393]
    ],
    [
      [0.89624687643, 0.10375312357],
      [0.65324301697, 0.34675698303],
      [0.4633366526, 0.5366633474]
    ],
    [
      [0.89166527111, 0.10833472889],
      [0.64302580435, 0.35697419565],
      [0.45113811837, 0.54886188163]
    ],
    [
      [0.93116249491, 0.068837505087],
      [0.74195538391, 0.25804461609],
      [0.57631059658, 0.42368940342]
    ],
    [
      [0.91278480869, 0.087215191315],
      [0.69431037494, 0.30568962506],
      [0.51345383069, 0.48654616931]
    ],
    [
      [0.91411851652, 0.085881483484],
      [0.69745630992, 0.30254369008],
      [0.51786474672, 0.48213525328]
    ],
    [
      [0.90697928119, 0.093020718806],
      [0.6795993679, 0.3204006321],
      [0.49538644741, 0.50461355259]
    ],
    [
      [0.89837761638, 0.10162238362],
      [0.65861959686, 0.34138040314],
      [0.46994075818, 0.53005924182]
    ],
    [
      [0.92429883851, 0.075701161492],
      [0.72116436275, 0.27883563725],
      [0.54889429907, 0.45110570093]
    ],
    [
      [0.89124917282, 0.10875082718],
      [0.64280983582, 0.35719016418],
      [0.44988908852, 0.55011091148]
    ],
    [
      [0.90864210966, 0.091357890339],
      [0.68376363928, 0.31623636072],
      [0.50045821115, 0.49954178885]
    ]
  ],