{
  "X": [
    [65, 35],
    [56, 44],
    [58, 42],
    [53, 47],
    [61, 39],
    [59, 41],
    [66, 34],
    [66, 34],
    [56, 44],
    [58, 42],
    [57, 43],
    [60, 40],
    [56, 44],
    [66, 34],
    [56, 44],
    [63, 37],
    [50, 50],
    [18, 82],
    [19, 81],
    [18, 82],
    [30, 70],
    [27, 73],
    [19, 81],
    [31, 69],
    [20, 80],
    [15, 85],
    [19, 81],
    [22, 78],
    [21, 79],
    [18, 82],
    [16, 84],
    [22, 78],
    [22, 78],
    [38, 62],
    [45, 55],
    [36, 64],
    [42, 58],
    [37, 63],
    [39, 61],
    [32, 68],
    [47, 53],
    [44, 56],
    [46, 54],
    [37, 63],
    [43, 57],
    [42, 58],
    [45, 55],
    [46, 54],
    [45, 55],
    [38, 62]
  ],
  "W": [
    [66, 18, 16],
    [60, 19, 21],
    [62, 19, 19],
    [64, 19, 17],
    [72, 13, 15],
    [70, 16, 14],
    [70, 12, 18],
    [59, 16, 25],
    [65, 17, 18],
    [66, 19, 15],
    [64, 19, 17],
    [61, 21, 18],
    [61, 14, 25],
    [71, 13, 16],
    [64, 17, 19],
    [66, 15, 19],
    [51, 41, 8],
    [20, 71, 9],
    [21, 68, 11],
    [12, 77, 11],
    [22, 62, 16],
    [22, 67, 11],
    [17, 70, 13],
    [25, 59, 16],
    [19, 67, 14],
    [13, 70, 17],
    [11, 67, 22],
    [19, 68, 13],
    [14, 67, 19],
    [19, 66, 15],
    [15, 76, 9],
    [18, 66, 16],
    [18, 68, 14],
    [11, 33, 56],
    [21, 17, 62],
    [15, 13, 72],
    [18, 11, 71],
    [15, 11, 74],
    [17, 17, 66],
    [17, 18, 65],
    [15, 12, 73],
    [16, 7, 77],
    [16, 15, 69],
    [19, 16, 65],
    [20, 15, 65],
    [16, 20, 64],
    [20, 14, 66],
    [18, 13, 69],
    [22, 19, 59],
    [14, 19, 67]
  ],
  "method": "mult",
  "cond_prob": [
    [
      [0.86238730379, 0.13761269621],
      [0.034167321905, 0.96583267809],
      [0.46671413473, 0.53328586527]
    ],
    [
      [0.78957501765, 0.21042498235],
      [0.01887149896, 0.98112850104],
      [0.39366383145, 0.60633616855]
    ],
    [
      [0.80385080965, 0.19614919035],
      [0.021891311357, 0.97810868864],
      [0.40764815188, 0.59235184812]
    ],
    [
      [0.73411603191, 0.26588396809],
      [0.008572943778, 0.99142705622],
      [0.34433458975, 0.65566541025]
    ],
    [
      [0.76692404568, 0.23307595432],
      [0.016463570421, 0.98353642958],
      [0.37116281971, 0.62883718029]
    ],
    [
      [0.76511034856, 0.23488965144],
      [0.015436158633, 0.98456384137],
      [0.37109264732, 0.62890735268]
    ],
    [
      [0.82729827867, 0.17270172133],
      [0.025332197717, 0.97466780228],
      [0.43250745112, 0.56749254888]
    ],
    [
      [0.89189906976, 0.10810093024],
      [0.04108303607, 0.95891696393],
      [0.50882505228, 0.49117494772]
    ],
    [
      [0.75731586554, 0.24268413446],
      [0.0135529702, 0.9864470298],
      [0.36355934702, 0.63644065298]
    ],
    [
      [0.78494641968, 0.21505358032],
      [0.018122789258, 0.98187721074],
      [0.38994688703, 0.61005311297]
    ],
    [
      [0.78249172652, 0.21750827348],
      [0.017570041502, 0.9824299585],
      [0.38745286555, 0.61254713445]
    ],
    [
      [0.84165917374, 0.15834082626],
      [0.031053033085, 0.96894696691],
      [0.44481537262, 0.55518462738]
    ],
    [
      [0.76418733881, 0.23581266119],
      [0.01534569267, 0.98465430733],
      [0.3667893054, 0.6332106946]
    ],
    [
      [0.8275232921, 0.1724767079],
      [0.025492318452, 0.97450768155],
      [0.43215288258, 0.56784711742]
    ],
    [
      [0.76207222773, 0.23792777227],
      [0.014285361196, 0.9857146388],
      [0.36760664657, 0.63239335343]
    ],
    [
      [0.82510591238, 0.17489408762],
      [0.025576257496, 0.9744237425],
      [0.42944031161, 0.57055968839]
    ],
    [
      [0.86550347985, 0.13449652015],
      [0.052995639321, 0.94700436068],
      [0.46081266445, 0.53918733555]
    ],
    [
      [0.73903873748, 0.26096126252],
      [0, 1],
      [0.35769169448, 0.64230830552]
    ],
    [
      [0.72122487668, 0.27877512332],
      [0, 1],
      [0.3503888718, 0.6496111282]
    ],
    [
      [0.83328631412, 0.16671368588],
      [0.039310668381, 0.96068933162],
      [0.4521493423, 0.5478506577]
    ],
    [
      [0.84940537698, 0.15059462302],
      [0.060495196862, 0.93950480314],
      [0.47264871882, 0.52735128118]
    ],
    [
      [0.84043119521, 0.15956880479],
      [0.051850155881, 0.94814984412],
      [0.4578684783, 0.5421315217]
    ],
    [
      [0.78830293405, 0.21169706595],
      [0.0083430883495, 0.99165691165],
      [0.38575645667, 0.61424354333]
    ],
    [
      [0.83683096329, 0.16316903671],
      [0.048275894663, 0.95172410534],
      [0.45193425829, 0.54806574171]
    ],
    [
      [0.77663618209, 0.22336381791],
      [0.00065898241369, 0.99934101759],
      [0.3714114799, 0.6285885201]
    ],
    [
      [0.75493395744, 0.24506604256],
      [0, 1],
      [0.30505050314, 0.69494949686]
    ],
    [
      [0.80333905122, 0.19666094878],
      [0.0185328954, 0.9814671046],
      [0.40552574749, 0.59447425251]
    ],
    [
      [0.80494310034, 0.19505689966],
      [0.020406974202, 0.9795930258],
      [0.40910821906, 0.59089178094]
    ],
    [
      [0.81180752248, 0.18819247752],
      [0.02494881892, 0.97505118108],
      [0.41911177988, 0.58088822012]
    ],
    [
      [0.68479825143, 0.31520174857],
      [0, 1],
      [0.33258888152, 0.66741111848]
    ],
    [
      [0.78925822046, 0.21074177954],
      [0.009018172693, 0.99098182731],
      [0.38619395205, 0.61380604795]
    ],
    [
      [0.80068006003, 0.19931993997],
      [0.01725461639, 0.98274538361],
      [0.40305963985, 0.59694036015]
    ],
    [
      [0.80942301119, 0.19057698881],
      [0.023752916944, 0.97624708306],
      [0.41537053189, 0.58462946811]
    ],
    [
      [0.8438722754, 0.1561277246],
      [0.039566135063, 0.96043386494],
      [0.48949504489, 0.51050495511]
    ],
    [
      [0.82131255144, 0.17868744856],
      [0.026105430891, 0.97389456911],
      [0.44046200153, 0.55953799847]
    ],
    [
      [0.75985345566, 0.24014654434],
      [0.014861382479, 0.98513861752],
      [0.33901389157, 0.66098610843]
    ],
    [
      [0.79123089378, 0.20876910622],
      [0.019679455516, 0.98032054448],
      [0.38790661833, 0.61209338167]
    ],
    [
      [0.76226079241, 0.23773920759],
      [0.015679120585, 0.98432087941],
      [0.34315699713, 0.65684300287]
    ],
    [
      [0.78867513988, 0.21132486012],
      [0.018570058681, 0.98142994132],
      [0.38298229734, 0.61701770266]
    ],
    [
      [0.73175445923, 0.26824554077],
      [0.0085073421952, 0.9914926578],
      [0.29856987744, 0.70143012256]
    ],
    [
      [0.83500941495, 0.16499058505],
      [0.028072518448, 0.97192748155],
      [0.46764367883, 0.53235632117]
    ],
    [
      [0.80028117195, 0.19971882805],
      [0.021224441823, 0.97877555818],
      [0.40320688514, 0.59679311486]
    ],
    [
      [0.83443807135, 0.16556192865],
      [0.028744184505, 0.9712558155],
      [0.46692504479, 0.53307495521]
    ],
    [
      [0.76282074841, 0.23717925159],
      [0.013981367276, 0.98601863272],
      [0.34281082929, 0.65718917071]
    ],
    [
      [0.80386334194, 0.19613665806],
      [0.021810997785, 0.97818900222],
      [0.40916258761, 0.59083741239]
    ],
    [
      [0.82187706308, 0.17812293692],
      [0.026589603368, 0.97341039663],
      [0.44247148318, 0.55752851682]
    ],
    [
      [0.81534368575, 0.18465631425],
      [0.024203274398, 0.9757967256],
      [0.42961030975, 0.57038969025]
    ],
    [
      [0.82442501479, 0.17557498521],
      [0.025993870384, 0.97400612962],
      [0.44670187563, 0.55329812437]
    ],
    [
      [0.82466576987, 0.17533423013],
      [0.027528129028, 0.97247187097],
      [0.44634438324, 0.55365561676]
    ],
    [
      [0.79608646193, 0.20391353807],
      [0.019969438571, 0.98003056143],
      [0.39515477911, 0.60484522089]
    ]
  ],