{
  "X": [
    [62, 38],
    [58, 42],
    [66, 34],
    [70, 30],
    [63, 37],
    [61, 39],
    [62, 38],
    [65, 35],
    [61, 39],
    [63, 37],
    [61, 39],
    [65, 35],
    [58, 42],
    [50, 50],
    [59, 41],
    [58, 42],
    [50, 50],
    [26, 74],
    [24, 76],
    [32, 68],
    [30, 70],
    [26, 74],
    [31, 69],
    [20, 80],
    [33, 67],
    [29, 71],
    [25, 75],
    [20, 80],
    [29, 71],
    [33, 67],
    [27, 73],
    [35, 65],
    [31, 69],
    [44, 56],
    [48, 52],
    [57, 43],
    [57, 43],
    [58, 42],
    [50, 50],
    [48, 52],
    [55, 45],
    [53, 47],
    [54, 46],
    [65, 35],
    [61, 39],
    [54, 46],
    [61, 39],
    [56, 44],
    [56, 44],
    [62, 38]
  ],
  "W": [
    [75, 13, 12],
    [68, 17, 15],
    [63, 20, 17],
    [74, 17, 9],
    [65, 16, 19],
    [68, 13, 19],
    [61, 12, 27],
    [66, 23, 11],
    [68, 13, 19],
    [69, 14, 17],
    [74, 12, 14],
    [69, 11, 20],
    [58, 21, 21],
    [64, 19, 17],
    [60, 15, 25],
    [68, 17, 15],
    [47, 34, 19],
    [13, 71, 16],
    [18, 65, 17],
    [18, 68, 14],
    [10, 68, 22],
    [21, 66, 13],
    [14, 63, 23],
    [14, 74, 12],
    [18, 63, 19],
    [17, 68, 15],
    [16, 64, 20],
    [13, 77, 10],
    [14, 71, 15],
    [22, 56, 22],
    [16, 70, 14],
    [13, 70, 17],
    [18, 61, 21],
    [18, 32, 50],
    [12, 16, 72],
    [20, 14, 66],
    [20, 16, 64],
    [21, 16, 63],
    [14, 20, 66],
    [25, 17, 58],
    [20, 16, 64],
    [17, 23, 60],
    [8, 27, 65],
    [22, 8, 70],
    [15, 13, 72],
    [18, 16, 66],
    [16, 19, 65],
    [14, 17, 69],
    [16, 18, 66],
    [19, 17, 64]
  ],
  "method": "mult",
  "cond_prob": [
    [
      [0.71446948445, 0.28553051555],
      [0.079943352958, 0.92005664704],
      [0.61462708979, 0.38537291021]
    ],
    [
      [0.70106690146, 0.29893309854],
      [0.075349216794, 0.92465078321],
      [0.60310093436, 0.39689906564]
    ],
    [
      [0.81712638407, 0.18287361593],
      [0.12316751918, 0.87683248082],
      [0.70927573057, 0.29072426943]
    ],
    [
      [0.82900210765, 0.17099789235],
      [0.12809338084, 0.87190661916],
      [0.71958406218, 0.28041593782]
    ],
    [
      [0.75502533226, 0.24497466774],
      [0.094532390838, 0.90546760916],
      [0.65320184999, 0.34679815001]
    ],
    [
      [0.71124730422, 0.28875269578],
      [0.078848738658, 0.92115126134],
      [0.61106051107, 0.38893948893]
    ],
    [
      [0.72423279229, 0.27576720771],
      [0.083120653741, 0.91687934626],
      [0.62312414167, 0.37687585833]
    ],
    [
      [0.82256484058, 0.17743515942],
      [0.12640185199, 0.87359814801],
      [0.70940708418, 0.29059291582]
    ],
    [
      [0.71124730422, 0.28875269578],
      [0.078848738658, 0.92115126134],
      [0.61106051107, 0.38893948893]
    ],
    [
      [0.73818642491, 0.26181357509],
      [0.088066113858, 0.91193388614],
      [0.63718888748, 0.36281111252]
    ],
    [
      [0.69879271631, 0.30120728369],
      [0.075028748229, 0.92497125177],
      [0.59921385818, 0.40078614182]
    ],
    [
      [0.74196194896, 0.25803805104],
      [0.089382974407, 0.91061702559],
      [0.64107064015, 0.35892935985]
    ],
    [
      [0.73759595557, 0.26240404443],
      [0.088042060556, 0.91195793944],
      [0.63669291929, 0.36330708071]
    ],
    [
      [0.62404024026, 0.37595975974],
      [0.052069273176, 0.94793072682],
      [0.53365343725, 0.46634656275]
    ],
    [
      [0.70987662492, 0.29012337508],
      [0.078168532124, 0.92183146788],
      [0.60939498092, 0.39060501908]
    ],
    [
      [0.70106690146, 0.29893309854],
      [0.075349216794, 0.92465078321],
      [0.60310093436, 0.39689906564]
    ],
    [
      [0.74040526489, 0.25959473511],
      [0.089779431921, 0.91022056808],
      [0.63939220341, 0.36060779659]
    ],
    [
      [0.73841616512, 0.26158383488],
      [0.08723056715, 0.91276943285],
      [0.63795122412, 0.36204877588]
    ],
    [
      [0.66889087081, 0.33110912919],
      [0.037738350011, 0.96226164999],
      [0.55923362204, 0.44076637796]
    ],
    [
      [0.77744738945, 0.22255261055],
      [0.12414685889, 0.87585314111],
      [0.68314004179, 0.31685995821]
    ],
    [
      [0.7645142276, 0.2354857724],
      [0.11151776758, 0.88848223242],
      [0.67143861493, 0.32856138507]
    ],
    [
      [0.69632838693, 0.30367161307],
      [0.055776134629, 0.94422386537],
      [0.59199069145, 0.40800930855]
    ],
    [
      [0.74298657174, 0.25701342826],
      [0.091932390724, 0.90806760928],
      [0.64375858174, 0.35624141826]
    ],
    [
      [0.68200451261, 0.31799548739],
      [0.048249671192, 0.95175032881],
      [0.57345509627, 0.42654490373]
    ],
    [
      [0.75931072731, 0.24068927269],
      [0.10696572746, 0.89303427254],
      [0.66281926729, 0.33718073271]
    ],
    [
      [0.74823826923, 0.25176173077],
      [0.096148597757, 0.90385140224],
      [0.64945631838, 0.35054368162]
    ],
    [
      [0.67862919677, 0.32137080323],
      [0.043482180934, 0.95651781907],
      [0.56795366359, 0.43204633641]
    ],
    [
      [0.70471055799, 0.29528944201],
      [0.062963858461, 0.93703614154],
      [0.59905456447, 0.40094543553]
    ],
    [
      [0.76841724995, 0.23158275005],
      [0.11454851574, 0.88545148426],
      [0.6739475922, 0.3260524078]
    ],
    [
      [0.71408983397, 0.28591016603],
      [0.069030374992, 0.93096962501],
      [0.61019648423, 0.38980351577]
    ],
    [
      [0.73988644793, 0.26011355207],
      [0.088651733225, 0.91134826678],
      [0.63972825053, 0.36027174947]
    ],
    [
      [0.81616303973, 0.18383696027],
      [0.16993274727, 0.83006725273],
      [0.73497577496, 0.26502422504]
    ],
    [
      [0.72708661594, 0.27291338406],
      [0.078598333117, 0.92140166688],
      [0.624663933, 0.375336067]
    ],
    [
      [0.70015256146, 0.29984743854],
      [0.066938108757, 0.93306189124],
      [0.58510468827, 0.41489531173]
    ],
    [
      [0.66655376278, 0.33344623722],
      [0.061361097121, 0.93863890288],
      [0.54193857351, 0.45806142649]
    ],
    [
      [0.72836487135, 0.27163512865],
      [0.084183979044, 0.91581602096],
      [0.62506252828, 0.37493747172]
    ],
    [
      [0.73788665064, 0.26211334936],
      [0.08828095503, 0.91171904497],
      [0.63796518292, 0.36203481708]
    ],
    [
      [0.74572422069, 0.25427577931],
      [0.091869403425, 0.90813059657],
      [0.64872826842, 0.35127173158]
    ],
    [
      [0.70155252343, 0.29844747657],
      [0.072261463872, 0.92773853613],
      [0.58686417265, 0.41313582735]
    ],
    [
      [0.65315191998, 0.34684808002],
      [0.056888211997, 0.943111788],
      [0.5293810758, 0.4706189242]
    ],
    [
      [0.72034146845, 0.27965853155],
      [0.080741448657, 0.91925855134],
      [0.61408292895, 0.38591707105]
    ],
    [
      [0.73911016919, 0.26088983081],
      [0.089038677808, 0.91096132219],
      [0.63978729224, 0.36021270776]
    ],
    [
      [0.77113809672, 0.22886190328],
      [0.10901138423, 0.89098861577],
      [0.69057827465, 0.30942172535]
    ],
    [
      [0.76686997368, 0.23313002632],
      [0.1012409341, 0.8987590659],
      [0.67598475866, 0.32401524134]
    ],
    [
      [0.7613603735, 0.2386396265],
      [0.099289864435, 0.90071013556],
      [0.67067814111, 0.32932185889]
    ],
    [
      [0.71353183039, 0.28646816961],
      [0.077961052467, 0.92203894753],
      [0.60468257899, 0.39531742101]
    ],
    [
      [0.78737856694, 0.21262143306],
      [0.11560473466, 0.88439526534],
      [0.71085312262, 0.28914687738]
    ],
    [
      [0.73909621532, 0.26090378468],
      [0.088874168715, 0.91112583129],
      [0.63973611764, 0.36026388236]
    ],
    [
      [0.74206865445, 0.25793134555],
      [0.090311325631, 0.90968867437],
      [0.64395905557, 0.35604094443]
    ],
    [
      [0.78518948906, 0.21481051094],
      [0.11311865788, 0.88688134212],
      [0.70559972694, 0.29440027306]
    ]
  ],