{
  "X": [
    [16, 84],
    [14, 86],
    [20, 80],
    [10, 90],
    [9, 91],
    [16, 84],
    [14, 86],
    [13, 87],
    [25, 75],
    [22, 78],
    [18, 82],
    [17, 83],
    [6, 94],
    [24, 76],
    [15, 85],
    [17, 83],
    [22, 78],
    [47, 53],
    [51, 49],
    [46, 54],
    [47, 53],
    [38, 62],
    [35, 65],
    [43, 57],
    [44, 56],
    [41, 59],
    [43, 57],
    [45, 55],
    [42, 58],
    [51, 49],
    [39, 61],
    [43, 57],
    [43, 57],
    [36, 64],
    [33, 67],
    [35, 65],
    [37, 63],
    [37, 63],
    [37, 63],
    [39, 61],
    [35, 65],
    [36, 64],
    [33, 67],
    [43, 57],
    [37, 63],
    [32, 68],
    [39, 61],
    [27, 73],
    [36, 64],
    [41, 59]
  ],
  "W": [
    [71, 12, 17],
    [65, 12, 23],
    [66, 16, 18],
    [75, 14, 11],
    [71, 13, 16],
    [66, 18, 16],
    [69, 10, 21],
    [67, 13, 20],
    [62, 20, 18],
    [63, 21, 16],
    [66, 14, 20],
    [69, 13, 18],
    [73, 8, 19],
    [58, 24, 18],
    [67, 19, 14],
    [58, 22, 20],
    [56, 28, 16],
    [20, 63, 17],
    [13, 75, 12],
    [17, 59, 24],
    [14, 67, 19],
    [16, 71, 13],
    [11, 70, 19],
    [20, 70, 10],
    [15, 65, 20],
    [18, 69, 13],
    [21, 64, 15],
    [15, 69, 16],
    [13, 71, 16],
    [16, 63, 21],
    [18, 67, 15],
    [18, 60, 22],
    [12, 77, 11],
    [21, 23, 56],
    [17, 16, 67],
    [17, 18, 65],
    [13, 11, 76],
    [21, 17, 62],
    [19, 18, 63],
    [11, 18, 71],
    [16, 15, 69],
    [18, 16, 66],
    [15, 21, 64],
    [13, 20, 67],
    [13, 20, 67],
    [17, 22, 61],
    [23, 18, 59],
    [16, 17, 67],
    [23, 20, 57],
    [15, 20, 65]
  ],
  "method": "mult",
  "cond_prob": [
    [
      [0.022877302461, 0.97712269754],
      [0.5870009462, 0.4129990538],
      [0.43127648064, 0.56872351936]
    ],
    [
      [0.00046874171491, 0.99953125829],
      [0.50057618042, 0.49942381958],
      [0.34620076624, 0.65379923376]
    ],
    [
      [0.032315365599, 0.9676846344],
      [0.60751425009, 0.39248574991],
      [0.4526087705, 0.5473912295]
    ],
    [
      [0, 1],
      [0.45810777468, 0.54189222532],
      [0.32604465041, 0.67395534959]
    ],
    [
      [0, 1],
      [0.41681735007, 0.58318264993],
      [0.22383590307, 0.77616409693]
    ],
    [
      [0.0066945019434, 0.99330549806],
      [0.53016512853, 0.46983487147],
      [0.37594940989, 0.62405059011]
    ],
    [
      [0.0089098088116, 0.99109019119],
      [0.5374132164, 0.4625867836],
      [0.38148052514, 0.61851947486]
    ],
    [
      [0, 1],
      [0.49011646699, 0.50988353301],
      [0.33142429646, 0.66857570354]
    ],
    [
      [0.051629914572, 0.94837008543],
      [0.6466894604, 0.3533105396],
      [0.49250867159, 0.50749132841]
    ],
    [
      [0.033018651744, 0.96698134826],
      [0.60598670014, 0.39401329986],
      [0.44963151482, 0.55036848518]
    ],
    [
      [0.021424918335, 0.97857508167],
      [0.57922340814, 0.42077659186],
      [0.42384138379, 0.57615861621]
    ],
    [
      [0.023351884712, 0.97664811529],
      [0.58671335949, 0.41328664051],
      [0.43119146008, 0.56880853992]
    ],
    [
      [0, 1],
      [0.34651892891, 0.65348107109],
      [0.16988676677, 0.83011323323]
    ],
    [
      [0.030016459625, 0.96998354037],
      [0.59703308535, 0.40296691465],
      [0.4405695163, 0.5594304837]
    ],
    [
      [0.0025343281274, 0.99746567187],
      [0.51418524018, 0.48581475982],
      [0.36147717514, 0.63852282486]
    ],
    [
      [0, 1],
      [0.46996130703, 0.53003869297],
      [0.33304256227, 0.66695743773]
    ],
    [
      [0.010759628134, 0.98924037187],
      [0.54219158556, 0.45780841444],
      [0.38850602681, 0.61149397319]
    ],
    [
      [0.023133442334, 0.97686655767],
      [0.61662312925, 0.38337687075],
      [0.45235729474, 0.54764270526]
    ],
    [
      [0.019783517656, 0.98021648234],
      [0.60551176646, 0.39448823354],
      [0.44411931549, 0.55588068451]
    ],
    [
      [0.020046458373, 0.97995354163],
      [0.59622267139, 0.40377732861],
      [0.43675302482, 0.56324697518]
    ],
    [
      [0.017618077145, 0.98238192285],
      [0.57849567999, 0.42150432001],
      [0.42074401896, 0.57925598104]
    ],
    [
      [0.0090882051073, 0.99091179489],
      [0.47231762346, 0.52768237654],
      [0.33231057329, 0.66768942671]
    ],
    [
      [0.0074752159165, 0.99252478408],
      [0.42071678313, 0.57928321687],
      [0.28776830556, 0.71223169444]
    ],
    [
      [0.015418497372, 0.98458150263],
      [0.55296075748, 0.44703924252],
      [0.3984377029, 0.6015622971]
    ],
    [
      [0.015245297075, 0.98475470292],
      [0.55123967746, 0.44876032254],
      [0.39703707544, 0.60296292456]
    ],
    [
      [0.012438009537, 0.98756199046],
      [0.52085813849, 0.47914186151],
      [0.37206955942, 0.62793044058]
    ],
    [
      [0.017367303083, 0.98263269692],
      [0.56956900545, 0.43043099455],
      [0.41219135244, 0.58780864756]
    ],
    [
      [0.015641114659, 0.98435888534],
      [0.55580772799, 0.44419227201],
      [0.40091562805, 0.59908437195]
    ],
    [
      [0.012087444627, 0.98791255537],
      [0.50811091544, 0.49188908456],
      [0.360436764, 0.639563236]
    ],
    [
      [0.025117303847, 0.97488269615],
      [0.64356176974, 0.35643823026],
      [0.47874912593, 0.52125087407]
    ],
    [
      [0.010566015346, 0.98943398465],
      [0.49983223349, 0.50016776651],
      [0.35473680534, 0.64526319466]
    ],
    [
      [0.016430636785, 0.98356936321],
      [0.56256948374, 0.43743051626],
      [0.40682179607, 0.59317820393]
    ],
    [
      [0.012122235218, 0.98787776478],
      [0.50537383563, 0.49462616437],
      [0.35824980306, 0.64175019694]
    ],
    [
      [0.01623962112, 0.98376037888],
      [0.56033809581, 0.43966190419],
      [0.40662842416, 0.59337157584]
    ],
    [
      [0.012487452429, 0.98751254757],
      [0.520929244, 0.479070756],
      [0.36496784186, 0.63503215814]
    ],
    [
      [0.014130649994, 0.98586935001],
      [0.54027140674, 0.45972859326],
      [0.38515220967, 0.61484779033]
    ],
    [
      [0.015672443, 0.984327557],
      [0.55748361138, 0.44251638862],
      [0.40347287521, 0.59652712479]
    ],
    [
      [0.018833504193, 0.98116649581],
      [0.58183105392, 0.41816894608],
      [0.43086078218, 0.56913921782]
    ],
    [
      [0.01733772901, 0.98266227099],
      [0.5713306581, 0.4286693419],
      [0.41883541751, 0.58116458249]
    ],
    [
      [0.015797480828, 0.98420251917],
      [0.55901103655, 0.44098896345],
      [0.40512716976, 0.59487283024]
    ],
    [
      [0.014295476809, 0.98570452319],
      [0.541307862, 0.458692138],
      [0.38625586146, 0.61374413854]
    ],
    [
      [0.015946640814, 0.98405335919],
      [0.55928815405, 0.44071184595],
      [0.40552045455, 0.59447954545]
    ],
    [
      [0.01129100131, 0.98870899869],
      [0.50332514355, 0.49667485645],
      [0.34782510884, 0.65217489116]
    ],
    [
      [0.02023966059, 0.97976033941],
      [0.60599242924, 0.39400757076],
      [0.45697068399, 0.54302931601]
    ],
    [
      [0.014477262387, 0.98552273761],
      [0.54227697849, 0.45772302151],
      [0.38755605999, 0.61244394001]
    ],
    [
      [0.010427059586, 0.98957294041],
      [0.49785116561, 0.50214883439],
      [0.34213138268, 0.65786861732]
    ],
    [
      [0.023742399234, 0.97625760077],
      [0.61113903471, 0.38886096529],
      [0.46531224056, 0.53468775944]
    ],
    [
      [0.0072998748925, 0.99270012511],
      [0.4418591011, 0.5581408989],
      [0.28912831766, 0.71087168234]
    ],
    [
      [0.018258688121, 0.98174131188],
      [0.57462676683, 0.42537323317],
      [0.42258797959, 0.57741202041]
    ],
    [
      [0.019342801261, 0.98065719874],
      [0.59383266022, 0.40616733978],
      [0.4435877658, 0.5564122342]
    ]
  ],