{
  "X": [
    [26, 74],
    [20, 80],
    [24, 76],
    [20, 80],
    [32, 68],
    [29, 71],
    [18, 82],
    [20, 80],
    [23, 77],
    [24, 76],
    [26, 74],
    [25, 75],
    [21, 79],
    [19, 81],
    [23, 77],
    [27, 73],
    [37, 63],
    [59, 41],
    [59, 41],
    [52, 48],
    [58, 42],
    [58, 42],
    [55, 45],
    [55, 45],
    [55, 45],
    [55, 45],
    [65, 35],
    [61, 39],
    [65, 35],
    [52, 48],
    [55, 45],
    [60, 40],
    [54, 46],
    [45, 55],
    [42, 58],
    [36, 64],
    [34, 66],
    [38, 62],
    [36, 64],
    [33, 67],
    [30, 70],
    [31, 69],
    [40, 60],
    [29, 71],
    [43, 57],
    [38, 62],
    [29, 71],
    [43, 57],
    [29, 71],
    [41, 59]
  ],
  "W": [
    [68, 14, 18],
    [64, 16, 20],
    [64, 19, 17],
    [67, 20, 13],
    [65, 19, 16],
    [59, 19, 22],
    [76, 6, 18],
    [68, 16, 16],
    [73, 14, 13],
    [67, 18, 15],
    [64, 14, 22],
    [67, 20, 13],
    [69, 15, 16],
    [65, 12, 23],
    [72, 21, 7],
    [56, 24, 20],
    [48, 42, 10],
    [14, 73, 13],
    [13, 65, 22],
    [22, 62, 16],
    [16, 70, 14],
    [15, 66, 19],
    [25, 60, 15],
    [17, 67, 16],
    [21, 63, 16],
    [16, 62, 22],
    [17, 74, 9],
    [22, 66, 12],
    [13, 68, 19],
    [24, 58, 18],
    [17, 63, 20],
    [21, 59, 20],
    [17, 66, 17],
    [16, 39, 45],
    [14, 26, 60],
    [16, 16, 68],
    [17, 23, 60],
    [17, 19, 64],
    [14, 18, 68],
    [17, 18, 65],
    [22, 19, 59],
    [13, 19, 68],
    [11, 14, 75],
    [17, 12, 71],
    [17, 22, 61],
    [15, 10, 75],
    [16, 10, 74],
    [17, 19, 64],
    [16, 17, 67],
    [10, 15, 75]
  ],
  "method": "mult",
  "cond_prob": [
    [
      [0.11434412004, 0.88565587996],
      [0.82281032514, 0.17718967486],
      [0.3725141825, 0.6274858175]
    ],
    [
      [0.04515734266, 0.95484265734],
      [0.73803682098, 0.26196317902],
      [0.2650670467, 0.7349329533]
    ],
    [
      [0.066602119198, 0.9333978808],
      [0.76936584018, 0.23063415982],
      [0.30114784753, 0.69885215247]
    ],
    [
      [0.033658237583, 0.96634176242],
      [0.72248470389, 0.27751529611],
      [0.25347723109, 0.74652276891]
    ],
    [
      [0.14487869743, 0.85512130257],
      [0.84707598405, 0.15292401595],
      [0.40552756063, 0.59447243937]
    ],
    [
      [0.10069620714, 0.89930379286],
      [0.80793001084, 0.19206998916],
      [0.35037516239, 0.64962483761]
    ],
    [
      [0.091412074672, 0.90858792533],
      [0.80511539413, 0.19488460587],
      [0.3456661089, 0.6543338911]
    ],
    [
      [0.052318407419, 0.94768159258],
      [0.74951883246, 0.25048116754],
      [0.27812793601, 0.72187206399]
    ],
    [
      [0.098181215346, 0.90181878465],
      [0.80725948087, 0.19274051913],
      [0.34854911905, 0.65145088095]
    ],
    [
      [0.077140423653, 0.92285957635],
      [0.78245047425, 0.21754952575],
      [0.31649887192, 0.68350112808]
    ],
    [
      [0.10471608438, 0.89528391562],
      [0.8134735237, 0.1865264763],
      [0.35952460307, 0.64047539693]
    ],
    [
      [0.077827864944, 0.92217213506],
      [0.78301864457, 0.21698135543],
      [0.31732001211, 0.68267998789]
    ],
    [
      [0.067086023583, 0.93291397642],
      [0.77015882885, 0.22984117115],
      [0.30116762125, 0.69883237875]
    ],
    [
      [0.055190719397, 0.9448092806],
      [0.75148416177, 0.24851583823],
      [0.27803449122, 0.72196550878]
    ],
    [
      [0.065857656305, 0.9341423437],
      [0.76889522687, 0.23110477313],
      [0.30163556883, 0.69836443117]
    ],
    [
      [0.056306545484, 0.94369345452],
      [0.75503661659, 0.24496338341],
      [0.28629773274, 0.71370226726]
    ],
    [
      [0.055790885039, 0.94420911496],
      [0.74844991863, 0.25155008137],
      [0.28871409357, 0.71128590643]
    ],
    [
      [0.066002075591, 0.93399792441],
      [0.74486762333, 0.25513237667],
      [0.28466418759, 0.71533581241]
    ],
    [
      [0.078543667305, 0.9214563327],
      [0.78427697746, 0.21572302254],
      [0.31822403593, 0.68177596407]
    ],
    [
      [0.063481090047, 0.93651890995],
      [0.74279277699, 0.25720722301],
      [0.28439149037, 0.71560850963]
    ],
    [
      [0.068638252329, 0.93136174767],
      [0.75433135758, 0.24566864242],
      [0.29275663799, 0.70724336201]
    ],
    [
      [0.074770549782, 0.92522945022],
      [0.77308195045, 0.22691804955],
      [0.30815963283, 0.69184036717]
    ],
    [
      [0.085202917607, 0.91479708239],
      [0.79862737307, 0.20137262693],
      [0.33015231173, 0.66984768827]
    ],
    [
      [0.063338995819, 0.93666100418],
      [0.73801094205, 0.26198905795],
      [0.27978149709, 0.72021850291]
    ],
    [
      [0.07368480492, 0.92631519508],
      [0.77059716423, 0.22940283577],
      [0.30656235939, 0.69343764061]
    ],
    [
      [0.071203153652, 0.92879684635],
      [0.76263560928, 0.23736439072],
      [0.2989700803, 0.7010299197]
    ],
    [
      [0.090295024757, 0.90970497524],
      [0.81559974819, 0.18440025181],
      [0.3456225792, 0.6543774208]
    ],
    [
      [0.096662293007, 0.90333770699],
      [0.82744828225, 0.17255171775],
      [0.35515357711, 0.64484642289]
    ],
    [
      [0.09748648701, 0.90251351299],
      [0.83458193822, 0.16541806178],
      [0.36742651948, 0.63257348052]
    ],
    [
      [0.073546756282, 0.92645324372],
      [0.77089062208, 0.22910937792],
      [0.3068456538, 0.6931543462]
    ],
    [
      [0.070193432491, 0.92980656751],
      [0.75982554964, 0.24017445036],
      [0.29688510102, 0.70311489898]
    ],
    [
      [0.10753762913, 0.89246237087],
      [0.84972657866, 0.15027342134],
      [0.38039208236, 0.61960791764]
    ],
    [
      [0.061350981301, 0.9386490187],
      [0.73164723097, 0.26835276903],
      [0.27460682789, 0.72539317211]
    ],
    [
      [0.073910785256, 0.92608921474],
      [0.7717568886, 0.2282431114],
      [0.30486463956, 0.69513536044]
    ],
    [
      [0.083808576453, 0.91619142355],
      [0.79456509116, 0.20543490884],
      [0.33613312599, 0.66386687401]
    ],
    [
      [0.080455827966, 0.91954417203],
      [0.78725989173, 0.21274010827],
      [0.32524336007, 0.67475663993]
    ],
    [
      [0.06167332456, 0.93832667544],
      [0.74277561211, 0.25722438789],
      [0.26446190673, 0.73553809327]
    ],
    [
      [0.083891274069, 0.91610872593],
      [0.79400738916, 0.20599261084],
      [0.33574543667, 0.66425456333]
    ],
    [
      [0.075298583375, 0.92470141662],
      [0.77586743293, 0.22413256707],
      [0.30853244177, 0.69146755823]
    ],
    [
      [0.066757256374, 0.93324274363],
      [0.75596794199, 0.24403205801],
      [0.28088774901, 0.71911225099]
    ],
    [
      [0.056377093145, 0.94362290685],
      [0.73289635874, 0.26710364126],
      [0.25143513788, 0.74856486212]
    ],
    [
      [0.056617572323, 0.94338242768],
      [0.7244749659, 0.2755250341],
      [0.24263157658, 0.75736842342]
    ],
    [
      [0.093736858517, 0.90626314148],
      [0.8137946459, 0.1862053541],
      [0.36767692685, 0.63232307315]
    ],
    [
      [0.062819209866, 0.93718079013],
      [0.74508347974, 0.25491652026],
      [0.26747988275, 0.73252011725]
    ],
    [
      [0.099135385505, 0.9008646145],
      [0.8217198985, 0.1782801015],
      [0.38093214229, 0.61906785771]
    ],
    [
      [0.097834220156, 0.90216577984],
      [0.819804549, 0.180195451],
      [0.37779254944, 0.62220745056]
    ],
    [
      [0.065449279252, 0.93455072075],
      [0.75164926069, 0.24835073931],
      [0.27616647196, 0.72383352804]
    ],
    [
      [0.10485413627, 0.89514586373],
      [0.8303300723, 0.1696699277],
      [0.39751887984, 0.60248112016]
    ],
    [
      [0.054328777255, 0.94567122274],
      [0.71996770569, 0.28003229431],
      [0.23718341145, 0.76281658855]
    ],
    [
      [0.094632992958, 0.90536700704],
      [0.81567449508, 0.18432550492],
      [0.37091403526, 0.62908596474]
    ]
  ],