{
  "X": [
    [79, 21],
    [80, 20],
    [87, 13],
    [85, 15],
    [83, 17],
    [78, 22],
    [80, 20],
    [79, 21],
    [89, 11],
    [87, 13],
    [84, 16],
    [85, 15],
    [80, 20],
    [74, 26],
    [73, 27],
    [81, 19],
    [85, 15],
    [85, 15],
    [77, 23],
    [71, 29],
    [76, 24],
    [88, 12],
    [75, 25],
    [75, 25],
    [80, 20],
    [59, 41],
    [58, 42],
    [55, 45],
    [55, 45],
    [53, 47],
    [66, 34],
    [54, 46],
    [48, 52],
    [59, 41],
    [60, 40],
    [52, 48],
    [52, 48],
    [55, 45],
    [56, 44],
    [48, 52],
    [52, 48],
    [58, 42],
    [66, 34],
    [52, 48],
    [47, 53],
    [63, 37],
    [65, 35],
    [55, 45],
    [57, 43],
    [57, 43]
  ],
  "W": [
    [76, 24],
    [73, 27],
    [83, 17],
    [74, 26],
    [80, 20],
    [72, 28],
    [72, 28],
    [72, 28],
    [83, 17],
    [80, 20],
    [72, 28],
    [83, 17],
    [74, 26],
    [74, 26],
    [67, 33],
    [77, 23],
    [75, 25],
    [72, 28],
    [70, 30],
    [71, 29],
    [79, 21],
    [85, 15],
    [76, 24],
    [71, 29],
    [69, 31],
    [29, 71],
    [27, 73],
    [20, 80],
    [21, 79],
    [20, 80],
    [22, 78],
    [30, 70],
    [19, 81],
    [21, 79],
    [29, 71],
    [19, 81],
    [21, 79],
    [26, 74],
    [30, 70],
    [23, 77],
    [27, 73],
    [26, 74],
    [25, 75],
    [21, 79],
    [22, 78],
    [21, 79],
    [36, 64],
    [34, 66],
    [23, 77],
    [28, 72]
  ],
  "method": "mcmc",
  "mcmc_stepsize": 3000,
  "mcmc_samples": 1000,
  "burn_in": 10000,
  "cond_prob": [
    [
      [0.91394414859, 0.086055851415],
      [0.39751019615, 0.60248980385]
    ],
    [
      [0.93013350409, 0.069866495911],
      [0.44815756302, 0.55184243698]
    ],
    [
      [0.9450102448, 0.054989755203],
      [0.5037735107, 0.4962264893]
    ],
    [
      [0.95441013131, 0.045589868689],
      [0.55283270319, 0.44716729681]
    ],
    [
      [0.92688767386, 0.07311232614],
      [0.44244930456, 0.55755069544]
    ],
    [
      [0.92098248568, 0.079017514321],
      [0.41747360825, 0.58252639175]
    ],
    [
      [0.93308957598, 0.066910424025],
      [0.45776966178, 0.54223033822]
    ],
    [
      [0.92720984975, 0.072790150253],
      [0.43717467208, 0.56282532792]
    ],
    [
      [0.95700486345, 0.042995136547],
      [0.56285860785, 0.43714139215]
    ],
    [
      [0.95273868549, 0.047261314511],
      [0.53904525804, 0.46095474196]
    ],
    [
      [0.95347056243, 0.046529437565],
      [0.54821855374, 0.45178144626]
    ],
    [
      [0.9312036332, 0.068796366802],
      [0.45353520262, 0.54646479738]
    ],
    [
      [0.92716704347, 0.072832956531],
      [0.43806303013, 0.56193696987]
    ],
    [
      [0.88426654148, 0.11573345852],
      [0.32939522809, 0.67060477191]
    ],
    [
      [0.90786912719, 0.092130872813],
      [0.36887177208, 0.63112822792]
    ],
    [
      [0.9235350016, 0.076464998402],
      [0.42990455987, 0.57009544013]
    ],
    [
      [0.95247236398, 0.047527636025],
      [0.54258290807, 0.45741709193]
    ],
    [
      [0.95799613534, 0.042003864662],
      [0.57229565199, 0.42770434801]
    ],
    [
      [0.92148042861, 0.078519571394],
      [0.41654566659, 0.58345433341]
    ],
    [
      [0.87606532421, 0.12393467579],
      [0.30342627521, 0.69657372479]
    ],
    [
      [0.87923740877, 0.12076259123],
      [0.31144022417, 0.68855977583]
    ],
    [
      [0.94546134312, 0.054538656883],
      [0.509052389, 0.490947611]
    ],
    [
      [0.8837613768, 0.1162386232],
      [0.3264223068, 0.6735776932]
    ],
    [
      [0.90562764678, 0.09437235322],
      [0.36898058892, 0.63101941108]
    ],
    [
      [0.94084256861, 0.05915743139],
      [0.48651170213, 0.51348829787]
    ],
    [
      [0.93453168646, 0.06546831354],
      [0.44927579004, 0.55072420996]
    ],
    [
      [0.93112576423, 0.068874235766],
      [0.45013156665, 0.54986843335]
    ],
    [
      [0.92993807863, 0.070061921375],
      [0.45501548034, 0.54498451966]
    ],
    [
      [0.92877724137, 0.071222758629],
      [0.44931237888, 0.55068762112]
    ],
    [
      [0.92900000864, 0.070999991359],
      [0.43024999784, 0.56975000216]
    ],
    [
      [0.95416905778, 0.045830942225],
      [0.57702924011, 0.42297075989]
    ],
    [
      [0.91547853866, 0.084521461336],
      [0.37908062629, 0.62091937371]
    ],
    [
      [0.90881779902, 0.091182200978],
      [0.37941310887, 0.62058689113]
    ],
    [
      [0.93928441827, 0.06071558173],
      [0.49715224324, 0.50284775676]
    ],
    [
      [0.93730052569, 0.062699474308],
      [0.46222936275, 0.53777063725]
    ],
    [
      [0.92204066385, 0.077959336153],
      [0.42569416527, 0.57430583473]
    ],
    [
      [0.91985736227, 0.080142637734],
      [0.41370880244, 0.58629119756]
    ],
    [
      [0.92235614382, 0.077643856183],
      [0.41917216569, 0.58082783431]
    ],
    [
      [0.92289791325, 0.07710208675],
      [0.40447232289, 0.59552767711]
    ],
    [
      [0.90323493314, 0.096765066865],
      [0.35357917582, 0.64642082418]
    ],
    [
      [0.90973571583, 0.090264284167],
      [0.3758511736, 0.6241488264]
    ],
    [
      [0.93142978514, 0.068570214856],
      [0.45652467008, 0.54347532992]
    ],
    [
      [0.95083483535, 0.049165164653],
      [0.56305505488, 0.43694494512]
    ],
    [
      [0.91987075542, 0.080129244576],
      [0.41370524223, 0.58629475777]
    ],
    [
      [0.9008662986, 0.099133701399],
      [0.34847360809, 0.65152639191]
    ],
    [
      [0.9486022139, 0.051397786095],
      [0.54530827225, 0.45469172775]
    ],
    [
      [0.94218621339, 0.057813786606],
      [0.48564525497, 0.51435474503]
    ],
    [
      [0.91051643341, 0.089483566587],
      [0.36427941309, 0.63572058691]
    ],
    [
      [0.93194256626, 0.068057433741],
      [0.4618872854, 0.5381127146]
    ],
    [
      [0.92823299497, 0.071767005034],
      [0.43068716862, 0.56931283138]
    ]
  ],