{
  "X": [
    [16, 84],
    [14, 86],
    [15, 85],
    [15, 85],
    [12, 88],
    [17, 83],
    [20, 80],
    [17, 83],
    [17, 83],
    [10, 90],
    [14, 86],
    [14, 86],
    [15, 85],
    [16, 84],
    [18, 82],
    [22, 78],
    [10, 90],
    [10, 90],
    [14, 86],
    [17, 83],
    [15, 85],
    [11, 89],
    [9, 91],
    [9, 91],
    [14, 86],
    [45, 55],
    [35, 65],
    [39, 61],
    [45, 55],
    [42, 58],
    [37, 63],
    [42, 58],
    [49, 51],
    [43, 57],
    [43, 57],
    [44, 56],
    [42, 58],
    [36, 64],
    [42, 58],
    [43, 57],
    [41, 59],
    [40, 60],
    [35, 65],
    [39, 61],
    [39, 61],
    [38, 62],
    [44, 56],
    [41, 59],
    [35, 65],
    [47, 53]
  ],
  "W": [
    [77, 23],
    [74, 26],
    [75, 25],
    [79, 21],
    [78, 22],
    [76, 24],
    [74, 26],
    [73, 27],
    [73, 27],
    [77, 23],
    [75, 25],
    [78, 22],
    [77, 23],
    [66, 34],
    [77, 23],
    [67, 33],
    [84, 16],
    [78, 22],
    [78, 22],
    [70, 30],
    [69, 31],
    [75, 25],
    [72, 28],
    [86, 14],
    [73, 27],
    [23, 77],
    [31, 69],
    [23, 77],
    [20, 80],
    [24, 76],
    [25, 75],
    [26, 74],
    [18, 82],
    [24, 76],
    [24, 76],
    [26, 74],
    [19, 81],
    [33, 67],
    [27, 73],
    [18, 82],
    [21, 79],
    [26, 74],
    [24, 76],
    [25, 75],
    [20, 80],
    [29, 71],
    [32, 68],
    [25, 75],
    [32, 68],
    [24, 76]
  ],
  "method": "mcmc",
  "mcmc_stepsize": 3000,
  "mcmc_samples": 1000,
  "burn_in": 10000,
  "cond_prob": [
    [
      [0.023396062806, 0.97660393719],
      [0.61732622452, 0.38267377548]
    ],
    [
      [0.014956184513, 0.98504381549],
      [0.49589393639, 0.50410606361]
    ],
    [
      [0.017900496439, 0.98209950356],
      [0.54629851068, 0.45370148932]
    ],
    [
      [0.024241228054, 0.97575877195],
      [0.62309252303, 0.37690747697]
    ],
    [
      [0.01433030094, 0.98566969906],
      [0.49464711485, 0.50535288515]
    ],
    [
      [0.024259471473, 0.97574052853],
      [0.63151167367, 0.36848832633]
    ],
    [
      [0.030489700318, 0.96951029968],
      [0.6824523914, 0.3175476086]
    ],
    [
      [0.019584318372, 0.98041568163],
      [0.57667943551, 0.42332056449]
    ],
    [
      [0.019584318373, 0.98041568163],
      [0.57667943551, 0.42332056449]
    ],
    [
      [0.010019341474, 0.98998065853],
      [0.40123959594, 0.59876040406]
    ],
    [
      [0.015896241032, 0.98410375897],
      [0.5123112769, 0.4876887231]
    ],
    [
      [0.019410331361, 0.98058966864],
      [0.56754518881, 0.43245481119]
    ],
    [
      [0.020662871428, 0.97933712857],
      [0.58299821304, 0.41700178696]
    ],
    [
      [0.011902771731, 0.98809722827],
      [0.44748285487, 0.55251714513]
    ],
    [
      [0.030053751567, 0.96994624843],
      [0.68199396215, 0.31800603785]
    ],
    [
      [0.022873952819, 0.97712604718],
      [0.62022561094, 0.37977438906]
    ],
    [
      [0.016142604662, 0.98385739534],
      [0.54025132552, 0.45974867448]
    ],
    [
      [0.010594270376, 0.98940572962],
      [0.41698395048, 0.58301604952]
    ],
    [
      [0.0193940642, 0.9806059358],
      [0.56760286329, 0.43239713671]
    ],
    [
      [0.016373023121, 0.98362697688],
      [0.52846294605, 0.47153705395]
    ],
    [
      [0.012601010639, 0.98739898936],
      [0.45582355697, 0.54417644303]
    ],
    [
      [0.010462787686, 0.98953721231],
      [0.40861163694, 0.59138836306]
    ],
    [
      [0.0065595493873, 0.99344045061],
      [0.30456115872, 0.69543884128]
    ],
    [
      [0.016067534898, 0.9839324651],
      [0.54415657134, 0.45584342866]
    ],
    [
      [0.014124790598, 0.9858752094],
      [0.48032926987, 0.51967073013]
    ],
    [
      [0.020945995932, 0.97905400407],
      [0.57815898823, 0.42184101177]
    ],
    [
      [0.015881873391, 0.98411812661],
      [0.50011104239, 0.49988895761]
    ],
    [
      [0.015827491849, 0.98417250815],
      [0.50176581412, 0.49823418588]
    ],
    [
      [0.019390215858, 0.98060978414],
      [0.55765244604, 0.44234755396]
    ],
    [
      [0.01577783183, 0.98422216817],
      [0.54764910574, 0.45235089426]
    ],
    [
      [0.014194479059, 0.98580552094],
      [0.48860184031, 0.51139815969]
    ],
    [
      [0.018494742069, 0.98150525793],
      [0.56106941495, 0.43893058505]
    ],
    [
      [0.021746097653, 0.97825390235],
      [0.59278744198, 0.40721255802]
    ],
    [
      [0.019401443783, 0.98059855622],
      [0.55966270196, 0.44033729804]
    ],
    [
      [0.019401443783, 0.98059855622],
      [0.55966270196, 0.44033729804]
    ],
    [
      [0.020407125604, 0.9795928744],
      [0.58742452344, 0.41257547656]
    ],
    [
      [0.016384702667, 0.98361529733],
      [0.5146751932, 0.4853248068]
    ],
    [
      [0.017530565001, 0.982469435],
      [0.52867897545, 0.47132102455]
    ],
    [
      [0.019242026246, 0.98075797375],
      [0.56822555194, 0.43177444806]
    ],
    [
      [0.016476543494, 0.98352345651],
      [0.52077344167, 0.47922655833]
    ],
    [
      [0.017354935569, 0.98264506443],
      [0.51437400447, 0.48562599553]
    ],
    [
      [0.016800759278, 0.98319924072],
      [0.53463757106, 0.46536242894]
    ],
    [
      [0.013316024972, 0.98668397503],
      [0.45632125527, 0.54367874473]
    ],
    [
      [0.01572654246, 0.98427345754],
      [0.51475781918, 0.48524218082]
    ],
    [
      [0.014529958823, 0.98547004118],
      [0.48386751029, 0.51613248971]
    ],
    [
      [0.016674675228, 0.98332532477],
      [0.52840048477, 0.47159951523]
    ],
    [
      [0.025504558904, 0.9744954411],
      [0.63505667816, 0.36494332184]
    ],
    [
      [0.017340589068, 0.98265941093],
      [0.54088647031, 0.45911352969]
    ],
    [
      [0.016425314254, 0.98357468575],
      [0.5069763227, 0.4930236773]
    ],
    [
      [0.023438799862, 0.97656120014],
      [0.61101932636, 0.38898067364]
    ]
  ],