{
  "X": [
    [84, 16],
    [92, 8],
    [87, 13],
    [92, 8],
    [96, 4],
    [94, 6],
    [91, 9],
    [90, 10],
    [89, 11],
    [91, 9],
    [87, 13],
    [91, 9],
    [89, 11],
    [91, 9],
    [88, 12],
    [93, 7],
    [96, 4],
    [97, 3],
    [87, 13],
    [92, 8],
    [87, 13],
    [82, 18],
    [88, 12],
    [91, 9],
    [96, 4],
    [69, 31],
    [72, 28],
    [80, 20],
    [73, 27],
    [72, 28],
    [73, 27],
    [81, 19],
    [76, 24],
    [81, 19],
    [76, 24],
    [82, 18],
    [70, 30],
    [79, 21],
    [81, 19],
    [74, 26],
    [79, 21],
    [82, 18],
    [85, 15],
    [83, 17],
    [78, 22],
    [76, 24],
    [77, 23],
    [79, 21],
    [78, 22],
    [85, 15]
  ],
  "W": [
    [77, 23],
    [78, 22],
    [74, 26],
    [76, 24],
    [79, 21],
    [80, 20],
    [74, 26],
    [78, 22],
    [75, 25],
    [75, 25],
    [68, 32],
    [76, 24],
    [72, 28],
    [80, 20],
    [73, 27],
    [74, 26],
    [80, 20],
    [74, 26],
    [74, 26],
    [72, 28],
    [69, 31],
    [75, 25],
    [72, 28],
    [68, 32],
    [76, 24],
    [26, 74],
    [23, 77],
    [23, 77],
    [28, 72],
    [18, 82],
    [17, 83],
    [28, 72],
    [20, 80],
    [27, 73],
    [28, 72],
    [31, 69],
    [22, 78],
    [29, 71],
    [17, 83],
    [22, 78],
    [27, 73],
    [24, 76],
    [37, 63],
    [26, 74],
    [25, 75],
    [29, 71],
    [26, 74],
    [26, 74],
    [30, 70],
    [22, 78]
  ],
  "method": "mcmc",
  "mcmc_stepsize": 3000,
  "mcmc_samples": 1000,
  "burn_in": 10000,
  "cond_prob": [
    [
      [0.92871751412, 0.071282485882],
      [0.54298919187, 0.45701080813]
    ],
    [
      [0.97087823305, 0.029121766949],
      [0.73961353737, 0.26038646263]
    ],
    [
      [0.95291850352, 0.047081496483],
      [0.6340011823, 0.3659988177]
    ],
    [
      [0.97272409969, 0.02727590031],
      [0.75304035098, 0.24695964902]
    ],
    [
      [0.98609156382, 0.013908436182],
      [0.86184602183, 0.13815397817]
    ],
    [
      [0.97777621022, 0.022223789784],
      [0.78889515914, 0.21110484086]
    ],
    [
      [0.97052000703, 0.029479992967],
      [0.73775074922, 0.26224925078]
    ],
    [
      [0.96183872807, 0.038161271929],
      [0.68075360048, 0.31924639952]
    ],
    [
      [0.96117898528, 0.038821014717],
      [0.67646304415, 0.32353695585]
    ],
    [
      [0.96959284959, 0.030407150414],
      [0.73122145124, 0.26877854876]
    ],
    [
      [0.96074744886, 0.039252551142],
      [0.67716167118, 0.32283832882]
    ],
    [
      [0.96862578304, 0.031374216956],
      [0.72435168703, 0.27564831297]
    ],
    [
      [0.96474426164, 0.035255738361],
      [0.69780047007, 0.30219952993]
    ],
    [
      [0.96386163079, 0.036138369207],
      [0.69455347683, 0.30544652317]
    ],
    [
      [0.9591898468, 0.040810153197],
      [0.6658941179, 0.3341058821]
    ],
    [
      [0.97794895777, 0.02205104223],
      [0.79352988943, 0.20647011057]
    ],
    [
      [0.98561151666, 0.014388483336],
      [0.85755393334, 0.14244606666]
    ],
    [
      [0.9909827475, 0.0090172524976],
      [0.91027987249, 0.089720127507]
    ],
    [
      [0.95291416171, 0.04708583829],
      [0.63401353975, 0.36598646025]
    ],
    [
      [0.97579111398, 0.02420888602],
      [0.77653713548, 0.22346286452]
    ],
    [
      [0.95965734462, 0.040342655385],
      [0.67044010392, 0.32955989608]
    ],
    [
      [0.92065791111, 0.079342088888],
      [0.51802626666, 0.48197373334]
    ],
    [
      [0.96045685878, 0.039543141222],
      [0.67311093457, 0.32688906543]
    ],
    [
      [0.97487128478, 0.025128715222],
      [0.77214851985, 0.22785148015]
    ],
    [
      [0.98739615213, 0.01260384787],
      [0.87324551825, 0.12675448175]
    ],
    [
      [0.94183688852, 0.058163111481],
      [0.6015167689, 0.3984832311]
    ],
    [
      [0.95023844506, 0.049761554936],
      [0.65122747745, 0.34877252255]
    ],
    [
      [0.96848350407, 0.031516495933],
      [0.74967375853, 0.25032624147]
    ],
    [
      [0.95136132979, 0.048638670214],
      [0.64391503842, 0.35608496158]
    ],
    [
      [0.96117802069, 0.038821979308],
      [0.66705848326, 0.33294151674]
    ],
    [
      [0.95724598209, 0.042754017909],
      [0.68345564222, 0.31654435778]
    ],
    [
      [0.96868319255, 0.031316807448],
      [0.74828986956, 0.25171013044]
    ],
    [
      [0.96168228536, 0.038317714642],
      [0.70957942866, 0.29042057134]
    ],
    [
      [0.96910125975, 0.030898740254],
      [0.75115432859, 0.24884567141]
    ],
    [
      [0.95664816392, 0.043351836081],
      [0.68352571403, 0.31647428597]
    ],
    [
      [0.96906822687, 0.030931773133],
      [0.75302731836, 0.24697268164]
    ],
    [
      [0.94740135387, 0.052598646134],
      [0.63022013096, 0.36977986904]
    ],
    [
      [0.96398351075, 0.036016489253],
      [0.71893631251, 0.28106368749]
    ],
    [
      [0.973123619, 0.026876381001],
      [0.77658913828, 0.22341086172]
    ],
    [
      [0.95632442864, 0.043675571356],
      [0.67898541756, 0.32101458244]
    ],
    [
      [0.96488444533, 0.035115554671],
      [0.725316712, 0.274683288]
    ],
    [
      [0.97164808314, 0.028351916856],
      [0.77211113164, 0.22788886836]
    ],
    [
      [0.973715288, 0.026284711995],
      [0.77734181498, 0.22265818502]
    ],
    [
      [0.97354329784, 0.026456702163],
      [0.77956586833, 0.22043413167]
    ],
    [
      [0.96344034735, 0.03655965265],
      [0.71885321755, 0.28114678245]
    ],
    [
      [0.95614521873, 0.043854781273],
      [0.67988434728, 0.32011565272]
    ],
    [
      [0.95984943382, 0.040150566177],
      [0.70329614487, 0.29670385513]
    ],
    [
      [0.9649896747, 0.035010325304],
      [0.72851714132, 0.27148285868]
    ],
    [
      [0.9614276595, 0.038572340498],
      [0.70224528879, 0.29775471121]
    ],
    [
      [0.9782307489, 0.0217692511],
      [0.81383235287, 0.18616764713]
    ]
  ],