{
  "X": [
    [9, 91],
    [9, 91],
    [13, 87],
    [18, 82],
    [10, 90],
    [16, 84],
    [13, 87],
    [16, 84],
    [12, 88],
    [15, 85],
    [16, 84],
    [12, 88],
    [12, 88],
    [9, 91],
    [14, 86],
    [18, 82],
    [10, 90],
    [13, 87],
    [7, 93],
    [11, 89],
    [6, 94],
    [16, 84],
    [8, 92],
    [13, 87],
    [15, 85],
    [46, 54],
    [34, 66],
    [32, 68],
    [42, 58],
    [29, 71],
    [34, 66],
    [34, 66],
    [34, 66],
    [35, 65],
    [38, 62],
    [29, 71],
    [38, 62],
    [33, 67],
    [25, 75],
    [32, 68],
    [39, 61],
    [41, 59],
    [36, 64],
    [44, 56],
    [44, 56],
    [50, 50],
    [30, 70],
    [31, 69],
    [41, 59],
    [37, 63]
  ],
  "W": [
    [77, 23],
    [84, 16],
    [74, 26],
    [68, 32],
    [74, 26],
    [75, 25],
    [75, 25],
    [73, 27],
    [76, 24],
    [81, 19],
    [73, 27],
    [75, 25],
    [72, 28],
    [77, 23],
    [71, 29],
    [67, 33],
    [80, 20],
    [72, 28],
    [76, 24],
    [79, 21],
    [74, 26],
    [73, 27],
    [76, 24],
    [71, 29],
    [75, 25],
    [22, 78],
    [24, 76],
    [32, 68],
    [26, 74],
    [32, 68],
    [24, 76],
    [26, 74],
    [23, 77],
    [20, 80],
    [28, 72],
    [38, 62],
    [26, 74],
    [31, 69],
    [28, 72],
    [17, 83],
    [20, 80],
    [21, 79],
    [17, 83],
    [21, 79],
    [26, 74],
    [25, 75],
    [30, 70],
    [30, 70],
    [21, 79],
    [24, 76]
  ],
  "method": "mcmc",
  "mcmc_stepsize": 3000,
  "mcmc_samples": 1000,
  "burn_in": 10000,
  "cond_prob": [
    [
      [0.0079258442942, 0.99207415571],
      [0.36476999954, 0.63523000046]
    ],
    [
      [0.012758468621, 0.98724153138],
      [0.49551803974, 0.50448196026]
    ],
    [
      [0.012399482482, 0.98760051752],
      [0.46470916524, 0.53529083476]
    ],
    [
      [0.015641277836, 0.98435872216],
      [0.5292622846, 0.4707377154]
    ],
    [
      [0.0082268654865, 0.99177313451],
      [0.36120045977, 0.63879954023]
    ],
    [
      [0.019129855163, 0.98087014484],
      [0.58261043451, 0.41738956549]
    ],
    [
      [0.01312193748, 0.98687806252],
      [0.48063418756, 0.51936581244]
    ],
    [
      [0.016659174295, 0.98334082571],
      [0.54755112135, 0.45244887865]
    ],
    [
      [0.012150159776, 0.98784984022],
      [0.46152449404, 0.53847550596]
    ],
    [
      [0.027854631425, 0.97214536858],
      [0.67072499235, 0.32927500765]
    ],
    [
      [0.016677465223, 0.98332253478],
      [0.5475016681, 0.4524983319]
    ],
    [
      [0.011495503136, 0.98850449686],
      [0.44551349059, 0.55448650941]
    ],
    [
      [0.0098986797889, 0.99010132021],
      [0.40311768054, 0.59688231946]
    ],
    [
      [0.0079431840198, 0.99205681598],
      [0.36471194915, 0.63528805085]
    ],
    [
      [0.01209181013, 0.98790818987],
      [0.45315453382, 0.54684546618]
    ],
    [
      [0.014849741338, 0.98515025866],
      [0.51530507062, 0.48469492938]
    ],
    [
      [0.011450320572, 0.98854967943],
      [0.45419871771, 0.54580128229]
    ],
    [
      [0.011168805726, 0.98883119427],
      [0.43556592813, 0.56443407187]
    ],
    [
      [0.0053997838059, 0.99460021619],
      [0.27456735128, 0.72543264872]
    ],
    [
      [0.012622857431, 0.98737714257],
      [0.47632353633, 0.52367646367]
    ],
    [
      [0.0039706307694, 0.99602936923],
      [0.21946820473, 0.78053179527]
    ],
    [
      [0.016646260765, 0.98335373924],
      [0.54758603571, 0.45241396429]
    ],
    [
      [0.0063154994899, 0.99368450051],
      [0.31333425162, 0.68666574838]
    ],
    [
      [0.010701236897, 0.9892987631],
      [0.42207628208, 0.57792371792]
    ],
    [
      [0.017084619689, 0.98291538031],
      [0.54874614093, 0.45125385907]
    ],
    [
      [0.02071020131, 0.97928979869],
      [0.58390225091, 0.41609774909]
    ],
    [
      [0.012063011357, 0.98793698864],
      [0.44355904905, 0.55644095095]
    ],
    [
      [0.013580326225, 0.98641967377],
      [0.46419749354, 0.53580250646]
    ],
    [
      [0.017859150394, 0.98214084961],
      [0.56129273094, 0.43870726906]
    ],
    [
      [0.0091567464686, 0.99084325353],
      [0.42216153107, 0.57783846893]
    ],
    [
      [0.012020056643, 0.98797994336],
      [0.44357261369, 0.55642738631]
    ],
    [
      [0.011962318733, 0.98803768127],
      [0.45525648261, 0.54474351739]
    ],
    [
      [0.011731494347, 0.98826850565],
      [0.43805422896, 0.56194577104]
    ],
    [
      [0.011443230318, 0.98855676968],
      [0.43463919242, 0.56536080758]
    ],
    [
      [0.015468821975, 0.98453117803],
      [0.52176212479, 0.47823787521]
    ],
    [
      [0.012217489261, 0.98778251074],
      [0.4602537969, 0.5397462031]
    ],
    [
      [0.014537011204, 0.9854629888],
      [0.50840591498, 0.49159408502]
    ],
    [
      [0.013708699856, 0.98629130014],
      [0.47210188847, 0.52789811153]
    ],
    [
      [0.0076354596182, 0.99236454038],
      [0.34425287682, 0.65574712318]
    ],
    [
      [0.0095293988301, 0.99047060117],
      [0.3835903641, 0.6164096359]
    ],
    [
      [0.013804396949, 0.98619560305],
      [0.48404890076, 0.51595109924]
    ],
    [
      [0.016513881576, 0.98348611842],
      [0.51459757578, 0.48540242422]
    ],
    [
      [0.011542162365, 0.98845783763],
      [0.43137088241, 0.56862911759]
    ],
    [
      [0.018883825448, 0.98111617455],
      [0.55194227425, 0.44805772575]
    ],
    [
      [0.019398509602, 0.9806014904],
      [0.58777890203, 0.41222109797]
    ],
    [
      [0.025794370171, 0.97420562983],
      [0.65806854328, 0.34193145672]
    ],
    [
      [0.011837454946, 0.98816254505],
      [0.42349823359, 0.57650176641]
    ],
    [
      [0.012442813178, 0.98755718682],
      [0.43752450864, 0.56247549136]
    ],
    [
      [0.01652230475, 0.98347769525],
      [0.51459533671, 0.48540466329]
    ],
    [
      [0.013928242841, 0.98607175716],
      [0.48244371279, 0.51755628721]
    ]
  ],