{
  "X": [
    [42, 58],
    [39, 61],
    [31, 69],
    [28, 72],
    [39, 61],
    [41, 59],
    [25, 75],
    [42, 58],
    [29, 71],
    [37, 63],
    [27, 73],
    [29, 71],
    [37, 63],
    [30, 70],
    [35, 65],
    [24, 76],
    [36, 64],
    [33, 67],
    [40, 60],
    [27, 73],
    [32, 68],
    [26, 74],
    [37, 63],
    [28, 72],
    [32, 68],
    [47, 53],
    [43, 57],
    [40, 60],
    [37, 63],
    [38, 62],
    [40, 60],
    [34, 66],
    [49, 51],
    [43, 57],
    [46, 54],
    [39, 61],
    [34, 66],
    [36, 64],
    [49, 51],
    [47, 53],
    [40, 60],
    [33, 67],
    [45, 55],
    [43, 57],
    [43, 57],
    [43, 57],
    [41, 59],
    [45, 55],
    [44, 56],
    [39, 61]
  ],
  "W": [
    [71, 29],
    [67, 33],
    [68, 32],
    [67, 33],
    [75, 25],
    [75, 25],
    [77, 23],
    [84, 16],
    [77, 23],
    [71, 29],
    [78, 22],
    [80, 20],
    [72, 28],
    [74, 26],
    [70, 30],
    [83, 17],
    [80, 20],
    [75, 25],
    [76, 24],
    [76, 24],
    [67, 33],
    [74, 26],
    [80, 20],
    [79, 21],
    [79, 21],
    [25, 75],
    [25, 75],
    [29, 71],
    [23, 77],
    [27, 73],
    [22, 78],
    [31, 69],
    [19, 81],
    [26, 74],
    [18, 82],
    [28, 72],
    [22, 78],
    [31, 69],
    [21, 79],
    [22, 78],
    [27, 73],
    [31, 69],
    [24, 76],
    [17, 83],
    [33, 67],
    [18, 82],
    [27, 73],
    [21, 79],
    [33, 67],
    [25, 75]
  ],
  "method": "mcmc",
  "mcmc_stepsize": 3000,
  "mcmc_samples": 1000,
  "burn_in": 10000,
  "cond_prob": [
    [
      [0.36656339541, 0.63343660459],
      [0.55082754917, 0.44917245083]
    ],
    [
      [0.32884151233, 0.67115848767],
      [0.51417026284, 0.48582973716]
    ],
    [
      [0.25658659791, 0.74341340209],
      [0.42350347943, 0.57649652057]
    ],
    [
      [0.22786506964, 0.77213493036],
      [0.38584970709, 0.61415029291]
    ],
    [
      [0.34582796557, 0.65417203443],
      [0.5225161033, 0.4774838967]
    ],
    [
      [0.36571171494, 0.63428828506],
      [0.54286485519, 0.45713514481]
    ],
    [
      [0.21308372468, 0.78691627532],
      [0.37358926956, 0.62641073044]
    ],
    [
      [0.39039210016, 0.60960789984],
      [0.57544147414, 0.42455852586]
    ],
    [
      [0.25041514501, 0.74958485499],
      [0.42252321018, 0.57747678982]
    ],
    [
      [0.3174578105, 0.6825421895],
      [0.4986377743, 0.5013622257]
    ],
    [
      [0.23319196895, 0.76680803105],
      [0.40050120101, 0.59949879899]
    ],
    [
      [0.25521440438, 0.74478559562],
      [0.42914238248, 0.57085761752]
    ],
    [
      [0.31950406178, 0.68049593822],
      [0.49984669828, 0.50015330172]
    ],
    [
      [0.25547240029, 0.74452759971],
      [0.42673239916, 0.57326760084]
    ],
    [
      [0.29648142313, 0.70351857687],
      [0.47487667937, 0.52512332063]
    ],
    [
      [0.21349076449, 0.78650923551],
      [0.36942744396, 0.63057255604]
    ],
    [
      [0.32428511353, 0.67571488647],
      [0.50285954587, 0.49714045413]
    ],
    [
      [0.2865013308, 0.7134986692],
      [0.4604960076, 0.5395039924]
    ],
    [
      [0.35767044959, 0.64232955041],
      [0.53404357628, 0.46595642372]
    ],
    [
      [0.22990603561, 0.77009396439],
      [0.39696422056, 0.60303577944]
    ],
    [
      [0.26379971756, 0.73620028244],
      [0.43410360374, 0.56589639626]
    ],
    [
      [0.21739214966, 0.78260785034],
      [0.38126849712, 0.61873150288]
    ],
    [
      [0.33447795907, 0.66552204093],
      [0.51208816371, 0.48791183629]
    ],
    [
      [0.2441061865, 0.7558938135],
      [0.41502910793, 0.58497089207]
    ],
    [
      [0.28264926925, 0.71735073075],
      [0.46050989188, 0.53949010812]
    ],
    [
      [0.34303367851, 0.65696632149],
      [0.51232210716, 0.48767789284]
    ],
    [
      [0.30641233106, 0.69358766894],
      [0.47119588965, 0.52880411035]
    ],
    [
      [0.28714494324, 0.71285505676],
      [0.44609572741, 0.55390427259]
    ],
    [
      [0.24558095749, 0.75441904251],
      [0.40716412958, 0.59283587042]
    ],
    [
      [0.26264216074, 0.73735783926],
      [0.42340632411, 0.57659367589]
    ],
    [
      [0.26977144388, 0.73022855612],
      [0.43673113121, 0.56326886879]
    ],
    [
      [0.23825559656, 0.76174440344],
      [0.38571125372, 0.61428874628]
    ],
    [
      [0.35022535374, 0.64977464626],
      [0.52278664542, 0.47721335458]
    ],
    [
      [0.30856305974, 0.69143694026],
      [0.47266703307, 0.52733296693]
    ],
    [
      [0.31785929768, 0.68214070232],
      [0.49120161758, 0.50879838242]
    ],
    [
      [0.27667920751, 0.72332079249],
      [0.43406919708, 0.56593080292]
    ],
    [
      [0.21741382558, 0.78258617442],
      [0.37457558766, 0.62542441234]
    ],
    [
      [0.25581226509, 0.74418773491],
      [0.40680898235, 0.59319101765]
    ],
    [
      [0.35596043075, 0.64403956925],
      [0.52563077157, 0.47436922843]
    ],
    [
      [0.33762598039, 0.66237401961],
      [0.50733626194, 0.49266373806]
    ],
    [
      [0.28340367283, 0.71659632717],
      [0.44312466895, 0.55687533105]
    ],
    [
      [0.22958951969, 0.77041048031],
      [0.37511195492, 0.62488804508]
    ],
    [
      [0.32288658267, 0.67711341733],
      [0.49014107916, 0.50985892084]
    ],
    [
      [0.28796566567, 0.71203433433],
      [0.45909136968, 0.54090863032]
    ],
    [
      [0.31855936017, 0.68144063983],
      [0.48488867335, 0.51511132665]
    ],
    [
      [0.2906696855, 0.7093303145],
      [0.46058470318, 0.53941529682]
    ],
    [
      [0.29233924848, 0.70766075152],
      [0.45351836015, 0.54648163985]
    ],
    [
      [0.31545859963, 0.68454140037],
      [0.48576416972, 0.51423583028]
    ],
    [
      [0.32735933031, 0.67264066969],
      [0.49547973283, 0.50452026717]
    ],
    [
      [0.2690825816, 0.7309174184],
      [0.43030580613, 0.56969419387]
    ]
  ],