{
  "X": [
    [1044, 816, 198],
    [456, 235, 99],
    [816, 479, 142],
    [800, 705, 164],
    [403, 218, 85],
    [517, 901, 83],
    [485, 1154, 117],
    [281, 426, 59],
    [815, 1003, 144],
    [241, 238, 53],
    [544, 432, 128],
    [325, 334, 60],
    [49, 39, 14],
    [18, 20, 12],
    [407, 559, 114],
    [549, 683, 142],
    [270, 387, 67],
    [1121, 1002, 214],
    [596, 812, 109],
    [448, 820, 73],
    [611, 1051, 171],
    [926, 1560, 207],
    [18, 23, 6],
    [39, 46, 13],
    [125, 100, 43],
    [1138, 1415, 248],
    [155, 111, 38],
    [1057, 1039, 274],
    [217, 246, 37]
  ],
  "W": [
    [155, 906, 690, 140, 167],
    [31, 404, 225, 45, 85],
    [66, 759, 442, 83, 87],
    [96, 699, 621, 113, 140],
    [43, 364, 200, 49, 50],
    [97, 487, 759, 58, 100],
    [68, 474, 1004, 56, 154],
    [41, 253, 378, 23, 71],
    [132, 697, 876, 87, 170],
    [20, 221, 221, 28, 42],
    [49, 513, 394, 57, 91],
    [18, 314, 296, 33, 58],
    [5, 44, 36, 3, 14],
    [1, 21, 20, 3, 5],
    [50, 404, 485, 58, 83],
    [41, 524, 605, 94, 110],
    [26, 281, 326, 44, 47],
    [89, 1097, 836, 101, 214],
    [86, 558, 701, 47, 125],
    [98, 392, 707, 62, 82],
    [64, 585, 932, 89, 163],
    [101, 907, 1319, 131, 235],
    [3, 13, 24, 3, 4],
    [6, 38, 42, 3, 9],
    [4, 117, 107, 21, 19],
    [135, 1006, 1284, 153, 223],
    [7, 147, 112, 12, 26],
    [164, 986, 933, 109, 178],
    [47, 182, 237, 11, 23]
  ],
  "method": "mcmc",
  "mcmc_stepsize": 3000,
  "mcmc_samples": 1000,
  "burn_in": 10000,
  "cond_prob": [
    [
      [0.51612910374, 0.39354831561, 0.090322580645],
      [0.50662251927, 0.39735098522, 0.096026495502],
      [0.50724633577, 0.39710152243, 0.095652141797],
      [0.50714280438, 0.39285711648, 0.10000007914],
      [0.50299414467, 0.39520941128, 0.10179644405]
    ],
    [
      [0.6128950172, 0.29032915276, 0.096775830043],
      [0.57920798569, 0.29702894385, 0.12376307046],
      [0.57333435394, 0.30222199769, 0.12444364836],
      [0.55555781084, 0.28888832476, 0.1555538644],
      [0.57646937794, 0.2941197512, 0.12941087086]
    ],
    [
      [0.57575757594, 0.33333333322, 0.090909090838],
      [0.56785243735, 0.33333333338, 0.098814229263],
      [0.56787330318, 0.33484162896, 0.097285067857],
      [0.56626506036, 0.32530120467, 0.10843373497],
      [0.56321839104, 0.33333333312, 0.10344827585]
    ],
    [
      [0.48958333333, 0.41666665839, 0.093750008278],
      [0.47925607716, 0.42346208597, 0.097281836872],
      [0.47826087494, 0.42351046648, 0.098228658583],
      [0.47787609494, 0.41592922182, 0.10619468323],
      [0.47857142857, 0.42142857824, 0.099999993189]
    ],
    [
      [0.58139533536, 0.30232557956, 0.11627908508],
      [0.57417582937, 0.30769230387, 0.11813186676],
      [0.56999999675, 0.31000000611, 0.11999999714],
      [0.55102041324, 0.32653060539, 0.12244898137],
      [0.55999998181, 0.30000001168, 0.14000000651]
    ],
    [
      [0.35051546392, 0.59793814433, 0.051546391753],
      [0.34702258727, 0.59958932238, 0.053388090349],
      [0.34387351779, 0.60210803689, 0.054018445323],
      [0.3275862069, 0.58620689655, 0.086206896551],
      [0.34, 0.6, 0.06]
    ],
    [
      [0.29411764706, 0.64705882353, 0.058823529413],
      [0.27637130802, 0.6582278481, 0.065400843881],
      [0.27589641434, 0.65836653387, 0.065737051793],
      [0.26785714287, 0.64285714285, 0.089285714284],
      [0.27272727273, 0.65584415584, 0.071428571428]
    ],
    [
      [0.39028330662, 0.53655001461, 0.073166678768],
      [0.36757202033, 0.55732483458, 0.075103145092],
      [0.3650847661, 0.55819744698, 0.076717786921],
      [0.3478428346, 0.56519907208, 0.086958093317],
      [0.36620051413, 0.54929651602, 0.084502969854]
    ],
    [
      [0.4242426132, 0.50757560405, 0.068181782752],
      [0.41606890236, 0.51076037041, 0.073170727234],
      [0.41438350292, 0.51255715415, 0.073059342935],
      [0.41379326472, 0.51724109261, 0.068965642671],
      [0.41176463252, 0.50588235294, 0.082353014537]
    ],
    [
      [0.49998826638, 0.44999993892, 0.050011794706],
      [0.45248974661, 0.44795422305, 0.099556030337],
      [0.45249934136, 0.44796167556, 0.099538983078],
      [0.42852103843, 0.46434450812, 0.10713445345],
      [0.45235850368, 0.42859384288, 0.11904765345]
    ],
    [
      [0.51020408165, 0.38775510204, 0.10204081631],
      [0.49317738781, 0.39181286576, 0.11500974643],
      [0.49238578685, 0.39340101498, 0.11421319817],
      [0.49122807012, 0.38596491249, 0.12280701739],
      [0.48351648392, 0.38461538408, 0.131868132]
    ],
    [
      [0.4999998142, 0.4444443591, 0.055555826699],
      [0.4554140085, 0.46178346173, 0.08280252977],
      [0.44932426809, 0.46959464108, 0.081081090831],
      [0.42424242578, 0.4848484151, 0.090909159121],
      [0.44827622882, 0.44827557058, 0.1034482006]
    ],
    [
      [0.61416415342, 0.34028834144, 0.045547505144],
      [0.49990558026, 0.36269417911, 0.13740024062],
      [0.44891683322, 0.40472508378, 0.146358083],
      [0.43888239762, 0.42150279234, 0.13961481004],
      [0.46112003662, 0.39324307276, 0.14563689062]
    ],
    [
      [0.43435384629, 0.36839506562, 0.19725108809],
      [0.37505371087, 0.38282794451, 0.24211834461],
      [0.34231575626, 0.4219142013, 0.23577004245],
      [0.37235427857, 0.41920441697, 0.20844130447],
      [0.3452280529, 0.37926416457, 0.27550778254]
    ],
    [
      [0.40000000917, 0.50000000023, 0.099999990601],
      [0.37871288815, 0.51732672163, 0.10396039022],
      [0.37525772125, 0.51958763765, 0.1051546411],
      [0.36206898618, 0.53448270933, 0.10344830449],
      [0.37349393643, 0.50602413312, 0.12048193046]
    ],
    [
      [0.41463414634, 0.48780487805, 0.09756097561],
      [0.40076335878, 0.49618320611, 0.10305343511],
      [0.4, 0.49752066116, 0.10247933884],
      [0.39361702128, 0.51063829787, 0.095744680851],
      [0.39090909091, 0.49090909091, 0.11818181818]
    ],
    [
      [0.42307246214, 0.50000463504, 0.076922902821],
      [0.37366575808, 0.53380562768, 0.092528614246],
      [0.37116410017, 0.53681327043, 0.092022629398],
      [0.36364573443, 0.54543731294, 0.090916952634],
      [0.36170487221, 0.53191766345, 0.10637746434]
    ],
    [
      [0.48314606742, 0.42696629213, 0.089887640449],
      [0.48040109389, 0.42844120328, 0.091157702826],
      [0.47966507177, 0.42942583732, 0.090909090909],
      [0.47524752475, 0.43564356436, 0.089108910891],
      [0.47663551402, 0.42523364486, 0.098130841121]
    ],
    [
      [0.39534883699, 0.53488372114, 0.069767441877],
      [0.39426523302, 0.53405017915, 0.071684587828],
      [0.39229671894, 0.5363766049, 0.07132667616],
      [0.38297872327, 0.55319148953, 0.063829787207],
      [0.39200000022, 0.52799999975, 0.080000000032]
    ],
    [
      [0.34693877512, 0.60204081679, 0.051020408086],
      [0.33418367351, 0.61224489789, 0.053571428601],
      [0.33380480908, 0.61244695901, 0.053748231901],
      [0.32258064498, 0.61290322611, 0.06451612891],
      [0.32926829282, 0.60975609682, 0.06097561036]
    ],
    [
      [0.35937499905, 0.56250000431, 0.07812499664],
      [0.33333333148, 0.57435897536, 0.092307693159],
      [0.33261802686, 0.5740343335, 0.093347639638],
      [0.32584270447, 0.57303369999, 0.10112359554],
      [0.33128833994, 0.57055215348, 0.098159506577]
    ],
    [
      [0.35643573562, 0.57425733368, 0.069306930704],
      [0.34399117915, 0.57993385069, 0.076074970158],
      [0.34344199094, 0.57998484875, 0.076573160311],
      [0.34351152529, 0.57251900118, 0.083969473532],
      [0.34042551213, 0.57872341305, 0.080851074821]
    ],
    [
      [0.3770246487, 0.49639360747, 0.12658174383],
      [0.40120485175, 0.46275580947, 0.13603933878],
      [0.37194894879, 0.50800817368, 0.12004287753],
      [0.38406607963, 0.48491490496, 0.13101901541],
      [0.39357249284, 0.4620131928, 0.14441431436]
    ],
    [
      [0.49800037454, 0.44295686456, 0.059042760898],
