{
  "X": [
    [84, 16],
    [81, 19],
    [86, 14],
    [88, 12],
    [87, 13],
    [81, 19],
    [85, 15],
    [81, 19],
    [77, 23],
    [82, 18],
    [83, 17],
    [83, 17],
    [71, 29],
    [75, 25],
    [74, 26],
    [66, 34],
    [73, 27],
    [76, 24],
    [68, 32],
    [82, 18],
    [75, 25],
    [68, 32],
    [79, 21],
    [71, 29],
    [67, 33],
    [65, 35],
    [66, 34],
    [66, 34],
    [61, 39],
    [58, 42],
    [66, 34],
    [62, 38],
    [58, 42],
    [57, 43],
    [63, 37],
    [65, 35],
    [59, 41],
    [76, 24],
    [83, 17],
    [87, 13],
    [83, 17],
    [84, 16],
    [84, 16],
    [80, 20],
    [81, 19],
    [76, 24],
    [75, 25],
    [82, 18],
    [86, 14],
    [86, 14]
  ],
  "W": [
    [60, 11, 15, 14],
    [68, 9, 13, 10],
    [55, 13, 13, 19],
    [62, 12, 15, 11],
    [64, 9, 16, 11],
    [61, 15, 13, 11],
    [64, 13, 11, 12],
    [57, 16, 14, 13],
    [56, 6, 24, 14],
    [64, 10, 7, 19],
    [64, 10, 15, 11],
    [68, 11, 10, 11],
    [36, 32, 16, 16],
    [11, 60, 14, 15],
    [17, 65, 7, 11],
    [11, 68, 12, 9],
    [18, 59, 16, 7],
    [11, 69, 4, 16],
    [14, 63, 13, 10],
    [12, 63, 11, 14],
    [15, 65, 13, 7],
    [6, 67, 19, 8],
    [15, 61, 8, 16],
    [12, 62, 14, 12],
    [11, 58, 10, 21],
    [11, 15, 61, 13],
    [14, 10, 59, 17],
    [12, 13, 59, 16],
    [9, 10, 56, 25],
    [12, 12, 60, 16],
    [19, 8, 65, 8],
    [13, 14, 62, 11],
    [9, 12, 67, 12],
    [9, 8, 68, 15],
    [13, 13, 65, 9],
    [12, 11, 65, 12],
    [9, 18, 63, 10],
    [17, 12, 30, 41],
    [13, 13, 10, 64],
    [15, 13, 7, 65],
    [10, 11, 11, 68],
    [8, 20, 12, 60],
    [11, 15, 13, 61],
    [12, 17, 18, 53],
    [10, 13, 14, 63],
    [15, 12, 15, 58],
    [14, 12, 18, 56],
    [16, 16, 13, 55],
    [14, 12, 6, 68],
    [21, 13, 10, 56]
  ],
  "method": "mvn_pdf",
  "cond_prob": [
    [
      [0.92588224695, 0.074117753052],
      [0.73208734243, 0.26791265757],
      [0.52142340293, 0.47857659707],
      [0.91158326399, 0.088416736009]
    ],
    [
      [0.89578614222, 0.10421385778],
      [0.65160570571, 0.34839429429],
      [0.42658174353, 0.57341825647],
      [0.87640107608, 0.12359892392]
    ],
    [
      [0.93485038054, 0.065149619459],
      [0.75866112377, 0.24133887623],
      [0.55634039808, 0.44365960192],
      [0.92214692063, 0.077853079368]
    ],
    [
      [0.94628871099, 0.053711289008],
      [0.79461144169, 0.20538855831],
      [0.60701594613, 0.39298405387],
      [0.93567616168, 0.064323838316]
    ],
    [
      [0.9413748193, 0.058625180697],
      [0.77884378399, 0.22115621601],
      [0.58422519744, 0.41577480256],
      [0.92985561886, 0.070144381144]
    ],
    [
      [0.90646774151, 0.093532258491],
      [0.6789217904, 0.3210782096],
      [0.45726846033, 0.54273153967],
      [0.88884683481, 0.11115316519]
    ],
    [
      [0.92447007074, 0.075529929259],
      [0.72789512686, 0.27210487314],
      [0.51592043099, 0.48407956901],
      [0.90991945415, 0.090080545851]
    ],
    [
      [0.91112173532, 0.088878264683],
      [0.69127194973, 0.30872805027],
      [0.4716766449, 0.5283233551],
      [0.89428457858, 0.10571542142]
    ],
    [
      [0.89885730561, 0.10114269439],
      [0.65979369909, 0.34020630091],
      [0.43610337215, 0.56389662785],
      [0.87999195388, 0.12000804612]
    ],
    [
      [0.88315768818, 0.11684231182],
      [0.62112312948, 0.37887687052],
      [0.39421760295, 0.60578239705],
      [0.86175200873, 0.13824799127]
    ],
    [
      [0.91838934121, 0.081610658791],
      [0.71082786715, 0.28917213285],
      [0.49482197825, 0.50517802175],
      [0.90278483246, 0.097215167538]
    ],
    [
      [0.90481107597, 0.095188924027],
      [0.67424339709, 0.32575660291],
      [0.4515190435, 0.5484809565],
      [0.8869011528, 0.1130988472]
    ],
    [
      [0.87541638093, 0.12458361907],
      [0.60539261983, 0.39460738017],
      [0.37998522153, 0.62001477847],
      [0.8528931878, 0.1471068122]
    ],
    [
      [0.92566924179, 0.074330758212],
      [0.73256128136, 0.26743871864],
      [0.52354132877, 0.47645867123],
      [0.91136553902, 0.088634460977]
    ],
    [
      [0.91357724664, 0.086422753356],
      [0.69892763755, 0.30107236245],
      [0.48200578234, 0.51799421766],
      [0.89719127455, 0.10280872545]
    ],
    [
      [0.88876804242, 0.11123195758],
      [0.63671606113, 0.36328393887],
      [0.41268461922, 0.58731538078],
      [0.8683404561, 0.1316595439]
    ],
    [
      [0.91979574349, 0.08020425651],
      [0.71600090131, 0.28399909869],
      [0.50279233055, 0.49720766945],
      [0.90447368013, 0.095526319867]
    ],
    [
      [0.92068237331, 0.079317626691],
      [0.71838813352, 0.28161186648],
      [0.50563662194, 0.49436337806],
      [0.9055105113, 0.094489488704]
    ],
    [
      [0.89532596419, 0.10467403581],
      [0.6523541922, 0.3476458078],
      [0.42928449989, 0.57071550011],
      [0.87593698836, 0.12406301164]
    ],
    [
      [0.94656294792, 0.053437052085],
      [0.79616220583, 0.20383779417],
      [0.61058693878, 0.38941306122],
      [0.93601696795, 0.063983032046]
    ],
    [
      [0.9272939115, 0.072706088496],
      [0.73728273378, 0.26271726622],
      [0.52965499598, 0.47034500402],
      [0.91327614309, 0.086723856907]
    ],
    [
      [0.91149364488, 0.088506355115],
      [0.69366641228, 0.30633358772],
      [0.4761374479, 0.5238625521],
      [0.89476649207, 0.10523350793]
    ],
    [
      [0.93258549347, 0.067414506526],
      [0.75269160629, 0.24730839371],
      [0.54965009418, 0.45034990582],
      [0.91949994711, 0.08050005289]
    ],
    [
      [0.91078757148, 0.08921242852],
      [0.69161178483, 0.30838821517],
      [0.47350862081, 0.52649137919],
      [0.89393563123, 0.10606436877]
    ],
    [
      [0.87563535074, 0.12436464926],
      [0.60648098724, 0.39351901276],
      [0.38158482999, 0.61841517001],
      [0.85317085519, 0.14682914481]
    ],
    [
      [0.92589535352, 0.07410464648],
      [0.73342958497, 0.26657041503],
      [0.52495597472, 0.47504402528],
      [0.91163781448, 0.08836218552]
    ],
    [
      [0.92342406155, 0.07657593845],
      [0.72629725556, 0.27370274444],
      [0.51578279652, 0.48421720348],
      [0.90873313062, 0.091266869384]
    ],
    [
      [0.92543641079, 0.074563589207],
      [0.73206196149, 0.26793803851],
      [0.52313700985, 0.47686299015],
      [0.9110970914, 0.088902908599]
    ],
    [
      [0.89745905457, 0.10254094543],
      [0.65768271734, 0.34231728266],
      [0.43518786553, 0.56481213447],
      [0.87841705214, 0.12158294786]
    ],
    [
      [0.89337849424, 0.10662150576],
      [0.64785921176, 0.35214078824],
      [0.42466474205, 0.57533525795],
      [0.87368673565, 0.12631326435]
    ],
    [
      [0.92984619216, 0.070153807838],
      [0.74486057634, 0.25513942366],
      [0.53970900974, 0.46029099026],
      [0.91628225189, 0.083717748107]
    ],
    [
      [0.91581387044, 0.084186129564],
      [0.70530885299, 0.29469114701],
      [0.49006307238, 0.50993692762],
      [0.89981849552, 0.10018150448]
    ],
    [
      [0.90697610733, 0.093023892674],
      [0.68196142701, 0.31803857299],
      [0.46267742414, 0.53732257586],
      [0.8894996189, 0.1105003811]
    ],
    [
      [0.90110586965, 0.09889413035],
      [0.66697221603, 0.33302778397],
      [0.44568005321, 0.55431994679],
      [0.882663441, 0.117336559]
    ],
    [
      [0.92303373969, 0.076966260306],
      [0.72532258387, 0.27467741613],
      [0.51472984681, 0.48527015319],
      [0.90827903611, 0.091720963895]
    ],
    [
      [0.92856678472, 0.071433215278],
      [0.74116111409, 0.25883888591],
      [0.53493845753, 0.46506154247],
      [0.91477829434, 0.085221705662]
    ],
    [
      [0.9091327991, 0.090867200902],
      [0.68758002882, 0.31241997118],
      [0.46917596596, 0.53082403404],
      [0.89201507632, 0.10798492368]
    ],
    [
      [0.91885528271, 0.081144717291],
