{
  "X": [
    [39, 61],
    [41, 59],
    [42, 58],
    [35, 65],
    [44, 56],
    [51, 49],
    [39, 61],
    [39, 61],
    [32, 68],
    [37, 63],
    [40, 60],
    [38, 62],
    [51, 49],
    [45, 55],
    [59, 41],
    [34, 66],
    [35, 65],
    [48, 52],
    [49, 51],
    [59, 41],
    [48, 52],
    [50, 50],
    [49, 51],
    [53, 47],
    [47, 53],
    [52, 48],
    [57, 43],
    [50, 50],
    [53, 47],
    [49, 51],
    [49, 51],
    [42, 58],
    [50, 50],
    [61, 39],
    [55, 45],
    [49, 51],
    [59, 41],
    [51, 49],
    [64, 36],
    [66, 34],
    [66, 34],
    [63, 37],
    [66, 34],
    [66, 34],
    [72, 28],
    [68, 32],
    [50, 50],
    [63, 37],
    [63, 37],
    [66, 34]
  ],
  "W": [
    [60, 11, 11, 18],
    [52, 15, 20, 13],
    [62, 6, 17, 15],
    [52, 15, 12, 21],
    [62, 13, 8, 17],
    [66, 9, 5, 20],
    [64, 13, 10, 13],
    [69, 15, 9, 7],
    [65, 12, 12, 11],
    [63, 8, 19, 10],
    [69, 9, 11, 11],
    [72, 8, 15, 5],
    [32, 40, 10, 18],
    [14, 60, 15, 11],
    [12, 58, 14, 16],
    [23, 60, 10, 7],
    [20, 60, 13, 7],
    [18, 57, 10, 15],
    [11, 65, 10, 14],
    [10, 66, 10, 14],
    [8, 59, 17, 16],
    [18, 56, 15, 11],
    [11, 69, 10, 10],
    [13, 66, 9, 12],
    [11, 68, 10, 11],
    [17, 8, 59, 16],
    [12, 13, 64, 11],
    [14, 15, 59, 12],
    [7, 16, 66, 11],
    [14, 13, 62, 11],
    [8, 14, 70, 8],
    [22, 9, 52, 17],
    [7, 12, 70, 11],
    [10, 16, 63, 11],
    [4, 14, 69, 13],
    [11, 17, 63, 9],
    [11, 11, 67, 11],
    [19, 12, 34, 35],
    [9, 12, 12, 67],
    [10, 12, 12, 66],
    [9, 18, 9, 64],
    [16, 15, 11, 58],
    [11, 13, 15, 61],
    [8, 9, 8, 75],
    [16, 17, 17, 50],
    [8, 10, 17, 65],
    [14, 13, 12, 61],
    [12, 9, 12, 67],
    [12, 21, 11, 56],
    [12, 13, 14, 61]
  ],
  "method": "mvn_pdf",
  "cond_prob": [
    [
      [0.25663752331, 0.74336247669],
      [0.43528918606, 0.56471081394],
      [0.49667238086, 0.50332761914],
      [0.73779301854, 0.26220698146]
    ],
    [
      [0.27055681158, 0.72944318842],
      [0.45296199879, 0.54703800121],
      [0.51454270075, 0.48545729925],
      [0.75127628704, 0.24872371296]
    ],
    [
      [0.29376662391, 0.70623337609],
      [0.48161218181, 0.51838781819],
      [0.54324008949, 0.45675991051],
      [0.77216472784, 0.22783527216]
    ],
    [
      [0.20289109732, 0.79710890268],
      [0.36219887557, 0.63780112443],
      [0.42095236585, 0.57904763415],
      [0.67477474968, 0.32522525032]
    ],
    [
      [0.3138449097, 0.6861550903],
      [0.50540891405, 0.49459108595],
      [0.56675751686, 0.43324248314],
      [0.78844525754, 0.21155474246]
    ],
    [
      [0.39318797571, 0.60681202429],
      [0.59166639161, 0.40833360839],
      [0.64974378602, 0.35025621398],
      [0.8407623747, 0.1592376253]
    ],
    [
      [0.27792834753, 0.72207165247],
      [0.46222916825, 0.53777083175],
      [0.52388179043, 0.47611820957],
      [0.75823148206, 0.24176851794]
    ],
    [
      [0.30467719621, 0.69532280379],
      [0.49461837756, 0.50538162244],
      [0.55611778449, 0.44388221551],
      [0.78114073268, 0.21885926732]
    ],
    [
      [0.22150256921, 0.77849743079],
      [0.38835514772, 0.61164485228],
      [0.4483662482, 0.5516337518],
      [0.69868643927, 0.30131356073]
    ],
    [
      [0.2607561942, 0.7392438058],
      [0.44054721646, 0.55945278354],
      [0.50199888136, 0.49800111864],
      [0.74183943783, 0.25816056217]
    ],
    [
      [0.30200565362, 0.69799434638],
      [0.49148029071, 0.50851970929],
      [0.55302564116, 0.44697435884],
      [0.77902340588, 0.22097659412]
    ],
    [
      [0.30236552523, 0.69763447477],
      [0.49187935102, 0.50812064898],
      [0.55341116396, 0.44658883604],
      [0.77926769863, 0.22073230137]
    ],
    [
      [0.3226604472, 0.6773395528],
      [0.51544853731, 0.48455146269],
      [0.5765529277, 0.4234470723],
      [0.79491983074, 0.20508016926]
    ],
    [
      [0.25428989271, 0.74571010729],
      [0.43202182149, 0.56797817851],
      [0.49326628688, 0.50673371312],
      [0.73491095426, 0.26508904574]
    ],
    [
      [0.36643048207, 0.63356951793],
      [0.56360674932, 0.43639325068],
      [0.62304987004, 0.37695012996],
      [0.82458263331, 0.17541736669]
    ],
    [
      [0.19522795326, 0.80477204674],
      [0.35097498051, 0.64902501949],
      [0.40900706142, 0.59099293858],
      [0.66364815334, 0.33635184666]
    ],
    [
      [0.19748453164, 0.80251546836],
      [0.35423641308, 0.64576358692],
      [0.41246133369, 0.58753866631],
      [0.66680267715, 0.33319732285]
    ],
    [
      [0.27820778065, 0.72179221935],
      [0.46239071718, 0.53760928282],
      [0.52398174844, 0.47601825156],
      [0.75813164347, 0.24186835653]
    ],
    [
      [0.27836561767, 0.72163438233],
      [0.46255366282, 0.53744633718],
      [0.52413423575, 0.47586576425],
      [0.758212757, 0.241787243]
    ],
    [
      [0.37018693623, 0.62981306377],
      [0.56756092342, 0.43243907658],
      [0.62681612439, 0.37318387561],
      [0.82687596437, 0.17312403563]
    ],
    [
      [0.25680280841, 0.74319719159],
      [0.43527723193, 0.56472276807],
      [0.49658147123, 0.50341852877],
      [0.73748451125, 0.26251548875]
    ],
    [
      [0.30378422543, 0.69621577457],
      [0.49336438212, 0.50663561788],
      [0.55481582349, 0.44518417651],
      [0.78008044549, 0.21991955451]
    ],
    [
      [0.28851093525, 0.71148906475],
      [0.47499508895, 0.52500491105],
      [0.53657097465, 0.46342902535],
      [0.76720297305, 0.23279702695]
    ],
    [
      [0.323551643, 0.676448357],
      [0.51635012728, 0.48364987272],
      [0.57739737863, 0.42260262137],
      [0.79539473449, 0.20460526551]
    ],
    [
      [0.26889424877, 0.73110575123],
      [0.45069019389, 0.54930980611],
      [0.51219089659, 0.48780910341],
      [0.74934429892, 0.25065570108]
    ],
    [
      [0.28295752792, 0.71704247208],
      [0.46825805715, 0.53174194285],
      [0.5298608453, 0.4701391547],
      [0.76241880372, 0.23758119628]
    ],
    [
      [0.33045411356, 0.66954588644],
      [0.52418318642, 0.47581681358],
      [0.58503311964, 0.41496688036],
      [0.80043104792, 0.19956895208]
    ],
    [
      [0.27107757679, 0.72892242321],
      [0.45345567622, 0.54654432378],
      [0.51498549141, 0.48501450859],
      [0.75144943764, 0.24855056236]
    ],
    [
      [0.2846960318, 0.7153039682],
      [0.47032550765, 0.52967449235],
      [0.53190602563, 0.46809397437],
      [0.76383841134, 0.23616158866]
    ],
    [
      [0.26363724687, 0.73636275313],
      [0.44403531332, 0.55596468668],
      [0.50546712434, 0.49453287566],
      [0.74428247565, 0.25571752435]
    ],
    [
      [0.25825779374, 0.74174220626],
      [0.43710948, 0.56289052],
      [0.49842910015, 0.50157089985],
      [0.73886382433, 0.26113617567]
    ],
    [
      [0.20976806125, 0.79023193875],
      [0.37184334072, 0.62815665928],
      [0.43105215722, 0.56894784278],
      [0.68355302688, 0.31644697312]
    ],
    [
      [0.25761156875, 0.74238843125],
      [0.4362894363, 0.5637105637],
      [0.49759991807, 0.50240008193],
      [0.73823787868, 0.26176212132]
    ],
    [
      [0.36588719829, 0.63411280171],
      [0.56299054656, 0.43700945344],
      [0.62244997594, 0.37755002406],
      [0.8241905257, 0.1758094743]
    ],
    [
      [0.29060763646, 0.70939236354],
      [0.47753204788, 0.52246795212],
      [0.53909574558, 0.46090425442],
      [0.76899805906, 0.23100194094]
    ],
    [
      [0.26363843872, 0.73636156128],
      [0.44401513402, 0.55598486598],
      [0.50543920871, 0.49456079129],
      [0.74423921834, 0.25576078166]
    ],
    [
      [0.34593455457, 0.65406544543],
      [0.54142979226, 0.45857020774],
      [0.6017487057, 0.3982512943],
      [0.81123614083, 0.18876385917]
    ],
    [
      [0.24107542164, 0.75892457836],
      [0.41482820523, 0.58517179477],
      [0.4757320455, 0.5242679545],
