{
  "X": [
    [60, 40],
    [66, 34],
    [51, 49],
    [60, 40],
    [67, 33],
    [60, 40],
    [59, 41],
    [56, 44],
    [59, 41],
    [62, 38],
    [65, 35],
    [56, 44],
    [70, 30],
    [79, 21],
    [73, 27],
    [66, 34],
    [70, 30],
    [69, 31],
    [77, 23],
    [66, 34],
    [70, 30],
    [70, 30],
    [66, 34],
    [68, 32],
    [70, 30],
    [53, 47],
    [42, 58],
    [46, 54],
    [50, 50],
    [40, 60],
    [51, 49],
    [42, 58],
    [58, 42],
    [45, 55],
    [42, 58],
    [39, 61],
    [54, 46],
    [43, 57],
    [23, 77],
    [27, 73],
    [22, 78],
    [32, 68],
    [30, 70],
    [29, 71],
    [25, 75],
    [26, 74],
    [21, 79],
    [30, 70],
    [27, 73],
    [22, 78]
  ],
  "W": [
    [68, 10, 14, 8],
    [67, 12, 6, 15],
    [65, 13, 14, 8],
    [67, 17, 7, 9],
    [65, 12, 10, 13],
    [63, 9, 20, 8],
    [55, 18, 14, 13],
    [54, 13, 19, 14],
    [61, 12, 12, 15],
    [61, 14, 12, 13],
    [68, 10, 13, 9],
    [68, 9, 11, 12],
    [33, 40, 12, 15],
    [11, 70, 11, 8],
    [16, 63, 6, 15],
    [12, 67, 12, 9],
    [16, 58, 13, 13],
    [10, 58, 13, 19],
    [11, 62, 17, 10],
    [11, 63, 9, 17],
    [10, 59, 17, 14],
    [9, 67, 12, 12],
    [19, 59, 11, 11],
    [11, 63, 12, 14],
    [11, 62, 13, 14],
    [13, 14, 63, 10],
    [14, 10, 67, 9],
    [7, 12, 67, 14],
    [10, 15, 61, 14],
    [18, 13, 60, 9],
    [14, 10, 63, 13],
    [4, 14, 72, 10],
    [13, 21, 55, 11],
    [15, 12, 63, 10],
    [12, 11, 62, 15],
    [15, 9, 59, 17],
    [14, 16, 64, 6],
    [13, 16, 32, 39],
    [6, 9, 16, 69],
    [11, 10, 17, 62],
    [14, 10, 14, 62],
    [12, 13, 16, 59],
    [8, 19, 11, 62],
    [13, 16, 17, 54],
    [14, 12, 10, 64],
    [12, 8, 12, 68],
    [14, 10, 8, 68],
    [12, 13, 11, 64],
    [17, 8, 11, 64],
    [13, 9, 9, 69]
  ],
  "method": "mvn_pdf",
  "cond_prob": [
    [
      [0.66496218912, 0.33503781088],
      [0.89505767841, 0.10494232159],
      [0.40069966296, 0.59930033704],
      [0.041638899122, 0.95836110088]
    ],
    [
      [0.7556940192, 0.2443059808],
      [0.92989801954, 0.070101980457],
      [0.51012766443, 0.48987233557],
      [0.062982197328, 0.93701780267]
    ],
    [
      [0.54308562554, 0.45691437446],
      [0.83677770351, 0.16322229649],
      [0.28572728968, 0.71427271032],
      [0.025460171248, 0.97453982875]
    ],
    [
      [0.62941123621, 0.37058876379],
      [0.87969963684, 0.12030036316],
      [0.3636625457, 0.6363374543],
      [0.035823208428, 0.96417679157]
    ],
    [
      [0.76178565041, 0.23821434959],
      [0.93200653448, 0.067993465524],
      [0.518540875, 0.481459125],
      [0.065014725763, 0.93498527424]
    ],
    [
      [0.68510664936, 0.31489335064],
      [0.90331099084, 0.096689009164],
      [0.42302086109, 0.57697913891],
      [0.045446959682, 0.95455304032]
    ],
    [
      [0.66853405349, 0.33146594651],
      [0.89666568382, 0.10333431618],
      [0.40421459768, 0.59578540232],
      [0.042138949248, 0.95786105075]
    ],
    [
      [0.66931928142, 0.33068071858],
      [0.89695235785, 0.10304764215],
      [0.40518912504, 0.59481087496],
      [0.042327850977, 0.95767214902]
    ],
    [
      [0.69409305188, 0.30590694812],
      [0.90698523681, 0.093014763187],
      [0.43298245384, 0.56701754616],
      [0.047138191928, 0.95286180807]
    ],
    [
      [0.70916854792, 0.29083145208],
      [0.91284022211, 0.087159777892],
      [0.45078727386, 0.54921272614],
      [0.050456339779, 0.94954366022]
    ],
    [
      [0.72442290254, 0.27557709746],
      [0.91854577662, 0.081454223385],
      [0.46971205303, 0.53028794697],
      [0.054266592105, 0.9457334079]
    ],
    [
      [0.63982537325, 0.36017462675],
      [0.88429627688, 0.11570372312],
      [0.37424387702, 0.62575612298],
      [0.037429788755, 0.96257021125]
    ],
    [
      [0.76441121183, 0.23558878817],
      [0.93306981352, 0.066930186484],
      [0.52122591834, 0.47877408166],
      [0.065250652903, 0.9347493471]
    ],
    [
      [0.74532320102, 0.25467679898],
      [0.92658618585, 0.073413814153],
      [0.49437538476, 0.50562461524],
      [0.058700095829, 0.94129990417]
    ],
    [
      [0.72473886607, 0.27526113393],
      [0.91919754388, 0.080802456123],
      [0.46770240581, 0.53229759419],
      [0.053086220235, 0.94691377977]
    ],
    [
      [0.52362831637, 0.47637168363],
      [0.82726693392, 0.17273306608],
      [0.26827254733, 0.73172745267],
      [0.02323534655, 0.97676465345]
    ],
    [
      [0.69790891749, 0.30209108251],
      [0.90891781514, 0.091082184865],
      [0.43581154963, 0.56418845037],
      [0.047219383677, 0.95278061632]
    ],
    [
      [0.74947213054, 0.25052786946],
      [0.92808123666, 0.071918763337],
      [0.49971635512, 0.50028364488],
      [0.059808600117, 0.94019139988]
    ],
    [
      [0.77934910474, 0.22065089526],
      [0.93822597089, 0.061774029112],
      [0.54175271629, 0.45824728371],
      [0.07007683896, 0.92992316104]
    ],
    [
      [0.62597866625, 0.37402133375],
      [0.87912144641, 0.12087855359],
      [0.35798927422, 0.64201072578],
      [0.034601136668, 0.96539886333]
    ],
    [
      [0.72299278008, 0.27700721992],
      [0.91845120924, 0.081548790759],
      [0.46598242862, 0.53401757138],
      [0.052890382065, 0.94710961794]
    ],
    [
      [0.64312478785, 0.35687521215],
      [0.88658972037, 0.11341027963],
      [0.37542222926, 0.62457777074],
      [0.037191765816, 0.96280823418]
    ],
    [
      [0.58715612899, 0.41284387101],
      [0.86057428035, 0.13942571965],
      [0.32212730523, 0.67787269477],
      [0.029820859597, 0.9701791404]
    ],
    [
      [0.64665975802, 0.35334024198],
      [0.88808595242, 0.11191404758],
      [0.37913539098, 0.62086460902],
      [0.037766952414, 0.96223304759]
    ],
    [
      [0.69444100609, 0.30555899391],
      [0.90764983198, 0.092350168022],
      [0.43146813328, 0.56853186672],
      [0.046362705812, 0.95363729419]
    ],
    [
      [0.73053656455, 0.26946343545],
      [0.92078772754, 0.079212272458],
      [0.47750717924, 0.52249282076],
      [0.055910126236, 0.94408987376]
    ],
    [
      [0.62541801142, 0.37458198858],
      [0.87771941601, 0.12228058399],
      [0.36011390814, 0.63988609186],
      [0.035372750076, 0.96462724992]
    ],
    [
      [0.69995407925, 0.30004592075],
      [0.90920677054, 0.090793229464],
      [0.44010766337, 0.55989233663],
      [0.048522172016, 0.95147782798]
    ],
    [
      [0.72004260211, 0.27995739789],
      [0.91692064384, 0.083079356159],
      [0.46421614437, 0.53578385563],
      [0.053138854486, 0.94686114551]
    ],
    [
      [0.56968799909, 0.43031200091],
      [0.85078889644, 0.14921110356],
      [0.30841016396, 0.69158983604],
      [0.028288294354, 0.97171170565]
    ],
    [
      [0.73834887465, 0.26165112535],
      [0.92364281275, 0.07635718725],
      [0.48751978165, 0.51248021835],
      [0.058042012029, 0.94195798797]
    ],
    [
      [0.63614506373, 0.36385493627],
      [0.88258267568, 0.11741732432],
      [0.37072295357, 0.62927704643],
      [0.036935688887, 0.96306431111]
    ],
    [
      [0.75471271076, 0.24528728924],
      [0.92952667548, 0.070473324521],
      [0.50895104603, 0.49104895397],
      [0.062770310662, 0.93722968934]
    ],
    [
      [0.64895870071, 0.35104129929],
      [0.88820523765, 0.11179476235],
      [0.38385139951, 0.61614860049],
      [0.038955881067, 0.96104411893]
    ],
    [
      [0.64924667228, 0.35075332772],
      [0.88837706465, 0.11162293535],
      [0.38402457739, 0.61597542261],
      [0.038957383407, 0.96104261659]
    ],
    [
      [0.62372071027, 0.37627928973],
      [0.87704714238, 0.12295285762],
      [0.35821294997, 0.64178705003],
      [0.035054048571, 0.96494595143]
    ],
    [
      [0.71224216577, 0.28775783423],
      [0.91391512983, 0.086084870171],
      [0.45489964555, 0.54510035445],
      [0.05137062835, 0.94862937165]
    ],
    [
      [0.75029553479, 0.24970446521],
