{
  "X": [
    [21, 79],
    [20, 80],
    [25, 75],
    [15, 85],
    [17, 83],
    [22, 78],
    [23, 77],
    [23, 77],
    [36, 64],
    [24, 76],
    [25, 75],
    [24, 76],
    [32, 68],
    [43, 57],
    [54, 46],
    [49, 51],
    [47, 53],
    [48, 52],
    [43, 57],
    [51, 49],
    [48, 52],
    [44, 56],
    [48, 52],
    [49, 51],
    [47, 53],
    [36, 64],
    [36, 64],
    [43, 57],
    [45, 55],
    [46, 54],
    [36, 64],
    [42, 58],
    [46, 54],
    [39, 61],
    [42, 58],
    [43, 57],
    [36, 64],
    [47, 53],
    [58, 42],
    [72, 28],
    [62, 38],
    [62, 38],
    [63, 37],
    [61, 39],
    [56, 44],
    [57, 43],
    [62, 38],
    [65, 35],
    [53, 47],
    [57, 43]
  ],
  "W": [
    [64, 13, 7, 16],
    [64, 10, 10, 16],
    [65, 10, 12, 13],
    [74, 5, 13, 8],
    [68, 10, 8, 14],
    [62, 14, 12, 12],
    [64, 10, 8, 18],
    [64, 9, 14, 13],
    [57, 16, 15, 12],
    [60, 17, 10, 13],
    [59, 16, 10, 15],
    [63, 15, 8, 14],
    [42, 35, 8, 15],
    [4, 62, 24, 10],
    [8, 69, 11, 12],
    [12, 55, 18, 15],
    [15, 69, 7, 9],
    [15, 63, 9, 13],
    [10, 68, 14, 8],
    [13, 57, 12, 18],
    [9, 60, 14, 17],
    [12, 63, 14, 11],
    [9, 63, 12, 16],
    [11, 75, 8, 6],
    [9, 64, 13, 14],
    [13, 10, 66, 11],
    [17, 14, 61, 8],
    [11, 12, 65, 12],
    [12, 8, 69, 11],
    [12, 12, 63, 13],
    [13, 12, 64, 11],
    [15, 11, 56, 18],
    [9, 9, 71, 11],
    [17, 7, 56, 20],
    [10, 14, 61, 15],
    [13, 13, 60, 14],
    [10, 9, 66, 15],
    [16, 17, 27, 40],
    [12, 15, 16, 57],
    [7, 11, 15, 67],
    [16, 5, 14, 65],
    [12, 14, 14, 60],
    [10, 14, 16, 60],
    [11, 14, 10, 65],
    [11, 9, 15, 65],
    [15, 14, 16, 55],
    [15, 17, 12, 56],
    [10, 15, 14, 61],
    [17, 15, 14, 54],
    [13, 11, 18, 58]
  ],
  "method": "mvn_pdf",
  "cond_prob": [
    [
      [0.022854742137, 0.97714525786],
      [0.42447887132, 0.57552112868],
      [0.30756195585, 0.69243804415],
      [0.74097038522, 0.25902961478]
    ],
    [
      [0.021372020947, 0.97862797905],
      [0.40746893634, 0.59253106366],
      [0.29286287247, 0.70713712753],
      [0.7274615163, 0.2725384837]
    ],
    [
      [0.041860716931, 0.95813928307],
      [0.58303757148, 0.41696242852],
      [0.45689723847, 0.54310276153],
      [0.84355600404, 0.15644399596]
    ],
    [
      [0.026404901966, 0.97359509803],
      [0.46416483591, 0.53583516409],
      [0.34218823895, 0.65781176105],
      [0.77151212336, 0.22848787664]
    ],
    [
      [0.01897013355, 0.98102986645],
      [0.3784812488, 0.6215187512],
      [0.26818070088, 0.73181929912],
      [0.70351624385, 0.29648375615]
    ],
    [
      [0.027847745278, 0.97215225472],
      [0.47495171799, 0.52504828201],
      [0.35279234874, 0.64720765126],
      [0.77748181111, 0.22251818889]
    ],
    [
      [0.026669687479, 0.97333031252],
      [0.4646870367, 0.5353129633],
      [0.34318987808, 0.65681012192],
      [0.77084733575, 0.22915266425]
    ],
    [
      [0.033377845924, 0.96662215408],
      [0.5233347696, 0.4766652304],
      [0.39793626629, 0.60206373371],
      [0.80918039165, 0.19081960835]
    ],
    [
      [0.077694150844, 0.92230584916],
      [0.73017823313, 0.26982176687],
      [0.61982760151, 0.38017239849],
      [0.91178656801, 0.088213431987]
    ],
    [
      [0.029383417075, 0.97061658293],
      [0.48864162362, 0.51135837638],
      [0.36549581269, 0.63450418731],
      [0.78657026362, 0.21342973638]
    ],
    [
      [0.029268987255, 0.97073101274],
      [0.48756789988, 0.51243210012],
      [0.36451309625, 0.63548690375],
      [0.78583290319, 0.21416709681]
    ],
    [
      [0.031805337288, 0.96819466271],
      [0.51032006273, 0.48967993727],
      [0.38560243237, 0.61439756763],
      [0.80097292345, 0.19902707655]
    ],
    [
      [0.027634145396, 0.9723658546],
      [0.46975813793, 0.53024186207],
      [0.34884925525, 0.65115074475],
      [0.77236728115, 0.22763271885]
    ],
    [
      [0.025269464187, 0.97473053581],
      [0.44389114622, 0.55610885378],
      [0.32625959851, 0.67374040149],
      [0.75212831917, 0.24787168083]
    ],
    [
      [0.040081704628, 0.95991829537],
      [0.5638370533, 0.4361629467],
      [0.43941848436, 0.56058151564],
      [0.83072584268, 0.16927415732]
    ],
    [
      [0.035112403328, 0.96488759667],
      [0.5297589594, 0.4702410406],
      [0.40580266509, 0.59419733491],
      [0.81069022804, 0.18930977196]
    ],
    [
      [0.034799924814, 0.96520007519],
      [0.52742403702, 0.47257596298],
      [0.4035472608, 0.5964527392],
      [0.80925315275, 0.19074684725]
    ],
    [
      [0.034991357319, 0.96500864268],
      [0.52896354847, 0.47103645153],
      [0.40500789575, 0.59499210425],
      [0.8102388353, 0.1897611647]
    ],
    [
      [0.027533161771, 0.97246683823],
      [0.46616877174, 0.53383122826],
      [0.34624290007, 0.65375709993],
      [0.76854603735, 0.23145396265]
    ],
    [
      [0.036653817677, 0.96334618232],
      [0.54107822563, 0.45892177437],
      [0.41678538884, 0.58321461116],
      [0.81758627097, 0.18241372903]
    ],
    [
      [0.029937193193, 0.97006280681],
      [0.48801939119, 0.51198060881],
      [0.3662833293, 0.6337166707],
      [0.78376214275, 0.21623785725]
    ],
    [
      [0.028770485839, 0.97122951416],
      [0.47772279369, 0.52227720631],
      [0.35676274129, 0.64323725871],
      [0.77673681523, 0.22326318477]
    ],
    [
      [0.030011609232, 0.96998839077],
      [0.48863704586, 0.51136295414],
      [0.36686396866, 0.63313603134],
      [0.78416673556, 0.21583326444]
    ],
    [
      [0.036397973604, 0.9636020264],
      [0.53882519436, 0.46117480564],
      [0.41468735058, 0.58531264942],
      [0.81609307407, 0.18390692593]
    ],
    [
      [0.029624669337, 0.97037533066],
      [0.48522196422, 0.51477803578],
      [0.3637063331, 0.6362936669],
      [0.78183621068, 0.21816378932]
    ],
    [
      [0.026992804583, 0.97300719542],
      [0.46144634855, 0.53855365145],
      [0.34186059173, 0.65813940827],
      [0.76536431661, 0.23463568339]
    ],
    [
      [0.029840222073, 0.97015977793],
      [0.48761549988, 0.51238450012],
      [0.36579956539, 0.63420043461],
      [0.78368171298, 0.21631828702]
    ],
    [
      [0.035296067266, 0.96470393273],
      [0.53116592354, 0.46883407646],
      [0.40715345437, 0.59284654563],
      [0.81156793744, 0.18843206256]
    ],
    [
      [0.041140638674, 0.95885936133],
      [0.57103266043, 0.42896733957],
      [0.44653816496, 0.55346183504],
      [0.83492130028, 0.16507869972]
    ],
    [
      [0.040597136206, 0.95940286379],
      [0.5676246811, 0.4323753189],
      [0.44310114783, 0.55689885217],
      [0.83301298303, 0.16698701697]
    ],
    [
      [0.02668734095, 0.97331265905],
      [0.45850268134, 0.54149731866],
      [0.33920287368, 0.66079712632],
      [0.76323494275, 0.23676505725]
    ],
    [
      [0.032222904666, 0.96777709533],
      [0.50776469759, 0.49223530241],
      [0.38465400696, 0.61534599304],
      [0.79702084257, 0.20297915743]
    ],
    [
      [0.040537301352, 0.95946269865],
      [0.56702470207, 0.43297529793],
      [0.44255099911, 0.55744900089],
      [0.83261130487, 0.16738869513]
    ],
    [
      [0.028117868335, 0.97188213166],
      [0.47245437725, 0.52754562275],
      [0.35176251475, 0.64823748525],
      [0.77339089989, 0.22660910011]
    ],
    [
      [0.030930392237, 0.96906960776],
      [0.49670073659, 0.50329926341],
      [0.37433291336, 0.62566708664],
      [0.7896429205, 0.2103570795]
    ],
    [
      [0.034968405154, 0.96503159485],
      [0.52889399944, 0.47110600056],
      [0.40491596794, 0.59508403206],
      [0.81023175309, 0.18976824691]
    ],
    [
      [0.023974566783, 0.97602543322],
      [0.43098684294, 0.56901315706],
      [0.31471955313, 0.68528044687],
      [0.74255696473, 0.25744303527]
    ],
    [
      [0.025295724378, 0.97470427562],
