{
  "X": [
    [32, 18, 5, 45],
    [26, 26, 5, 43],
    [34, 10, 4, 52],
    [27, 18, 5, 50],
    [27, 12, 5, 56],
    [30, 13, 6, 51],
    [32, 17, 2, 49],
    [36, 19, 5, 40],
    [25, 14, 2, 59],
    [36, 14, 5, 45],
    [30, 13, 6, 51],
    [29, 18, 6, 47],
    [33, 20, 6, 41],
    [29, 21, 5, 45],
    [30, 15, 6, 49],
    [41, 12, 5, 42],
    [34, 12, 6, 48],
    [30, 12, 6, 52],
    [43, 14, 6, 37],
    [35, 10, 9, 46],
    [30, 16, 2, 52],
    [32, 16, 4, 48],
    [27, 15, 2, 56],
    [23, 15, 6, 56],
    [25, 20, 3, 52],
    [37, 33, 9, 21],
    [29, 38, 15, 18],
    [35, 31, 15, 19],
    [33, 34, 13, 20],
    [33, 26, 20, 21],
    [30, 42, 11, 17],
    [30, 40, 14, 16],
    [40, 33, 8, 19],
    [30, 37, 21, 12],
    [27, 38, 13, 22],
    [28, 43, 13, 16],
    [41, 29, 17, 13],
    [27, 41, 15, 17],
    [34, 32, 16, 18],
    [32, 36, 12, 20],
    [30, 42, 12, 16],
    [36, 38, 7, 19],
    [28, 29, 16, 27],
    [23, 38, 13, 26],
    [31, 41, 11, 17],
    [36, 31, 9, 24],
    [30, 31, 16, 23],
    [32, 31, 14, 23],
    [34, 35, 10, 21],
    [29, 38, 17, 16]
  ],
  "W": [
    [76, 24],
    [67, 33],
    [72, 28],
    [74, 26],
    [78, 22],
    [77, 23],
    [78, 22],
    [67, 33],
    [76, 24],
    [73, 27],
    [76, 24],
    [74, 26],
    [64, 36],
    [77, 23],
    [71, 29],
    [76, 24],
    [83, 17],
    [83, 17],
    [81, 19],
    [78, 22],
    [77, 23],
    [77, 23],
    [84, 16],
    [77, 23],
    [79, 21],
    [19, 81],
    [20, 80],
    [26, 74],
    [22, 78],
    [30, 70],
    [24, 76],
    [22, 78],
    [30, 70],
    [16, 84],
    [30, 70],
    [20, 80],
    [26, 74],
    [18, 82],
    [24, 76],
    [29, 71],
    [21, 79],
    [22, 78],
    [21, 79],
    [28, 72],
    [24, 76],
    [27, 73],
    [26, 74],
    [25, 75],
    [29, 71],
    [26, 74]
  ],
  "method": "mvn_pdf",
  "cond_prob": [
    [
      [0.32929513079, 0.079585873443, 0.012470602231, 0.57864839353],
      [0.28975489139, 0.50345797986, 0.15471099417, 0.052076134574]
    ],
    [
      [0.27503071282, 0.10156240165, 0.010522247604, 0.61288463793],
      [0.22653107292, 0.60130020062, 0.12076636205, 0.051402364411]
    ],
    [
      [0.29010268872, 0.028240843246, 0.0055450045304, 0.67611146351],
      [0.45682458711, 0.3140406657, 0.1211032286, 0.10803151858]
    ],
    [
      [0.26837894852, 0.067204736858, 0.010328100543, 0.65408821408],
      [0.27887052861, 0.50107810311, 0.15080698456, 0.069244383723]
    ],
    [
      [0.25356819002, 0.043048953036, 0.009671321356, 0.69371153558],
      [0.3299064132, 0.40004003808, 0.17818469783, 0.091868850897]
    ],
    [
      [0.29236168122, 0.050399102769, 0.013129415403, 0.64410980061],
      [0.32311967017, 0.39786794176, 0.20641387409, 0.072598513978]
    ],
    [
      [0.31389595143, 0.068669345725, 0.0059418417178, 0.61149286113],
      [0.32954158746, 0.51862018182, 0.086257345056, 0.065580885662]
    ],
    [
      [0.36014536717, 0.061743037768, 0.0091032010465, 0.56900839401],
      [0.36607123938, 0.44651401611, 0.12847218893, 0.058942555577]
    ],
    [
      [0.22013659265, 0.039944416634, 0.0041559270752, 0.73576306364],
      [0.34525136238, 0.44767118209, 0.089984420675, 0.11709303485]
    ],
    [
      [0.35034655858, 0.048469799065, 0.0093869671523, 0.59179667521],
      [0.39512397173, 0.38872054704, 0.14808634683, 0.068069134403]
    ],
    [
      [0.28927000432, 0.048122166731, 0.012302925914, 0.65030490303],
      [0.33121373043, 0.3930903611, 0.1998164007, 0.075879507765]
    ],
    [
      [0.29566692993, 0.072799691662, 0.01366019261, 0.6178731858],
      [0.27525343754, 0.4862698479, 0.17977762967, 0.058699084902]
    ],
    [
      [0.32367908805, 0.059793870086, 0.0097416194614, 0.6067854224],
      [0.34227474323, 0.44934179426, 0.14316210108, 0.065221361431]
    ],
    [
      [0.30649592691, 0.10962606297, 0.014375610187, 0.56950239993],
      [0.22500966178, 0.58283652577, 0.14933483821, 0.042818974244]
    ],
    [
      [0.28252930532, 0.04721626269, 0.010110291519, 0.66014414047],
      [0.34144319014, 0.40601012838, 0.17144129888, 0.081105382599]
    ],
    [
      [0.413179462, 0.046796350596, 0.010559453045, 0.52946473436],
      [0.4357505202, 0.35063400594, 0.15649415132, 0.057121322543]
    ],
    [
      [0.34736092066, 0.062023541867, 0.020389881374, 0.5702256561],
      [0.30270573904, 0.38801666438, 0.25832655631, 0.050951040274]
    ],
    [
      [0.30281246618, 0.059889459445, 0.019500607906, 0.61779746647],
      [0.2803051699, 0.3984244704, 0.26272608395, 0.058544275755]
    ],
    [
      [0.45984941391, 0.073833019907, 0.020404848378, 0.4459127178],
      [0.34610258112, 0.39852255767, 0.22083764514, 0.03453721607]
    ],
    [
      [0.35319788694, 0.04636429827, 0.029048318135, 0.57138949665],
      [0.30315030601, 0.28295460583, 0.36373408755, 0.050161000606]
    ],
    [
      [0.28432256639, 0.057062815646, 0.0052879799616, 0.65332663801],
      [0.34120629001, 0.49121363819, 0.087669989352, 0.079910082449]
    ],
    [
      [0.31805967667, 0.064724748249, 0.0092516109447, 0.60796396413],
      [0.326496576, 0.47662083718, 0.13313343065, 0.063749156174]
    ],
    [
      [0.26698530837, 0.07192277609, 0.0064179033368, 0.6546740122],
      [0.28248121111, 0.55196161445, 0.094723671809, 0.070833502632]
    ],
    [
      [0.22858829717, 0.056093765538, 0.012784149166, 0.70253378813],
      [0.25830790771, 0.45500110083, 0.20588038755, 0.080810603915]
    ],
    [
      [0.25655186468, 0.095755114991, 0.0083907129966, 0.63930230733],
      [0.2261676456, 0.61275397126, 0.10348636929, 0.057592013855]
    ],
    [
      [0.26543038659, 0.038020099015, 0.0056683387723, 0.69088117563],
      [0.39330737751, 0.39238567197, 0.11393146931, 0.10037548122]
    ],
    [
      [0.28501235819, 0.064374915992, 0.012967115411, 0.63764561041],
      [0.29202872284, 0.46166323223, 0.18182265797, 0.064485386964]
    ],
    [
      [0.35686355838, 0.058575470442, 0.014584667481, 0.56997630369],
      [0.3485095122, 0.40044962354, 0.19549637053, 0.055544493737]
    ],
    [
      [0.29294506938, 0.052087246921, 0.010115196741, 0.64485248695],
      [0.34107499351, 0.423862913, 0.16085530716, 0.074206786319]
    ],
    [
      [0.34683033746, 0.055060923126, 0.024390922045, 0.57371781737],
      [0.30760754244, 0.34205399892, 0.29942267642, 0.050915782217]
    ],
    [
      [0.33826115019, 0.089508695248, 0.012021349968, 0.5602088046],
      [0.28483143327, 0.52965415012, 0.13847636381, 0.0470380528]
    ],
    [
      [0.34019973203, 0.082935743983, 0.014775221861, 0.56208930213],
      [0.28816831446, 0.49293821258, 0.17150813178, 0.047385341181]
    ],
    [
      [0.41516513601, 0.064462231962, 0.0087000893333, 0.5116725427],
      [0.40021679286, 0.43577573198, 0.11445215929, 0.049555315873]
    ],
    [
      [0.36159306119, 0.076541534191, 0.023884687698, 0.53798071692],
      [0.2828036524, 0.41878690395, 0.25671252965, 0.041696914002]
    ],
    [
      [0.29559854069, 0.082411559976, 0.014398692196, 0.60759120713],
      [0.26056813292, 0.51140544895, 0.17453752079, 0.05348889734]
    ],
    [
      [0.31056347514, 0.084831096388, 0.01295321635, 0.59165221212],
      [0.2720652631, 0.52137852438, 0.15519879134, 0.051357421172]
    ],
    [
      [0.49337564738, 0.066711840245, 0.020665461824, 0.41924705055],
      [0.38325653189, 0.36288586307, 0.22101057424, 0.03284703081]
    ],
    [
      [0.27126159709, 0.069523243481, 0.012904661838, 0.6463104976],
      [0.27179901196, 0.48766627191, 0.17681682517, 0.063717890957]
    ],
    [
      [0.35054620093, 0.060145957321, 0.015585118877, 0.57372272287],
      [0.33624718982, 0.40374807003, 0.20519617276, 0.054808567384]
    ],
    [
      [0.34460708122, 0.075926355791, 0.012989348292, 0.5664772147],
      [0.30961575356, 0.47934250832, 0.16010965321, 0.050932084923]
    ],
    [
      [0.3309029541, 0.083603659753, 0.012178138572, 0.57331524757],
      [0.2900442786, 0.51412387032, 0.14591285475, 0.04991899633]
    ],
