{
  "X": [
    [2, 68, 9, 21],
    [1, 72, 6, 21],
    [1, 69, 3, 27],
    [1, 62, 1, 36],
    [1, 71, 3, 25],
    [0, 73, 3, 24],
    [2, 61, 7, 30],
    [2, 68, 3, 27],
    [2, 69, 4, 25],
    [3, 73, 2, 22],
    [3, 64, 4, 29],
    [0, 68, 9, 23],
    [1, 64, 5, 30],
    [0, 72, 5, 23],
    [2, 63, 8, 27],
    [4, 64, 2, 30],
    [2, 75, 4, 19],
    [2, 65, 3, 30],
    [4, 65, 8, 23],
    [1, 66, 8, 25],
    [1, 69, 2, 28],
    [2, 68, 4, 26],
    [2, 66, 4, 28],
    [2, 67, 4, 27],
    [0, 68, 5, 27],
    [2, 24, 2, 72],
    [2, 29, 4, 65],
    [3, 35, 4, 58],
    [1, 28, 5, 66],
    [3, 38, 2, 57],
    [2, 24, 3, 71],
    [2, 27, 7, 64],
    [0, 29, 2, 69],
    [0, 23, 8, 69],
    [5, 31, 5, 59],
    [0, 39, 5, 56],
    [3, 27, 2, 68],
    [2, 33, 0, 65],
    [3, 24, 14, 59],
    [3, 22, 6, 69],
    [3, 26, 5, 66],
    [2, 27, 5, 66],
    [1, 20, 2, 77],
    [3, 23, 8, 66],
    [2, 31, 5, 62],
    [0, 29, 5, 66],
    [3, 32, 5, 60],
    [3, 33, 3, 61],
    [0, 25, 3, 72],
    [1, 28, 4, 67]
  ],
  "W": [
    [77, 23],
    [84, 16],
    [74, 26],
    [68, 32],
    [74, 26],
    [75, 25],
    [75, 25],
    [73, 27],
    [76, 24],
    [81, 19],
    [73, 27],
    [75, 25],
    [72, 28],
    [77, 23],
    [71, 29],
    [67, 33],
    [80, 20],
    [72, 28],
    [76, 24],
    [79, 21],
    [74, 26],
    [73, 27],
    [76, 24],
    [71, 29],
    [75, 25],
    [22, 78],
    [24, 76],
    [32, 68],
    [26, 74],
    [32, 68],
    [24, 76],
    [26, 74],
    [23, 77],
    [20, 80],
    [28, 72],
    [38, 62],
    [26, 74],
    [31, 69],
    [28, 72],
    [17, 83],
    [20, 80],
    [21, 79],
    [17, 83],
    [21, 79],
    [26, 74],
    [25, 75],
    [30, 70],
    [30, 70],
    [21, 79],
    [24, 76]
  ],
  "method": "mvn_pdf",
  "cond_prob": [
    [
      [0.012085362391, 0.85012113793, 0.097934515235, 0.03985898444],
      [0.024262290861, 0.086499469889, 0.12132131286, 0.76791692639]
    ],
    [
      [0.0073798978293, 0.8539969309, 0.059088896422, 0.07953427485],
      [0.0084223829239, 0.050202200388, 0.041866215247, 0.89950920144]
    ],
    [
      [0.0065886524462, 0.90927729443, 0.029499210125, 0.054634842998],
      [0.010985379835, 0.076804327076, 0.030432096662, 0.88177819643]
    ],
    [
      [0.0076266228404, 0.88341590367, 0.021778766104, 0.087178707382],
      [0.0083981674321, 0.049132283757, 0.014830439032, 0.92763910978]
    ],
    [
      [0.0060015584308, 0.92524431848, 0.027524810687, 0.041229312398],
      [0.012844842789, 0.10007069276, 0.036436832762, 0.85064763169]
    ],
    [
      [0.0029975622329, 0.93191881874, 0.026881927832, 0.038201691198],
      [0.0068578870311, 0.10811108737, 0.038174629418, 0.84685639618]
    ],
    [
      [0.015892870697, 0.79866195692, 0.079008182314, 0.10643699007],
      [0.013933001644, 0.035702766196, 0.042778488445, 0.90758574371]
    ],
    [
      [0.012499764287, 0.90724440647, 0.029158536228, 0.051097293014],
      [0.022031607354, 0.080640141767, 0.031682803326, 0.86564544755]
    ],
    [
      [0.013186933505, 0.89402419399, 0.036974971455, 0.055813901048],
      [0.021247163479, 0.072953697454, 0.036746400076, 0.86905273899]
    ],
    [
      [0.027566189787, 0.88502987792, 0.024600302676, 0.062803629615],
      [0.039420054285, 0.064242267151, 0.021631660543, 0.87470601802]
    ],
    [
      [0.027279876431, 0.86121705986, 0.039259955132, 0.072243108576],
      [0.034563684979, 0.055067871327, 0.030576202221, 0.87979224147]
    ],
    [
      [0.0030708955518, 0.86203549453, 0.095710253208, 0.039183356714],
      [0.0063358340706, 0.090514880884, 0.12269530584, 0.78045397921]
    ],
    [
      [0.0072192249243, 0.87426370858, 0.048078910368, 0.070438156128],
      [0.0094677476251, 0.058165345826, 0.039027479051, 0.8933394275]
    ],
    [
      [0.0031918470427, 0.90940485306, 0.04300212338, 0.044401176514],
      [0.0062797423527, 0.091137763758, 0.052559649436, 0.85002284445]
    ],
    [
      [0.012276866176, 0.85734910831, 0.082279703101, 0.04809432241],
      [0.021715640953, 0.076522771898, 0.089778053119, 0.81198353403]
    ],
    [
      [0.039562916261, 0.89664204938, 0.021943175219, 0.041851859136],
      [0.080326202554, 0.090616787039, 0.027274255768, 0.80178275464]
    ],
    [
      [0.012127186281, 0.91659750852, 0.034254706276, 0.037020598924],
      [0.027716763041, 0.10612371044, 0.048278821915, 0.8178807046]
    ],
    [
      [0.01375947727, 0.88578696069, 0.031413650341, 0.069039911695],
      [0.018510917212, 0.06019750297, 0.026059644908, 0.89523193491]
    ],
    [
      [0.048700375526, 0.81908320321, 0.082682125583, 0.049534295677],
      [0.07945670851, 0.067357019201, 0.08265567574, 0.77053059655]
    ],
    [
      [0.0074754491036, 0.81967723937, 0.0909214784, 0.081925833126],
      [0.0082281957077, 0.046258396305, 0.062066967299, 0.88344644069]
    ],
    [
      [0.0067707692969, 0.9081623519, 0.024389665422, 0.060677213379],
      [0.010311992347, 0.070100055472, 0.022982798734, 0.89660515345]
    ],
    [
      [0.012136345944, 0.90666823456, 0.035186929089, 0.046008490402],
      [0.023304769438, 0.087765570411, 0.04165510092, 0.84727455923]
    ],
    [
      [0.014870411496, 0.86034684905, 0.040261724673, 0.084521014785],
      [0.016420608466, 0.048302244333, 0.027439602448, 0.90783754475]
    ],
    [
      [0.011602855728, 0.91167291548, 0.034268547448, 0.04245568134],
      [0.023968477457, 0.094695910011, 0.043634324661, 0.83770128787]
    ],
    [
      [0.0035396588994, 0.88805976115, 0.046219896932, 0.062180683023],
      [0.005178256826, 0.066237435744, 0.042011195065, 0.88657311236]
    ],
    [
      [0.012269866065, 0.88599122065, 0.028077656047, 0.073661257233],
      [0.016395783231, 0.057418298873, 0.0232528404, 0.9029330775]
    ],
    [
      [0.00859708395, 0.9162305793, 0.03045297552, 0.044719361229],
      [0.017869890481, 0.092316111769, 0.039260342446, 0.8505536553]
    ],
    [
      [0.015768953278, 0.90691514417, 0.031803621031, 0.045512281521],
      [0.031712349922, 0.088835223075, 0.039499739946, 0.83995268706]
    ],
    [
      [0.0064949439246, 0.88570703246, 0.046561935525, 0.061236088086],
      [0.010113358483, 0.067298843839, 0.045022632479, 0.8775651652]
    ],
    [
      [0.012687944059, 0.935664511, 0.017298132041, 0.034349412899],
      [0.033083343975, 0.11836750955, 0.027861807712, 0.82068733876]
    ],
    [
      [0.014004475444, 0.8610199726, 0.038696517339, 0.086279034621],
      [0.016038486651, 0.048011015445, 0.027445652369, 0.90850484553]
    ],
    [
      [0.011173144053, 0.85660297867, 0.071562238611, 0.060661638667],
      [0.017084085332, 0.063935511687, 0.067809597561, 0.85117080542]
    ],
    [
      [0.0029991423611, 0.93077103416, 0.019832544621, 0.046397278855],
      [0.0061569295726, 0.092677480382, 0.025362716915, 0.87580287313]
    ],
    [
      [0.0036717621226, 0.8577231188, 0.082282806344, 0.056322312736],
      [0.0059829558683, 0.068130561977, 0.083585227648, 0.84230125451]
    ],
    [
      [0.043762801067, 0.87400712892, 0.038455683604, 0.043774386409],
      [0.086105110208, 0.083301361749, 0.046567470577, 0.78402605747]
    ],
    [
      [0.0034637634329, 0.89920621932, 0.043113837024, 0.054216180225],
      [0.0059817345725, 0.076560793862, 0.046257410055, 0.87120006151]
    ],
    [
      [0.02108022647, 0.8772590457, 0.028100694787, 0.073560033043],
      [0.027880917375, 0.056367270297, 0.022960498665, 0.89279131366]
    ],
    [
      [0.011436961062, 0.90514706871, 0.016863069514, 0.066552900719],
      [0.016811055583, 0.064824213535, 0.015329952053, 0.90303477883]
    ],
    [
      [0.018925406044, 0.62569573086, 0.29619327209, 0.059185591006],
      [0.024412855804, 0.039717721459, 0.23621695798, 0.69965246476]
    ],
    [
      [0.014869109869, 0.88872234933, 0.048647002626, 0.047761538172],
      [0.028479925646, 0.08213027795, 0.057780151665, 0.83160964474]
    ],
    [
      [0.013211455022, 0.91130242221, 0.03500345632, 0.040482666445],
