{
  "X": [
    [6, 25, 50, 19],
    [6, 32, 43, 19],
    [4, 35, 47, 14],
    [3, 27, 49, 21],
    [1, 29, 49, 21],
    [8, 33, 43, 16],
    [3, 22, 54, 21],
    [6, 25, 51, 18],
    [4, 26, 50, 20],
    [6, 20, 56, 18],
    [6, 36, 45, 13],
    [6, 18, 50, 26],
    [3, 22, 55, 20],
    [4, 41, 38, 17],
    [5, 26, 49, 20],
    [6, 31, 50, 13],
    [6, 35, 41, 18],
    [4, 28, 55, 13],
    [5, 31, 50, 14],
    [4, 25, 48, 23],
    [10, 29, 46, 15],
    [6, 32, 46, 16],
    [5, 33, 47, 15],
    [1, 34, 52, 13],
    [6, 35, 40, 19],
    [11, 23, 34, 32],
    [7, 43, 29, 21],
    [10, 32, 32, 26],
    [8, 31, 37, 24],
    [13, 27, 32, 28],
    [9, 25, 36, 30],
    [9, 25, 36, 30],
    [9, 25, 44, 22],
    [8, 34, 37, 21],
    [10, 34, 34, 22],
    [9, 29, 39, 23],
    [13, 23, 40, 24],
    [10, 21, 41, 28],
    [9, 31, 36, 24],
    [17, 22, 38, 23],
    [5, 30, 33, 32],
    [12, 24, 35, 29],
    [9, 26, 30, 35],
    [9, 26, 41, 24],
    [5, 33, 37, 25],
    [5, 23, 40, 32],
    [7, 26, 37, 30],
    [4, 31, 41, 24],
    [2, 30, 43, 25],
    [8, 28, 37, 27]
  ],
  "W": [
    [73, 27],
    [74, 26],
    [74, 26],
    [74, 26],
    [77, 23],
    [67, 33],
    [78, 22],
    [75, 25],
    [81, 19],
    [75, 25],
    [73, 27],
    [79, 21],
    [78, 22],
    [73, 27],
    [82, 18],
    [65, 35],
    [81, 19],
    [78, 22],
    [69, 31],
    [76, 24],
    [75, 25],
    [71, 29],
    [76, 24],
    [79, 21],
    [76, 24],
    [25, 75],
    [24, 76],
    [32, 68],
    [22, 78],
    [30, 70],
    [25, 75],
    [26, 74],
    [24, 76],
    [24, 76],
    [30, 70],
    [26, 74],
    [30, 70],
    [23, 77],
    [22, 78],
    [29, 71],
    [29, 71],
    [21, 79],
    [19, 81],
    [24, 76],
    [28, 72],
    [21, 79],
    [20, 80],
    [27, 73],
    [25, 75],
    [15, 85]
  ],
  "method": "mvn_pdf",
  "cond_prob": [
    [
      [0.033390269751, 0.25658623382, 0.56708126552, 0.14294223091],
      [0.11843571206, 0.2396878235, 0.33068362462, 0.31119283983]
    ],
    [
      [0.034601967659, 0.32960830768, 0.48934386556, 0.1464458591],
      [0.1186178282, 0.29742993576, 0.2759218749, 0.30803036115]
    ],
    [
      [0.02174702779, 0.35367897281, 0.5193397813, 0.1052342181],
      [0.081722770402, 0.35195795155, 0.32277053445, 0.2435487436]
    ],
    [
      [0.018380557395, 0.27283366349, 0.54937690273, 0.15940887639],
      [0.065450973575, 0.25812811685, 0.32452127849, 0.35189963109]
    ],
    [
      [0.012170404284, 0.28880430723, 0.53686623122, 0.16215905727],
      [0.043438618271, 0.27552632636, 0.31983933165, 0.36119572372]
    ],
    [
      [0.043896624116, 0.33960520667, 0.50039796608, 0.11610020313],
      [0.15340757495, 0.31176813293, 0.28694218015, 0.24788211197]
    ],
    [
      [0.018720099996, 0.22616729893, 0.59098480687, 0.1641277942],
      [0.067249998978, 0.21565143812, 0.3516857963, 0.36541276661]
    ],
    [
      [0.034388343337, 0.25576742517, 0.5726256092, 0.13721862229],
      [0.12288808249, 0.24045669038, 0.33605839036, 0.30059683678]
    ],
    [
      [0.024816604269, 0.26465467483, 0.54615408805, 0.16437463285],
      [0.086698022116, 0.24426209935, 0.31481530555, 0.35422457298]
    ],
    [
      [0.033384343227, 0.21021723635, 0.62284369056, 0.13355472986],
      [0.12238702787, 0.20274416245, 0.37473548481, 0.30013332487]
    ],
    [
      [0.032277542386, 0.36754945152, 0.50042307023, 0.099749935862],
      [0.11848628729, 0.35526656186, 0.3021561727, 0.22409097815]
    ],
    [
      [0.037564206875, 0.19732100591, 0.53774597335, 0.22736881387],
      [0.11837308526, 0.16329219783, 0.27790256677, 0.44043215014]
    ],
    [
      [0.018577278992, 0.22540667615, 0.60199994422, 0.15401610064],
      [0.067923417954, 0.21873345635, 0.36453927983, 0.34880384587]
    ],
    [
      [0.02172400536, 0.43098819037, 0.42378475784, 0.12350304643],
      [0.076955638583, 0.40447183748, 0.24867017833, 0.26990234561]
    ],
    [
      [0.031968159701, 0.2658137428, 0.53448123206, 0.16773686544],
      [0.10920270539, 0.23884664253, 0.30000398092, 0.35194667116]
    ],
    [
      [0.027818104367, 0.30574556765, 0.57371086769, 0.092725460295],
      [0.10694683714, 0.31061472595, 0.36368708937, 0.21875134755]
    ],
    [
      [0.039380696137, 0.36090338872, 0.45251305419, 0.14720286096],
      [0.13206800761, 0.3173209617, 0.24877617996, 0.30183485073]
    ],
    [
      [0.022473990899, 0.27561994313, 0.60065751747, 0.1012485485],
      [0.087550307621, 0.28387408632, 0.38604954081, 0.24252606526]
    ],
    [
      [0.02470048698, 0.30779022721, 0.56637119273, 0.10113809307],
      [0.094345923569, 0.31098960626, 0.35715795213, 0.23750651803]
    ],
    [
      [0.023470010651, 0.25624430515, 0.53493127026, 0.18535441394],
      [0.079727795308, 0.23043408623, 0.3004238101, 0.38941430837]
    ],
    [
      [0.078613382291, 0.29292875449, 0.51155842955, 0.11689943367],
      [0.25495715056, 0.2467577494, 0.26918472036, 0.22910037969]
    ],
    [
      [0.031986363779, 0.32585039016, 0.52386435174, 0.11829889432],
      [0.11561362146, 0.31044563441, 0.31169532283, 0.2622454213]
    ],
    [
      [0.028063132181, 0.33490378852, 0.5215279893, 0.11550509],
      [0.10270944901, 0.32331133859, 0.31447465151, 0.25950456089]
    ],
    [
      [0.011596339511, 0.33390539402, 0.55463989189, 0.099858374585],
      [0.0454147914, 0.34931682007, 0.36223339142, 0.24303499712]
    ],
    [
      [0.035819248139, 0.3629682434, 0.45234068858, 0.14887181988],
      [0.12063999901, 0.32147075183, 0.25046328712, 0.30742596203]
    ],
    [
      [0.040011474682, 0.25793162586, 0.51769382465, 0.18436307481],
      [0.13008251236, 0.22219449772, 0.27815148986, 0.36957150006]
    ],
    [
      [0.021939589686, 0.46751873599, 0.40543639634, 0.10510527799],
      [0.078723112792, 0.44648552466, 0.24187171112, 0.23291965143]
    ],
    [
      [0.037557122565, 0.34745261303, 0.46493628858, 0.15005397582],
      [0.1256583641, 0.30790167482, 0.25724155604, 0.30919840504]
    ],
    [
      [0.025198786051, 0.31804287747, 0.53534609338, 0.1214122431],
      [0.09209732694, 0.30926374226, 0.32461882375, 0.27402010705]
    ],
    [
      [0.05450782566, 0.29927311733, 0.4805334593, 0.16568559771],
      [0.17331839868, 0.25126736803, 0.25181384062, 0.32360039266]
    ],
    [
      [0.030727160576, 0.26956017978, 0.5346019844, 0.16511067525],
      [0.10493387717, 0.24447762102, 0.30235837431, 0.3482301275]
    ],
    [
      [0.031075558609, 0.26992760175, 0.53228294856, 0.16671389108],
      [0.10575581828, 0.24391508044, 0.29996294431, 0.35036615697]
    ],
    [
      [0.027292310489, 0.24592540154, 0.61822200277, 0.1085602852],
      [0.10418679276, 0.24954274794, 0.3907459256, 0.2555245337]
    ],
    [
      [0.025040646258, 0.34735639316, 0.52033914321, 0.10726381737],
      [0.092760721727, 0.34226644163, 0.31979900581, 0.24517383083]
    ],
    [
      [0.035225992253, 0.36162265019, 0.48185091726, 0.1213004403],
      [0.12340989958, 0.33578296791, 0.27926716794, 0.26153996457]
    ],
    [
      [0.029247016166, 0.29661670578, 0.55418958295, 0.1199466951],
      [0.10682911292, 0.28778815623, 0.33524881852, 0.27013391234]
    ],
    [
      [0.051008206232, 0.24654197568, 0.56969440397, 0.13275541412],
      [0.17502524965, 0.22349053081, 0.32193009347, 0.27955412608]
    ],
    [
      [0.032239632163, 0.22448692073, 0.59919350741, 0.1440799397],
      [0.11521699097, 0.21299646009, 0.35418072732, 0.31760582161]
    ],
    [
      [0.02858777029, 0.32199356106, 0.52628513231, 0.12313353634],
      [0.10307028468, 0.30854154854, 0.31451292342, 0.27387524336]
    ],
    [
      [0.082485721385, 0.24091423808, 0.54748282329, 0.12911721725],
      [0.26225478866, 0.20148133614, 0.28546339995, 0.25080047525]
    ],
    [
      [0.019698959853, 0.31914123692, 0.47824905427, 0.18291074895],
      [0.066150103803, 0.28562730245, 0.26715374713, 0.38106884662]
    ],
    [
      [0.041947100887, 0.26358122422, 0.53793887819, 0.1565327967],
