{
  "X": [
    [56, 4, 25, 15],
    [44, 9, 37, 10],
    [46, 6, 37, 11],
    [44, 6, 40, 10],
    [47, 6, 24, 23],
    [49, 11, 22, 18],
    [51, 10, 24, 15],
    [51, 4, 31, 14],
    [62, 1, 22, 15],
    [56, 2, 31, 11],
    [51, 7, 28, 14],
    [56, 7, 29, 8],
    [46, 5, 37, 12],
    [52, 5, 34, 9],
    [56, 3, 30, 11],
    [51, 5, 28, 16],
    [54, 3, 29, 14],
    [55, 5, 30, 10],
    [55, 7, 26, 12],
    [62, 6, 23, 9],
    [57, 2, 27, 14],
    [54, 2, 29, 15],
    [55, 3, 32, 10],
    [57, 4, 27, 12],
    [51, 6, 31, 12],
    [55, 15, 18, 12],
    [53, 15, 22, 10],
    [52, 14, 25, 9],
    [60, 14, 20, 6],
    [53, 12, 19, 16],
    [55, 12, 20, 13],
    [56, 10, 22, 12],
    [56, 10, 22, 12],
    [58, 12, 18, 12],
    [45, 15, 24, 16],
    [55, 14, 27, 4],
    [58, 17, 16, 9],
    [52, 9, 26, 13],
    [51, 21, 19, 9],
    [50, 8, 29, 13],
    [53, 8, 23, 16],
    [53, 14, 18, 15],
    [53, 15, 20, 12],
    [62, 9, 21, 8],
    [51, 13, 26, 10],
    [44, 16, 24, 16],
    [52, 13, 24, 11],
    [58, 9, 26, 7],
    [51, 16, 18, 15],
    [52, 11, 26, 11]
  ],
  "W": [
    [77, 23],
    [78, 22],
    [74, 26],
    [76, 24],
    [79, 21],
    [80, 20],
    [74, 26],
    [78, 22],
    [75, 25],
    [75, 25],
    [68, 32],
    [76, 24],
    [72, 28],
    [80, 20],
    [73, 27],
    [74, 26],
    [80, 20],
    [74, 26],
    [74, 26],
    [72, 28],
    [69, 31],
    [75, 25],
    [72, 28],
    [68, 32],
    [76, 24],
    [26, 74],
    [23, 77],
    [23, 77],
    [28, 72],
    [18, 82],
    [17, 83],
    [28, 72],
    [20, 80],
    [27, 73],
    [28, 72],
    [31, 69],
    [22, 78],
    [29, 71],
    [17, 83],
    [22, 78],
    [27, 73],
    [24, 76],
    [37, 63],
    [26, 74],
    [25, 75],
    [29, 71],
    [26, 74],
    [26, 74],
    [30, 70],
    [22, 78]
  ],
  "method": "mcmc",
  "mcmc_stepsize": 3000,
  "mcmc_samples": 1000,
  "burn_in": 10000,
  "cond_prob": [
    [
      [0.54381604434, 0.02046371457, 0.27578466941, 0.15993557169],
      [0.61418106896, 0.10540408601, 0.16367741111, 0.11673743392]
    ],
    [
      [0.43963708787, 0.044692529072, 0.41090239699, 0.10476798607],
      [0.44128668845, 0.25063557874, 0.22498241068, 0.083095322123]
    ],
    [
      [0.44479735902, 0.025146967546, 0.41264458848, 0.11741108495],
      [0.50326905509, 0.15919709237, 0.24862694049, 0.088906912055]
    ],
    [
      [0.42682956486, 0.026665941885, 0.4410950269, 0.10540946636],
      [0.48170637795, 0.1655578507, 0.26986574815, 0.0828700232]
    ],
    [
      [0.46249506597, 0.030048220819, 0.26407089979, 0.24338581342],
      [0.49823284706, 0.17267574073, 0.14944756746, 0.17964384476]
    ],
    [
      [0.50001304345, 0.060820904425, 0.24704728782, 0.19211876431],
      [0.44994782621, 0.3067163823, 0.11181084872, 0.13152494277]
    ],
    [
      [0.51246125612, 0.046951117129, 0.2781255335, 0.16246209325],
      [0.50299488642, 0.25098528202, 0.1314888662, 0.11453096537]
    ],
    [
      [0.49298088399, 0.020204620229, 0.33924015323, 0.14757434255],
      [0.57034050221, 0.11018361919, 0.20633036582, 0.11314551278]
    ],
    [
      [0.59608853105, 0.0055828398721, 0.24220878499, 0.15611984409],
      [0.69173440686, 0.023251480384, 0.15337364503, 0.13164046773]
    ],
    [
      [0.53251038589, 0.008944218731, 0.34235918519, 0.1161862102],
      [0.64246884234, 0.053167343807, 0.21292244444, 0.091441369414]
    ],
    [
      [0.49675167592, 0.025649540086, 0.32337126643, 0.15422751756],
      [0.53815268868, 0.16424472732, 0.18783605883, 0.10976652517]
    ],
    [
      [0.5564060913, 0.033768490359, 0.32551681086, 0.084308607482],
      [0.57138071087, 0.18473311386, 0.17753009896, 0.066356076306]
    ],
    [
      [0.44014032823, 0.018975215138, 0.41300234129, 0.12788211534],
      [0.51106772741, 0.12977801822, 0.25942255097, 0.099731703399]
    ],
    [
      [0.50937561632, 0.025401857572, 0.37196216703, 0.09326035908],
      [0.56249753474, 0.14839256971, 0.21215133187, 0.07695856368]
    ],
    [
      [0.53598736829, 0.012936270393, 0.33509289259, 0.11598346873],
      [0.62492304128, 0.076135268938, 0.20511921634, 0.093822473439]
    ],
    [
      [0.49603478676, 0.023161482969, 0.3088050488, 0.17199868147],
      [0.54974714539, 0.12638654847, 0.19801639957, 0.12584990658]
    ],
    [
      [0.52329297508, 0.015604182989, 0.31444959503, 0.1466532469],
      [0.60682809966, 0.087583268044, 0.19220161987, 0.11338701242]
    ],
    [
      [0.53518900217, 0.022251796085, 0.33558771527, 0.10697148648],
      [0.59215437845, 0.1289756573, 0.19871188732, 0.080158076938]
    ],
    [
      [0.54703559308, 0.030590595293, 0.29346412588, 0.12890968576],
      [0.55843715817, 0.18216522878, 0.16475594943, 0.094641663618]
    ],
    [
      [0.61170683679, 0.028548910937, 0.2631765043, 0.096567747975],
      [0.64132527684, 0.14087422902, 0.14468898894, 0.073111505206]
    ],
    [
      [0.53889941275, 0.0075767915985, 0.3086540856, 0.14486971006],
      [0.63922388776, 0.04765165741, 0.1839634869, 0.12916096793]
    ],
    [
      [0.51188612376, 0.010161531653, 0.32011049253, 0.15784185205],
      [0.62434162872, 0.049515405041, 0.1996685224, 0.12647444384]
    ],
    [
      [0.52388736007, 0.01259723447, 0.35868543907, 0.10482996639],
      [0.61714678839, 0.074749968505, 0.22052315667, 0.087580086435]
    ],
    [
      [0.5460307831, 0.014945032426, 0.31102583219, 0.12799835228],
      [0.6209345859, 0.093241806095, 0.18282010659, 0.10300350141]
    ],
    [
      [0.50084247047, 0.027555542237, 0.34418696205, 0.12741502524],
      [0.53899884352, 0.16274078292, 0.20174128684, 0.096519086725]
    ],
    [
      [0.51526495603, 0.040922054752, 0.29460211752, 0.14921087171],
      [0.56220420464, 0.18832468347, 0.13973439114, 0.10973672075]
    ],
    [
      [0.49356197986, 0.038448980805, 0.34837565587, 0.11961338346],
      [0.54088408394, 0.1833204343, 0.18165402487, 0.094141456888]
    ],
    [
      [0.47393548801, 0.033462722902, 0.38941683541, 0.10318495368],
      [0.53375952956, 0.17182282303, 0.2083560102, 0.086061637212]
    ],
    [
      [0.58248460942, 0.033155179638, 0.31988571374, 0.064474497199],
      [0.60681154078, 0.18155076347, 0.15337777799, 0.058259917756]
    ],
    [
      [0.48611720682, 0.023920522606, 0.29960994157, 0.190352329],
      [0.53963280826, 0.14109061699, 0.16593928112, 0.15333729363]
    ],
    [
      [0.51762010623, 0.02250609127, 0.30625115981, 0.15362264269],
      [0.55663202644, 0.13996863191, 0.17823771426, 0.1251616274]
    ],
    [
      [0.51172706622, 0.019350230643, 0.32117013323, 0.1477525699],
      [0.57877280758, 0.13136379919, 0.1806560593, 0.10920733393]
    ],
    [
      [0.50393363447, 0.020531502334, 0.33373119453, 0.14180366867],
      [0.57401659138, 0.11986712442, 0.19156720137, 0.11454908283]
    ],
    [
      [0.5404155997, 0.029079950293, 0.28535175763, 0.14515269237],
      [0.59464080559, 0.15362796359, 0.14103428142, 0.1106969494]
    ],
    [
      [0.41651369248, 0.03365531531, 0.35100757739, 0.19882341482],
      [0.46302245292, 0.19524515516, 0.19683038657, 0.14490200535]
    ],
    [
      [0.52465031504, 0.039547883102, 0.38897191696, 0.046829884899],
      [0.5613889889, 0.18513066121, 0.2165488489, 0.036931500987]
    ],
    [
      [0.58286932635, 0.046274077704, 0.26144729057, 0.10940930538],
      [0.57919070282, 0.20489705501, 0.13138666163, 0.084525580535]
    ],
    [
      [0.46300491037, 0.016898583342, 0.36334629229, 0.156750214],
      [0.5432796845, 0.11985832511, 0.21778813413, 0.11907385626]
    ],
    [
      [0.53188439604, 0.045673643944, 0.31052776206, 0.11191419796],
      [0.50551765382, 0.24365720546, 0.1653135909, 0.085511549814]
    ],
    [
      [0.42626389063, 0.016414535434, 0.41540972977, 0.14191184417],
      [0.52079736418, 0.097934361801, 0.25462802494, 0.12664024908]
    ],
    [
      [0.46370751395, 0.015767181209, 0.32687815709, 0.19364714775],
      [0.55451913867, 0.10375734394, 0.19416835286, 0.14755516453]
    ],
