{
  "X": [
    [42, 22, 29, 7],
    [43, 23, 23, 11],
    [34, 31, 25, 10],
    [44, 18, 30, 8],
    [44, 27, 22, 7],
    [38, 34, 20, 8],
    [44, 32, 17, 7],
    [38, 22, 27, 13],
    [41, 23, 22, 14],
    [45, 25, 20, 10],
    [47, 28, 15, 10],
    [47, 21, 21, 11],
    [35, 36, 19, 10],
    [38, 25, 27, 10],
    [38, 23, 28, 11],
    [44, 25, 17, 14],
    [51, 23, 20, 6],
    [42, 29, 21, 8],
    [34, 24, 27, 15],
    [33, 39, 24, 4],
    [37, 27, 23, 13],
    [47, 28, 17, 8],
    [40, 28, 19, 13],
    [39, 25, 27, 9],
    [36, 28, 27, 9],
    [26, 41, 13, 20],
    [31, 37, 5, 27],
    [20, 50, 10, 20],
    [29, 35, 10, 26],
    [27, 36, 12, 25],
    [28, 40, 7, 25],
    [27, 46, 7, 20],
    [33, 42, 10, 15],
    [30, 43, 8, 19],
    [34, 38, 8, 20],
    [31, 42, 6, 21],
    [34, 24, 14, 28],
    [33, 33, 7, 27],
    [38, 33, 2, 27],
    [34, 37, 10, 19],
    [29, 34, 8, 29],
    [27, 38, 5, 30],
    [26, 44, 11, 19],
    [29, 35, 13, 23],
    [26, 41, 12, 21],
    [24, 45, 6, 25],
    [29, 34, 8, 29],
    [34, 31, 7, 28],
    [33, 33, 6, 28],
    [31, 34, 3, 32]
  ],
  "W": [
    [78, 22],
    [79, 21],
    [78, 22],
    [84, 16],
    [77, 23],
    [72, 28],
    [73, 27],
    [67, 33],
    [73, 27],
    [75, 25],
    [78, 22],
    [77, 23],
    [73, 27],
    [81, 19],
    [79, 21],
    [79, 21],
    [74, 26],
    [68, 32],
    [73, 27],
    [74, 26],
    [69, 31],
    [76, 24],
    [78, 22],
    [74, 26],
    [73, 27],
    [27, 73],
    [24, 76],
    [19, 81],
    [25, 75],
    [31, 69],
    [24, 76],
    [18, 82],
    [34, 66],
    [27, 73],
    [23, 77],
    [24, 76],
    [30, 70],
    [29, 71],
    [15, 85],
    [21, 79],
    [24, 76],
    [25, 75],
    [27, 73],
    [29, 71],
    [26, 74],
    [20, 80],
    [24, 76],
    [25, 75],
    [25, 75],
    [22, 78]
  ],
  "method": "mcmc",
  "mcmc_stepsize": 3000,
  "mcmc_samples": 1000,
  "burn_in": 10000,
  "cond_prob": [
    [
      [0.44946142998, 0.16819994743, 0.36423929786, 0.018099324737],
      [0.31554583916, 0.40365473186, 0.026787943959, 0.25401148502]
    ],
    [
      [0.47693891467, 0.19466884066, 0.28747946931, 0.040912775367],
      [0.25342027339, 0.36291245657, 0.013767710696, 0.36989955934]
    ],
    [
      [0.38239222683, 0.26557548198, 0.31546673094, 0.036565560255],
      [0.1897002867, 0.46750510934, 0.017890681229, 0.32490392273]
    ],
    [
      [0.46641040654, 0.15001542202, 0.35256314825, 0.031011023187],
      [0.30134536564, 0.33741903438, 0.024043471712, 0.33719212827]
    ],
    [
      [0.48576722117, 0.21543135479, 0.27979895707, 0.01900246697],
      [0.28677930305, 0.45268633395, 0.019803491547, 0.24073087145]
    ],
    [
      [0.44118387638, 0.26748927321, 0.26842803352, 0.022898816885],
      [0.22267003216, 0.5264561546, 0.024042199515, 0.22683161372]
    ],
    [
      [0.50496953855, 0.24921873976, 0.2274906494, 0.018321072291],
      [0.264341618, 0.51137155546, 0.014562318291, 0.20972450825]
    ],
    [
      [0.43874076216, 0.14404415067, 0.38549829951, 0.031716787655],
      [0.26073845258, 0.37421339107, 0.035503452503, 0.32954470385]
    ],
    [
      [0.47246881534, 0.18530245482, 0.29673210832, 0.045496621523],
      [0.24110283261, 0.35084891846, 0.012539114534, 0.3955091344]
    ],
    [
      [0.5055660473, 0.20248938131, 0.26243488974, 0.029509681654],
      [0.28330185809, 0.39253185608, 0.012695330786, 0.31147095504]
    ],
    [
      [0.52642374135, 0.24400439112, 0.19007707862, 0.039494788915],
      [0.26995218976, 0.40762079512, 0.0079085394509, 0.31451847567]
    ],
    [
      [0.52193456475, 0.17200939252, 0.26915099114, 0.036905051592],
      [0.29613210933, 0.33718594678, 0.011972768783, 0.3547091751]
    ],
    [
      [0.40939447274, 0.30304692292, 0.25327665499, 0.034281949349],
      [0.18941494406, 0.51398424543, 0.018918673558, 0.27768213695]
    ],
    [
      [0.41779257289, 0.21309314315, 0.3285092127, 0.040605071268],
      [0.21888429452, 0.40733975817, 0.020565987983, 0.35320995933]
    ],
    [
      [0.41974611991, 0.19138711848, 0.34933212187, 0.03953463973],
      [0.23047888223, 0.37525798284, 0.019179160577, 0.37508397435]
    ],
    [
      [0.50128564647, 0.22259668941, 0.212983189, 0.063134475117],
      [0.20944923472, 0.35308864459, 0.008301336611, 0.42916078408]
    ],
    [
      [0.55597882843, 0.16481585797, 0.26540423416, 0.013801079446],
      [0.37913718062, 0.41552409656, 0.013849487399, 0.19148923542]
    ],
    [
      [0.48426685538, 0.2041964728, 0.29694812209, 0.014588549735],
      [0.28343293232, 0.47233249531, 0.02523524056, 0.21899933181]
    ],
    [
      [0.39170506476, 0.198218405, 0.36185725392, 0.048219276314],
      [0.2002048249, 0.35296505314, 0.021645202367, 0.4251849196]
    ],
    [
      [0.38292192906, 0.2923805026, 0.31481958744, 0.0098779808972],
      [0.17937604806, 0.66784010799, 0.02705194343, 0.12573190052]
    ],
    [
      [0.43943763046, 0.19974685514, 0.32175816208, 0.039057352324],
      [0.21544527414, 0.42636990308, 0.025764090854, 0.33242073192]
    ],
    [
      [0.52768847974, 0.22742421507, 0.22007951392, 0.024807791268],
      [0.28731981414, 0.44648998562, 0.011414872591, 0.25477532765]
    ],
    [
      [0.4580483072, 0.24970529134, 0.24078129223, 0.051465109225],
      [0.19419236538, 0.38740851252, 0.0099572366243, 0.40844188547]
    ],
    [
      [0.43527720986, 0.18693385408, 0.35325000268, 0.024538933386],
      [0.26113409502, 0.42949595378, 0.033057684686, 0.27631226652]
    ],
    [
      [0.40767310444, 0.20928611177, 0.35838084181, 0.02465994198],
      [0.23110605095, 0.47118940152, 0.031044390665, 0.26666015687]
    ],
    [
      [0.37583181529, 0.21400491773, 0.38782990955, 0.02233335744],
      [0.21715809572, 0.4824913318, 0.034638252634, 0.26571231985]
    ],
    [
      [0.53598349721, 0.23806083797, 0.1753878072, 0.050567857631],
      [0.23863679036, 0.41166499854, 0.010403850359, 0.33929436075]
    ],
    [
      [0.31723667897, 0.25934737491, 0.39824692843, 0.025169017698],
      [0.17250003827, 0.55644938119, 0.030040843949, 0.24100973659]
    ],
    [
      [0.44789123438, 0.19854301992, 0.32478679315, 0.028778952546],
      [0.23736958854, 0.40048566003, 0.025071068948, 0.33707368248]
    ],
    [
      [0.40993987439, 0.21593192614, 0.33260228559, 0.04152591388],
      [0.20712846223, 0.42472623608, 0.024483031114, 0.34366227058]
    ],
    [
      [0.4724430864, 0.24266682024, 0.24263825492, 0.04225183845],
      [0.21922849903, 0.44968416203, 0.015482656342, 0.31560468259]
    ],
    [
      [0.44731066329, 0.23206774726, 0.29291047932, 0.027711110137],
      [0.23107814708, 0.51003390914, 0.02106843137, 0.23781951241]
    ],
    [
      [0.48313407027, 0.24422696342, 0.25426508472, 0.018373881597],
      [0.25111275168, 0.51054974612, 0.020530107873, 0.21780739433]
    ],
    [
      [0.46502906923, 0.25272158186, 0.25287293976, 0.029376409158],
      [0.23896185111, 0.49556873, 0.016060693515, 0.24940872538]
    ],
    [
      [0.49380739259, 0.20430659112, 0.27701044584, 0.024875570449],
      [0.29405753208, 0.43247984941, 0.021152723969, 0.25230989454]
    ],
    [
      [0.50597426295, 0.25505891019, 0.20713620392, 0.031830622941],
      [0.24811339065, 0.47208665994, 0.013535935604, 0.26626401381]
    ],
    [
      [0.45410464858, 0.11980850484, 0.39144739477, 0.034639451811],
      [0.29109800775, 0.29151064078, 0.032236830812, 0.38515452065]
    ],
    [
      [0.5409698789, 0.19987018616, 0.21227186277, 0.046888072173],
      [0.24382920439, 0.3831516141, 0.011888957462, 0.36113022404]
    ],
    [
      [0.67017778294, 0.19726228419, 0.096437568658, 0.036122364217],
      [0.32879215595, 0.35342430279, 0.0065110172956, 0.31127252396]
    ],
    [
      [0.45223943153, 0.16858173893, 0.35989724259, 0.019281586953],
      [0.31016420175, 0.42354156307, 0.030913391209, 0.23538084397]
    ],
    [
      [0.4691557099, 0.21188446423, 0.27889532205, 0.040064503815],
