{
  "X": [
    [15, 11, 54, 20],
    [11, 8, 59, 22],
    [14, 11, 47, 28],
    [15, 7, 42, 36],
    [17, 7, 44, 32],
    [9, 5, 52, 34],
    [7, 5, 60, 28],
    [14, 8, 50, 28],
    [10, 4, 56, 30],
    [11, 11, 50, 28],
    [16, 8, 45, 31],
    [12, 4, 54, 30],
    [11, 6, 52, 31],
    [16, 6, 49, 29],
    [14, 9, 47, 30],
    [12, 9, 46, 33],
    [11, 9, 57, 23],
    [15, 13, 38, 34],
    [11, 9, 55, 25],
    [11, 10, 51, 28],
    [9, 7, 50, 34],
    [13, 8, 54, 25],
    [16, 14, 48, 22],
    [13, 5, 48, 34],
    [11, 9, 55, 25],
    [33, 16, 19, 32],
    [27, 22, 21, 30],
    [35, 22, 18, 25],
    [25, 21, 17, 37],
    [22, 27, 14, 37],
    [20, 18, 27, 35],
    [32, 21, 11, 36],
    [30, 16, 21, 33],
    [20, 17, 23, 40],
    [21, 20, 20, 39],
    [29, 28, 18, 25],
    [21, 23, 21, 35],
    [24, 24, 26, 26],
    [29, 26, 21, 24],
    [34, 20, 18, 28],
    [32, 16, 15, 37],
    [32, 14, 21, 33],
    [27, 21, 23, 29],
    [32, 17, 19, 32],
    [28, 19, 22, 31],
    [25, 20, 17, 38],
    [28, 24, 17, 31],
    [22, 21, 27, 30],
    [31, 23, 18, 28],
    [27, 22, 24, 27]
  ],
  "W": [
    [75, 25],
    [72, 28],
    [76, 24],
    [70, 30],
    [70, 30],
    [86, 14],
    [86, 14],
    [78, 22],
    [78, 22],
    [79, 21],
    [74, 26],
    [80, 20],
    [80, 20],
    [81, 19],
    [67, 33],
    [70, 30],
    [82, 18],
    [65, 35],
    [75, 25],
    [77, 23],
    [75, 25],
    [76, 24],
    [72, 28],
    [72, 28],
    [81, 19],
    [24, 76],
    [23, 77],
    [17, 83],
    [19, 81],
    [26, 74],
    [24, 76],
    [19, 81],
    [24, 76],
    [29, 71],
    [25, 75],
    [20, 80],
    [23, 77],
    [35, 65],
    [24, 76],
    [24, 76],
    [20, 80],
    [27, 73],
    [24, 76],
    [27, 73],
    [26, 74],
    [22, 78],
    [19, 81],
    [29, 71],
    [24, 76],
    [29, 71]
  ],
  "method": "mcmc",
  "mcmc_stepsize": 3000,
  "mcmc_samples": 1000,
  "burn_in": 10000,
  "cond_prob": [
    [
      [0.07944496585, 0.029542221599, 0.69618450736, 0.19482830519],
      [0.36166510245, 0.3513733352, 0.071446477908, 0.21551508444]
    ],
    [
      [0.042189532433, 0.012230760516, 0.76939128224, 0.17618842481],
      [0.28436977374, 0.25426375867, 0.12870813139, 0.33265833619]
    ],
    [
      [0.083833365402, 0.036250636836, 0.60029668351, 0.27961931425],
      [0.31786100956, 0.34353965002, 0.05739383556, 0.28120550486]
    ],
    [
      [0.071923075103, 0.013834583934, 0.57376435723, 0.34047798374],
      [0.33217949143, 0.20105263749, 0.061216499803, 0.40555137128]
    ],
    [
      [0.078618235618, 0.01236786263, 0.60191415519, 0.30709974657],
      [0.38322411689, 0.2044749872, 0.062200304568, 0.35010059134]
    ],
    [
      [0.057588575961, 0.018294823929, 0.59464411125, 0.32947248886],
      [0.28909874767, 0.24476036729, 0.061471888034, 0.40466899701]
    ],
    [
      [0.039907590438, 0.015701465346, 0.68255003963, 0.26184090458],
      [0.25485337302, 0.26069099859, 0.092906899394, 0.39154872899]
    ],
    [
      [0.080584398491, 0.024033923973, 0.62299079696, 0.27239088057],
      [0.35065531444, 0.27842517864, 0.063941719852, 0.30697778707]
    ],
    [
      [0.044955994477, 0.0078533420703, 0.68853425328, 0.25865641018],
      [0.29515601958, 0.15397451448, 0.10428764747, 0.44658181847]
    ],
    [
      [0.067311577078, 0.038789096617, 0.61567391672, 0.27822540959],
      [0.27058978147, 0.37788863654, 0.064845741881, 0.28667584011]
    ],
    [
      [0.085597310563, 0.022306505166, 0.58560706041, 0.30648912386],
      [0.3717615007, 0.24420456222, 0.064041443445, 0.31999249363]
    ],
    [
      [0.062704110396, 0.0095082666611, 0.65348262201, 0.27430500094],
      [0.34918355841, 0.16196693336, 0.086069511979, 0.40277999625]
    ],
    [
      [0.06218503603, 0.015402195121, 0.63167382307, 0.29073894578],
      [0.30125985588, 0.23839121951, 0.073304707728, 0.38704421688]
    ],
    [
      [0.10001202222, 0.019734937591, 0.59180246521, 0.28845057498],
      [0.41573822106, 0.23165631869, 0.05600001675, 0.29660544349]
    ],
    [
      [0.060736170202, 0.015749417594, 0.66051649002, 0.26299792218],
      [0.30092959383, 0.24075118246, 0.083193792985, 0.37512543072]
    ],
    [
      [0.059104824634, 0.018149497879, 0.62518460096, 0.29756107653],
      [0.26208874252, 0.25765117162, 0.074569264435, 0.40569082143]
    ],
    [
      [0.068247238268, 0.02872700209, 0.67927325676, 0.22375250289],
      [0.30020702567, 0.36913254604, 0.072199608111, 0.25846082018]
    ],
    [
      [0.072513153398, 0.03372330867, 0.55709157653, 0.3366719614],
      [0.29390414369, 0.30879956961, 0.05111564358, 0.34618064312]
    ],
    [
      [0.05497740626, 0.017515701114, 0.70221898882, 0.2252879038],
      [0.27506778122, 0.30745289666, 0.093343033535, 0.32413628859]
    ],
    [
      [0.061621937099, 0.027669099411, 0.64030141982, 0.27040754367],
      [0.27196134101, 0.34215127589, 0.073773507567, 0.31211387553]
    ],
    [
      [0.044085886154, 0.015927878398, 0.63765748208, 0.30232875337],
      [0.22774234154, 0.23221636481, 0.087027553762, 0.45301373989]
    ],
    [
      [0.066478182023, 0.016678851439, 0.68156219312, 0.23528077342],
      [0.33115242359, 0.28051697044, 0.091719721801, 0.29661088416]
    ],
    [
      [0.088465172293, 0.046406049462, 0.64154759746, 0.22358118078],
      [0.34394669982, 0.38067015853, 0.064591892245, 0.21079124941]
    ],
    [
      [0.058093656508, 0.008746767824, 0.63106671077, 0.3020928649],
      [0.31490202612, 0.15607973988, 0.091542743742, 0.43747549025]
    ],
    [
      [0.068208572698, 0.027766176711, 0.66112534016, 0.24289991044],
      [0.28816345323, 0.35531261507, 0.076255128813, 0.28026880288]
    ],
    [
      [0.095685457355, 0.019503155123, 0.59469446766, 0.29011691986],
      [0.4039940661, 0.2043674247, 0.062201747054, 0.32943676215]
    ],
    [
      [0.071665370788, 0.013969324761, 0.66539481711, 0.24897048734],
      [0.32924281132, 0.28154163027, 0.073972976707, 0.3152425817]
    ],
    [
      [0.081240489656, 0.018509315688, 0.6984292127, 0.20182098195],
      [0.40504712862, 0.2612691763, 0.073815703422, 0.25986799165]
    ],
    [
      [0.077919764313, 0.012181822668, 0.62672292012, 0.2831754929],
      [0.29036449973, 0.25640179468, 0.062867463182, 0.39036624241]
    ],
    [
      [0.086625515953, 0.037913293733, 0.43939943554, 0.43606175477],
      [0.26686130521, 0.35154397788, 0.034805603729, 0.34678911319]
    ],
    [
      [0.036352683217, 0.0066397385049, 0.74937447097, 0.2076331073],
      [0.25167810004, 0.23474534574, 0.11861858811, 0.39495796611]
    ],
    [
      [0.12934996073, 0.027519100231, 0.42068721147, 0.42244372757],
      [0.36472037958, 0.25280416167, 0.037122752865, 0.34535270588]
    ],
    [
      [0.07843849415, 0.010986294888, 0.64823598985, 0.26233922111],
      [0.36996679132, 0.20705695951, 0.071609687415, 0.35136656175]
    ],
    [
      [0.044088465946, 0.01655700469, 0.60427096521, 0.33508356416],
      [0.26368217588, 0.23267389949, 0.07712876069, 0.42651516394]
    ],
    [
      [0.053933822253, 0.016085218083, 0.60723404879, 0.32274691088],
      [0.26202205925, 0.26130492731, 0.064255317071, 0.41241769637]
    ],
    [
      [0.089598578804, 0.025342103823, 0.65499932902, 0.23005998835],
      [0.3401003553, 0.34366447404, 0.061250167744, 0.25498500291]
    ],
    [
      [0.053493680432, 0.012383968437, 0.66104229098, 0.27308006015],
      [0.25674864091, 0.29500219125, 0.075273081916, 0.37297608593]
    ],
    [
      [0.081160607272, 0.037000598405, 0.6302656961, 0.25157309823],
      [0.32552890378, 0.34930737009, 0.06062616364, 0.26453756249]
    ],
    [
      [0.085054745212, 0.023166855483, 0.6649299941, 0.22684840521],
      [0.35471955414, 0.33478941406, 0.0663378966, 0.2441531352]
    ],
    [
      [0.11029810809, 0.024136491449, 0.58150033218, 0.28406506829],
      [0.41253743955, 0.25553584481, 0.053210421418, 0.27871629422]
    ],
    [
      [0.10683253303, 0.017170249512, 0.54089292549, 0.33510429197],
