{
  "X": [
    [1044, 816, 198],
    [456, 235, 99],
    [816, 479, 142],
    [800, 705, 164],
    [403, 218, 85],
    [517, 901, 83],
    [485, 1154, 117],
    [281, 426, 59],
    [815, 1003, 144],
    [241, 238, 53],
    [544, 432, 128],
    [325, 334, 60],
    [49, 39, 14],
    [18, 20, 12],
    [407, 559, 114],
    [549, 683, 142],
    [270, 387, 67],
    [1121, 1002, 214],
    [596, 812, 109],
    [448, 820, 73],
    [611, 1051, 171],
    [926, 1560, 207],
    [18, 23, 6],
    [39, 46, 13],
    [125, 100, 43],
    [1138, 1415, 248],
    [155, 111, 38],
    [1057, 1039, 274],
    [217, 246, 37]
  ],
  "W": [
    [155, 906, 690, 140, 167],
    [31, 404, 225, 45, 85],
    [66, 759, 442, 83, 87],
    [96, 699, 621, 113, 140],
    [43, 364, 200, 49, 50],
    [97, 487, 759, 58, 100],
    [68, 474, 1004, 56, 154],
    [41, 253, 378, 23, 71],
    [132, 697, 876, 87, 170],
    [20, 221, 221, 28, 42],
    [49, 513, 394, 57, 91],
    [18, 314, 296, 33, 58],
    [5, 44, 36, 3, 14],
    [1, 21, 20, 3, 5],
    [50, 404, 485, 58, 83],
    [41, 524, 605, 94, 110],
    [26, 281, 326, 44, 47],
    [89, 1097, 836, 101, 214],
    [86, 558, 701, 47, 125],
    [98, 392, 707, 62, 82],
    [64, 585, 932, 89, 163],
    [101, 907, 1319, 131, 235],
    [3, 13, 24, 3, 4],
    [6, 38, 42, 3, 9],
    [4, 117, 107, 21, 19],
    [135, 1006, 1284, 153, 223],
    [7, 147, 112, 12, 26],
    [164, 986, 933, 109, 178],
    [47, 182, 237, 11, 23]
  ],
  "method": "mvn_cdf",
  "mvncdf_method": "genz",
  "mvncdf_samples": 5000,
  "mvncdf_error": 1e-06,
  "cond_prob": [
    [
      [0.65646229509, 0.31486413018, 0.028673574722],
      [0.86831162566, 0.036221378306, 0.095466996037],
      [0.076568262634, 0.92203062447, 0.0014011128936],
      [0.37931890382, 0.18067336016, 0.44000773602],
      [0.29713331535, 0.43643167526, 0.2664350094]
    ],
    [
      [0.76515633903, 0.19825910255, 0.036584558412],
      [0.87635742029, 0.014458147139, 0.10918443257],
      [0.13200997226, 0.86265161513, 0.0053384126096],
      [0.39678569872, 0.10177025564, 0.50144404564],
      [0.36087241753, 0.28631295846, 0.35281462401]
    ],
    [
      [0.70925304907, 0.25944195202, 0.031304998906],
      [0.8753912155, 0.026482946408, 0.098125838095],
      [0.097822848029, 0.89964819488, 0.0025289570886],
      [0.3948154964, 0.14332428309, 0.46186022051],
      [0.3305744962, 0.37052709435, 0.29889840945]
    ],
    [
      [0.66037469094, 0.30941165044, 0.030213658615],
      [0.86493765934, 0.035193913078, 0.099868427577],
      [0.077842569448, 0.92029656019, 0.0018608703649],
      [0.37324638979, 0.17367645992, 0.45307715029],
      [0.29639662939, 0.42547380335, 0.27812956726]
    ],
    [
      [0.72525185927, 0.23792072913, 0.036827411596],
      [0.86678033006, 0.020776003972, 0.11244366596],
      [0.10765107064, 0.88856494097, 0.0037839883831],
      [0.37460095988, 0.12171539333, 0.50368364679],
      [0.3284093749, 0.33059801468, 0.34099261042]
    ],
    [
      [0.47312018129, 0.50664365062, 0.020236168083],
      [0.83385564648, 0.077401391133, 0.088742962388],
      [0.036324739857, 0.96367526014, 0],
      [0.31172115354, 0.331270606, 0.35700824046],
      [0.19369338123, 0.63517870811, 0.17112791066]
    ],
    [
      [0.45929297949, 0.51374708529, 0.026959935222],
      [0.80207594792, 0.078991959541, 0.11893209254],
      [0.030890827979, 0.96701326272, 0.002095909297],
      [0.27268587178, 0.30283525374, 0.42447887448],
      [0.17726803877, 0.60897999606, 0.21375196517]
    ],
    [
      [0.57647769369, 0.39316748072, 0.030354825594],
      [0.83914293705, 0.049433480124, 0.11142358282],
      [0.054489315052, 0.94376871591, 0.0017419690332],
      [0.32453028143, 0.21965041385, 0.45581930471],
      [0.23943794257, 0.5010835026, 0.25947855483]
    ],
    [
      [0.60961291856, 0.36453049385, 0.025856587584],
      [0.86309649595, 0.044984385016, 0.091919119036],
      [0.06295202307, 0.93671621586, 0.00033176107124],
      [0.36690809353, 0.21785780133, 0.41523410514],
      [0.26991682781, 0.49418132145, 0.23590185074]
    ],
    [
      [0.66198776904, 0.30336669895, 0.034645532004],
      [0.85331668908, 0.033557058313, 0.11312625261],
      [0.078407495456, 0.91899715136, 0.0025953531834],
      [0.35028368576, 0.15931540292, 0.49040091132],
      [0.28669658657, 0.40374653337, 0.30955688006]
    ],
    [
      [0.67065041393, 0.28982733352, 0.039522252556],
      [0.84415816491, 0.030686875935, 0.12515495915],
      [0.084603026341, 0.91327840019, 0.0021185734664],
      [0.33354274245, 0.14302389003, 0.52343336753],
      [0.28285123537, 0.37441804281, 0.34273072182]
    ],
    [
      [0.60455829326, 0.36801136365, 0.02743034309],
      [0.85701274895, 0.045144231164, 0.097843019882],
      [0.060946581873, 0.93791246568, 0.0011409524484],
      [0.3552675805, 0.21456907908, 0.43016334042],
      [0.26296429584, 0.49133857618, 0.24569712798]
    ],
    [
      [0.7115576207, 0.24121161328, 0.047230766018],
      [0.83827003215, 0.021426622092, 0.14030334576],
      [0.10007968084, 0.89713051847, 0.0027898006897],
      [0.31068064175, 0.10471944663, 0.58459991162],
      [0.28738714616, 0.30287953977, 0.40973331407]
    ],
    [
      [0.5967978821, 0.25373973818, 0.14946237972],
      [0.70439101988, 0.021059653714, 0.27454932641],
      [0.080418011461, 0.91958198854, 0],
      [0.1107227423, 0.042405062994, 0.8468721947],
      [0.13409244886, 0.15703051481, 0.70887703633]
    ],
    [
      [0.53674701723, 0.42535615204, 0.037896830732],
      [0.8022015557, 0.055693878457, 0.14210456584],
      [0.048014547305, 0.95164361273, 0.00034183996809],
      [0.27224912299, 0.21410429476, 0.51364658225],
      [0.20476766336, 0.49718872569, 0.29804361095]
    ],
    [
      [0.58138847255, 0.38496632374, 0.033645203704],
      [0.83110354215, 0.047768721319, 0.12112773653],
      [0.056495295499, 0.94206009234, 0.0014446121634],
      [0.31283230276, 0.20562940604, 0.4815382912],
      [0.2370811482, 0.48100046112, 0.28191839068]
    ],
    [
      [0.47474128704, 0.49614742352, 0.029111289447],
      [0.80277507959, 0.072418022761, 0.12480689765],
      [0.035236596183, 0.96240753616, 0.002355867655],
      [0.27259747846, 0.28246925459, 0.44493326695],
      [0.1828831865, 0.58674890642, 0.23036790708]
    ],
    [
      [0.58972729677, 0.38183853919, 0.028434164044],
      [0.84923738225, 0.04776183109, 0.10300078666],
      [0.057976428739, 0.9409048531, 0.0011187181593],
      [0.342120607, 0.21993426117, 0.43794513183],
      [0.25176816134, 0.49912067166, 0.249111167]
    ],
    [
      [0.55180166169, 0.42142671034, 0.026771627978],
      [0.8415173646, 0.055694987971, 0.10278764743],
      [0.049545198151, 0.94942158796, 0.0010332138876],
      [0.32806507144, 0.24870487544, 0.42323005313],
      [0.23062500308, 0.53956669853, 0.22980829838]
    ],
    [
      [0.50569376337, 0.47354537609, 0.020760860544],
      [0.84558795356, 0.068611743602, 0.085800302841],
      [0.041227843534, 0.95877215647, 0],
      [0.32979199283, 0.30649769781, 0.36371030936],
      [0.21190663978, 0.60782899715, 0.18026436308]
    ],
    [
      [0.53621438839, 0.42865911078, 0.035126500837],
      [0.80984191605, 0.056626921136, 0.13353116281],
      [0.046960527143, 0.95194297917, 0.0010964936862],
      [0.28278178619, 0.22447880216, 0.49273941165],
      [0.20852741095, 0.51073373047, 0.28073885859]
    ],
    [
      [0.48682841275, 0.48748169993, 0.02568988732],
      [0.81941798649, 0.071414641958, 0.10916737156],
      [0.037426677367, 0.96102959519, 0.0015437274464],
      [0.29477219302, 0.29309114915, 0.41213665783],
      [0.19420115675, 0.59573741048, 0.21006143277]
    ],
    [
      [0.75753229503, 0.19091395842, 0.05155374655],
      [0.83740460938, 0.015869433504, 0.14672595712],
      [0.11686015734, 0.8774535522, 0.0056862904605],
      [0.28889613263, 0.072960438404, 0.63814342897],
      [0.29245275473, 0.23579723031, 0.47175001496]
    ],
    [
