{
  "X": [
    [49, 18, 33],
    [53, 12, 35],
    [54, 21, 25],
    [45, 16, 39],
    [47, 18, 35],
    [54, 17, 29],
    [47, 20, 33],
    [54, 15, 31],
    [57, 15, 28],
    [47, 19, 34],
    [43, 23, 34],
    [42, 23, 35],
    [43, 20, 37],
    [46, 16, 38],
    [46, 17, 37],
    [42, 22, 36],
    [60, 13, 27],
    [48, 19, 33],
    [46, 15, 39],
    [54, 21, 25],
    [46, 23, 31],
    [55, 16, 29],
    [48, 20, 32],
    [31, 30, 39],
    [43, 18, 39],
    [19, 55, 26],
    [30, 49, 21],
    [24, 51, 25],
    [25, 47, 28],
    [27, 61, 12],
    [28, 51, 21],
    [27, 43, 30],
    [35, 47, 18],
    [32, 49, 19],
    [34, 50, 16],
    [44, 38, 18],
    [31, 50, 19],
    [35, 44, 21],
    [24, 53, 23],
    [24, 54, 22],
    [39, 36, 25],
    [26, 49, 25],
    [31, 45, 24],
    [27, 54, 19],
    [26, 49, 25],
    [31, 43, 26],
    [35, 39, 26],
    [30, 55, 15],
    [25, 44, 31],
    [25, 50, 25]
  ],
  "W": [
    [77, 23],
    [78, 22],
    [74, 26],
    [76, 24],
    [79, 21],
    [80, 20],
    [74, 26],
    [78, 22],
    [75, 25],
    [75, 25],
    [68, 32],
    [76, 24],
    [72, 28],
    [80, 20],
    [73, 27],
    [74, 26],
    [80, 20],
    [74, 26],
    [74, 26],
    [72, 28],
    [69, 31],
    [75, 25],
    [72, 28],
    [68, 32],
    [76, 24],
    [26, 74],
    [23, 77],
    [23, 77],
    [28, 72],
    [18, 82],
    [17, 83],
    [28, 72],
    [20, 80],
    [27, 73],
    [28, 72],
    [31, 69],
    [22, 78],
    [29, 71],
    [17, 83],
    [22, 78],
    [27, 73],
    [24, 76],
    [37, 63],
    [26, 74],
    [25, 75],
    [29, 71],
    [26, 74],
    [26, 74],
    [30, 70],
    [22, 78]
  ],
  "method": "mvn_cdf",
  "mvncdf_method": "genz",
  "mvncdf_samples": 5000,
  "mvncdf_error": 0.001,
  "cond_prob": [
    [
      [0.57851575373, 0.039337208869, 0.3821470374],
      [0.19366465055, 0.65091456161, 0.15542078784]
    ],
    [
      [0.59767565476, 0.017376478155, 0.38494786709],
      [0.29005904222, 0.483847032, 0.22609392578]
    ],
    [
      [0.65703553107, 0.045315935306, 0.29764853363],
      [0.20689887312, 0.67871618413, 0.11438494275]
    ],
    [
      [0.5258241237, 0.029206294778, 0.44496958152],
      [0.20989027494, 0.57418006654, 0.21592965852]
    ],
    [
      [0.55070090734, 0.045620591637, 0.40367850102],
      [0.16641087239, 0.68552253622, 0.14806659139]
    ],
    [
      [0.6255488383, 0.043831790502, 0.33061937119],
      [0.19780464678, 0.67467283799, 0.12752251523]
    ],
    [
      [0.56915027818, 0.039988391911, 0.39086132991],
      [0.18780305442, 0.65541765379, 0.15677929179]
    ],
    [
      [0.62163550032, 0.029131941727, 0.34923255795],
      [0.25056504431, 0.5785322066, 0.17090274908]
    ],
    [
      [0.6605160079, 0.023903637513, 0.31558035459],
      [0.29845197631, 0.52828908746, 0.17325893623]
    ],
    [
      [0.56303127999, 0.038366846441, 0.39860187356],
      [0.19090616002, 0.64489946068, 0.16419437931]
    ],
    [
      [0.54453697509, 0.037447885736, 0.41801513918],
      [0.18660892794, 0.63917324281, 0.17421782925]
    ],
    [
      [0.5145005753, 0.063066748298, 0.4224326764],
      [0.12074817822, 0.75862196372, 0.12062985806]
    ],
    [
      [0.52452654075, 0.035608291741, 0.43986516751],
      [0.18693175235, 0.62272153552, 0.19034671212]
    ],
    [
      [0.53020400803, 0.0389657465, 0.43083024547],
      [0.17918396788, 0.644137014, 0.17667901812]
    ],
    [
      [0.54620580977, 0.026688658709, 0.42710553152],
      [0.22692503285, 0.55747140423, 0.21560356291]
    ],
    [
      [0.51613612257, 0.049925322093, 0.43393855533],
      [0.14638180498, 0.70405869866, 0.14955949636]
    ],
    [
      [0.67609560012, 0.026128400977, 0.2977759989],
      [0.29561759951, 0.54548639609, 0.15889600439]
    ],
    [
      [0.57686247061, 0.035775448317, 0.38736208107],
      [0.20431450671, 0.62894680094, 0.16673869234]
    ],
    [
      [0.53640060593, 0.021974454042, 0.44162494003],
      [0.24255212159, 0.51438040004, 0.24306747837]
    ],
    [
      [0.66153168607, 0.039957818095, 0.29851049583],
      [0.2274899501, 0.6472513249, 0.125258725]
    ],
    [
      [0.58020786981, 0.039518793779, 0.38027333642],
      [0.19244054785, 0.65397429772, 0.15358515443]
    ],
    [
      [0.64279738521, 0.027057568579, 0.33014504621],
      [0.27160784437, 0.55882729426, 0.16956486137]
    ],
    [
      [0.5850422309, 0.034988344478, 0.37996942462],
      [0.20989140625, 0.62431568563, 0.16579290812]
    ],
    [
      [0.41483712705, 0.075213674474, 0.50994919847],
      [0.087221105011, 0.77767094174, 0.13510795325]
    ],
    [
      [0.50978857806, 0.037438308052, 0.45277311389],
      [0.17733616948, 0.63144535784, 0.19121847268]
    ],
    [
      [0.43342945732, 0.058053784999, 0.50851675768],
      [0.10447073121, 0.72284596743, 0.17268330136]
    ],
    [
      [0.59469790342, 0.036160148614, 0.36914194797],
      [0.21197335352, 0.62556255301, 0.16246409346]
    ],
    [
      [0.49765665865, 0.041185140848, 0.4611582005],
      [0.16303762144, 0.65003560728, 0.18692677128]
    ],
    [
      [0.47654843948, 0.039416710147, 0.48403485037],
      [0.16189782909, 0.63744905717, 0.20065311374]
    ],
    [
      [0.6557606049, 0.057199849123, 0.28703954598],
      [0.18532084283, 0.73134637458, 0.08333278259]
    ],
    [
      [0.58510510274, 0.034020902672, 0.38087399458],
      [0.21750859341, 0.60748969463, 0.17500171195]
    ],
    [
      [0.47840962058, 0.032282538012, 0.48930784141],
      [0.18895181422, 0.58466790188, 0.2263802839]
    ],
    [
      [0.67291726971, 0.030447107784, 0.29663562251],
      [0.26927068257, 0.57988822305, 0.15084109437]
    ],
    [
      [0.62305493774, 0.040908612843, 0.33603644942],
      [0.20791118741, 0.65610229388, 0.13598651871]
    ],
    [
      [0.66253383523, 0.045068863008, 0.29239730176],
      [0.21457017519, 0.67691766439, 0.10851216043]
    ],
    [
      [0.71503353929, 0.02868925609, 0.25627720462],
      [0.31643420699, 0.53783526176, 0.14573053126]
    ],
    [
      [0.62409899263, 0.036922211309, 0.33897879606],
      [0.22140797644, 0.63061168399, 0.14798033957]
    ],
    [
      [0.62878196367, 0.033132459668, 0.33808557667],
      [0.23613131062, 0.60618533338, 0.15768335601]
    ],
    [
      [0.52307979133, 0.037975316761, 0.4389448919],
      [0.18201980177, 0.63077613994, 0.18720405828]
    ],
    [
      [0.5269216434, 0.046391313206, 0.42668704339],
      [0.15907338263, 0.67922296294, 0.16170365443]
    ],
    [
      [0.63012534294, 0.021868114979, 0.34800654208],
      [0.30118651699, 0.48506247802, 0.21375100498]
    ],
    [
      [0.51704161198, 0.037967508665, 0.44499087936],
      [0.17882896464, 0.63274710253, 0.18842393283]
    ],
    [
      [0.55521746429, 0.046752846418, 0.39802968929],
      [0.16598339399, 0.68682769337, 0.14718891264]
    ],
    [
      [0.57703333954, 0.0529448841, 0.37002177636],
      [0.16212342124, 0.71112747315, 0.1267491056]
    ],
    [
      [0.51601452047, 0.03914417922, 0.44484130031],
      [0.17466182651, 0.64028527359, 0.1850528999]
    ],
    [
      [0.55067687073, 0.031625930815, 0.41769719846],
      [0.21169536266, 0.5927161691, 0.19558846824]
    ],
    [
      [0.5896786208, 0.024144714582, 0.38617666462],
      [0.26578859269, 0.51854374893, 0.21566765838]
    ],
    [
      [0.63867751778, 0.0557717026, 0.30555077962],
      [0.18100519646, 0.72364778017, 0.095347023375]
    ],
    [
      [0.44968619362, 0.036759396767, 0.51355440962],
      [0.16442020274, 0.61281740139, 0.22276239588]
    ],
    [
      [0.50880430812, 0.037817668055, 0.45337802383],
      [0.17700391309, 0.63035911927, 0.19263696764]
    ]
  ],