{
  "X": [
    [15, 11, 74],
    [27, 8, 65],
    [24, 9, 67],
    [19, 9, 72],
    [21, 13, 66],
    [10, 10, 80],
    [17, 9, 74],
    [18, 7, 75],
    [20, 9, 71],
    [18, 9, 73],
    [23, 8, 69],
    [15, 8, 77],
    [20, 7, 73],
    [17, 7, 76],
    [23, 8, 69],
    [21, 8, 71],
    [14, 7, 79],
    [27, 12, 61],
    [17, 10, 73],
    [18, 7, 75],
    [21, 4, 75],
    [19, 9, 72],
    [21, 8, 71],
    [21, 11, 68],
    [17, 9, 74],
    [33, 19, 48],
    [45, 21, 34],
    [41, 23, 36],
    [48, 19, 33],
    [33, 29, 38],
    [39, 23, 38],
    [40, 27, 33],
    [41, 21, 38],
    [40, 21, 39],
    [39, 25, 36],
    [45, 20, 35],
    [39, 25, 36],
    [43, 21, 36],
    [42, 24, 34],
    [40, 31, 29],
    [44, 25, 31],
    [49, 16, 35],
    [40, 18, 42],
    [40, 25, 35],
    [39, 19, 42],
    [42, 16, 42],
    [49, 23, 28],
    [39, 23, 38],
    [32, 27, 41],
    [36, 20, 44]
  ],
  "W": [
    [75, 25],
    [72, 28],
    [76, 24],
    [70, 30],
    [70, 30],
    [86, 14],
    [86, 14],
    [78, 22],
    [78, 22],
    [79, 21],
    [74, 26],
    [80, 20],
    [80, 20],
    [81, 19],
    [67, 33],
    [70, 30],
    [82, 18],
    [65, 35],
    [75, 25],
    [77, 23],
    [75, 25],
    [76, 24],
    [72, 28],
    [72, 28],
    [81, 19],
    [24, 76],
    [23, 77],
    [17, 83],
    [19, 81],
    [26, 74],
    [24, 76],
    [19, 81],
    [24, 76],
    [29, 71],
    [25, 75],
    [20, 80],
    [23, 77],
    [35, 65],
    [24, 76],
    [24, 76],
    [20, 80],
    [27, 73],
    [24, 76],
    [27, 73],
    [26, 74],
    [22, 78],
    [19, 81],
    [29, 71],
    [24, 76],
    [29, 71]
  ],
  "method": "mvn_cdf",
  "mvncdf_method": "genz",
  "mvncdf_samples": 5000,
  "mvncdf_error": 0.001,
  "cond_prob": [
    [
      [0.061152254212, 0.030642437001, 0.90820530879],
      [0.41654323736, 0.348072689, 0.23538407364]
    ],
    [
      [0.1296369775, 0.028043008369, 0.84232001413],
      [0.63093348642, 0.21360369276, 0.15546282081]
    ],
    [
      [0.12842805034, 0.036296796111, 0.83527515355],
      [0.59331117393, 0.26006014565, 0.14662868043]
    ],
    [
      [0.064797025263, 0.02022299067, 0.91497998407],
      [0.48214027439, 0.25281302177, 0.26504670384]
    ],
    [
      [0.095389155678, 0.036835708891, 0.86777513543],
      [0.47742530342, 0.34738334592, 0.17519135066]
    ],
    [
      [0.0608035813, 0.040822738253, 0.89837368045],
      [0.34077800059, 0.46351746502, 0.1957045344]
    ],
    [
      [0.11743472884, 0.045020000808, 0.83754527035],
      [0.49290095142, 0.36630570932, 0.14079333926]
    ],
    [
      [0.081894101187, 0.021660015162, 0.89644588365],
      [0.52783000488, 0.24138721897, 0.23078277615]
    ],
    [
      [0.10499903765, 0.033832405788, 0.86116855656],
      [0.53682159379, 0.28913965221, 0.174038754]
    ],
    [
      [0.093406298752, 0.032867595234, 0.87372610601],
      [0.50575725708, 0.30492666555, 0.18931607738]
    ],
    [
      [0.10663654837, 0.025941670318, 0.86742178131],
      [0.58111136233, 0.23385832294, 0.18503031473]
    ],
    [
      [0.070086425882, 0.026739629414, 0.9031739447],
      [0.46965429647, 0.29304148234, 0.23730422118]
    ],
    [
      [0.10626982666, 0.027303952324, 0.86642622102],
      [0.57492069338, 0.2407841907, 0.18429511592]
    ],
    [
      [0.086638319611, 0.025587915533, 0.88777376486],
      [0.52538400587, 0.25933572852, 0.21528026562]
    ],
    [
      [0.078617762529, 0.014805743228, 0.90657649424],
      [0.53735181547, 0.21236409708, 0.25028408745]
    ],
    [
      [0.07575647596, 0.017330751477, 0.90691277256],
      [0.52323488943, 0.22622824655, 0.25053686402]
    ],
    [
      [0.067032732881, 0.024343116484, 0.90862415064],
      [0.4724064391, 0.27799246935, 0.24960109155]
    ],
    [
      [0.11413832147, 0.03467610728, 0.85118557125],
      [0.55945740298, 0.27845865791, 0.16208393911]
    ],
    [
      [0.07251009868, 0.02920247256, 0.89828742876],
      [0.46246970396, 0.31239258232, 0.22513771372]
    ],
    [
      [0.077900551803, 0.020081872198, 0.902017576],
      [0.52181119614, 0.23711721047, 0.24107159339]
    ],
    [
      [0.085804762424, 0.0015531389975, 0.91264209858],
      [0.58258571273, 0.15534058301, 0.26207370426]
    ],
    [
      [0.088123693906, 0.029029719358, 0.88284658674],
      [0.51260830263, 0.28307255537, 0.204319142]
    ],
    [
      [0.083208566386, 0.020277732664, 0.89651370095],
      [0.53603511501, 0.23357154458, 0.23039334041]
    ],
    [
      [0.094606941199, 0.033203971207, 0.87218908759],
      [0.50672500835, 0.30747550261, 0.18579948904]
    ],
    [
      [0.094279358729, 0.035126129441, 0.87059451183],
      [0.49280904963, 0.32393597449, 0.18325497588]
    ],
    [
      [0.046335810159, 0.016600287421, 0.93706390242],
      [0.41957816521, 0.24475780397, 0.33566403081]
    ],
    [
      [0.10466277973, 0.028161985955, 0.86717523432],
      [0.55315267619, 0.26431525095, 0.18253207287]
    ],
    [
      [0.069920006827, 0.022255621569, 0.9078243716],
      [0.47965493836, 0.27255005341, 0.24779500823]
    ],
    [
      [0.10008150551, 0.022259838752, 0.87765865574],
      [0.56911668389, 0.22934645758, 0.20153685853]
    ],
    [
      [0.076054653848, 0.035806887595, 0.88813845856],
      [0.41922404054, 0.37931109355, 0.20146486591]
    ],
    [
      [0.079770150846, 0.026906777875, 0.89332307128],
      [0.48796732079, 0.29413470172, 0.21789797749]
    ],
    [
      [0.084295397411, 0.031901869945, 0.88380273264],
      [0.47405416604, 0.32585017865, 0.20009565531]
    ],
    [
      [0.083554063858, 0.024503921404, 0.89194201474],
      [0.51308819036, 0.26857770903, 0.21833410061]
    ],
    [
      [0.095119072952, 0.029050071801, 0.87583085525],
      [0.52452882936, 0.2839091256, 0.19156204504]
    ],
    [
      [0.091166326385, 0.033025922253, 0.87580775136],
      [0.48961122454, 0.32232469258, 0.18806408288]
    ],
    [
      [0.089382538792, 0.02241781626, 0.88819964495],
      [0.5401543653, 0.24439554594, 0.21545008876]
    ],
    [
      [0.084088603541, 0.030483211995, 0.88542818446],
      [0.48137613141, 0.31556994966, 0.20305391893]
    ],
    [
      [0.14830851989, 0.044726495709, 0.80696498441],
      [0.58168002775, 0.29899342539, 0.11932654686]
    ],
    [
      [0.1022535685, 0.033459579288, 0.86428685221],
      [0.52034097837, 0.30522329075, 0.17443573088]
    ],
    [
      [0.12499050022, 0.053414891416, 0.82159460837],
      [0.48684510519, 0.3910268764, 0.12212801841]
    ],
    [
      [0.10418897728, 0.033698012626, 0.8621130101],
      [0.52395275568, 0.30407549684, 0.17197174748]
    ],
    [
      [0.12834148392, 0.023976017462, 0.84768249862],
      [0.62376410869, 0.21031024012, 0.16592565119]
    ],
    [
      [0.06949189248, 0.017325361061, 0.91318274646],
      [0.50437098132, 0.23137093861, 0.26425808007]
    ],
    [
      [0.10595951744, 0.037606856151, 0.85643362641],
      [0.50875469903, 0.32855636827, 0.1626889327]
    ],
    [
      [0.072683976493, 0.020140889625, 0.90717513388],
      [0.50148941366, 0.24968022797, 0.24883035837]
    ],
    [
      [0.068540980923, 0.013415132364, 0.91804388671],
      [0.51912946692, 0.20134444985, 0.27952608323]
    ],
    [
      [0.12640205242, 0.034196762406, 0.83940118517],
      [0.57528840746, 0.2759291545, 0.14878243805]
    ],
    [
      [0.097597294995, 0.033081018228, 0.86932168678],
      [0.50943209078, 0.31043169678, 0.18013621244]
    ],
    [
      [0.058554040586, 0.028137038422, 0.91330892099],
      [0.40256188192, 0.34637777734, 0.25106034074]
    ],
    [
      [0.069152003532, 0.022432822041, 0.90841517443],
      [0.47879706898, 0.27252743888, 0.24867549214]
    ]
  ],