{
  "X": [
    [10, 72, 18],
    [5, 79, 16],
    [13, 70, 17],
    [10, 66, 24],
    [7, 73, 20],
    [4, 79, 17],
    [6, 75, 19],
    [5, 71, 24],
    [6, 73, 21],
    [7, 76, 17],
    [11, 74, 15],
    [10, 69, 21],
    [8, 72, 20],
    [7, 74, 19],
    [8, 77, 15],
    [12, 70, 18],
    [5, 79, 16],
    [13, 67, 20],
    [5, 80, 15],
    [11, 81, 8],
    [10, 72, 18],
    [8, 75, 17],
    [13, 75, 12],
    [9, 73, 18],
    [12, 68, 20],
    [27, 31, 42],
    [26, 38, 36],
    [19, 43, 38],
    [21, 35, 44],
    [24, 42, 34],
    [23, 45, 32],
    [27, 39, 34],
    [16, 39, 45],
    [22, 33, 45],
    [22, 40, 38],
    [17, 47, 36],
    [22, 33, 45],
    [19, 43, 38],
    [24, 34, 42],
    [18, 33, 49],
    [21, 31, 48],
    [29, 35, 36],
    [23, 31, 46],
    [25, 34, 41],
    [21, 35, 44],
    [18, 37, 45],
    [26, 39, 35],
    [20, 41, 39],
    [26, 33, 41],
    [23, 41, 36]
  ],
  "W": [
    [77, 23],
    [84, 16],
    [74, 26],
    [68, 32],
    [74, 26],
    [75, 25],
    [75, 25],
    [73, 27],
    [76, 24],
    [81, 19],
    [73, 27],
    [75, 25],
    [72, 28],
    [77, 23],
    [71, 29],
    [67, 33],
    [80, 20],
    [72, 28],
    [76, 24],
    [79, 21],
    [74, 26],
    [73, 27],
    [76, 24],
    [71, 29],
    [75, 25],
    [22, 78],
    [24, 76],
    [32, 68],
    [26, 74],
    [32, 68],
    [24, 76],
    [26, 74],
    [23, 77],
    [20, 80],
    [28, 72],
    [38, 62],
    [26, 74],
    [31, 69],
    [28, 72],
    [17, 83],
    [20, 80],
    [21, 79],
    [17, 83],
    [21, 79],
    [26, 74],
    [25, 75],
    [30, 70],
    [30, 70],
    [21, 79],
    [24, 76]
  ],
  "method": "mvn_cdf",
  "mvncdf_method": "genz",
  "mvncdf_samples": 5000,
  "mvncdf_error": 0.001,
  "cond_prob": [
    [
      [0.029180003732, 0.89410640631, 0.076713589958],
      [0.33709303099, 0.13712203105, 0.52578493797]
    ],
    [
      [0.017432988605, 0.90865104682, 0.073915964575],
      [0.22097680982, 0.16708200419, 0.61194118598]
    ],
    [
      [0.030199690882, 0.89852239324, 0.07127791588],
      [0.41404703364, 0.13497472694, 0.45097823942]
    ],
    [
      [0.023294818428, 0.90013309861, 0.076572082962],
      [0.26299851084, 0.14971716545, 0.58728432371]
    ],
    [
      [0.015065018336, 0.92047857328, 0.064456408384],
      [0.22635340935, 0.18786867605, 0.5857779146]
    ],
    [
      [0, 0.95479609239, 0.045203907612],
      [0.16, 0.29561172284, 0.54438827716]
    ],
    [
      [0.010699858218, 0.93000138224, 0.059298759545],
      [0.20790042535, 0.20999585329, 0.58210372137]
    ],
    [
      [0.0070313247835, 0.91093084814, 0.082037827079],
      [0.16617456633, 0.1667425217, 0.66708291197]
    ],
    [
      [0.01469333513, 0.90848445673, 0.076822208135],
      [0.20347110542, 0.16479922034, 0.63172967424]
    ],
    [
      [0.023353252521, 0.90215628653, 0.074490460945],
      [0.26886244978, 0.15396530478, 0.57717224545]
    ],
    [
      [0.021842688424, 0.93596058788, 0.042196723694],
      [0.34835124982, 0.21018063276, 0.44146811742]
    ],
    [
      [0.031103543554, 0.87959846976, 0.089297986688],
      [0.30668936934, 0.12120459073, 0.57210603994]
    ],
    [
      [0.01630091574, 0.92415463274, 0.059544451525],
      [0.24379764524, 0.19503094439, 0.56117141036]
    ],
    [
      [0.018945049981, 0.91060399258, 0.070450957441],
      [0.24092309354, 0.16884750311, 0.59022940335]
    ],
    [
      [0.012232587115, 0.9595853441, 0.028182068784],
      [0.2459133212, 0.30584277824, 0.44824390056]
    ],
    [
      [0.020284072168, 0.937445453, 0.042270474833],
      [0.32245355045, 0.21791377725, 0.45963267231]
    ],
    [
      [0.010573606459, 0.93286399452, 0.056562399017],
      [0.20770557416, 0.21854402191, 0.57375040393]
    ],
    [
      [0.03268387754, 0.88357277559, 0.083743346867],
      [0.38024145776, 0.12081286276, 0.49894567949]
    ],
    [
      [0.0044240701036, 0.9580944056, 0.037481524298],
      [0.19432377801, 0.2993677156, 0.50630850639]
    ],
    [
      [0.023436191441, 0.96029731326, 0.016266495304],
      [0.43564480363, 0.24459582156, 0.31975937481]
    ],
    [
      [0.024064911885, 0.91358800102, 0.062347087092],
      [0.3161229431, 0.16901876632, 0.51485829058]
    ],
    [
      [0.014893168259, 0.94025798554, 0.044848846205],
      [0.25602958211, 0.23559877985, 0.50837163804]
    ],
    [
      [0.025909463072, 0.93110122558, 0.042989311349],
      [0.45962003361, 0.17651278567, 0.36386718073]
    ],
    [
      [0.016688822835, 0.93667277507, 0.046638402091],
      [0.26948598547, 0.22400803344, 0.50650598109]
    ],
    [
      [0.035681410201, 0.87066850603, 0.093650083768],
      [0.3729557694, 0.10799448191, 0.5190497487]
    ],
    [
      [0.027525475331, 0.90021258431, 0.072261940359],
      [0.33839025055, 0.14352978391, 0.51807996554]
    ],
    [
      [0.020296185621, 0.93286779483, 0.04683601955],
      [0.33569594138, 0.20541017005, 0.45889388856]
    ],
    [
      [0.01737862683, 0.92679681771, 0.055824555457],
      [0.27123358737, 0.19621326225, 0.53255315037]
    ],
    [
      [0.021831289729, 0.90462588961, 0.073542820665],
      [0.27611333064, 0.15513144419, 0.56875522517]
    ],
    [
      [0.022447667416, 0.92366343256, 0.053888900019],
      [0.34237756827, 0.18298191409, 0.47464051764]
    ],
    [
      [0.015482519619, 0.95494477633, 0.029572704053],
      [0.29774236223, 0.29054375484, 0.41171388293]
    ],
    [
      [0.02168893287, 0.9314928001, 0.046818267035],
      [0.35724442899, 0.19974577294, 0.44300979807]
    ],
    [
      [0.0098160658621, 0.93627254481, 0.053911389329],
      [0.20486013617, 0.22682768142, 0.56831218241]
    ],
    [
      [0.01833242889, 0.91971005244, 0.061957518671],
      [0.27041689278, 0.18257248689, 0.54701062033]
    ],
    [
      [0.019169941334, 0.92718028661, 0.053649772058],
      [0.29810057837, 0.1949854441, 0.50691397753]
    ],
    [
      [0.017298621963, 0.9245119501, 0.05818942794],
      [0.26359116718, 0.19142815962, 0.5449806732]
    ],
    [
      [0.02581951783, 0.89002222309, 0.084158259078],
      [0.28822557482, 0.13323543513, 0.57853899005]
    ],
    [
      [0.016450893215, 0.93044374172, 0.053105365061],
      [0.26797133783, 0.20516295662, 0.52686570555]
    ],
    [
      [0.029274166298, 0.88723528706, 0.083490546641],
      [0.32194893533, 0.12718627725, 0.55086478742]
    ],
    [
      [0.012255399811, 0.92855019391, 0.059194406276],
      [0.21435732775, 0.20740538197, 0.57823729028]
    ],
    [
      [0.01956650858, 0.90687856013, 0.07355493129],
      [0.25760837286, 0.16078035997, 0.58161126718]
    ],
    [
      [0.022428799241, 0.92952767826, 0.048043522497],
      [0.36112652172, 0.19594833869, 0.44292513959]
    ],
    [
      [0.018302351197, 0.92084477071, 0.060852878091],
      [0.27335975939, 0.18488721564, 0.54175302497]
    ],
    [
      [0.020738544418, 0.92275738776, 0.056504067821],
      [0.31094291857, 0.18508980832, 0.50396727311]
    ],
    [
      [0.021831289729, 0.90462588961, 0.073542820665],
      [0.27611333064, 0.15513144419, 0.56875522517]
    ],
    [
      [0.015170295571, 0.92036128777, 0.064468416656],
      [0.23494323481, 0.18654623741, 0.57851052778]
    ],
    [
      [0.025267534965, 0.91480644893, 0.059926016102],
      [0.36059962787, 0.16508295046, 0.47431742167]
    ],
    [
      [0.018356235259, 0.92401570109, 0.057628063653],
      [0.27784732775, 0.18970755668, 0.53244511558]
    ],
    [
      [0.022635870651, 0.91753998913, 0.059824140222],
      [0.32309679388, 0.1738184839, 0.50308472222]
    ],
    [
      [0.016250562283, 0.9439040671, 0.039845370613],
      [0.29749982244, 0.24139871565, 0.46110146191]
    ]
  ],