{
  "X": [
    [40, 25, 35],
    [34, 26, 40],
    [40, 36, 24],
    [45, 22, 33],
    [43, 19, 38],
    [37, 29, 34],
    [35, 26, 39],
    [36, 22, 42],
    [35, 25, 40],
    [41, 26, 33],
    [43, 33, 24],
    [35, 23, 42],
    [35, 32, 33],
    [37, 30, 33],
    [40, 27, 33],
    [46, 26, 28],
    [50, 19, 31],
    [41, 23, 36],
    [47, 20, 33],
    [44, 29, 27],
    [49, 23, 28],
    [41, 20, 39],
    [42, 19, 39],
    [37, 31, 32],
    [36, 19, 45],
    [25, 27, 48],
    [27, 33, 40],
    [21, 25, 54],
    [24, 27, 49],
    [28, 36, 36],
    [23, 34, 43],
    [28, 27, 45],
    [32, 27, 41],
    [22, 23, 55],
    [24, 30, 46],
    [17, 32, 51],
    [17, 35, 48],
    [21, 36, 43],
    [25, 30, 45],
    [23, 28, 49],
    [26, 30, 44],
    [26, 32, 42],
    [25, 22, 53],
    [25, 34, 41],
    [25, 29, 46],
    [21, 26, 53],
    [24, 24, 52],
    [27, 25, 48],
    [23, 25, 52],
    [25, 26, 49]
  ],
  "W": [
    [78, 22],
    [79, 21],
    [78, 22],
    [84, 16],
    [77, 23],
    [72, 28],
    [73, 27],
    [67, 33],
    [73, 27],
    [75, 25],
    [78, 22],
    [77, 23],
    [73, 27],
    [81, 19],
    [79, 21],
    [79, 21],
    [74, 26],
    [68, 32],
    [73, 27],
    [74, 26],
    [69, 31],
    [76, 24],
    [78, 22],
    [74, 26],
    [73, 27],
    [27, 73],
    [24, 76],
    [19, 81],
    [25, 75],
    [31, 69],
    [24, 76],
    [18, 82],
    [34, 66],
    [27, 73],
    [23, 77],
    [24, 76],
    [30, 70],
    [29, 71],
    [15, 85],
    [21, 79],
    [24, 76],
    [25, 75],
    [27, 73],
    [29, 71],
    [26, 74],
    [20, 80],
    [24, 76],
    [25, 75],
    [25, 75],
    [22, 78]
  ],
  "method": "mvn_cdf",
  "mvncdf_method": "genz",
  "mvncdf_samples": 5000,
  "mvncdf_error": 0.001,
  "cond_prob": [
    [
      [0.46778708848, 0.23694144168, 0.29527146985],
      [0.15966395904, 0.29629852497, 0.54403751599]
    ],
    [
      [0.39744262178, 0.25315707597, 0.34940030225],
      [0.1239063276, 0.2857424285, 0.59035124391]
    ],
    [
      [0.46648624345, 0.33454104128, 0.19897271527],
      [0.16427604595, 0.45026358093, 0.38546037312]
    ],
    [
      [0.50185206512, 0.20985595674, 0.28829197815],
      [0.17777665814, 0.27325622713, 0.54896711473]
    ],
    [
      [0.50592126226, 0.17743788784, 0.3166408499],
      [0.17582881766, 0.23205576679, 0.59211541555]
    ],
    [
      [0.45379301812, 0.27058697766, 0.27562000422],
      [0.15453223912, 0.3399192003, 0.50554856058]
    ],
    [
      [0.42818216979, 0.24772308535, 0.32409474486],
      [0.13861857796, 0.29319313961, 0.56818828242]
    ],
    [
      [0.4619654838, 0.2052362934, 0.3327982228],
      [0.15297916925, 0.24997479824, 0.59704603251]
    ],
    [
      [0.42843494048, 0.23870452163, 0.33286053789],
      [0.13793516093, 0.2805396267, 0.58152521237]
    ],
    [
      [0.48906247511, 0.24207065386, 0.26886687103],
      [0.17281257468, 0.31378803841, 0.51339938691]
    ],
    [
      [0.49968015612, 0.30518245516, 0.19513738872],
      [0.18295217374, 0.41798947716, 0.39905834909]
    ],
    [
      [0.41571005582, 0.22306331592, 0.36122662826],
      [0.13001416096, 0.25322281191, 0.61676302713]
    ],
    [
      [0.42683102811, 0.30043539002, 0.27273358186],
      [0.14227166474, 0.37289690845, 0.48483142681]
    ],
    [
      [0.42395236362, 0.28785420304, 0.28819343333],
      [0.13999255508, 0.35177945018, 0.50822799474]
    ],
    [
      [0.46398423717, 0.25599153551, 0.28002422732],
      [0.1592973935, 0.32269850928, 0.51800409722]
    ],
    [
      [0.5293466446, 0.2412505687, 0.2294027867],
      [0.19912452746, 0.3305335749, 0.47034189764]
    ],
    [
      [0.59210076947, 0.16823909744, 0.23966013309],
      [0.23786704074, 0.25193487652, 0.51019808274]
    ],
    [
      [0.51552569665, 0.20810138157, 0.27637292178],
      [0.18575789461, 0.27653456417, 0.53770754122]
    ],
    [
      [0.5636972138, 0.17919904935, 0.25710373685],
      [0.21667049602, 0.25623960732, 0.52708989666]
    ],
    [
      [0.52508897603, 0.26399101908, 0.2109200049],
      [0.19782368362, 0.36402556109, 0.43815075529]
    ],
    [
      [0.59892921273, 0.19950901206, 0.20156177521],
      [0.24754465554, 0.29786703767, 0.45458830679]
    ],
    [
      [0.48719634467, 0.18800147491, 0.32480218042],
      [0.16554490856, 0.23799532945, 0.59645976199]
    ],
    [
      [0.49139457608, 0.17912729964, 0.32947812428],
      [0.1668737757, 0.22854866491, 0.60457755939]
    ],
    [
      [0.44656789722, 0.29003891055, 0.26339319222],
      [0.15207598482, 0.36681233151, 0.48111168367]
    ],
    [
      [0.44157264074, 0.18172694687, 0.37670041239],
      [0.13945174912, 0.21236788438, 0.6481803665]
    ],
    [
      [0.47905641246, 0.22585534489, 0.29508824265],
      [0.16528050498, 0.28632747518, 0.54839201984]
    ],
    [
      [0.51546998234, 0.25755712708, 0.22697289058],
      [0.19248316347, 0.35287669671, 0.45464013982]
    ],
    [
      [0.45636226299, 0.21310493038, 0.33053280663],
      [0.15221132103, 0.25865439905, 0.58913427993]
    ],
    [
      [0.47347087622, 0.22629425086, 0.30023487292],
      [0.16217637459, 0.28456858305, 0.55325504236]
    ],
    [
      [0.49253520959, 0.29174033831, 0.2157244521],
      [0.18451316671, 0.39066738424, 0.42481944905]
    ],
    [
      [0.45583598201, 0.28383735363, 0.26032666437],
      [0.1586833741, 0.35773557254, 0.48358105336]
    ],
    [
      [0.56807270271, 0.19714992472, 0.23477737257],
      [0.21676452867, 0.28599147994, 0.49724399139]
    ],
    [
      [0.54477249825, 0.2133542324, 0.24187326934],
      [0.20420810696, 0.299181153, 0.49661074003]
    ],
    [
      [0.43500609701, 0.20470091094, 0.36029299205],
      [0.140477197, 0.23935719732, 0.62016560568]
    ],
    [
      [0.48038131502, 0.24583174068, 0.2737869443],
      [0.16819778902, 0.31618012941, 0.51562208157]
    ],
    [
      [0.36994983897, 0.29047848802, 0.33957167301],
      [0.10685794559, 0.32932258273, 0.56381947168]
    ],
    [
      [0.34407864532, 0.32468943855, 0.33123191613],
      [0.095394866291, 0.36084738348, 0.54375775023]
    ],
    [
      [0.40303584672, 0.3178273328, 0.27913682048],
      [0.13115437247, 0.37722545562, 0.49162017192]
    ],
    [
      [0.53526044683, 0.22479930258, 0.23994025059],
      [0.19965992115, 0.31327071131, 0.48706936754]
    ],
    [
      [0.47651206639, 0.23111951969, 0.29236841392],
      [0.16447147602, 0.2929935454, 0.54253497858]
    ],
    [
      [0.50518999585, 0.23934335814, 0.255466646],
      [0.18257158026, 0.31915472901, 0.49827369074]
    ],
    [
      [0.49792239382, 0.25656510252, 0.24551250365],
      [0.18069253539, 0.34114496583, 0.47816249878]
    ],
    [
      [0.48019937669, 0.18864631935, 0.33115430396],
      [0.16485776479, 0.23159656682, 0.6035456684]
    ],
    [
      [0.4628017002, 0.2845272405, 0.25267105929],
      [0.16308099569, 0.36265788768, 0.47426111663]
    ],
    [
      [0.48219672612, 0.23948551806, 0.27831775582],
      [0.1684173665, 0.30774833149, 0.52383430201]
    ],
    [
      [0.45139469116, 0.22197149243, 0.32663381641],
      [0.14965132721, 0.26950712689, 0.5808415459]
    ],
    [
      [0.47920423238, 0.20249868954, 0.31829707808],
      [0.16446182135, 0.25184251909, 0.58369565955]
    ],
    [
      [0.519017397, 0.2008416785, 0.2801409245],
      [0.186994201, 0.26638610717, 0.54661969183]
    ],
    [
      [0.4591802293, 0.21455558559, 0.32626418512],
      [0.15360659023, 0.2618148048, 0.58457860496]
    ],
    [
      [0.50336078364, 0.21036209936, 0.286277117],
      [0.17853926615, 0.27400043352, 0.54746030033]
    ]
  ],