{
  "X": [
    [21, 16, 63],
    [25, 12, 63],
    [24, 14, 62],
    [25, 11, 64],
    [17, 16, 67],
    [23, 13, 64],
    [19, 9, 72],
    [21, 11, 68],
    [27, 14, 59],
    [20, 13, 67],
    [27, 11, 62],
    [22, 12, 66],
    [25, 16, 59],
    [27, 13, 60],
    [26, 8, 66],
    [21, 14, 65],
    [21, 16, 63],
    [28, 13, 59],
    [17, 13, 70],
    [19, 13, 68],
    [13, 17, 70],
    [16, 14, 70],
    [27, 13, 60],
    [24, 9, 67],
    [24, 13, 63],
    [25, 27, 48],
    [22, 34, 44],
    [12, 46, 42],
    [22, 40, 38],
    [18, 37, 45],
    [24, 32, 44],
    [30, 26, 44],
    [22, 29, 49],
    [24, 42, 34],
    [18, 36, 46],
    [19, 33, 48],
    [23, 32, 45],
    [28, 30, 42],
    [29, 32, 39],
    [22, 37, 41],
    [22, 36, 42],
    [21, 36, 43],
    [26, 31, 43],
    [20, 38, 42],
    [20, 38, 42],
    [19, 33, 48],
    [20, 30, 50],
    [29, 26, 45],
    [27, 30, 43],
    [21, 34, 45]
  ],
  "W": [
    [71, 29],
    [77, 23],
    [68, 32],
    [74, 26],
    [73, 27],
    [76, 24],
    [77, 23],
    [73, 27],
    [62, 38],
    [74, 26],
    [74, 26],
    [79, 21],
    [68, 32],
    [71, 29],
    [82, 18],
    [79, 21],
    [77, 23],
    [80, 20],
    [77, 23],
    [75, 25],
    [80, 20],
    [73, 27],
    [76, 24],
    [74, 26],
    [69, 31],
    [26, 74],
    [24, 76],
    [25, 75],
    [19, 81],
    [24, 76],
    [27, 73],
    [27, 73],
    [21, 79],
    [17, 83],
    [26, 74],
    [23, 77],
    [27, 73],
    [29, 71],
    [26, 74],
    [28, 72],
    [21, 79],
    [28, 72],
    [26, 74],
    [29, 71],
    [23, 77],
    [27, 73],
    [26, 74],
    [32, 68],
    [26, 74],
    [34, 66]
  ],
  "method": "mvn_cdf",
  "mvncdf_method": "genz",
  "mvncdf_samples": 5000,
  "mvncdf_error": 0.001,
  "cond_prob": [
    [
      [0.20885247865, 0.03224140193, 0.75890611942],
      [0.21280944882, 0.47278829183, 0.31440225936]
    ],
    [
      [0.2463247546, 0.02894434915, 0.72473089625],
      [0.26230408242, 0.42483848328, 0.3128574343]
    ],
    [
      [0.22898284374, 0.023444778645, 0.74757237761],
      [0.26341145705, 0.38767984538, 0.34890869757]
    ],
    [
      [0.2387053071, 0.021059147714, 0.74023554519],
      [0.28214643364, 0.36313934881, 0.35471421755]
    ],
    [
      [0.16872318882, 0.034593102973, 0.7966837082],
      [0.1734521191, 0.49906309196, 0.32748478894]
    ],
    [
      [0.22750314858, 0.030253598971, 0.74224325245],
      [0.23790669617, 0.44586360326, 0.31622970057]
    ],
    [
      [0.17730046549, 0.016152918667, 0.80654661585],
      [0.23251583293, 0.33722718533, 0.43025698174]
    ],
    [
      [0.19701872567, 0.018782117514, 0.78419915681],
      [0.24509751947, 0.35662612672, 0.39827635381]
    ],
    [
      [0.24981297855, 0.017999391901, 0.73218762955],
      [0.30293671921, 0.33905362374, 0.35800965705]
    ],
    [
      [0.19350302534, 0.026802029474, 0.77969494518],
      [0.21849138941, 0.42371730073, 0.35779130986]
    ],
    [
      [0.25872121182, 0.02196323522, 0.71931555296],
      [0.30210116635, 0.36056617668, 0.33733265697]
    ],
    [
      [0.21822654812, 0.030975749911, 0.75079770197],
      [0.22667155708, 0.45490075034, 0.31842769258]
    ],
    [
      [0.24642214991, 0.029946316259, 0.72363153383],
      [0.25760293145, 0.43636407795, 0.3060329906]
    ],
    [
      [0.26088178281, 0.025314320518, 0.71380389667],
      [0.29232391104, 0.38629942218, 0.32137666678]
    ],
    [
      [0.25140228106, 0.020499605776, 0.72809811316],
      [0.29916738628, 0.35105735147, 0.34977526226]
    ],
    [
      [0.21370151761, 0.038076226748, 0.74822225565],
      [0.19607524329, 0.52342752795, 0.28049722876]
    ],
    [
      [0.21731865751, 0.041716946579, 0.74096439591],
      [0.18549840747, 0.55599109189, 0.25851050065]
    ],
    [
      [0.28508970985, 0.039105816756, 0.67580447339],
      [0.25964116059, 0.49357673297, 0.24678210643]
    ],
    [
      [0.16597053546, 0.030829661222, 0.80319980331],
      [0.18348994649, 0.46200504721, 0.35450500629]
    ],
    [
      [0.1844254106, 0.02805431596, 0.78752027344],
      [0.2067237682, 0.43583705212, 0.35743917968]
    ],
    [
      [0.13535048249, 0.051754281028, 0.81289523648],
      [0.10859807005, 0.64298287589, 0.24841905406]
    ],
    [
      [0.15277724981, 0.02874533537, 0.81847741482],
      [0.17952817644, 0.44079964881, 0.37967217475]
    ],
    [
      [0.26881100726, 0.032110777745, 0.69907821499],
      [0.27376514368, 0.43998253714, 0.28625231918]
    ],
    [
      [0.22322124777, 0.012695741757, 0.76408301048],
      [0.2877549102, 0.31001981192, 0.40222527788]
    ],
    [
      [0.2273077168, 0.021419506553, 0.75127277665],
      [0.26825056583, 0.37167916283, 0.36007027134]
    ],
    [
      [0.21298427488, 0.019790495934, 0.76722522919],
      [0.26300552504, 0.35791144737, 0.37908302758]
    ],
    [
      [0.20480780151, 0.028113592637, 0.76707860585],
      [0.22479753636, 0.43849044443, 0.3367120192]
    ],
    [
      [0.1451896883, 0.049201422295, 0.80560888941],
      [0.11160343723, 0.59693285924, 0.29146370353]
    ],
    [
      [0.22119905905, 0.034570037148, 0.7442309038],
      [0.21971873923, 0.48571813943, 0.29456312133]
    ],
    [
      [0.17334677758, 0.031766918776, 0.79488630365],
      [0.18210101761, 0.4768104467, 0.34108853569]
    ],
    [
      [0.22513010581, 0.027554186908, 0.74731570728],
      [0.24549982388, 0.42816488977, 0.32633528635]
    ],
    [
      [0.26953646176, 0.020827385432, 0.70963615281],
      [0.31126733606, 0.34846110402, 0.34027155992]
    ],
    [
      [0.1791716285, 0.019882874945, 0.80094549656],
      [0.23085311141, 0.36180328641, 0.40734360218]
    ],
    [
      [0.25165711153, 0.03771716029, 0.71062572818],
      [0.23761239884, 0.49829889488, 0.26408870628]
    ],
    [
      [0.17304981487, 0.031574935681, 0.79537524945],
      [0.18244195694, 0.47539259017, 0.3421654529]
    ],
    [
      [0.1671403946, 0.025584487879, 0.80727511752],
      [0.19682819382, 0.42092930882, 0.38224249736]
    ],
    [
      [0.21357232143, 0.027176352834, 0.75925132574],
      [0.23607599071, 0.42830463662, 0.33561937267]
    ],
    [
      [0.26847360702, 0.027707823751, 0.70381856923],
      [0.28470796333, 0.41121793114, 0.30407410553]
    ],
    [
      [0.28541988777, 0.029799716774, 0.68478039545],
      [0.29160922862, 0.42196226167, 0.28642850971]
    ],
    [
      [0.22604195785, 0.036205633858, 0.73775240829],
      [0.21765034972, 0.49980892017, 0.28254073011]
    ],
    [
      [0.20741161625, 0.029337609835, 0.76325077392],
      [0.22334627922, 0.44789759739, 0.32875612339]
    ],
    [
      [0.20981399391, 0.033843991696, 0.75634201439],
      [0.2100723357, 0.48683844767, 0.30308921662]
    ],
    [
      [0.24231447073, 0.026235626216, 0.73144990306],
      [0.26621383461, 0.40970099619, 0.3240851692]
    ],
    [
      [0.20876316995, 0.038154333638, 0.75308249641],
      [0.19642067706, 0.51962710316, 0.28395221978]
    ],
    [
      [0.19716826303, 0.033225189979, 0.769606547],
      [0.20084584351, 0.48358208611, 0.31557207038]
    ],
    [
      [0.17407607451, 0.027834843023, 0.79808908246],
      [0.19588967107, 0.44175971559, 0.36235061334]
    ],
    [
      [0.17168991186, 0.023246334693, 0.80506375345],
      [0.20994678773, 0.3972377743, 0.39281543798]
    ],
    [
      [0.26725721124, 0.023253351736, 0.70948943703],
      [0.30070248883, 0.37141018742, 0.32788732375]
    ],
    [
      [0.24976157534, 0.025135319597, 0.72510310506],
      [0.27711079785, 0.3965740769, 0.32631512525]
    ],
    [
      [0.21301756764, 0.034989786663, 0.75199264569],
      [0.20844549546, 0.49712647354, 0.29442803101]
    ]
  ],