{
  "X": [
    [75, 25],
    [68, 32],
    [68, 32],
    [75, 25],
    [62, 38],
    [67, 33],
    [65, 35],
    [83, 17],
    [63, 37],
    [68, 32],
    [67, 33],
    [61, 39],
    [72, 28],
    [69, 31],
    [69, 31],
    [67, 33],
    [71, 29],
    [74, 26],
    [86, 14],
    [79, 21],
    [75, 25],
    [74, 26],
    [69, 31],
    [74, 26],
    [81, 19],
    [77, 23],
    [86, 14],
    [85, 15],
    [75, 25],
    [80, 20],
    [75, 25],
    [80, 20],
    [75, 25],
    [61, 39],
    [54, 46],
    [51, 49],
    [48, 52],
    [57, 43],
    [53, 47],
    [49, 51],
    [55, 45],
    [65, 35],
    [61, 39],
    [50, 50],
    [53, 47],
    [50, 50],
    [48, 52],
    [44, 56],
    [60, 40],
    [52, 48]
  ],
  "W": [
    [71, 19, 10],
    [70, 13, 17],
    [69, 18, 13],
    [74, 15, 11],
    [68, 16, 16],
    [65, 19, 16],
    [61, 21, 18],
    [58, 22, 20],
    [64, 19, 17],
    [67, 17, 16],
    [69, 18, 13],
    [73, 12, 15],
    [59, 23, 18],
    [72, 16, 12],
    [70, 13, 17],
    [67, 19, 14],
    [51, 32, 17],
    [13, 63, 24],
    [13, 69, 18],
    [14, 68, 18],
    [13, 68, 19],
    [18, 68, 14],
    [24, 61, 15],
    [14, 63, 23],
    [14, 68, 18],
    [19, 67, 14],
    [18, 68, 14],
    [12, 73, 15],
    [13, 71, 16],
    [20, 68, 12],
    [17, 65, 18],
    [10, 74, 16],
    [24, 62, 14],
    [19, 32, 49],
    [16, 12, 72],
    [18, 13, 69],
    [20, 16, 64],
    [15, 21, 64],
    [8, 18, 74],
    [16, 15, 69],
    [17, 19, 64],
    [20, 15, 65],
    [11, 23, 66],
    [18, 21, 61],
    [17, 15, 68],
    [16, 11, 73],
    [18, 11, 71],
    [15, 16, 69],
    [21, 12, 67],
    [18, 9, 73]
  ],
  "method": "mult",
  "cond_prob": [
    [
      [0.74633190575, 0.25366809425],
      [0.91124428947, 0.088755710533],
      [0.46967931915, 0.53032068085]
    ],
    [
      [0.70318188991, 0.29681811009],
      [0.89383707246, 0.10616292754],
      [0.42102269202, 0.57897730798]
    ],
    [
      [0.67997248486, 0.32002751514],
      [0.88425228497, 0.11574771503],
      [0.39733518578, 0.60266481422]
    ],
    [
      [0.75627643749, 0.24372356251],
      [0.91525658738, 0.084743412625],
      [0.48242680136, 0.51757319864]
    ],
    [
      [0.62694894664, 0.37305105336],
      [0.86134695557, 0.13865304443],
      [0.34912002123, 0.65087997877]
    ],
    [
      [0.67585197074, 0.32414802926],
      [0.88265818009, 0.11734181991],
      [0.39369478003, 0.60630521997]
    ],
    [
      [0.65420622124, 0.34579377876],
      [0.87396143543, 0.12603856457],
      [0.37445724225, 0.62554275775]
    ],
    [
      [0.85890447788, 0.14109552212],
      [0.94881879007, 0.051181209931],
      [0.61547634506, 0.38452365494]
    ],
    [
      [0.63322095854, 0.36677904146],
      [0.86469862702, 0.13530137298],
      [0.35556380823, 0.64443619177]
    ],
    [
      [0.69164346091, 0.30835653909],
      [0.88910897366, 0.11089102634],
      [0.40906472293, 0.59093527707]
    ],
    [
      [0.66876512383, 0.33123487617],
      [0.879504123, 0.120495877],
      [0.38647171088, 0.61352828912]
    ],
    [
      [0.62353943965, 0.37646056035],
      [0.85906303454, 0.14093696546],
      [0.34485763275, 0.65514236725]
    ],
    [
      [0.73102344563, 0.26897655437],
      [0.90409377509, 0.095906224914],
      [0.44863666003, 0.55136333997]
    ],
    [
      [0.69238354957, 0.30761645043],
      [0.88943683083, 0.11056316917],
      [0.40978292811, 0.59021707189]
    ],
    [
      [0.7139122776, 0.2860877224],
      [0.89815549714, 0.10184450286],
      [0.43235994738, 0.56764005262]
    ],
    [
      [0.66951946735, 0.33048053265],
      [0.87991894479, 0.12008105521],
      [0.38740969545, 0.61259030455]
    ],
    [
      [0.69585141752, 0.30414858248],
      [0.89060419094, 0.10939580906],
      [0.41248491744, 0.58751508256]
    ],
    [
      [0.68163369996, 0.31836630004],
      [0.8824979843, 0.1175020157],
      [0.3975578704, 0.6024421296]
    ],
    [
      [0.79747978092, 0.20252021908],
      [0.95318749995, 0.046812500049],
      [0.54793474174, 0.45206525826]
    ],
    [
      [0.70924176076, 0.29075823924],
      [0.90222087411, 0.097779125889],
      [0.42886643943, 0.57113356057]
    ],
    [
      [0.66409004523, 0.33590995477],
      [0.87026099837, 0.12973900163],
      [0.37837271172, 0.62162728828]
    ],
    [
      [0.63332508919, 0.36667491081],
      [0.84915157709, 0.15084842291],
      [0.34698865373, 0.65301134627]
    ],
    [
      [0.59815360615, 0.40184639385],
      [0.81852339958, 0.18147660042],
      [0.31429240519, 0.68570759481]
    ],
    [
      [0.67835037057, 0.32164962943],
      [0.8800458577, 0.1199541423],
      [0.3939219903, 0.6060780097]
    ],
    [
      [0.73434668116, 0.26565331884],
      [0.91829178883, 0.081708211168],
      [0.45973915684, 0.54026084316]
    ],
    [
      [0.67275271576, 0.32724728424],
      [0.87751288456, 0.12248711544],
      [0.38745250966, 0.61254749034]
    ],
    [
      [0.78848702668, 0.21151297332],
      [0.94600611685, 0.05399388315],
      [0.53420125528, 0.46579874472]
    ],
    [
      [0.76713980746, 0.23286019254],
      [0.93487157392, 0.065128426083],
      [0.5032464943, 0.4967535057]
    ],
    [
      [0.64504958924, 0.35495041076],
      [0.85742083098, 0.14257916902],
      [0.35859227127, 0.64140772873]
    ],
    [
      [0.70114331237, 0.29885668763],
      [0.89629041166, 0.10370958834],
      [0.41911547996, 0.58088452004]
    ],
    [
      [0.66803707095, 0.33196292905],
      [0.87318002416, 0.12681997584],
      [0.38259267907, 0.61740732093]
    ],
    [
      [0.70037164169, 0.29962835831],
      [0.89601234499, 0.10398765501],
      [0.41821062835, 0.58178937165]
    ],
    [
      [0.66124769543, 0.33875230457],
      [0.86895191541, 0.13104808459],
      [0.37535975387, 0.62464024613]
    ],
    [
      [0.6855580657, 0.3144419343],
      [0.88628510342, 0.11371489658],
      [0.40027088658, 0.59972911342]
    ],
    [
      [0.71488848743, 0.28511151257],
      [0.8995922448, 0.1004077552],
      [0.44120385088, 0.55879614912]
    ],
    [
      [0.68072438931, 0.31927561069],
      [0.88396961847, 0.11603038153],
      [0.39500515873, 0.60499484127]
    ],
    [
      [0.63565067741, 0.36434932259],
      [0.86176725122, 0.13823274878],
      [0.3359173505, 0.6640826495]
    ],
    [
      [0.70650123204, 0.29349876796],
      [0.89585482516, 0.10414517484],
      [0.43108640924, 0.56891359076]
    ],
    [
      [0.70141821394, 0.29858178606],
      [0.89354959474, 0.10645040526],
      [0.42303731869, 0.57696268131]
    ],
    [
      [0.65953262886, 0.34046737114],
      [0.87376721691, 0.12623278309],
      [0.36726043021, 0.63273956979]
    ],
    [
      [0.69280830673, 0.30719169327],
      [0.88961449001, 0.11038550999],
      [0.41124349181, 0.58875650819]
    ],
    [
      [0.78158837078, 0.21841162922],
      [0.92746894333, 0.072531056671],
      [0.54547997591, 0.45452002409]
    ],
    [
      [0.74091003584, 0.25908996416],
      [0.91086472305, 0.089135276948],
      [0.48333486327, 0.51666513673]
    ],
    [
      [0.63698619982, 0.36301380018],
      [0.8624606761, 0.1375393239],
      [0.33479629844, 0.66520370156]
    ],
    [
      [0.69211950194, 0.30788049806],
      [0.88929167133, 0.11070832867],
      [0.41021460878, 0.58978539122]
    ],
    [
      [0.68527204822, 0.31472795178],
      [0.88610516507, 0.11389483493],
      [0.40121219743, 0.59878780257]
    ],
    [
      [0.66273382329, 0.33726617671],
      [0.87533293781, 0.12466706219],
      [0.37242435021, 0.62757564979]
    ],
    [
      [0.61114084827, 0.38885915173],
      [0.84884720095, 0.15115279905],
      [0.30799031972, 0.69200968028]
    ],
    [
      [0.75173559012, 0.24826440988],
      [0.91539512773, 0.084604872271],
      [0.4959524041, 0.5040475959]
    ],
    [
      [0.70557520035, 0.29442479965],
      [0.89542941338, 0.10457058662],
      [0.42795591333, 0.57204408667]
    ]
  ],