{
  "X": [
    [29, 71],
    [24, 76],
    [32, 68],
    [35, 65],
    [25, 75],
    [29, 71],
    [22, 78],
    [29, 71],
    [23, 77],
    [23, 77],
    [35, 65],
    [29, 71],
    [27, 73],
    [27, 73],
    [28, 72],
    [30, 70],
    [27, 73],
    [46, 54],
    [49, 51],
    [39, 61],
    [34, 66],
    [46, 54],
    [41, 59],
    [54, 46],
    [49, 51],
    [40, 60],
    [47, 53],
    [43, 57],
    [47, 53],
    [40, 60],
    [47, 53],
    [46, 54],
    [51, 49],
    [24, 76],
    [24, 76],
    [25, 75],
    [27, 73],
    [19, 81],
    [25, 75],
    [26, 74],
    [26, 74],
    [26, 74],
    [18, 82],
    [21, 79],
    [21, 79],
    [20, 80],
    [29, 71],
    [21, 79],
    [24, 76],
    [15, 85]
  ],
  "W": [
    [69, 17, 14],
    [74, 11, 15],
    [64, 19, 17],
    [64, 17, 19],
    [70, 15, 15],
    [69, 16, 15],
    [67, 11, 22],
    [72, 8, 20],
    [68, 14, 18],
    [72, 15, 13],
    [69, 16, 15],
    [61, 16, 23],
    [59, 22, 19],
    [65, 15, 20],
    [78, 13, 9],
    [69, 14, 17],
    [44, 35, 21],
    [18, 64, 18],
    [12, 74, 14],
    [23, 67, 10],
    [19, 67, 14],
    [17, 60, 23],
    [19, 69, 12],
    [14, 74, 12],
    [11, 76, 13],
    [15, 63, 22],
    [23, 62, 15],
    [21, 59, 20],
    [20, 65, 15],
    [14, 69, 17],
    [13, 70, 17],
    [11, 68, 21],
    [16, 71, 13],
    [13, 32, 55],
    [18, 14, 68],
    [15, 20, 65],
    [11, 21, 68],
    [14, 13, 73],
    [17, 17, 66],
    [18, 17, 65],
    [13, 16, 71],
    [21, 15, 64],
    [14, 17, 69],
    [14, 19, 67],
    [20, 19, 61],
    [12, 16, 72],
    [13, 24, 63],
    [16, 19, 65],
    [17, 22, 61],
    [21, 14, 65]
  ],
  "method": "mvn_cdf",
  "mvncdf_method": "genz",
  "mvncdf_samples": 5000,
  "mvncdf_error": 0.001,
  "cond_prob": [
    [
      [0.25043037041, 0.74956962959],
      [0.57948971952, 0.42051028048],
      [0.13349851501, 0.86650148499]
    ],
    [
      [0.22071672272, 0.77928327728],
      [0.53911771753, 0.46088228247],
      [0.11577784171, 0.88422215829]
    ],
    [
      [0.27742064232, 0.72257935768],
      [0.6145960791, 0.3854039209],
      [0.15104431698, 0.84895568302]
    ],
    [
      [0.31748147558, 0.68251852442],
      [0.66326535027, 0.33673464973],
      [0.17924603202, 0.82075396798]
    ],
    [
      [0.2179181963, 0.7820818037],
      [0.53545632611, 0.46454367389],
      [0.11425875782, 0.88574124218]
    ],
    [
      [0.25492278311, 0.74507721689],
      [0.58535229437, 0.41464770563],
      [0.13631275037, 0.86368724963]
    ],
    [
      [0.20726815306, 0.79273184694],
      [0.52081564721, 0.47918435279],
      [0.10836643751, 0.89163356249]
    ],
    [
      [0.28883217631, 0.71116782369],
      [0.62882737919, 0.37117262081],
      [0.15867321362, 0.84132678638]
    ],
    [
      [0.20380479444, 0.79619520556],
      [0.51605382156, 0.48394617844],
      [0.1064733598, 0.8935266402]
    ],
    [
      [0.19578914727, 0.80421085273],
      [0.50491964883, 0.49508035117],
      [0.10226051262, 0.89773948738]
    ],
    [
      [0.31531748334, 0.68468251666],
      [0.66084802723, 0.33915197277],
      [0.17796834761, 0.82203165239]
    ],
    [
      [0.26466658096, 0.73533341904],
      [0.59816654938, 0.40183345062],
      [0.14281190311, 0.85718809689]
    ],
    [
      [0.21971410387, 0.78028589613],
      [0.53829794362, 0.46170205638],
      [0.1154901638, 0.8845098362]
    ],
    [
      [0.24382936381, 0.75617063619],
      [0.57057720705, 0.42942279295],
      [0.12962166233, 0.87037833767]
    ],
    [
      [0.24781940913, 0.75218059087],
      [0.57578016978, 0.42421983022],
      [0.13166043123, 0.86833956877]
    ],
    [
      [0.27426688264, 0.72573311736],
      [0.61037804987, 0.38962195013],
      [0.14884072939, 0.85115927061]
    ],
    [
      [0.18306544123, 0.81693455877],
      [0.48443647098, 0.51556352902],
      [0.094754481032, 0.90524551897]
    ],
    [
      [0.26717217258, 0.73282782742],
      [0.60280255086, 0.39719744914],
      [0.14508542436, 0.85491457564]
    ],
    [
      [0.25991134887, 0.74008865113],
      [0.59342881769, 0.40657118231],
      [0.14052366461, 0.85947633539]
    ],
    [
      [0.19425705824, 0.80574294176],
      [0.50032316432, 0.49967683568],
      [0.10104356509, 0.89895643491]
    ],
    [
      [0.16203830629, 0.83796169371],
      [0.44424743149, 0.55575256851],
      [0.082621019328, 0.91737898067]
    ],
    [
      [0.28614295796, 0.71385704204],
      [0.62534779339, 0.37465220661],
      [0.15716096135, 0.84283903865]
    ],
    [
      [0.20592404151, 0.79407595849],
      [0.51874620026, 0.48125379974],
      [0.10782961615, 0.89217038385]
    ],
    [
      [0.30373848995, 0.69626151005],
      [0.64490194401, 0.35509805599],
      [0.16874310701, 0.83125689299]
    ],
    [
      [0.25316352917, 0.74683647083],
      [0.58477669475, 0.41522330525],
      [0.13632095217, 0.86367904783]
    ],
    [
      [0.22099520715, 0.77900479285],
      [0.54151886024, 0.45848113976],
      [0.11679016808, 0.88320983192]
    ],
    [
      [0.27941251211, 0.72058748789],
      [0.61742785877, 0.38257214123],
      [0.1528656652, 0.8471343348]
    ],
    [
      [0.2569834242, 0.7430165758],
      [0.59032260656, 0.40967739344],
      [0.13871571524, 0.86128428476]
    ],
    [
      [0.26996320541, 0.73003679459],
      [0.60612255747, 0.39387744253],
      [0.14685131042, 0.85314868958]
    ],
    [
      [0.20199855996, 0.79800144004],
      [0.51272439257, 0.48727560743],
      [0.10553159253, 0.89446840747]
    ],
    [
      [0.25704634786, 0.74295365214],
      [0.58999949845, 0.41000050155],
      [0.13873132862, 0.86126867138]
    ],
    [
      [0.25823639245, 0.74176360755],
      [0.59162514123, 0.40837485877],
      [0.13947095616, 0.86052904384]
    ],
    [
      [0.28612588308, 0.71387411692],
      [0.62504614044, 0.37495385956],
      [0.15720845382, 0.84279154618]
    ],
    [
      [0.19343833539, 0.80656166461],
      [0.50006321327, 0.49993678673],
      [0.09969597846, 0.90030402154]
    ],
    [
      [0.27717313612, 0.72282686388],
      [0.61630538526, 0.38369461474],
      [0.15268541406, 0.84731458594]
    ],
    [
      [0.25917041093, 0.74082958907],
      [0.59434025067, 0.40565974933],
      [0.14193290496, 0.85806709504]
    ],
    [
      [0.28566573134, 0.71433426866],
      [0.62639421315, 0.37360578685],
      [0.15740291881, 0.84259708119]
    ],
    [
      [0.22342190057, 0.77657809943],
      [0.54635445337, 0.45364554663],
      [0.12012993833, 0.87987006167]
    ],
    [
      [0.27373121674, 0.72626878326],
      [0.61218777937, 0.38781222063],
      [0.15059662221, 0.84940337779]
    ],
    [
      [0.2853872252, 0.7146127748],
      [0.6259048003, 0.3740951997],
      [0.15727151294, 0.84272848706]
    ],
    [
      [0.30091642762, 0.69908357238],
      [0.64358313291, 0.35641686709],
      [0.16606699034, 0.83393300966]
    ],
    [
      [0.29281767263, 0.70718232737],
      [0.63439305675, 0.36560694325],
      [0.16148332849, 0.83851667151]
    ],
    [
      [0.19238302609, 0.80761697391],
      [0.49922907672, 0.50077092328],
      [0.098836859864, 0.90116314014]
    ],
    [
      [0.21710960561, 0.78289039439],
      [0.53709578676, 0.46290421324],
      [0.11575590407, 0.88424409593]
    ],
    [
      [0.21039459321, 0.78960540679],
      [0.5267914087, 0.4732085913],
      [0.11119789132, 0.88880210868]
    ],
    [
      [0.22260532563, 0.77739467437],
      [0.54528432372, 0.45471567628],
      [0.11950259601, 0.88049740399]
    ],
    [
      [0.29021466833, 0.70978533167],
      [0.63135743861, 0.36864256139],
      [0.15991477437, 0.84008522563]
    ],
    [
      [0.21482893487, 0.78517106513],
      [0.53360859676, 0.46639140324],
      [0.11421805698, 0.88578194302]
    ],
    [
      [0.23367747577, 0.76632252423],
      [0.56046199337, 0.43953800663],
      [0.12618555832, 0.87381444168]
    ],
    [
      [0.16575828694, 0.83424171306],
      [0.45625121672, 0.54374878328],
