{
  "X": [
    [61, 39],
    [59, 41],
    [65, 35],
    [60, 40],
    [69, 31],
    [58, 42],
    [67, 33],
    [63, 37],
    [56, 44],
    [59, 41],
    [58, 42],
    [61, 39],
    [65, 35],
    [64, 36],
    [71, 29],
    [63, 37],
    [49, 51],
    [25, 75],
    [27, 73],
    [21, 79],
    [22, 78],
    [31, 69],
    [24, 76],
    [28, 72],
    [34, 66],
    [30, 70],
    [28, 72],
    [21, 79],
    [29, 71],
    [19, 81],
    [32, 68],
    [35, 65],
    [24, 76],
    [51, 49],
    [52, 48],
    [49, 51],
    [43, 57],
    [57, 43],
    [45, 55],
    [54, 46],
    [53, 47],
    [44, 56],
    [54, 46],
    [46, 54],
    [39, 61],
    [55, 45],
    [50, 50],
    [46, 54],
    [46, 54],
    [56, 44]
  ],
  "W": [
    [58, 16, 26],
    [68, 18, 14],
    [68, 14, 18],
    [58, 18, 24],
    [69, 14, 17],
    [64, 14, 22],
    [75, 9, 16],
    [70, 14, 16],
    [68, 16, 16],
    [61, 20, 19],
    [62, 16, 22],
    [65, 20, 15],
    [59, 14, 27],
    [65, 16, 19],
    [73, 15, 12],
    [70, 12, 18],
    [52, 33, 15],
    [12, 69, 19],
    [18, 69, 13],
    [14, 77, 9],
    [10, 74, 16],
    [19, 70, 11],
    [18, 71, 11],
    [14, 63, 23],
    [15, 66, 19],
    [22, 68, 10],
    [17, 63, 20],
    [13, 69, 18],
    [15, 63, 22],
    [9, 71, 20],
    [19, 67, 14],
    [16, 61, 23],
    [16, 74, 10],
    [20, 33, 47],
    [16, 19, 65],
    [19, 14, 67],
    [13, 14, 73],
    [21, 10, 69],
    [17, 14, 69],
    [17, 18, 65],
    [15, 13, 72],
    [15, 16, 69],
    [21, 16, 63],
    [18, 12, 70],
    [18, 24, 58],
    [22, 14, 64],
    [17, 18, 65],
    [21, 19, 60],
    [19, 24, 57],
    [26, 15, 59]
  ],
  "method": "mvn_cdf",
  "mvncdf_method": "genz",
  "mvncdf_samples": 5000,
  "mvncdf_error": 0.001,
  "cond_prob": [
    [
      [0.78996304532, 0.21003695468],
      [0.095465920103, 0.9045340799],
      [0.52518033268, 0.47481966732]
    ],
    [
      [0.75066868923, 0.24933131077],
      [0.077571409871, 0.92242859013],
      [0.46844598249, 0.53155401751]
    ],
    [
      [0.79463991026, 0.20536008974],
      [0.098071637682, 0.90192836232],
      [0.53286017637, 0.46713982363]
    ],
    [
      [0.78863020967, 0.21136979033],
      [0.09465087054, 0.90534912946],
      [0.52315550707, 0.47684449293]
    ],
    [
      [0.8309167741, 0.1690832259],
      [0.11974915892, 0.88025084108],
      [0.58766202129, 0.41233797871]
    ],
    [
      [0.73629645031, 0.26370354969],
      [0.072361504484, 0.92763849552],
      [0.44836209623, 0.55163790377]
    ],
    [
      [0.77511649197, 0.22488350803],
      [0.088602685745, 0.91139731426],
      [0.50430243316, 0.49569756684]
    ],
    [
      [0.76953125573, 0.23046874427],
      [0.085723642583, 0.91427635742],
      [0.49579256893, 0.50420743107]
    ],
    [
      [0.71101711201, 0.28898288799],
      [0.064125040389, 0.93587495961],
      [0.41405223358, 0.58594776642]
    ],
    [
      [0.77914859098, 0.22085140902],
      [0.089816045669, 0.91018395433],
      [0.50924289668, 0.49075710332]
    ],
    [
      [0.74979168048, 0.25020831952],
      [0.077346037287, 0.92265396271],
      [0.46706269154, 0.53293730846]
    ],
    [
      [0.78857926012, 0.21142073988],
      [0.094496418717, 0.90550358128],
      [0.52349464786, 0.47650535214]
    ],
    [
      [0.81651717725, 0.18348282275],
      [0.11068145227, 0.88931854773],
      [0.56577578558, 0.43422421442]
    ],
    [
      [0.80109586504, 0.19890413496],
      [0.10147158743, 0.89852841257],
      [0.54238017755, 0.45761982245]
    ],
    [
      [0.84569858871, 0.15430141129],
      [0.12988512481, 0.87011487519],
      [0.60964384597, 0.39035615403]
    ],
    [
      [0.761435259, 0.238564741],
      [0.082264234885, 0.91773576512],
      [0.48402005841, 0.51597994159]
    ],
    [
      [0.75545143597, 0.24454856403],
      [0.078865371391, 0.92113462861],
      [0.47426453825, 0.52573546175]
    ],
    [
      [0.77681109933, 0.22318890067],
      [0.088883074748, 0.91111692525],
      [0.50238603423, 0.49761396577]
    ],
    [
      [0.78237538435, 0.21762461565],
      [0.091121758352, 0.90887824165],
      [0.50998782734, 0.49001217266]
    ],
    [
      [0.75724543865, 0.24275456135],
      [0.079653123854, 0.92034687615],
      [0.47391925802, 0.52608074198]
    ],
    [
      [0.77114784976, 0.22885215024],
      [0.086289906419, 0.91371009358],
      [0.49394177671, 0.50605822329]
    ],
    [
      [0.83579573986, 0.16420426014],
      [0.12227535418, 0.87772464582],
      [0.59641874092, 0.40358125908]
    ],
    [
      [0.74930207288, 0.25069792712],
      [0.076235055564, 0.92376494444],
      [0.46362488574, 0.53637511426]
    ],
    [
      [0.77638781885, 0.22361218115],
      [0.088598814433, 0.91140118557],
      [0.50212370552, 0.49787629448]
    ],
    [
      [0.85586357166, 0.14413642834],
      [0.1381597883, 0.8618402117],
      [0.63386844195, 0.36613155805]
    ],
    [
      [0.80319319605, 0.19680680395],
      [0.10168225259, 0.89831774741],
      [0.54153565106, 0.45846434894]
    ],
    [
      [0.76552234891, 0.23447765109],
      [0.083447715419, 0.91655228458],
      [0.48644569985, 0.51355430015]
    ],
    [
      [0.71147391565, 0.28852608435],
      [0.061695147455, 0.93830485254],
      [0.41632632901, 0.58367367099]
    ],
    [
      [0.78579464589, 0.21420535411],
      [0.093081171391, 0.90691882861],
      [0.51586211428, 0.48413788572]
    ],
    [
      [0.70998590255, 0.29001409745],
      [0.06089992103, 0.93910007897],
      [0.41431162419, 0.58568837581]
    ],
    [
      [0.83097934842, 0.16902065158],
      [0.11907028031, 0.88092971969],
      [0.58812025711, 0.41187974289]
    ],
    [
      [0.83973842124, 0.16026157876],
      [0.1257265394, 0.8742734606],
      [0.60412462422, 0.39587537578]
    ],
    [
      [0.77692011962, 0.22307988038],
      [0.088549452478, 0.91145054752],
      [0.50166186028, 0.49833813972]
    ],
    [
      [0.85123349185, 0.14876650815],
      [0.13778449427, 0.86221550573],
      [0.62613706068, 0.37386293932]
    ],
    [
      [0.81696673367, 0.18303326633],
      [0.11127138609, 0.88872861391],
      [0.56637501424, 0.43362498576]
    ],
    [
      [0.77022848119, 0.22977151881],
      [0.086105368883, 0.91389463112],
      [0.49492811482, 0.50507188518]
    ],
    [
      [0.73255345484, 0.26744654516],
      [0.07162620588, 0.92837379412],
      [0.44484983842, 0.55515016158]
    ],
    [
      [0.81442157688, 0.18557842312],
      [0.10981458176, 0.89018541824],
      [0.5623043633, 0.4376956367]
    ],
    [
      [0.74031000306, 0.25968999694],
      [0.074282934584, 0.92571706542],
      [0.45470679513, 0.54529320487]
    ],
    [
      [0.82624440897, 0.17375559103],
      [0.1177062884, 0.8822937116],
      [0.58207895164, 0.41792104836]
    ],
    [
      [0.8063591989, 0.1936408011],
      [0.10477358295, 0.89522641705],
      [0.54920215886, 0.45079784114]
    ],
    [
      [0.74335063816, 0.25664936184],
      [0.075359855969, 0.92464014403],
      [0.45860844539, 0.54139155461]
    ],
    [
      [0.81237871168, 0.18762128832],
      [0.10833516496, 0.89166483504],
      [0.55883626056, 0.44116373944]
    ],
    [
      [0.73986125461, 0.26013874539],
      [0.074144227622, 0.92585577238],
      [0.45418238122, 0.54581761878]
    ],
    [
      [0.71536655979, 0.28463344021],
      [0.065907403308, 0.93409259669],
      [0.42313145249, 0.57686854751]
    ],
    [
      [0.81121636641, 0.18878363359],
      [0.10765565053, 0.89234434947],
      [0.5569697005, 0.4430302995]
    ],
    [
      [0.79643205534, 0.20356794466],
      [0.098923194212, 0.90107680579],
      [0.53353903944, 0.46646096056]
    ],
    [
      [0.75685799435, 0.24314200565],
      [0.080367078455, 0.91963292155],
      [0.4763167938, 0.5236832062]
    ],
    [
      [0.78009065971, 0.21990934029],
      [0.090395789275, 0.90960421072],
      [0.508925939, 0.491074061]
    ],
    [
      [0.81450973141, 0.18549026859],
