{
  "X": [
    [9, 35, 56],
    [11, 32, 57],
    [13, 27, 60],
    [10, 33, 57],
    [13, 36, 51],
    [13, 23, 64],
    [11, 27, 62],
    [14, 40, 46],
    [9, 28, 63],
    [8, 37, 55],
    [12, 37, 51],
    [11, 35, 54],
    [11, 32, 57],
    [6, 35, 59],
    [12, 40, 48],
    [15, 28, 57],
    [13, 28, 59],
    [11, 16, 73],
    [8, 19, 73],
    [6, 24, 70],
    [10, 19, 71],
    [6, 15, 79],
    [11, 17, 72],
    [16, 16, 68],
    [7, 27, 66],
    [10, 20, 70],
    [10, 20, 70],
    [10, 28, 62],
    [11, 20, 69],
    [7, 19, 74],
    [7, 14, 79],
    [6, 27, 67],
    [8, 18, 74],
    [13, 23, 64],
    [4, 18, 78],
    [10, 16, 74],
    [4, 20, 76],
    [11, 17, 72],
    [8, 24, 68],
    [8, 21, 71],
    [6, 20, 74],
    [8, 24, 68],
    [8, 20, 72],
    [9, 12, 79],
    [8, 21, 71],
    [9, 20, 71],
    [6, 16, 78],
    [8, 23, 69],
    [9, 19, 72],
    [5, 12, 83]
  ],
  "W": [
    [69, 17, 14],
    [74, 11, 15],
    [64, 19, 17],
    [64, 17, 19],
    [70, 15, 15],
    [69, 16, 15],
    [67, 11, 22],
    [72, 8, 20],
    [68, 14, 18],
    [72, 15, 13],
    [69, 16, 15],
    [61, 16, 23],
    [59, 22, 19],
    [65, 15, 20],
    [78, 13, 9],
    [69, 14, 17],
    [44, 35, 21],
    [18, 64, 18],
    [12, 74, 14],
    [23, 67, 10],
    [19, 67, 14],
    [17, 60, 23],
    [19, 69, 12],
    [14, 74, 12],
    [11, 76, 13],
    [15, 63, 22],
    [23, 62, 15],
    [21, 59, 20],
    [20, 65, 15],
    [14, 69, 17],
    [13, 70, 17],
    [11, 68, 21],
    [16, 71, 13],
    [13, 32, 55],
    [18, 14, 68],
    [15, 20, 65],
    [11, 21, 68],
    [14, 13, 73],
    [17, 17, 66],
    [18, 17, 65],
    [13, 16, 71],
    [21, 15, 64],
    [14, 17, 69],
    [14, 19, 67],
    [20, 19, 61],
    [12, 16, 72],
    [13, 24, 63],
    [16, 19, 65],
    [17, 22, 61],
    [21, 14, 65]
  ],
  "method": "mvn_cdf",
  "mvncdf_method": "genz",
  "mvncdf_samples": 5000,
  "mvncdf_error": 0.001,
  "cond_prob": [
    [
      [0.10274355509, 0.4326049141, 0.4646515308],
      [0.071353836863, 0.17398771438, 0.75465844875],
      [0.049834247993, 0.15660498445, 0.79356076755]
    ],
    [
      [0.12483484272, 0.38331414661, 0.49185101067],
      [0.081830007172, 0.14841832411, 0.76975166872],
      [0.057472770671, 0.13347677238, 0.80905045694]
    ],
    [
      [0.15414177805, 0.34989969618, 0.49595852577],
      [0.10133837713, 0.13401888841, 0.76464273445],
      [0.071146884657, 0.12118003322, 0.80767308212]
    ],
    [
      [0.11777823863, 0.42436855679, 0.45785320459],
      [0.081016944262, 0.17106258394, 0.74792047179],
      [0.057100246074, 0.15433412835, 0.78856562558]
    ],
    [
      [0.14689979875, 0.4384785249, 0.41462167635],
      [0.1059879178, 0.1849769283, 0.7090351539],
      [0.075146354694, 0.1687899555, 0.75606368981]
    ],
    [
      [0.15276268773, 0.2885170013, 0.55872031097],
      [0.092853698815, 0.10499906403, 0.80214723716],
      [0.06491435771, 0.094156125734, 0.84092951656]
    ],
    [
      [0.13140941559, 0.34410067428, 0.52448991013],
      [0.082548756137, 0.12874510788, 0.78870613598],
      [0.058524219903, 0.11495721076, 0.82651856934]
    ],
    [
      [0.15702983053, 0.47707693024, 0.36589323923],
      [0.12036643779, 0.21387967336, 0.66575388885],
      [0.086546034961, 0.19697118179, 0.71648278325]
    ],
    [
      [0.10620470406, 0.35406669935, 0.53972859659],
      [0.066992516505, 0.13051177221, 0.80249571128],
      [0.046676938488, 0.11646109074, 0.83686197077]
    ],
    [
      [0.089679530549, 0.4468030937, 0.46351737575],
      [0.064159708387, 0.18100131362, 0.75483897799],
      [0.0446675519, 0.16270442688, 0.79262802122]
    ],
    [
      [0.13599908242, 0.45320992372, 0.41079099386],
      [0.098241717777, 0.19310629348, 0.70865198874],
      [0.069613055233, 0.17592097117, 0.7544659736]
    ],
    [
      [0.13033809619, 0.45641459542, 0.41324730838],
      [0.093933316425, 0.1940967581, 0.71196992547],
      [0.067236655194, 0.1762244152, 0.75653892961]
    ],
    [
      [0.13128963187, 0.42651268501, 0.44219768311],
      [0.09192012694, 0.17429337007, 0.73378650299],
      [0.064824680359, 0.15796302329, 0.77721229635]
    ],
    [
      [0.069448934023, 0.4481087285, 0.48244233747],
      [0.052284459225, 0.17830609486, 0.76940944591],
      [0.035077620007, 0.15991706122, 0.80500531877]
    ],
    [
      [0.13048299011, 0.45934772523, 0.41016928466],
      [0.094188359943, 0.19675633599, 0.70905530407],
      [0.066430899164, 0.17922722934, 0.7543418715]
    ],
    [
      [0.17296186502, 0.34789934134, 0.47913879364],
      [0.11816912389, 0.13557408076, 0.74625679535],
      [0.083015504652, 0.12334754805, 0.7936369473]
    ],
    [
      [0.1619234997, 0.41987883374, 0.41819766657],
      [0.11780836645, 0.17586678183, 0.70632485172],
      [0.083432056553, 0.16047590245, 0.75609204099]
    ],
    [
      [0.15798129743, 0.33535588178, 0.50666282078],
      [0.10687010436, 0.12372937212, 0.76940052351],
      [0.073147220384, 0.11360635067, 0.81324642895]
    ],
    [
      [0.11149108086, 0.40936446147, 0.47914445767],
      [0.079837921612, 0.16294654265, 0.75721553574],
      [0.053864345029, 0.14497016475, 0.80116549022]
    ],
    [
      [0.08249179004, 0.44642858594, 0.47107962402],
      [0.055216180636, 0.18102888495, 0.76375493441],
      [0.040320472643, 0.16032072316, 0.7993588042]
    ],
    [
      [0.13703518081, 0.37951202007, 0.48345279912],
      [0.096741067818, 0.14814014449, 0.7551187877],
      [0.0653342872, 0.13313442414, 0.80153128866]
    ],
    [
      [0.094306598416, 0.33275955145, 0.57293385013],
      [0.05787764469, 0.11569191572, 0.82643043959],
      [0.040179528066, 0.10441620358, 0.85540426836]
    ],
    [
      [0.15336949242, 0.34663936432, 0.49999114326],
      [0.10479635516, 0.13025750661, 0.76494613823],
      [0.071252594846, 0.11884034348, 0.80990706168]
    ],
    [
      [0.24597368457, 0.32346303612, 0.43056327931],
      [0.14988009307, 0.13530547569, 0.71481443123],
      [0.12210346072, 0.12157602442, 0.75632051486]
    ],
    [
      [0.085106253198, 0.54686683662, 0.36802691018],
      [0.071470563582, 0.23747342177, 0.69105601464],
      [0.048620644812, 0.22588344172, 0.72549591347]
    ],
    [
      [0.13859824538, 0.41022867867, 0.45117307595],
      [0.10141033909, 0.16723474993, 0.73135491098],
      [0.069644316221, 0.1504900261, 0.77986565768]
    ],
    [
      [0.13541160005, 0.38132873167, 0.48325966828],
      [0.095446572192, 0.14875610011, 0.7557973277],
      [0.0645230482, 0.133770731, 0.8017062208]
    ],
    [
      [0.12267877346, 0.50873288028, 0.36858834626],
      [0.10214085645, 0.22275124967, 0.67510789389],
      [0.069871761352, 0.20871428919, 0.72141394946]
    ],
    [
      [0.14952462007, 0.38865665079, 0.46181872914],
      [0.10635689525, 0.15575971393, 0.73788339082],
      [0.073087293805, 0.14016570525, 0.78674700095]
    ],
    [
      [0.10055028555, 0.40414583461, 0.49530387984],
      [0.06933783836, 0.15873450546, 0.77192765618],
      [0.047528538561, 0.14054573169, 0.81192572975]
    ],
    [
      [0.10674227261, 0.32881265972, 0.56444506767],
      [0.068886356604, 0.11365347374, 0.81746016966],
      [0.046488558459, 0.10409954482, 0.84941189672]
    ],
    [
      [0.076843117927, 0.55120350291, 0.37195337917],
      [0.062331088863, 0.23845949741, 0.69920941373],
      [0.043629126671, 0.2248340783, 0.73153679503]
    ],
    [
      [0.11266890917, 0.37844401324, 0.50888707759],
      [0.077721109451, 0.14463138561, 0.77764750494],
      [0.052238360174, 0.12892826228, 0.81883337755]
    ],
    [
      [0.19778318432, 0.45000472174, 0.35221209394],
      [0.15100319482, 0.20466617346, 0.64433063172],
      [0.10175847945, 0.19273856485, 0.7055029557]
    ],
    [
      [0.076217975415, 0.3884571724, 0.53532485219],
      [0.04944367779, 0.14495721171, 0.8055991105],
      [0.028468602257, 0.13203485196, 0.83949654579]
    ],
    [
      [0.1665343937, 0.35146618088, 0.48199942543],
