{
  "X": [
    [24, 51, 25],
    [37, 47, 16],
    [36, 54, 10],
    [37, 47, 16],
    [28, 48, 24],
    [25, 52, 23],
    [33, 46, 21],
    [24, 57, 19],
    [21, 57, 22],
    [36, 47, 17],
    [22, 52, 26],
    [27, 52, 21],
    [35, 40, 25],
    [23, 51, 26],
    [32, 44, 24],
    [22, 52, 26],
    [20, 56, 24],
    [26, 43, 31],
    [22, 47, 31],
    [20, 36, 44],
    [36, 30, 34],
    [26, 44, 30],
    [25, 48, 27],
    [27, 43, 30],
    [16, 48, 36],
    [27, 37, 36],
    [25, 45, 30],
    [30, 42, 28],
    [25, 45, 30],
    [27, 34, 39],
    [22, 46, 32],
    [32, 37, 31],
    [21, 46, 33],
    [36, 32, 32],
    [40, 29, 31],
    [42, 31, 27],
    [53, 29, 18],
    [41, 37, 22],
    [43, 25, 32],
    [50, 25, 25],
    [49, 21, 30],
    [45, 38, 17],
    [51, 28, 21],
    [54, 21, 25],
    [40, 40, 20],
    [43, 31, 26],
    [48, 28, 24],
    [46, 31, 23],
    [37, 38, 25],
    [50, 30, 20]
  ],
  "W": [
    [63, 16, 21],
    [59, 23, 18],
    [64, 15, 21],
    [59, 16, 25],
    [70, 11, 19],
    [68, 11, 21],
    [65, 21, 14],
    [75, 17, 8],
    [67, 19, 14],
    [63, 20, 17],
    [71, 14, 15],
    [75, 16, 9],
    [63, 13, 24],
    [62, 24, 14],
    [62, 16, 22],
    [78, 12, 10],
    [57, 32, 11],
    [21, 58, 21],
    [16, 67, 17],
    [14, 67, 19],
    [10, 68, 22],
    [21, 61, 18],
    [16, 70, 14],
    [18, 67, 15],
    [15, 69, 16],
    [20, 62, 18],
    [13, 74, 13],
    [17, 67, 16],
    [13, 70, 17],
    [23, 65, 12],
    [13, 73, 14],
    [27, 53, 20],
    [12, 72, 16],
    [16, 35, 49],
    [10, 19, 71],
    [19, 14, 67],
    [14, 14, 72],
    [19, 22, 59],
    [15, 12, 73],
    [16, 14, 70],
    [17, 16, 67],
    [19, 21, 60],
    [15, 20, 65],
    [13, 12, 75],
    [19, 26, 55],
    [9, 23, 68],
    [24, 10, 66],
    [13, 16, 71],
    [20, 19, 61],
    [19, 15, 66]
  ],
  "method": "mvn_cdf",
  "mvncdf_method": "genz",
  "mvncdf_samples": 5000,
  "mvncdf_error": 0.001,
  "cond_prob": [
    [
      [0.17939201029, 0.62392652497, 0.19668146473],
      [0.13149148019, 0.45073860816, 0.41776991165],
      [0.50449712708, 0.21337196172, 0.28213091121]
    ],
    [
      [0.31295149872, 0.57106900386, 0.11597949742],
      [0.25460043824, 0.45609357386, 0.2893059879],
      [0.70444730533, 0.15648758742, 0.13906510724]
    ],
    [
      [0.28284931221, 0.65100216376, 0.066148524029],
      [0.23278443178, 0.54061350224, 0.22660206599],
      [0.68599416865, 0.20126947552, 0.11273635583]
    ],
    [
      [0.28239752065, 0.59453501408, 0.12306746528],
      [0.2255587809, 0.47257756375, 0.30186365535],
      [0.6691842315, 0.17444772598, 0.15636804253]
    ],
    [
      [0.22381768184, 0.57304019614, 0.20314212202],
      [0.15916254135, 0.41043660625, 0.43040085239],
      [0.55694601665, 0.17749387376, 0.26556010959]
    ],
    [
      [0.18561558543, 0.6249244539, 0.18945996067],
      [0.13737028084, 0.457625082, 0.40500463716],
      [0.51747938579, 0.21291720157, 0.26960341264]
    ],
    [
      [0.29271833343, 0.54236704415, 0.16491462243],
      [0.22397016052, 0.41197429693, 0.36405554255],
      [0.66213821116, 0.14962013536, 0.18824165348]
    ],
    [
      [0.21981970021, 0.62761944293, 0.15256085686],
      [0.1683161751, 0.48613924202, 0.34554458289],
      [0.58151843844, 0.20802183328, 0.21045972827]
    ],
    [
      [0.17004041834, 0.6595354081, 0.17042417356],
      [0.13066484205, 0.49865764024, 0.37067751771],
      [0.50890428374, 0.23833089232, 0.25276482394]
    ],
    [
      [0.30647885749, 0.56336068655, 0.13016045596],
      [0.24577571191, 0.44396193779, 0.3102623503],
      [0.69272457294, 0.15464929362, 0.15262613343]
    ],
    [
      [0.18023359071, 0.60603424666, 0.21373216262],
      [0.12808441167, 0.42396260739, 0.44795298094],
      [0.49401555306, 0.20240613222, 0.30357831472]
    ],
    [
      [0.2479013422, 0.57918750458, 0.17291115321],
      [0.18494465615, 0.43585181963, 0.37920352422],
      [0.60536498181, 0.17636756024, 0.21826745795]
    ],
    [
      [0.27973081818, 0.50776284506, 0.21250633676],
      [0.19722085537, 0.36042689049, 0.44235225414],
      [0.61721197229, 0.13855796603, 0.24423006168]
    ],
    [
      [0.19668412835, 0.60724030764, 0.19607556401],
      [0.14255935989, 0.43924532028, 0.41819531983],
      [0.52743995749, 0.20065808855, 0.27190195397]
    ],
    [
      [0.25523271292, 0.54968959217, 0.19507769491],
      [0.18461605802, 0.3997015338, 0.41568240818],
      [0.60098703956, 0.16018276113, 0.2388301993]
    ],
    [
      [0.19615821662, 0.58121736866, 0.22262441472],
      [0.13538517258, 0.40027709034, 0.46433773708],
      [0.50750370323, 0.18617201607, 0.3063242807]
    ],
    [
      [0.17576360291, 0.65716645379, 0.1670699433],
      [0.13394045072, 0.4984210698, 0.36763847948],
      [0.51776183739, 0.23563980911, 0.24659835351]
    ],
    [
      [0.21835351987, 0.60776009133, 0.1738863888],
      [0.16338154875, 0.45087759434, 0.38574085691],
      [0.56849744072, 0.19457798144, 0.23692457783]
    ],
    [
      [0.19155788914, 0.64788542685, 0.160556684],
      [0.14570160639, 0.48989478089, 0.36440361272],
      [0.53959212621, 0.22416957944, 0.23623829436]
    ],
    [
      [0.18719164044, 0.55299062938, 0.25981773018],
      [0.12421252953, 0.37183079718, 0.50395667328],
      [0.47668829237, 0.17607725144, 0.34723445619]
    ],
    [
      [0.35263645299, 0.46341198715, 0.18395155986],
      [0.25216618136, 0.33694669766, 0.41088712098],
      [0.69665159715, 0.11152294035, 0.19182546249]
    ],
    [
      [0.22889264325, 0.60653436882, 0.16457298793],
      [0.17406967653, 0.45598497618, 0.3699453473],
      [0.58750023465, 0.19153859488, 0.22096117047]
    ],
    [
      [0.22888415301, 0.63531326045, 0.13580258654],
      [0.18380517965, 0.49913694112, 0.31705787923],
      [0.60510649832, 0.20681442533, 0.18807907635]
    ],
    [
      [0.2552087423, 0.58600276301, 0.15878849469],
      [0.19513120879, 0.44501746883, 0.35985132238],
      [0.62216344331, 0.17571865697, 0.20211789972]
    ],
    [
      [0.14549315057, 0.66738475685, 0.18712209258],
      [0.095990505412, 0.49216423742, 0.41184525717],
      [0.44964111675, 0.25186851658, 0.29849036667]
    ],
    [
      [0.25366529002, 0.5378359048, 0.20849880518],
      [0.18210971843, 0.37846306109, 0.43942722048],
      [0.59088286984, 0.15436511758, 0.25475201258]
    ],
    [
      [0.24124655907, 0.60857459833, 0.1501788426],
      [0.18802932096, 0.46787503855, 0.34409564049],
      [0.61150961392, 0.18967518222, 0.19881520386]
    ],
    [
      [0.28357600896, 0.5697421327, 0.14668185834],
      [0.21836534945, 0.44336618364, 0.33826846691],
      [0.65929558965, 0.16305309001, 0.17765132034]
    ],
    [
      [0.22270543872, 0.62462329316, 0.15267126812],
      [0.17317853198, 0.47771841797, 0.34910305005],
      [0.58719600342, 0.20232987828, 0.2104741183]
    ],
    [
      [0.28609396586, 0.48405768663, 0.22984834751],
      [0.20096204997, 0.32813250546, 0.47090544456],
      [0.61310879474, 0.12817169605, 0.25871950921]
    ],
    [
      [0.20597024519, 0.63237462227, 0.16165513254],
      [0.15740548124, 0.47703127189, 0.36556324687],
      [0.55941333443, 0.21113193301, 0.22945473256]
    ],
    [
      [0.29143225856, 0.52100402491, 0.18756371653],
      [0.21239217667, 0.37949244626, 0.40811537707],
      [0.64372718276, 0.14098958379, 0.21528323345]
    ],
    [
      [0.18928236435, 0.64360799924, 0.16710963641],
      [0.14186674831, 0.48221759453, 0.37591565717],
      [0.53213785936, 0.2223148252, 0.24554731544]
    ],
    [
      [0.2204209045, 0.57201678565, 0.20756230985],
      [0.15662081892, 0.40508860259, 0.43829057849],
      [0.55084769114, 0.17693123141, 0.27222107745]
    ],
    [
      [0.18573320265, 0.60926838799, 0.20499840936],
      [0.13219190718, 0.43283911139, 0.43496898143],
      [0.50184537658, 0.20680807047, 0.29134655295]
    ],
    [
      [0.20398148452, 0.60715729723, 0.18886121825],
