{
  "X": [
    [37, 45, 3, 15],
    [31, 46, 4, 19],
    [35, 47, 4, 14],
    [31, 42, 10, 17],
    [38, 47, 3, 12],
    [36, 42, 2, 20],
    [32, 44, 5, 19],
    [45, 37, 4, 14],
    [36, 45, 4, 15],
    [46, 36, 1, 17],
    [42, 40, 1, 17],
    [43, 37, 5, 15],
    [37, 44, 5, 14],
    [38, 25, 9, 28],
    [37, 43, 3, 17],
    [48, 34, 7, 11],
    [32, 44, 3, 21],
    [40, 37, 4, 19],
    [32, 44, 7, 17],
    [33, 46, 2, 19],
    [41, 39, 2, 18],
    [40, 32, 2, 26],
    [36, 39, 5, 20],
    [44, 40, 2, 14],
    [31, 46, 5, 18],
    [45, 36, 7, 12],
    [47, 39, 5, 9],
    [52, 32, 5, 11],
    [38, 46, 7, 9],
    [47, 31, 7, 15],
    [47, 36, 7, 10],
    [46, 34, 5, 15],
    [43, 31, 2, 24],
    [43, 37, 7, 13],
    [40, 44, 6, 10],
    [49, 37, 5, 9],
    [42, 40, 7, 11],
    [43, 34, 9, 14],
    [40, 45, 9, 6],
    [46, 31, 8, 15],
    [39, 41, 7, 13],
    [49, 36, 5, 10],
    [49, 37, 2, 12],
    [46, 31, 10, 13],
    [39, 40, 9, 12],
    [50, 24, 9, 17],
    [46, 37, 5, 12],
    [49, 27, 7, 17],
    [38, 42, 8, 12],
    [42, 37, 4, 17]
  ],
  "W": [
    [65, 35],
    [80, 20],
    [70, 30],
    [70, 30],
    [75, 25],
    [75, 25],
    [80, 20],
    [77, 23],
    [76, 24],
    [74, 26],
    [72, 28],
    [77, 23],
    [75, 25],
    [72, 28],
    [72, 28],
    [75, 25],
    [75, 25],
    [75, 25],
    [75, 25],
    [75, 25],
    [75, 25],
    [78, 22],
    [70, 30],
    [74, 26],
    [76, 24],
    [25, 75],
    [27, 73],
    [28, 72],
    [29, 71],
    [24, 76],
    [31, 69],
    [21, 79],
    [27, 73],
    [31, 69],
    [23, 77],
    [28, 72],
    [21, 79],
    [26, 74],
    [25, 75],
    [23, 77],
    [21, 79],
    [17, 83],
    [24, 76],
    [33, 67],
    [24, 76],
    [17, 83],
    [33, 67],
    [26, 74],
    [25, 75],
    [33, 67]
  ],
  "method": "mult",
  "cond_prob": [
    [
      [0.32123856943, 0.48205431788, 0.018920876825, 0.17778623587],
      [0.46297968573, 0.38855072038, 0.051326336011, 0.097143257875]
    ],
    [
      [0.28478484507, 0.47713937881, 0.029943263351, 0.20813251277],
      [0.41454351984, 0.38838690351, 0.082181013708, 0.11488856295]
    ],
    [
      [0.31087826367, 0.50017257463, 0.026741994127, 0.16220716758],
      [0.4425575887, 0.39819971405, 0.071690175399, 0.087552521856]
    ],
    [
      [0.27922131553, 0.45324797155, 0.067795108413, 0.19973560451],
      [0.37932644845, 0.34435156372, 0.17344002794, 0.10288195988]
    ],
    [
      [0.34551655989, 0.49709939265, 0.021330346509, 0.13605370095],
      [0.48304609605, 0.38863995688, 0.056189312244, 0.072124634826]
    ],
    [
      [0.3232825719, 0.43872177107, 0.014044334763, 0.22395132226],
      [0.4754100046, 0.3607943417, 0.038915560817, 0.12488009289]
    ],
    [
      [0.29517362627, 0.45826057681, 0.037582142485, 0.20898365443],
      [0.42074999812, 0.36527935676, 0.10100600975, 0.11296463537]
    ],
    [
      [0.41722193432, 0.39432677306, 0.029471088912, 0.15898020371],
      [0.55366482332, 0.29262629857, 0.073709071736, 0.079999806372]
    ],
    [
      [0.32809340296, 0.47423031797, 0.028735224619, 0.16894105445],
      [0.46112699601, 0.37272909126, 0.076107505127, 0.090036407595]
    ],
    [
      [0.4170830606, 0.38194611366, 0.0070346144079, 0.19393621134],
      [0.58132644264, 0.29770604857, 0.018472322658, 0.10249518613]
    ],
    [
      [0.37532034412, 0.42324013368, 0.0068272991386, 0.19461222306],
      [0.53719864664, 0.33877752101, 0.018406210894, 0.10561762146]
    ],
    [
      [0.39860686683, 0.39425568719, 0.036832220144, 0.17030522583],
      [0.52930404008, 0.29276266322, 0.092179275455, 0.085754021249]
    ],
    [
      [0.33775017521, 0.46720409381, 0.035690715025, 0.15935501596],
      [0.46477482763, 0.35953250639, 0.092541889056, 0.083150776925]
    ],
    [
      [0.34436773489, 0.26825813576, 0.0623128311, 0.32506129824],
      [0.46852023232, 0.20410504377, 0.15968570392, 0.16768901999]
    ],
    [
      [0.33040257935, 0.45465732947, 0.020467230292, 0.1944728609],
      [0.47406726667, 0.36481751076, 0.055314408695, 0.10580081387]
    ],
    [
      [0.44969331377, 0.37052218305, 0.051281960332, 0.12850254284],
      [0.56053900928, 0.25827842698, 0.12044537441, 0.060737189338]
    ],
    [
      [0.28644824107, 0.45815134108, 0.020999493587, 0.23440092425],
      [0.42682972782, 0.38177015049, 0.0589594492, 0.13244067249]
    ],
    [
      [0.36410433109, 0.39176684748, 0.028471951184, 0.21565687025],
      [0.50667765827, 0.30487239247, 0.074655057869, 0.11379489139]
    ],
    [
      [0.29129790561, 0.46590799653, 0.049828384755, 0.1929657131],
      [0.40519791147, 0.36242196256, 0.1305998691, 0.10178025687]
    ],
    [
      [0.29526604041, 0.47875960067, 0.013993325657, 0.21198103327],
      [0.44086248413, 0.3997529218, 0.039368301765, 0.12001629231]
    ],
    [
      [0.37146371311, 0.4110146009, 0.014169480241, 0.20335220574],
      [0.52680959895, 0.32597105747, 0.037864070519, 0.10935527306]
    ],
    [
      [0.36453640509, 0.33323092461, 0.01460392417, 0.28762874613],
      [0.53025062824, 0.27105609917, 0.04004159448, 0.15865167811]
    ],
    [
      [0.31977670133, 0.41505784624, 0.033429186356, 0.23173626608],
      [0.45506062152, 0.33031834961, 0.089584869014, 0.12503615985]
    ],
    [
      [0.40010331733, 0.42561246778, 0.01410993615, 0.16017427875],
      [0.55153523076, 0.32809792629, 0.03664458756, 0.08372225539]
    ],
    [
      [0.2808560449, 0.48190531683, 0.035706862724, 0.20153177555],
      [0.40466021405, 0.38828389197, 0.096950100668, 0.11010579331]
    ],
    [
      [0.34853490887, 0.43293386165, 0.031755307508, 0.18677592197],
      [0.48337345052, 0.3358620513, 0.082674924777, 0.098089573406]
    ],
    [
      [0.36850054895, 0.46942801108, 0.023159038899, 0.13891240106],
      [0.50675900581, 0.36110422197, 0.05979215847, 0.07234461375]
    ],
    [
      [0.41517205189, 0.39001048225, 0.023686315339, 0.17113115052],
      [0.55906832531, 0.29377301734, 0.059884556875, 0.08727410048]
    ],
    [
      [0.29376924936, 0.53978168322, 0.032250480903, 0.13419858652],
      [0.41546536442, 0.42701591194, 0.08563785472, 0.071880868926]
    ],
    [
      [0.3616852086, 0.3725105227, 0.031418218153, 0.23438605055],
      [0.5038886573, 0.29029964886, 0.082165055292, 0.12364663855]
    ],
    [
      [0.37861553439, 0.43521957167, 0.033907936203, 0.15225695773],
      [0.50930065684, 0.32747539928, 0.085648625425, 0.077575318452]
    ],
    [
      [0.34249571757, 0.40205832709, 0.021445116859, 0.23400083848],
      [0.4919186912, 0.32302408908, 0.057811280273, 0.12724593944]
    ],
    [
      [0.30931000259, 0.34233500949, 0.0084989593361, 0.33985602859],
      [0.479205737, 0.2966740693, 0.024720323996, 0.1993998697]
    ],
    [
      [0.33776509086, 0.43616757408, 0.033063368133, 0.19300396693],
      [0.47112682073, 0.3403070126, 0.086599102741, 0.10196706393]
    ],
    [
      [0.30052874274, 0.51913476901, 0.0261826076, 0.15415388065],
      [0.4302874668, 0.4157747869, 0.070366905067, 0.083570841239]
    ],
    [
      [0.38893592823, 0.44831703547, 0.023548037742, 0.13919899856],
      [0.52798647445, 0.34043078249, 0.060017791941, 0.071564951118]
    ],
    [
      [0.31672093339, 0.47907146079, 0.030407913216, 0.17379969261],
      [0.44761188411, 0.37873270527, 0.080659857089, 0.092995553532]
    ],
    [
      [0.33428556396, 0.40808763195, 0.041155633509, 0.21647117058],
      [0.46312964094, 0.31625686267, 0.10704213233, 0.11357136406]
    ],
    [
      [0.31446530048, 0.54930118765, 0.041441909872, 0.094791602],
      [0.42759829117, 0.41780789246, 0.10578497027, 0.048808846106]
    ],
    [
      [0.35356211981, 0.37417176132, 0.035713589943, 0.23655252893],
      [0.49141933806, 0.29091282846, 0.093175748982, 0.12449208449]
    ],
    [
      [0.28806201379, 0.4809700929, 0.029783828625, 0.20118406469],
      [0.41797847938, 0.39038549416, 0.081113743425, 0.11052228303]
    ],
    [
