{
  "X": [
    [19, 55, 17, 9],
    [35, 39, 13, 13],
    [21, 59, 12, 8],
    [26, 58, 11, 5],
    [23, 50, 11, 16],
    [20, 46, 14, 20],
    [27, 43, 17, 13],
    [22, 54, 12, 12],
    [30, 44, 17, 9],
    [25, 44, 16, 15],
    [19, 58, 15, 8],
    [28, 45, 14, 13],
    [27, 49, 12, 12],
    [29, 49, 9, 13],
    [25, 39, 23, 13],
    [26, 48, 12, 14],
    [19, 46, 17, 18],
    [23, 50, 18, 9],
    [22, 47, 14, 17],
    [15, 54, 17, 14],
    [39, 36, 10, 15],
    [33, 45, 10, 12],
    [27, 38, 25, 10],
    [25, 48, 18, 9],
    [24, 50, 11, 15],
    [33, 48, 13, 6],
    [29, 42, 21, 8],
    [32, 42, 17, 9],
    [36, 42, 14, 8],
    [38, 43, 10, 9],
    [43, 42, 9, 6],
    [42, 30, 19, 9],
    [41, 39, 12, 8],
    [45, 38, 9, 8],
    [42, 35, 16, 7],
    [39, 45, 10, 6],
    [30, 54, 11, 5],
    [35, 40, 19, 6],
    [39, 46, 13, 2],
    [30, 45, 19, 6],
    [34, 48, 11, 7],
    [34, 43, 17, 6],
    [41, 40, 10, 9],
    [42, 43, 8, 7],
    [41, 33, 14, 12],
    [37, 38, 18, 7],
    [37, 43, 12, 8],
    [39, 40, 16, 5],
    [43, 38, 13, 6],
    [32, 45, 17, 6]
  ],
  "W": [
    [71, 29],
    [67, 33],
    [68, 32],
    [67, 33],
    [75, 25],
    [75, 25],
    [77, 23],
    [84, 16],
    [77, 23],
    [71, 29],
    [78, 22],
    [80, 20],
    [72, 28],
    [74, 26],
    [70, 30],
    [83, 17],
    [80, 20],
    [75, 25],
    [76, 24],
    [76, 24],
    [67, 33],
    [74, 26],
    [80, 20],
    [79, 21],
    [79, 21],
    [25, 75],
    [25, 75],
    [29, 71],
    [23, 77],
    [27, 73],
    [22, 78],
    [31, 69],
    [19, 81],
    [26, 74],
    [18, 82],
    [28, 72],
    [22, 78],
    [31, 69],
    [21, 79],
    [22, 78],
    [27, 73],
    [31, 69],
    [24, 76],
    [17, 83],
    [33, 67],
    [18, 82],
    [27, 73],
    [21, 79],
    [33, 67],
    [25, 75]
  ],
  "method": "mult",
  "cond_prob": [
    [
      [0.13714138142, 0.57821518268, 0.17285276853, 0.11179066736],
      [0.32826990489, 0.47576690477, 0.16226068447, 0.033702505871]
    ],
    [
      [0.25436185988, 0.43210277237, 0.13862654116, 0.17490882659],
      [0.53063497553, 0.30995915597, 0.11344979443, 0.045956074069]
    ],
    [
      [0.14798062001, 0.62671176218, 0.12283173062, 0.10247588719],
      [0.34855784838, 0.5075508236, 0.11349068939, 0.030400638629]
    ],
    [
      [0.18595307258, 0.63240675854, 0.11543613663, 0.066204032251],
      [0.40687130409, 0.47579923713, 0.099085232177, 0.018244226612]
    ],
    [
      [0.17301190986, 0.52271132405, 0.11175700687, 0.19251975922],
      [0.41125329004, 0.42696780722, 0.10414362703, 0.057635275714]
    ],
    [
      [0.14833500726, 0.47414943067, 0.14024119688, 0.23727436519],
      [0.37445747407, 0.41131440238, 0.13879026589, 0.07543785766]
    ],
    [
      [0.21116233768, 0.45631381506, 0.17573886529, 0.15678498198],
      [0.46249720617, 0.34338428328, 0.15087095368, 0.043247556879]
    ],
    [
      [0.18315351201, 0.55933931541, 0.12208057277, 0.1354265998],
      [0.41619177037, 0.43640118808, 0.10865896102, 0.03874808053]
    ],
    [
      [0.23799654085, 0.47363581098, 0.17826435454, 0.11010329363],
      [0.4912549846, 0.33589613014, 0.14422681118, 0.028622074087]
    ],
    [
      [0.18190000785, 0.46629125264, 0.16399295498, 0.18781578453],
      [0.42287012199, 0.37262650182, 0.14951125567, 0.054992120524]
    ],
    [
      [0.14788700784, 0.60518655982, 0.15264770829, 0.094278724055],
      [0.34593745246, 0.48634216836, 0.13994652886, 0.027773850311]
    ],
    [
      [0.22627610364, 0.47571279439, 0.14468404644, 0.15332705554],
      [0.48590668291, 0.35088392232, 0.12174603923, 0.041463355551]
    ],
    [
      [0.20066674521, 0.52430022518, 0.12433432644, 0.15069870316],
      [0.44730102865, 0.40170960218, 0.10868098037, 0.042308388796]
    ],
    [
      [0.220743004, 0.52453442549, 0.093517099555, 0.16120547095],
      [0.48199681317, 0.3936114631, 0.080059218615, 0.044332505107]
    ],
    [
      [0.18118395584, 0.41644912784, 0.23724588017, 0.16512103616],
      [0.41347837388, 0.32671647104, 0.21234492357, 0.047460231513]
    ],
    [
      [0.21549917832, 0.50131128293, 0.12294985963, 0.16023967912],
      [0.47260633605, 0.37751846165, 0.10562553857, 0.044249663732]
    ],
    [
      [0.1493891705, 0.47312402766, 0.1709331856, 0.20655361625],
      [0.36896184958, 0.40136713453, 0.16542789662, 0.064243119265]
    ],
    [
      [0.17531010247, 0.52965472643, 0.18530431185, 0.10973085925],
      [0.39503406663, 0.41012882642, 0.16369585515, 0.031141251797]
    ],
    [
      [0.16672827563, 0.48915473782, 0.14176999415, 0.20234699239],
      [0.4009209076, 0.40416443583, 0.13363462999, 0.061280026586]
    ],
    [
      [0.11205647342, 0.55398917659, 0.16969315363, 0.16426119635],
      [0.28760579268, 0.48856724044, 0.1707301599, 0.05309680698]
    ],
    [
      [0.28607813477, 0.40258821489, 0.10763143884, 0.2037022115],
      [0.5810008192, 0.28114261067, 0.085752081558, 0.052104488572]
    ],
    [
      [0.25485550866, 0.48874414201, 0.10542403978, 0.15097630955],
      [0.52746693459, 0.34763164454, 0.085546839427, 0.039354581447]
    ],
    [
      [0.21902357795, 0.40323884259, 0.25934570735, 0.1183918721],
      [0.46201381479, 0.29216683009, 0.21436958682, 0.0314497683]
    ],
    [
      [0.19964599158, 0.50763320979, 0.18587938423, 0.10684141441],
      [0.43370716081, 0.37881854174, 0.15824492677, 0.029229370684]
    ],
    [
      [0.18936753101, 0.52245932142, 0.11223416865, 0.17593897892],
      [0.4353477084, 0.41259924779, 0.1011156581, 0.050937385704]
    ],
    [
      [0.16703958373, 0.5656732703, 0.13943077673, 0.12785636924],
      [0.3859226414, 0.45034374726, 0.12666876319, 0.037064848157]
    ],
    [
      [0.14149125524, 0.4770894939, 0.21710045394, 0.16431879693],
      [0.34352981725, 0.39914648763, 0.20726482031, 0.050058874813]
    ],
    [
      [0.16335744911, 0.48109335427, 0.17824058263, 0.17730861399],
      [0.38760666617, 0.39329416893, 0.16627130097, 0.052827863929]
    ],
    [
      [0.17917082128, 0.49562948698, 0.14992306198, 0.17527662975],
      [0.41579664082, 0.39636728632, 0.13681903812, 0.051017034737]
    ],
    [
      [0.19646929673, 0.50817722895, 0.10786633568, 0.18748713864],
      [0.44905919664, 0.40021315904, 0.096936991334, 0.053790652989]
    ],
    [
      [0.22628707223, 0.52883976492, 0.10268734768, 0.14218581517],
      [0.48481579079, 0.39046526193, 0.086519737091, 0.038199210182]
    ],
    [
      [0.23363093208, 0.3675238414, 0.21366044644, 0.18518478009],
      [0.49974375947, 0.27083571019, 0.17966449354, 0.049756036808]
    ],
    [
      [0.2028714434, 0.47437641316, 0.13168161304, 0.1910705304],
      [0.45888119182, 0.36981559952, 0.11714801344, 0.05415519521]
    ],
    [
      [0.24386074207, 0.47505928007, 0.10254700702, 0.17853297084],
      [0.51854245186, 0.34807497418, 0.085738898639, 0.047643675319]
    ],
    [
      [0.21088851925, 0.43589177829, 0.1795034444, 0.17371625807],
      [0.46503565267, 0.3312898805, 0.15568706375, 0.047987403083]
    ],
    [
      [0.21050129643, 0.55007745166, 0.111730296, 0.12769095591],
      [0.45762142377, 0.41202835647, 0.095499083611, 0.034851136146]
    ],
    [
      [0.14593617667, 0.62851984467, 0.11601590545, 0.10952807321],
      [0.34590560523, 0.51339887867, 0.10814175432, 0.032553761784]
    ],
    [
      [0.19053101763, 0.47955767421, 0.20909359181, 0.12081771634],
      [0.42048873234, 0.36461362381, 0.18140551521, 0.033492128632]
    ],
    [
      [0.2078034205, 0.59177393524, 0.15132318391, 0.049099460354],
      [0.43526808208, 0.42718433682, 0.12465435695, 0.012893224151]
    ],
    [
      [0.14571359753, 0.52296769823, 0.20008547662, 0.13123322763],
      [0.34604650804, 0.42800667415, 0.18686639095, 0.039080426863]
    ],
    [
      [0.1744741402, 0.56302676193, 0.11776593014, 0.14473316773],
      [0.40299587527, 0.44809059807, 0.10695076787, 0.041962758786]
    ],
    [
      [0.18352488464, 0.51117276821, 0.18550449751, 0.11979784964],
