{
  "X": [
    [96, 4],
    [96, 4],
    [95, 5],
    [97, 3],
    [93, 7],
    [92, 8],
    [97, 3],
    [97, 3],
    [93, 7],
    [94, 6],
    [97, 3],
    [96, 4],
    [97, 3],
    [96, 4],
    [95, 5],
    [96, 4],
    [97, 3],
    [94, 6],
    [99, 1],
    [96, 4],
    [95, 5],
    [99, 1],
    [95, 5],
    [94, 6],
    [99, 1],
    [95, 5],
    [97, 3],
    [98, 2],
    [96, 4],
    [96, 4],
    [93, 7],
    [94, 6],
    [95, 5],
    [99, 1],
    [98, 2],
    [96, 4],
    [97, 3],
    [97, 3],
    [96, 4],
    [94, 6],
    [97, 3],
    [96, 4],
    [97, 3],
    [96, 4],
    [97, 3],
    [95, 5],
    [98, 2],
    [97, 3],
    [97, 3],
    [95, 5]
  ],
  "W": [
    [78, 22],
    [78, 22],
    [77, 23],
    [72, 28],
    [75, 25],
    [76, 24],
    [67, 33],
    [73, 27],
    [71, 29],
    [70, 30],
    [76, 24],
    [68, 32],
    [72, 28],
    [69, 31],
    [82, 18],
    [81, 19],
    [71, 29],
    [74, 26],
    [78, 22],
    [74, 26],
    [78, 22],
    [76, 24],
    [79, 21],
    [77, 23],
    [79, 21],
    [29, 71],
    [23, 77],
    [33, 67],
    [24, 76],
    [27, 73],
    [23, 77],
    [25, 75],
    [24, 76],
    [25, 75],
    [25, 75],
    [31, 69],
    [25, 75],
    [21, 79],
    [23, 77],
    [23, 77],
    [28, 72],
    [29, 71],
    [23, 77],
    [33, 67],
    [21, 79],
    [23, 77],
    [24, 76],
    [25, 75],
    [20, 80],
    [22, 78]
  ],
  "method": "mvn_pdf",
  "cond_prob": [
    [
      [0.95800670695, 0.041993293047],
      [0.96706712989, 0.032932870106]
    ],
    [
      [0.95800670695, 0.041993293047],
      [0.96706712989, 0.032932870106]
    ],
    [
      [0.94762718241, 0.052372817589],
      [0.95794378062, 0.042056219376]
    ],
    [
      [0.96832446029, 0.031675539708],
      [0.97430853068, 0.025691469323]
    ],
    [
      [0.92829649573, 0.071703504268],
      [0.9351105128, 0.064889487195]
    ],
    [
      [0.91977170239, 0.08022829761],
      [0.92072294243, 0.079277057567]
    ],
    [
      [0.96810687372, 0.031893126278],
      [0.97384362002, 0.026156379982]
    ],
    [
      [0.96837383429, 0.03162616571],
      [0.97439667025, 0.025603329748]
    ],
    [
      [0.9279225733, 0.072077426697],
      [0.93508611364, 0.064913886361]
    ],
    [
      [0.93715626295, 0.06284373705],
      [0.94663538645, 0.053364613551]
    ],
    [
      [0.9685314744, 0.031468525597],
      [0.97465033106, 0.025349668942]
    ],
    [
      [0.95736759045, 0.042632409553],
      [0.9655938703, 0.0344061297]
    ],
    [
      [0.96832446029, 0.031675539708],
      [0.97430853068, 0.025691469323]
    ],
    [
      [0.95741651507, 0.042583484934],
      [0.96575033743, 0.034249662567]
    ],
    [
      [0.94809185759, 0.051908142415],
      [0.95869264878, 0.041307351222]
    ],
    [
      [0.9582497755, 0.041750224503],
      [0.96746148341, 0.032538516593]
    ],
    [
      [0.9682768769, 0.031723123102],
      [0.9742186807, 0.025781319301]
    ],
    [
      [0.93750225905, 0.062497740947],
      [0.947108955, 0.052891044997]
    ],
    [
      [0.99067920052, 0.0093207994797],
      [0.98759192543, 0.012408074572]
    ],
    [
      [0.95771454024, 0.042285459761],
      [0.96650477009, 0.03349522991]
    ],
    [
      [0.94771601372, 0.052283986284],
      [0.95809776955, 0.041902230447]
    ],
    [
      [0.99067890374, 0.0093210962567],
      [0.98785013815, 0.012149861854]
    ],
    [
      [0.94780703913, 0.052192960869],
      [0.95824970994, 0.041750290064]
    ],
    [
      [0.93776866112, 0.062231338882],
      [0.94747013452, 0.052529865481]
    ],
    [
      [0.99067347844, 0.0093265215619],
      [0.98746643826, 0.012533561743]
    ],
    [
      [0.94657799457, 0.053422005434],
      [0.95139772053, 0.048602279471]
    ],
    [
      [0.96862407167, 0.031375928331],
      [0.97041099158, 0.029589008421]
    ],
    [
      [0.97754575869, 0.022454241308],
      [0.98120880542, 0.01879119458]
    ],
    [
      [0.95849778393, 0.041502216065],
      [0.96047438402, 0.039525615979]
    ],
    [
      [0.95837226961, 0.041627730392],
      [0.96060203727, 0.039397962732]
    ],
    [
      [0.91455619858, 0.08544380142],
      [0.93461308354, 0.065386916459]
    ],
    [
      [0.93234909331, 0.067650906691],
      [0.94255030223, 0.05744969777]
    ],
    [
      [0.94652270295, 0.053477297049],
      [0.9510980938, 0.048901906195]
    ],
    [
      [0.98482753383, 0.015172466169],
      [0.99172415539, 0.0082758446103]
    ],
    [
      [0.97725084697, 0.02274915303],
      [0.98091638434, 0.019083615657]
    ],
    [
      [0.95817751223, 0.041822487773],
      [0.96081879885, 0.039181201146]
    ],
    [
      [0.96856640026, 0.031433599738],
      [0.97047786658, 0.029522133421]
    ],
    [
      [0.96867727692, 0.031322723082],
      [0.97035160993, 0.029648390067]
    ],
    [
      [0.95853503974, 0.041464960257],
      [0.96043758553, 0.039562414469]
    ],
    [
      [0.93203289168, 0.067967108324],
      [0.9423797856, 0.057620214397]
    ],
    [
      [0.96847291575, 0.031527084255],
      [0.9705938661, 0.029406133901]
    ],
    [
      [0.95827831457, 0.041721685434],
      [0.96070322363, 0.039296776372]
    ],
    [
      [0.96862407167, 0.031375928331],
      [0.97041099158, 0.029589008421]
    ],
    [
      [0.95807131387, 0.04192868613],
      [0.96094994988, 0.039050050115]
    ],
    [
      [0.96867727692, 0.031322723082],
      [0.97035160993, 0.029648390067]
    ],
    [
      [0.94650336719, 0.053496632808],
      [0.95104444876, 0.048955551239]
    ],
    [
      [0.97721847775, 0.02278152225],
      [0.98087837545, 0.019121624553]
    ],
    [
      [0.96856640026, 0.031433599738],
      [0.97047786658, 0.029522133421]
    ],
    [
      [0.96870204639, 0.031297953608],
      [0.9703244884, 0.029675511598]
    ],
    [
      [0.94648113066, 0.053518869339],
      [0.95099250161, 0.049007498391]
    ]
  ],