{
  "X": [
    [35, 65],
    [17, 83],
    [24, 76],
    [18, 82],
    [24, 76],
    [15, 85],
    [24, 76],
    [21, 79],
    [26, 74],
    [20, 80],
    [24, 76],
    [19, 81],
    [27, 73],
    [17, 83],
    [25, 75],
    [30, 70],
    [25, 75],
    [26, 74],
    [28, 72],
    [25, 75],
    [23, 77],
    [26, 74],
    [25, 75],
    [25, 75],
    [18, 82],
    [59, 41],
    [52, 48],
    [56, 44],
    [59, 41],
    [60, 40],
    [55, 45],
    [56, 44],
    [55, 45],
    [57, 43],
    [62, 38],
    [51, 49],
    [54, 46],
    [58, 42],
    [54, 46],
    [67, 33],
    [59, 41],
    [57, 43],
    [61, 39],
    [52, 48],
    [45, 55],
    [57, 43],
    [51, 49],
    [59, 41],
    [62, 38],
    [65, 35]
  ],
  "W": [
    [67, 33],
    [87, 13],
    [70, 30],
    [80, 20],
    [76, 24],
    [83, 17],
    [72, 28],
    [78, 22],
    [74, 26],
    [73, 27],
    [77, 23],
    [73, 27],
    [65, 35],
    [77, 23],
    [71, 29],
    [67, 33],
    [73, 27],
    [70, 30],
    [74, 26],
    [75, 25],
    [72, 28],
    [73, 27],
    [70, 30],
    [77, 23],
    [75, 25],
    [23, 77],
    [26, 74],
    [29, 71],
    [25, 75],
    [24, 76],
    [23, 77],
    [28, 72],
    [27, 73],
    [24, 76],
    [24, 76],
    [33, 67],
    [26, 74],
    [24, 76],
    [26, 74],
    [25, 75],
    [30, 70],
    [24, 76],
    [22, 78],
    [26, 74],
    [34, 66],
    [27, 73],
    [28, 72],
    [27, 73],
    [27, 73],
    [19, 81]
  ],
  "method": "mvn_pdf",
  "cond_prob": [
    [
      [0.10036298689, 0.89963701311],
      [0.85683878419, 0.14316121581]
    ],
    [
      [0.074062305414, 0.92593769459],
      [0.81204457146, 0.18795542854]
    ],
    [
      [0.042357129471, 0.95764287053],
      [0.7011666979, 0.2988333021]
    ],
    [
      [0.045753309862, 0.95424669014],
      [0.71698676055, 0.28301323945]
    ],
    [
      [0.066273940187, 0.93372605981],
      [0.79013252274, 0.20986747726]
    ],
    [
      [0.039589284475, 0.96041071552],
      [0.68906408168, 0.31093591832]
    ],
    [
      [0.048947377987, 0.95105262201],
      [0.73127817089, 0.26872182911]
    ],
    [
      [0.055801068628, 0.94419893137],
      [0.75670530214, 0.24329469786]
    ],
    [
      [0.07010708232, 0.92989291768],
      [0.80046445801, 0.19953554199]
    ],
    [
      [0.033292567603, 0.9667074324],
      [0.65072750241, 0.34927249759]
    ],
    [
      [0.071466821863, 0.92853317814],
      [0.80421977028, 0.19578022972]
    ],
    [
      [0.02935375566, 0.97064624434],
      [0.62433984581, 0.37566015419]
    ],
    [
      [0.041274710733, 0.95872528927],
      [0.69477553721, 0.30522446279]
    ],
    [
      [0.030490854571, 0.96950914543],
      [0.63705235644, 0.36294764356]
    ],
    [
      [0.05061110201, 0.94938889799],
      [0.73815902611, 0.26184097389]
    ],
    [
      [0.06307758313, 0.93692241687],
      [0.78102430092, 0.21897569908]
    ],
    [
      [0.058705605605, 0.9412943944],
      [0.76720336262, 0.23279663738]
    ],
    [
      [0.052262835205, 0.9477371648],
      [0.74472005119, 0.25527994881]
    ],
    [
      [0.085205837216, 0.91479416278],
      [0.83441415562, 0.16558584438]
    ],
    [
      [0.068189664468, 0.93181033553],
      [0.7954310066, 0.2045689934]
    ],
    [
      [0.043860608243, 0.95613939176],
      [0.70864415023, 0.29135584977]
    ],
    [
      [0.065126711418, 0.93487328858],
      [0.78687963209, 0.21312036791]
    ],
    [
      [0.047083436045, 0.95291656395],
      [0.72347198256, 0.27652801744]
    ],
    [
      [0.079028024592, 0.92097197541],
      [0.82238443941, 0.17761556059]
    ],
    [
      [0.029835453415, 0.97016454658],
      [0.63049363975, 0.36950636025]
    ],
    [
      [0.054885689304, 0.9451143107],
      [0.74983933956, 0.25016066044]
    ],
    [
      [0.041312363395, 0.9586876366],
      [0.688187548, 0.311812452]
    ],
    [
      [0.058912550395, 0.9410874496],
      [0.76466952167, 0.23533047833]
    ],
    [
      [0.059798523807, 0.94020147619],
      [0.7667338254, 0.2332661746]
    ],
    [
      [0.060973929453, 0.93902607055],
      [0.77021875912, 0.22978124088]
    ],
    [
      [0.043626612959, 0.95637338704],
      [0.70125438834, 0.29874561166]
    ],
    [
      [0.056310294745, 0.94368970526],
      [0.75587932982, 0.24412067018]
    ],
    [
      [0.050675732745, 0.94932426726],
      [0.7346815783, 0.2653184217]
    ],
    [
      [0.05066853577, 0.94933146423],
      [0.73399940976, 0.26600059024]
    ],
    [
      [0.069353771341, 0.93064622866],
      [0.79388828273, 0.20611171727]
    ],
    [
      [0.050727152155, 0.94927284784],
      [0.73620901461, 0.26379098539]
    ],
    [
      [0.045967813705, 0.9540321863],
      [0.71357887627, 0.28642112373]
    ],
    [
      [0.053815205923, 0.94618479408],
      [0.74616361918, 0.25383638082]
    ],
    [
      [0.045967813705, 0.9540321863],
      [0.71357887627, 0.28642112373]
    ],
    [
      [0.10116944864, 0.89883055136],
      [0.85961018379, 0.14038981621]
    ],
    [
      [0.076030405107, 0.92396959489],
      [0.81027268353, 0.18972731647]
    ],
    [
      [0.05066853577, 0.94933146423],
      [0.73399940976, 0.26600059024]
    ],
    [
      [0.059507245748, 0.94049275425],
      [0.7652671871, 0.2347328129]
    ],
    [
      [0.041312363395, 0.9586876366],
      [0.688187548, 0.311812452]
    ],
    [
      [0.037853264831, 0.96214673517],
      [0.66231801509, 0.33768198491]
    ],
    [
      [0.057464978965, 0.94253502103],
      [0.75956774751, 0.24043225249]
    ],
    [
      [0.041930188325, 0.95806981168],
      [0.69202714898, 0.30797285102]
    ],
    [
      [0.065542442183, 0.93445755782],
      [0.78397745289, 0.21602254711]
    ],
    [
      [0.080254537249, 0.91974546275],
      [0.81963188348, 0.18036811652]
    ],
    [
      [0.066872008042, 0.93312799196],
      [0.78678310922, 0.21321689078]
    ]
  ],