{
  "X": [
    [82, 18],
    [84, 16],
    [82, 18],
    [88, 12],
    [82, 18],
    [87, 13],
    [86, 14],
    [81, 19],
    [82, 18],
    [85, 15],
    [92, 8],
    [89, 11],
    [88, 12],
    [85, 15],
    [89, 11],
    [84, 16],
    [89, 11],
    [86, 14],
    [87, 13],
    [81, 19],
    [86, 14],
    [85, 15],
    [82, 18],
    [81, 19],
    [84, 16],
    [77, 23],
    [72, 28],
    [75, 25],
    [65, 35],
    [70, 30],
    [71, 29],
    [72, 28],
    [68, 32],
    [74, 26],
    [66, 34],
    [74, 26],
    [65, 35],
    [77, 23],
    [73, 27],
    [75, 25],
    [69, 31],
    [72, 28],
    [72, 28],
    [82, 18],
    [76, 24],
    [75, 25],
    [73, 27],
    [78, 22],
    [77, 23],
    [73, 27]
  ],
  "W": [
    [71, 29],
    [77, 23],
    [68, 32],
    [74, 26],
    [73, 27],
    [76, 24],
    [77, 23],
    [73, 27],
    [62, 38],
    [74, 26],
    [74, 26],
    [79, 21],
    [68, 32],
    [71, 29],
    [82, 18],
    [79, 21],
    [77, 23],
    [80, 20],
    [77, 23],
    [75, 25],
    [80, 20],
    [73, 27],
    [76, 24],
    [74, 26],
    [69, 31],
    [26, 74],
    [24, 76],
    [25, 75],
    [19, 81],
    [24, 76],
    [27, 73],
    [27, 73],
    [21, 79],
    [17, 83],
    [26, 74],
    [23, 77],
    [27, 73],
    [29, 71],
    [26, 74],
    [28, 72],
    [21, 79],
    [28, 72],
    [26, 74],
    [29, 71],
    [23, 77],
    [27, 73],
    [26, 74],
    [32, 68],
    [26, 74],
    [34, 66]
  ],
  "method": "mvn_pdf",
  "cond_prob": [
    [
      [0.90033655654, 0.099663443459],
      [0.62331394778, 0.37668605222]
    ],
    [
      [0.90251615441, 0.097483845587],
      [0.6307067874, 0.3692932126]
    ],
    [
      [0.9053276842, 0.094672315805],
      [0.63867867109, 0.36132132891]
    ],
    [
      [0.93488318909, 0.065116810913],
      [0.72379400029, 0.27620599971]
    ],
    [
      [0.89682958692, 0.10317041308],
      [0.61227556129, 0.38772443871]
    ],
    [
      [0.92473135017, 0.075268649828],
      [0.69668405779, 0.30331594221]
    ],
    [
      [0.91611440471, 0.083885595294],
      [0.67213873207, 0.32786126793]
    ],
    [
      [0.89060214001, 0.10939785999],
      [0.59207569553, 0.40792430447]
    ],
    [
      [0.91451217051, 0.085487829494],
      [0.66579593233, 0.33420406767]
    ],
    [
      [0.91437423113, 0.085625768866],
      [0.66678103446, 0.33321896554]
    ],
    [
      [0.96469617471, 0.035303825287],
      [0.79278781043, 0.20721218957]
    ],
    [
      [0.93442735857, 0.065572641427],
      [0.72286850822, 0.27713149178]
    ],
    [
      [0.94344982349, 0.056550176508],
      [0.74516912508, 0.25483087492]
    ],
    [
      [0.91918896947, 0.080811030534],
      [0.68060631614, 0.31939368386]
    ],
    [
      [0.92950597383, 0.070494026175],
      [0.71002834146, 0.28997165854]
    ],
    [
      [0.8987637588, 0.1012362412],
      [0.61893633594, 0.38106366406]
    ],
    [
      [0.93755747551, 0.062442524489],
      [0.73078584285, 0.26921415715]
    ],
    [
      [0.9108436412, 0.089156358803],
      [0.65662543521, 0.34337456479]
    ],
    [
      [0.92310638978, 0.076893610217],
      [0.6922090429, 0.3077909571]
    ],
    [
      [0.88678814005, 0.11321185995],
      [0.57963557985, 0.42036442015]
    ],
    [
      [0.9108436412, 0.089156358803],
      [0.65662543521, 0.34337456479]
    ],
    [
      [0.91601031148, 0.083989688521],
      [0.67152767637, 0.32847232363]
    ],
    [
      [0.89125127085, 0.10874872915],
      [0.59437097565, 0.40562902435]
    ],
    [
      [0.88871932163, 0.11128067837],
      [0.58595269997, 0.41404730003]
    ],
    [
      [0.91594844445, 0.084051555549],
      [0.67095346235, 0.32904653765]
    ],
    [
      [0.93181348408, 0.068186515921],
      [0.7131466137, 0.2868533863]
    ],
    [
      [0.9140964411, 0.085903558897],
      [0.65870638702, 0.34129361298]
    ],
    [
      [0.92503552198, 0.074964478025],
      [0.69165482601, 0.30834517399]
    ],
    [
      [0.88930661858, 0.11069338142],
      [0.59386634873, 0.40613365127]
    ],
    [
      [0.90566758974, 0.094332410258],
      [0.63505234008, 0.36494765992]
    ],
    [
      [0.9064556961, 0.093544303904],
      [0.63733830418, 0.36266169582]
    ],
    [
      [0.9107748145, 0.089225185504],
      [0.64943945217, 0.35056054783]
    ],
    [
      [0.90052289001, 0.099477109986],
      [0.62137999126, 0.37862000874]
    ],
    [
      [0.92826647937, 0.07173352063],
      [0.70143939579, 0.29856060421]
    ],
    [
      [0.88433699241, 0.11566300759],
      [0.58117889456, 0.41882110544]
    ],
    [
      [0.92304354153, 0.076956458466],
      [0.68532465642, 0.31467534358]
    ],
    [
      [0.87767899114, 0.12232100886],
      [0.56578996218, 0.43421003782]
    ],
    [
      [0.9292024116, 0.070797588401],
      [0.70497366287, 0.29502633713]
    ],
    [
      [0.91606219828, 0.083937801721],
      [0.6646267952, 0.3353732048]
    ],
    [
      [0.92214475038, 0.077855249616],
      [0.6830548193, 0.3169451807]
    ],
    [
      [0.90488943511, 0.095110564888],
      [0.63287749193, 0.36712250807]
    ],
    [
      [0.9096233609, 0.090376639098],
      [0.64625758187, 0.35374241813]
    ],
    [
      [0.91190425506, 0.088095744936],
      [0.65257418065, 0.34742581935]
    ],
    [
      [0.94855778998, 0.051442210024],
      [0.76749048015, 0.23250951985]
    ],
    [
      [0.93056260506, 0.069437394936],
      [0.70905272836, 0.29094727164]
    ],
    [
      [0.92313200857, 0.076867991428],
      [0.68596487354, 0.31403512646]
    ],
    [
      [0.91606219828, 0.083937801721],
      [0.6646267952, 0.3353732048]
    ],
    [
      [0.93049591918, 0.069504080822],
      [0.70917839097, 0.29082160903]
    ],
    [
      [0.93181348408, 0.068186515921],
      [0.7131466137, 0.2868533863]
    ],
    [
      [0.90684061665, 0.093159383351],
      [0.63890028839, 0.36109971161]
    ]
  ],