{
  "X": [
    [83, 17],
    [78, 22],
    [85, 15],
    [77, 23],
    [83, 17],
    [88, 12],
    [83, 17],
    [85, 15],
    [83, 17],
    [75, 25],
    [83, 17],
    [79, 21],
    [89, 11],
    [84, 16],
    [75, 25],
    [84, 16],
    [79, 21],
    [79, 21],
    [81, 19],
    [78, 22],
    [75, 25],
    [85, 15],
    [84, 16],
    [87, 13],
    [76, 24],
    [58, 42],
    [69, 31],
    [58, 42],
    [61, 39],
    [54, 46],
    [54, 46],
    [64, 36],
    [50, 50],
    [70, 30],
    [58, 42],
    [56, 44],
    [69, 31],
    [57, 43],
    [48, 52],
    [49, 51],
    [57, 43],
    [58, 42],
    [59, 41],
    [60, 40],
    [66, 34],
    [54, 46],
    [62, 38],
    [57, 43],
    [60, 40],
    [68, 32]
  ],
  "W": [
    [73, 27],
    [72, 28],
    [76, 24],
    [71, 29],
    [75, 25],
    [79, 21],
    [75, 25],
    [81, 19],
    [77, 23],
    [72, 28],
    [79, 21],
    [79, 21],
    [82, 18],
    [72, 28],
    [69, 31],
    [70, 30],
    [74, 26],
    [77, 23],
    [79, 21],
    [70, 30],
    [67, 33],
    [73, 27],
    [82, 18],
    [81, 19],
    [79, 21],
    [25, 75],
    [32, 68],
    [21, 79],
    [22, 78],
    [21, 79],
    [26, 74],
    [30, 70],
    [24, 76],
    [33, 67],
    [29, 71],
    [24, 76],
    [24, 76],
    [25, 75],
    [15, 85],
    [22, 78],
    [29, 71],
    [26, 74],
    [23, 77],
    [18, 82],
    [25, 75],
    [20, 80],
    [26, 74],
    [20, 80],
    [23, 77],
    [33, 67]
  ],
  "method": "mvn_pdf",
  "cond_prob": [
    [
      [0.93882967383, 0.061170326165],
      [0.53575680778, 0.46424319222]
    ],
    [
      [0.9127505442, 0.087249455801],
      [0.43864145777, 0.56135854223]
    ],
    [
      [0.94355568249, 0.056444317512],
      [0.55374033879, 0.44625966121]
    ],
    [
      [0.9096900484, 0.090309951603],
      [0.42800022634, 0.57199977366]
    ],
    [
      [0.93408984264, 0.065910157364],
      [0.51773047209, 0.48226952791]
    ],
    [
      [0.95524366839, 0.044756331615],
      [0.5969404856, 0.4030595144]
    ],
    [
      [0.93408984264, 0.065910157364],
      [0.51773047209, 0.48226952791]
    ],
    [
      [0.93078326189, 0.069216738107],
      [0.5056081993, 0.4943918007]
    ],
    [
      [0.9289947601, 0.0710052399],
      [0.49858275967, 0.50141724033]
    ],
    [
      [0.89440142531, 0.10559857469],
      [0.3786820492, 0.6213179508]
    ],
    [
      [0.92350592658, 0.076494073419],
      [0.47823960953, 0.52176039047]
    ],
    [
      [0.89726603467, 0.10273396533],
      [0.38647539338, 0.61352460662]
    ],
    [
      [0.95478036763, 0.045219632369],
      [0.59488943635, 0.40511056365]
    ],
    [
      [0.94665669764, 0.053343302356],
      [0.56573992034, 0.43426007966]
    ],
    [
      [0.90366178809, 0.096338211906],
      [0.40797860069, 0.59202139931]
    ],
    [
      [0.95075317991, 0.049246820092],
      [0.58157591355, 0.41842408645]
    ],
    [
      [0.913044003, 0.086955996996],
      [0.4397978376, 0.5602021624]
    ],
    [
      [0.90393945476, 0.096060545244],
      [0.40855052104, 0.59144947896]
    ],
    [
      [0.91060989275, 0.089390107252],
      [0.43151516538, 0.56848483462]
    ],
    [
      [0.91814236566, 0.081857634344],
      [0.45766781347, 0.54233218653]
    ],
    [
      [0.909295087, 0.090704912997],
      [0.42658270214, 0.57341729786]
    ],
    [
      [0.95020241091, 0.049797589093],
      [0.57908237051, 0.42091762949]
    ],
    [
      [0.92121234836, 0.078787651635],
      [0.47003263523, 0.52996736477]
    ],
    [
      [0.94390782334, 0.056092176664],
      [0.55491927946, 0.44508072054]
    ],
    [
      [0.87598104724, 0.12401895276],
      [0.32369034611, 0.67630965389]
    ],
    [
      [0.92103118535, 0.078968814653],
      [0.46632293822, 0.53367706178]
    ],
    [
      [0.94634742711, 0.05365257289],
      [0.56936591665, 0.43063408335]
    ],
    [
      [0.92696560591, 0.073034394095],
      [0.4877686364, 0.5122313636]
    ],
    [
      [0.93477111433, 0.065228885671],
      [0.51839789083, 0.48160210917]
    ],
    [
      [0.9132038095, 0.086796190504],
      [0.44079392406, 0.55920607594]
    ],
    [
      [0.90367397023, 0.09632602977],
      [0.41222265911, 0.58777734089]
    ],
    [
      [0.93374048208, 0.066259517924],
      [0.51411122197, 0.48588877803]
    ],
    [
      [0.89003342319, 0.10996657681],
      [0.37683155057, 0.62316844943]
    ],
    [
      [0.94816567206, 0.05183432794],
      [0.5777691466, 0.4222308534]
    ],
    [
      [0.91421199099, 0.085788009006],
      [0.44349087692, 0.55650912308]
    ],
    [
      [0.9154526568, 0.084547343202],
      [0.44775179259, 0.55224820741]
    ],
    [
      [0.95368627797, 0.046313722033],
      [0.60673064906, 0.39326935094]
    ],
    [
      [0.91744153122, 0.082558468782],
      [0.45418615626, 0.54581384374]
    ],
    [
      [0.90107609853, 0.098923901474],
      [0.4056924532, 0.5943075468]
    ],
    [
      [0.89012659248, 0.10987340752],
      [0.37714378161, 0.62285621839]
    ],
    [
      [0.91020739517, 0.089792604832],
      [0.43104204986, 0.56895795014]
    ],
    [
      [0.91941535307, 0.080584646933],
      [0.46074595703, 0.53925404297]
    ],
    [
      [0.92737153639, 0.072628463609],
      [0.48922668394, 0.51077331606]
    ],
    [
      [0.93659916924, 0.063400830758],
      [0.52611237748, 0.47388762252]
    ],
    [
      [0.9452787955, 0.054721204503],
      [0.56490706817, 0.43509293183]
    ],
    [
      [0.91491687911, 0.085083120893],
      [0.44627078022, 0.55372921978]
    ],
    [
      [0.93275329449, 0.067246705513],
      [0.51011370734, 0.48988629266]
    ],
    [
      [0.9251725375, 0.074827462504],
      [0.48120686563, 0.51879313437]
    ],
    [
      [0.93051761906, 0.069482380945],
      [0.50127395794, 0.49872604206]
    ],
    [
      [0.94230353663, 0.057696463373],
      [0.55080572077, 0.44919427923]
    ]
  ],