{
  "X": [
    [28, 9, 63],
    [24, 12, 64],
    [18, 6, 76],
    [30, 8, 62],
    [28, 8, 64],
    [32, 8, 60],
    [29, 8, 63],
    [30, 10, 60],
    [35, 13, 52],
    [38, 9, 53],
    [32, 8, 60],
    [32, 11, 57],
    [29, 12, 59],
    [29, 8, 63],
    [26, 12, 62],
    [29, 9, 62],
    [30, 16, 54],
    [32, 27, 41],
    [32, 31, 37],
    [29, 21, 50],
    [20, 40, 40],
    [27, 27, 46],
    [29, 30, 41],
    [28, 34, 38],
    [22, 28, 50],
    [20, 36, 44],
    [27, 23, 50],
    [23, 26, 51],
    [23, 27, 50],
    [26, 26, 48],
    [26, 30, 44],
    [25, 31, 44],
    [28, 32, 40],
    [27, 26, 47],
    [39, 12, 49],
    [37, 10, 53],
    [33, 15, 52],
    [44, 14, 42],
    [36, 11, 53],
    [36, 10, 54],
    [42, 9, 49],
    [33, 12, 55],
    [49, 9, 42],
    [38, 11, 51],
    [38, 9, 53],
    [32, 15, 53],
    [45, 12, 43],
    [34, 11, 55],
    [44, 7, 49],
    [30, 9, 61]
  ],
  "W": [
    [64, 19, 17],
    [70, 16, 14],
    [60, 16, 24],
    [67, 14, 19],
    [67, 19, 14],
    [67, 18, 15],
    [68, 18, 14],
    [63, 20, 17],
    [58, 19, 23],
    [67, 12, 21],
    [65, 14, 21],
    [70, 16, 14],
    [58, 21, 21],
    [62, 16, 22],
    [74, 11, 15],
    [70, 17, 13],
    [52, 34, 14],
    [16, 66, 18],
    [19, 67, 14],
    [15, 67, 18],
    [17, 74, 9],
    [14, 74, 12],
    [22, 61, 17],
    [18, 65, 17],
    [14, 60, 26],
    [13, 73, 14],
    [19, 59, 22],
    [15, 64, 21],
    [15, 56, 29],
    [18, 56, 26],
    [20, 67, 13],
    [19, 68, 13],
    [15, 71, 14],
    [13, 36, 51],
    [15, 19, 66],
    [18, 9, 73],
    [13, 24, 63],
    [23, 13, 64],
    [18, 16, 66],
    [19, 14, 67],
    [13, 16, 71],
    [16, 20, 64],
    [18, 18, 64],
    [14, 28, 58],
    [16, 16, 68],
    [18, 22, 60],
    [16, 22, 62],
    [24, 18, 58],
    [17, 13, 70],
    [25, 15, 60]
  ],
  "method": "mult",
  "cond_prob": [
    [
      [0.25880408182, 0.023485798085, 0.71771012009],
      [0.20980026915, 0.38635783688, 0.40384189397],
      [0.43287365919, 0.041297415007, 0.5258289258]
    ],
    [
      [0.23123470997, 0.036538890998, 0.73222639903],
      [0.15573053776, 0.50192229971, 0.34234716253],
      [0.39165833437, 0.065075752597, 0.54326591304]
    ],
    [
      [0.15145694036, 0.016560028045, 0.8319830316],
      [0.14204368573, 0.31643887411, 0.54151744015],
      [0.28394353314, 0.032654611054, 0.68340185581]
    ],
    [
      [0.2741807774, 0.025787594679, 0.70003162792],
      [0.21289829261, 0.40978425916, 0.37731744823],
      [0.45095062919, 0.044614575854, 0.50443479496]
    ],
    [
      [0.26183158659, 0.020861529421, 0.71730688399],
      [0.22128593729, 0.35788474494, 0.42082931777],
      [0.43788983681, 0.036675271936, 0.52543489125]
    ],
    [
      [0.29992946591, 0.021855723676, 0.67821481041],
      [0.24685939519, 0.36564771096, 0.38749289385],
      [0.48377240752, 0.037061661571, 0.47916593091]
    ],
    [
      [0.27205414652, 0.021786727968, 0.70615912551],
      [0.22574126519, 0.36749897551, 0.4067597593],
      [0.45022408513, 0.037904324221, 0.51187159065]
    ],
    [
      [0.28061443539, 0.025409203449, 0.69397636116],
      [0.21970537101, 0.40316413037, 0.37713049862],
      [0.45904637797, 0.043694723651, 0.49725889837]
    ],
    [
      [0.328675537, 0.03529669409, 0.63602776891],
      [0.2211856311, 0.48177784705, 0.29703652185],
      [0.5100248582, 0.057592631235, 0.43238251057]
    ],
    [
      [0.35259487341, 0.032725438676, 0.61467968791],
      [0.24284608831, 0.46328561354, 0.29386829815],
      [0.53719432375, 0.052462851426, 0.41034282482]
    ],
    [
      [0.29006866323, 0.025754844831, 0.68417649194],
      [0.22452863105, 0.40787896362, 0.36759240533],
      [0.47018160081, 0.043915974552, 0.48590242463]
    ],
    [
      [0.31019082117, 0.033697988792, 0.65611119003],
      [0.21348177038, 0.47303819205, 0.31348003757],
      [0.49001235667, 0.055974672475, 0.45401297085]
    ],
    [
      [0.26812503453, 0.029522200301, 0.70235276517],
      [0.19818652961, 0.44153298333, 0.36028048706],
      [0.44184990347, 0.051144604721, 0.50700549181]
    ],
    [
      [0.25869432872, 0.023240354056, 0.71806531722],
      [0.21020288625, 0.38484107487, 0.40495603889],
      [0.43278677652, 0.040892679243, 0.52632054424]
    ],
    [
      [0.24987237079, 0.046757796906, 0.70336983231],
      [0.14673976838, 0.56647905771, 0.28678117391],
      [0.41149487087, 0.081022353165, 0.50748277596]
    ],
    [
      [0.27650853074, 0.02586779141, 0.69762367785],
      [0.21475134028, 0.40910600056, 0.37614265916],
      [0.45383342401, 0.044637301704, 0.50152927428]
    ],
    [
      [0.29760524019, 0.027422810014, 0.6749719498],
      [0.22630075849, 0.41755635733, 0.35614288417],
      [0.47855109052, 0.046310818679, 0.4751380908]
    ],
    [
      [0.33296455043, 0.025992685409, 0.64104276416],
      [0.25766328305, 0.39860273465, 0.3437339823],
      [0.51984229346, 0.04258094361, 0.43757676293]
    ],
    [
      [0.36292598801, 0.031240893635, 0.60583311835],
      [0.25889297396, 0.44160264082, 0.29950438522],
      [0.54944179804, 0.049616464881, 0.40094173708]
    ],
    [
      [0.27250547687, 0.017967601984, 0.70952692115],
      [0.24328184555, 0.31782137971, 0.43889677473],
      [0.45300035648, 0.031339512649, 0.51566013087]
    ],
    [
      [0.25164936091, 0.038850596351, 0.70950004274],
      [0.16638941181, 0.50852747365, 0.32508311454],
      [0.41776000379, 0.067628994078, 0.51461100213]
    ],
    [
      [0.28036130118, 0.0220718549, 0.69756684392],
      [0.23352182135, 0.36391386913, 0.40256430952],
      [0.4608822606, 0.038052442538, 0.50106529686]
    ],
    [
      [0.31700957767, 0.032764319732, 0.6502261026],
      [0.22362155188, 0.45846299397, 0.31791545416],
      [0.49864470809, 0.054081816917, 0.447273475]
    ],
    [
      [0.32047814619, 0.036373383517, 0.64314847029],
      [0.2155016513, 0.4847977309, 0.2997006178],
      [0.5008695825, 0.059647583041, 0.43948283446]
    ],
    [
      [0.21043615744, 0.02864774787, 0.76091609469],
      [0.16114477587, 0.43514260925, 0.40371261488],
      [0.36702761082, 0.052453385844, 0.58051900334]
    ],
    [
      [0.22635535237, 0.03298278321, 0.74066186442],
      [0.1625601776, 0.46892182986, 0.36851799253],
      [0.38718172628, 0.059175018295, 0.55364325542]
    ],
    [
      [0.2564261057, 0.023246620346, 0.72032727395],
      [0.21072367347, 0.3790495274, 0.41022679912],
      [0.43031551501, 0.040947928788, 0.5287365562]
    ],
    [
      [0.22123467917, 0.024327739728, 0.75443758111],
      [0.18042198893, 0.39327486961, 0.42630314146],
      [0.38363932087, 0.044273324605, 0.57208735453]
    ],
    [
      [0.2157243561, 0.029512909259, 0.75476273464],
      [0.16286336639, 0.44231741979, 0.39481921382],
      [0.37390771085, 0.053712758626, 0.57237953053]
    ],
    [
      [0.25036204953, 0.028714447383, 0.72092350308],
      [0.18966416788, 0.43186766733, 0.37846816479],
      [0.42012889509, 0.050590166022, 0.52928093889]
    ],
    [
      [0.2842829979, 0.028966237702, 0.68675076439],
      [0.21306742689, 0.43020597611, 0.356726597],
      [0.46234717344, 0.04941825799, 0.48823456857]
    ],
    [
      [0.27531787477, 0.02967004814, 0.69501207709],
      [0.20472424165, 0.43711629505, 0.3581594633],
      [0.45116548313, 0.051001801856, 0.49783271501]
    ],
    [
      [0.3126247861, 0.029816603652, 0.65755861025],
      [0.23009418475, 0.43457171056, 0.33533410469],
      [0.4952173511, 0.049542890307, 0.45523975859]
    ],
    [
      [0.23079637448, 0.043154485876, 0.72604913964],
      [0.14462717681, 0.54012636086, 0.31524646233],
      [0.38841396711, 0.076356221277, 0.53522981161]
    ],
    [
      [0.28657735114, 0.029421290533, 0.68400135833],
      [0.21144044572, 0.43882145312, 0.34973810116],
      [0.46418050075, 0.050159880443, 0.48565961881]
    ],
    [
      [0.25696162236, 0.036039110769, 0.70699926687],
      [0.17270165592, 0.49794919075, 0.32934915332],
