{
  "X": [
    [19, 23, 58],
    [15, 17, 68],
    [13, 18, 69],
    [17, 16, 67],
    [17, 18, 65],
    [18, 15, 67],
    [15, 13, 72],
    [18, 18, 64],
    [19, 11, 70],
    [14, 15, 71],
    [16, 21, 63],
    [15, 14, 71],
    [20, 10, 70],
    [16, 16, 68],
    [17, 23, 60],
    [16, 22, 62],
    [23, 17, 60],
    [29, 39, 32],
    [43, 36, 21],
    [40, 26, 34],
    [30, 32, 38],
    [39, 34, 27],
    [30, 30, 40],
    [36, 32, 32],
    [35, 29, 36],
    [41, 32, 27],
    [31, 26, 43],
    [45, 32, 23],
    [38, 32, 30],
    [37, 36, 27],
    [42, 26, 32],
    [40, 31, 29],
    [32, 28, 40],
    [29, 31, 40],
    [19, 40, 41],
    [19, 51, 30],
    [14, 56, 30],
    [23, 42, 35],
    [17, 50, 33],
    [18, 49, 33],
    [17, 53, 30],
    [11, 46, 43],
    [13, 52, 35],
    [15, 45, 40],
    [21, 46, 33],
    [13, 46, 41],
    [22, 51, 27],
    [13, 46, 41],
    [17, 54, 29],
    [19, 42, 39]
  ],
  "W": [
    [66, 16, 18],
    [66, 13, 21],
    [65, 19, 16],
    [64, 18, 18],
    [62, 16, 22],
    [74, 18, 8],
    [72, 20, 8],
    [66, 20, 14],
    [68, 22, 10],
    [71, 16, 13],
    [63, 17, 20],
    [70, 16, 14],
    [67, 21, 12],
    [71, 18, 11],
    [58, 15, 27],
    [61, 19, 20],
    [59, 29, 12],
    [16, 58, 26],
    [9, 72, 19],
    [20, 66, 14],
    [21, 60, 19],
    [13, 69, 18],
    [20, 58, 22],
    [22, 57, 21],
    [19, 67, 14],
    [18, 68, 14],
    [15, 68, 17],
    [6, 80, 14],
    [13, 67, 20],
    [16, 67, 17],
    [18, 72, 10],
    [12, 69, 19],
    [20, 65, 15],
    [23, 31, 46],
    [20, 18, 62],
    [11, 19, 70],
    [15, 11, 74],
    [19, 25, 56],
    [19, 8, 73],
    [16, 21, 63],
    [14, 16, 70],
    [23, 9, 68],
    [15, 15, 70],
    [20, 12, 68],
    [12, 22, 66],
    [16, 16, 68],
    [9, 20, 71],
    [21, 12, 67],
    [13, 19, 68],
    [20, 17, 63]
  ],
  "method": "mult",
  "cond_prob": [
    [
      [0.10789038103, 0.042741486869, 0.8493681321],
      [0.54692469012, 0.30876141901, 0.14431389087],
      [0.10978208848, 0.70325303058, 0.18696488095]
    ],
    [
      [0.082943951161, 0.026753330212, 0.89030271863],
      [0.55035356139, 0.25213649202, 0.19750994659],
      [0.11727934047, 0.61042564708, 0.27229501245]
    ],
    [
      [0.060660365408, 0.03047614246, 0.90886349213],
      [0.45025339141, 0.32317676828, 0.22656984031],
      [0.080818333626, 0.65723072827, 0.26195093811]
    ],
    [
      [0.081408815648, 0.02575966622, 0.89283151813],
      [0.54959852749, 0.24810842203, 0.20229305048],
      [0.11786275153, 0.60253684786, 0.27960040061]
    ],
    [
      [0.085968409175, 0.026432574095, 0.88759901673],
      [0.56070356829, 0.24530746321, 0.19398896851],
      [0.12218698568, 0.60500629029, 0.27280672403]
    ],
    [
      [0.093546096689, 0.038320687705, 0.86813321561],
      [0.52638150782, 0.3095858711, 0.16403262108],
      [0.10269672821, 0.69097779082, 0.20632548096]
    ],
    [
      [0.069936081512, 0.030179339023, 0.89988457947],
      [0.48720137576, 0.30203455812, 0.21076406612],
      [0.092084610193, 0.65142833738, 0.25648705242]
    ],
    [
      [0.086434320251, 0.033931299505, 0.87963438024],
      [0.52529624635, 0.29503492434, 0.17966882931],
      [0.10449950295, 0.66541006333, 0.23009043372]
    ],
    [
      [0.082669459629, 0.022189015132, 0.89514152524],
      [0.5715555977, 0.22017597819, 0.2082684241],
      [0.12955561963, 0.56686570353, 0.30357867684]
    ],
    [
      [0.072509697986, 0.030305882238, 0.89718441978],
      [0.49701690255, 0.29681061826, 0.20617247918],
      [0.095384410466, 0.64918976283, 0.2554258267]
    ],
    [
      [0.081927327693, 0.033567362565, 0.88450530974],
      [0.51392233585, 0.30000685072, 0.18607081343],
      [0.10057042077, 0.66460133016, 0.23482824907]
    ],
    [
      [0.076771050511, 0.026911139598, 0.89631780989],
      [0.52855705572, 0.26456665801, 0.20687628628],
      [0.10839558859, 0.617735918, 0.27386849341]
    ],
    [
      [0.087978890222, 0.01873591398, 0.8932851958],
      [0.60730506861, 0.18531834153, 0.20737658986],
      [0.15016385861, 0.51992568682, 0.32991045457]
    ],
    [
      [0.08082424167, 0.034846989064, 0.88432876927],
      [0.50382597938, 0.31109346584, 0.18508055478],
      [0.096116185716, 0.67626932081, 0.22761449347]
    ],
    [
      [0.090388492201, 0.030650382281, 0.87896112552],
      [0.55339757297, 0.26646099885, 0.18014142817],
      [0.11705857034, 0.63689316216, 0.24604826749]
    ],
    [
      [0.077550940207, 0.034211645411, 0.88823741438],
      [0.49657146948, 0.31246206332, 0.1909664672],
      [0.094456917511, 0.67159250003, 0.23395058246]
    ],
    [
      [0.088966443785, 0.029727193317, 0.8813063629],
      [0.55122309828, 0.26453559719, 0.18424130453],
      [0.1169443534, 0.63254705889, 0.2505085877]
    ],
    [
      [0.068671041268, 0.035654895103, 0.89567406363],
      [0.4575269705, 0.34160015107, 0.20087287843],
      [0.082882620381, 0.68546963721, 0.23164774241]
    ],
    [
      [0.10492640217, 0.040657563609, 0.85441603422],
      [0.54590983192, 0.30481628106, 0.14927388702],
      [0.11219109353, 0.69280250014, 0.19500640633]
    ],
    [
      [0.085969410149, 0.027961283246, 0.8860693066],
      [0.55045709033, 0.25809993826, 0.19144297142],
      [0.11890310527, 0.61815087873, 0.262946016]
    ],
    [
      [0.064957645418, 0.030715751131, 0.90432660345],
      [0.46502175971, 0.31658296683, 0.21839527346],
      [0.086670076194, 0.65431549814, 0.25901442567]
    ],
    [
      [0.086843777403, 0.035342048655, 0.87781417394],
      [0.51906978731, 0.30438325189, 0.17654696081],
      [0.10359379979, 0.67239753174, 0.22400866847]
    ],
    [
      [0.062687622365, 0.026009555511, 0.91130282212],
      [0.47913927961, 0.2860287999, 0.2348319205],
      [0.093126479957, 0.61634660628, 0.29052691376]
    ],
    [
      [0.094574333118, 0.035382634501, 0.87004303238],
      [0.54093483126, 0.2911938192, 0.16787134954],
      [0.11177259225, 0.66741107064, 0.22081633711]
    ],
    [
      [0.069925644144, 0.029070286226, 0.90100406963],
      [0.49163543737, 0.29466734834, 0.21369721429],
      [0.096085159511, 0.63837565582, 0.26553918467]
    ],
    [
      [0.1008246285, 0.039589019436, 0.85958635206],
      [0.53948230379, 0.30541143264, 0.15510626357],
      [0.10986984735, 0.68930948813, 0.20082066452]
    ],
    [
      [0.048716114748, 0.019374225267, 0.93190965998],
      [0.45098624769, 0.25846161577, 0.29055213654],
      [0.087393110693, 0.55463074911, 0.35797614019]
    ],
    [
      [0.086734587107, 0.031918982266, 0.88134643063],
      [0.53432775974, 0.28366312767, 0.18200911259],
      [0.11071126455, 0.64971114541, 0.23957759004]
    ],
    [
      [0.079287393739, 0.029837847885, 0.89087475838],
      [0.52082038182, 0.28229836457, 0.19688125361],
      [0.10634559918, 0.63801328426, 0.25564111656]
    ],
    [
      [0.089404461526, 0.041117053404, 0.86947848507],
      [0.50242257489, 0.33295479797, 0.16462262713],
      [0.095936151094, 0.70419025735, 0.19987359155]
    ],
    [
      [0.085424402153, 0.029177959347, 0.8853976385],
      [0.54272098892, 0.26751976739, 0.1897592437],
      [0.11513294763, 0.6290595873, 0.25580746507]
    ],
    [
      [0.082062626224, 0.029147005423, 0.88879036835],
      [0.5330595876, 0.27277397218, 0.19416644021],
      [0.111375934, 0.63069389071, 0.25793017529]
    ],
    [
      [0.061007768906, 0.026091790531, 0.91290044056],
      [0.47141291894, 0.29058002764, 0.23800705341],
      [0.090539688739, 0.61876522071, 0.29069509055]
    ],
    [
      [0.09625367979, 0.022966323512, 0.8807799967],
      [0.60692185159, 0.20668751587, 0.18639063254],
      [0.14801376688, 0.5609358478, 0.29105038532]
    ],
    [
      [0.078968957772, 0.024491203814, 0.89653983841],
      [0.549991635, 0.24179850414, 0.20820986086],
      [0.11974837255, 0.58835821502, 0.29189341243]
    ],
    [
      [0.086142405928, 0.03172594748, 0.88213164659],
      [0.53682042248, 0.28035767525, 0.18282190227],
