{
  "X": [
    [43, 27, 30],
    [35, 38, 27],
    [35, 31, 34],
    [32, 28, 40],
    [34, 29, 37],
    [31, 30, 39],
    [33, 33, 34],
    [33, 32, 35],
    [37, 27, 36],
    [37, 27, 36],
    [38, 29, 33],
    [42, 34, 24],
    [36, 26, 38],
    [30, 30, 40],
    [39, 37, 24],
    [40, 33, 27],
    [32, 29, 39],
    [18, 37, 45],
    [14, 36, 50],
    [16, 41, 43],
    [18, 43, 39],
    [14, 37, 49],
    [25, 36, 39],
    [13, 43, 44],
    [23, 36, 41],
    [22, 32, 46],
    [18, 38, 44],
    [10, 39, 51],
    [15, 32, 53],
    [22, 26, 52],
    [23, 37, 40],
    [14, 34, 52],
    [25, 34, 41],
    [13, 45, 42],
    [12, 48, 40],
    [13, 49, 38],
    [15, 50, 35],
    [13, 52, 35],
    [10, 47, 43],
    [12, 52, 36],
    [16, 39, 45],
    [16, 52, 32],
    [14, 52, 34],
    [10, 47, 43],
    [13, 44, 43],
    [15, 42, 43],
    [12, 51, 37],
    [15, 55, 30],
    [16, 44, 40],
    [13, 45, 42]
  ],
  "W": [
    [71, 19, 10],
    [70, 13, 17],
    [69, 18, 13],
    [74, 15, 11],
    [68, 16, 16],
    [65, 19, 16],
    [61, 21, 18],
    [58, 22, 20],
    [64, 19, 17],
    [67, 17, 16],
    [69, 18, 13],
    [73, 12, 15],
    [59, 23, 18],
    [72, 16, 12],
    [70, 13, 17],
    [67, 19, 14],
    [51, 32, 17],
    [13, 63, 24],
    [13, 69, 18],
    [14, 68, 18],
    [13, 68, 19],
    [18, 68, 14],
    [24, 61, 15],
    [14, 63, 23],
    [14, 68, 18],
    [19, 67, 14],
    [18, 68, 14],
    [12, 73, 15],
    [13, 71, 16],
    [20, 68, 12],
    [17, 65, 18],
    [10, 74, 16],
    [24, 62, 14],
    [19, 32, 49],
    [16, 12, 72],
    [18, 13, 69],
    [20, 16, 64],
    [15, 21, 64],
    [8, 18, 74],
    [16, 15, 69],
    [17, 19, 64],
    [20, 15, 65],
    [11, 23, 66],
    [18, 21, 61],
    [17, 15, 68],
    [16, 11, 73],
    [18, 11, 71],
    [15, 16, 69],
    [21, 12, 67],
    [18, 9, 73]
  ],
  "method": "mult",
  "cond_prob": [
    [
      [0.54443275657, 0.21468282056, 0.24088442286],
      [0.16138793376, 0.33500722209, 0.50360484415],
      [0.060484765606, 0.57380652038, 0.36570871401]
    ],
    [
      [0.47278230031, 0.2963861603, 0.23083153939],
      [0.12911356213, 0.42610464657, 0.44478179131],
      [0.043953629284, 0.66267433136, 0.29337203936]
    ],
    [
      [0.47072044558, 0.24731642587, 0.28196312855],
      [0.12512907705, 0.34612938306, 0.52874153989],
      [0.045813205695, 0.57906198736, 0.37512480694]
    ],
    [
      [0.41635834635, 0.23542443718, 0.34821721647],
      [0.101274222, 0.30137941532, 0.59734636268],
      [0.038422312941, 0.52254013753, 0.43903754953]
    ],
    [
      [0.4655475829, 0.22553311464, 0.30891930246],
      [0.12146674148, 0.30983135366, 0.56870190486],
      [0.046027955732, 0.53637760869, 0.41759443558]
    ],
    [
      [0.44335176839, 0.23406276274, 0.32258546887],
      [0.11217075347, 0.31188933199, 0.57593991454],
      [0.042276061278, 0.53702371961, 0.42070021911]
    ],
    [
      [0.48473684967, 0.24535635612, 0.26990679422],
      [0.13162448154, 0.35102194305, 0.51735357541],
      [0.048072697577, 0.58564187607, 0.36628542635]
    ],
    [
      [0.49855251841, 0.2299729735, 0.27147450809],
      [0.13743497083, 0.33412800946, 0.52843701972],
      [0.051125496184, 0.567746464, 0.38112803982]
    ],
    [
      [0.51475027135, 0.20014629397, 0.28510343468],
      [0.14374262557, 0.29438381615, 0.56187355828],
      [0.05576593174, 0.52173866856, 0.4224953997]
    ],
    [
      [0.50203057652, 0.20531647807, 0.29265294541],
      [0.13761216906, 0.29635328201, 0.56603454894],
      [0.053164177079, 0.52306025091, 0.42377557202]
    ],
    [
      [0.50297081895, 0.22769497192, 0.26933420913],
      [0.13964678639, 0.33283724983, 0.52751596378],
      [0.052054666508, 0.56691088402, 0.38103444947]
    ],
    [
      [0.53327786378, 0.26442159939, 0.20230053683],
      [0.15908919988, 0.41517699405, 0.42573380607],
      [0.055224651217, 0.65847784057, 0.28629750821]
    ],
    [
      [0.52476679728, 0.18651219006, 0.28872101266],
      [0.147988802, 0.27718332058, 0.57482787742],
      [0.058524926263, 0.5007465895, 0.44072848424]
    ],
    [
      [0.40204048049, 0.25059192008, 0.34736759944],
      [0.096385828785, 0.31622861777, 0.58738555344],
      [0.035971670976, 0.53930744932, 0.4247208797]
    ],
    [
      [0.51618897914, 0.28276587984, 0.20104514102],
      [0.15078715725, 0.43484083942, 0.41437200333],
      [0.051285380255, 0.67564808838, 0.27306653136]
    ],
    [
      [0.5334682623, 0.25165550246, 0.21487623524],
      [0.15808169625, 0.39268187579, 0.44923642796],
      [0.056000459072, 0.63558995702, 0.30840958391]
    ],
    [
      [0.51332042341, 0.20566862056, 0.28101095603],
      [0.14325663694, 0.30276094926, 0.5539824138],
      [0.055077450155, 0.53179210292, 0.41313044693]
    ],
    [
      [0.52949159763, 0.21624880118, 0.2542596012],
      [0.15152034318, 0.32972514222, 0.5187545146],
      [0.056758988454, 0.56509210812, 0.37814890343]
    ],
    [
      [0.44590319907, 0.24418937303, 0.3099074279],
      [0.11277264358, 0.3288639928, 0.55836336362],
      [0.041707064515, 0.55648793667, 0.40180499881]
    ],
    [
      [0.47694332476, 0.2667503806, 0.25630629464],
      [0.1281452685, 0.38147866331, 0.49037606819],
      [0.045321603101, 0.61725901739, 0.33741937951]
    ],
    [
      [0.51985007607, 0.26142690681, 0.21872301712],
      [0.14979182304, 0.4011700003, 0.44903817666],
      [0.052392332274, 0.64200111569, 0.30560655204]
    ],
    [
      [0.40912562979, 0.27110468132, 0.31976968889],
      [0.099256454604, 0.34940960866, 0.55133393673],
      [0.035838555463, 0.57705966165, 0.38710178289]
    ],
    [
      [0.55315522382, 0.22454090416, 0.22230387202],
      [0.16656530207, 0.35851767035, 0.47491702758],
      [0.06104039057, 0.60072292079, 0.33823668864]
    ],
    [
      [0.4252373583, 0.28987728783, 0.28488535387],
      [0.10634040687, 0.38602431383, 0.5076352793],
      [0.037182012932, 0.6174685807, 0.34534940637]
    ],
    [
      [0.58890189179, 0.20118333959, 0.20991476862],
      [0.1866854718, 0.33946029884, 0.47385422937],
      [0.070139622279, 0.58349399841, 0.34636637931]
    ],
    [
      [0.54010176459, 0.20139171046, 0.25850652495],
      [0.15672576007, 0.31034759887, 0.53292664106],
      [0.059994148395, 0.54335364175, 0.39665220986]
    ],
    [
      [0.4818827243, 0.25506982845, 0.26304744724],
      [0.13001500838, 0.36560066489, 0.50438432673],
      [0.046716495032, 0.60086633926, 0.3524171657]
    ],
    [
      [0.3557518373, 0.29848497204, 0.34576319066],
      [0.08069082682, 0.36058154457, 0.55872762861],
      [0.028634285608, 0.58554225929, 0.3858234551]
    ],
    [
      [0.46392931528, 0.21572937852, 0.3203413062],
      [0.11913953361, 0.29495654912, 0.58590391727],
      [0.045669427263, 0.51733757587, 0.43699299687]
    ],
    [
      [0.53406486846, 0.16909689765, 0.29683823388],
      [0.15088987007, 0.2535958702, 0.59551425972],
      [0.061126280628, 0.46986281576, 0.46901090361]
    ],
    [
      [0.57035875245, 0.21499853308, 0.21464271447],
      [0.17604017296, 0.35276525816, 0.47119456888],
      [0.065056418878, 0.59628362018, 0.33865996094]
    ],
    [
      [0.46330932368, 0.22731673317, 0.30937394316],
      [0.11935420033, 0.31223060611, 0.56841519357],
      [0.044957581547, 0.5382865698, 0.41675584865]
    ],
    [
      [0.5523563896, 0.21407383528, 0.23356977512],
      [0.16516007835, 0.33939418272, 0.49544573893],
      [0.061630031008, 0.57907503092, 0.35929493807]
    ],
    [
      [0.43378819162, 0.26257879712, 0.30363301126],
      [0.10847936506, 0.34976483943, 0.54175579551],
      [0.03928519923, 0.57908486885, 0.38162993192]
    ],
    [
      [0.47128916186, 0.23517971871, 0.29353111943],
      [0.12283826123, 0.32815337581, 0.54900836296],
      [0.045614560012, 0.55743828276, 0.39694715722]
    ],
    [
      [0.47512673732, 0.24504059946, 0.27983266322],
      [0.12540917342, 0.34558974719, 0.52900107939],
