{
  "X": [
    [37, 9, 54],
    [36, 5, 59],
    [44, 11, 45],
    [34, 9, 57],
    [29, 15, 56],
    [24, 15, 61],
    [40, 8, 52],
    [34, 10, 56],
    [37, 10, 53],
    [34, 11, 55],
    [38, 9, 53],
    [28, 13, 59],
    [36, 12, 52],
    [40, 9, 51],
    [21, 10, 69],
    [44, 6, 50],
    [40, 11, 49],
    [39, 3, 58],
    [46, 4, 50],
    [46, 7, 47],
    [46, 1, 53],
    [43, 7, 50],
    [40, 3, 57],
    [40, 0, 60],
    [40, 2, 58],
    [42, 7, 51],
    [44, 2, 54],
    [45, 3, 52],
    [46, 4, 50],
    [38, 6, 56],
    [45, 6, 49],
    [39, 1, 60],
    [38, 11, 51],
    [53, 5, 42],
    [77, 1, 22],
    [71, 7, 22],
    [76, 4, 20],
    [74, 2, 24],
    [72, 6, 22],
    [74, 4, 22],
    [73, 7, 20],
    [68, 4, 28],
    [73, 7, 20],
    [62, 6, 32],
    [63, 3, 34],
    [74, 1, 25],
    [63, 4, 33],
    [75, 1, 24],
    [74, 3, 23],
    [70, 5, 25]
  ],
  "W": [
    [67, 18, 15],
    [65, 16, 19],
    [66, 12, 22],
    [61, 24, 15],
    [66, 21, 13],
    [67, 21, 12],
    [64, 17, 19],
    [65, 16, 19],
    [60, 19, 21],
    [67, 18, 15],
    [68, 15, 17],
    [68, 20, 12],
    [76, 12, 12],
    [66, 18, 16],
    [77, 14, 9],
    [61, 17, 22],
    [51, 30, 19],
    [19, 69, 12],
    [19, 65, 16],
    [18, 60, 22],
    [16, 65, 19],
    [15, 65, 20],
    [16, 68, 16],
    [15, 71, 14],
    [15, 67, 18],
    [19, 67, 14],
    [12, 73, 15],
    [14, 67, 19],
    [15, 73, 12],
    [13, 74, 13],
    [20, 59, 21],
    [14, 70, 16],
    [27, 51, 22],
    [24, 31, 45],
    [15, 16, 69],
    [23, 14, 63],
    [15, 16, 69],
    [11, 16, 73],
    [14, 21, 65],
    [18, 12, 70],
    [16, 9, 75],
    [13, 23, 64],
    [18, 19, 63],
    [25, 19, 56],
    [20, 19, 61],
    [14, 13, 73],
    [17, 16, 67],
    [14, 16, 70],
    [12, 17, 71],
    [16, 18, 66]
  ],
  "method": "mult",
  "cond_prob": [
    [
      [0.22714943001, 0.13025341756, 0.64259715243],
      [0.38011961282, 0.015296019365, 0.60458436781],
      [0.93248497409, 0.01278088789, 0.054734138022]
    ],
    [
      [0.20279512159, 0.073365799221, 0.72383907919],
      [0.3297342053, 0.0083709579489, 0.66189483676],
      [0.92353451368, 0.0079957367303, 0.068469749593]
    ],
    [
      [0.2456335964, 0.16480109122, 0.58956531238],
      [0.41716047258, 0.019646789692, 0.56319273773],
      [0.93813019865, 0.01507769453, 0.046792106819]
    ],
    [
      [0.19864599005, 0.13759442083, 0.66375958913],
      [0.34159960028, 0.016589405005, 0.64181099471],
      [0.9208814178, 0.01523935714, 0.063879225055]
    ],
    [
      [0.17365623426, 0.2080602228, 0.61828354294],
      [0.32409318113, 0.027241087315, 0.64866573155],
      [0.90706702195, 0.025955266808, 0.06697771124]
    ],
    [
      [0.14421685157, 0.20160540297, 0.65417774546],
      [0.27413903738, 0.02688670653, 0.69897425609],
      [0.8869867158, 0.029603405442, 0.08340987876]
    ],
    [
      [0.22864341152, 0.12116032797, 0.65019626052],
      [0.379291692, 0.0141021507, 0.6066061573],
      [0.93305136491, 0.011831487065, 0.055117148024]
    ],
    [
      [0.18680370797, 0.14311172661, 0.67008456541],
      [0.32561345244, 0.017505200012, 0.65688134755],
      [0.91504496766, 0.016776500421, 0.068178531919]
    ],
    [
      [0.19413920334, 0.15371374314, 0.65214705351],
      [0.33955039188, 0.018853190613, 0.64159641751],
      [0.91846287695, 0.017405082988, 0.064132040062]
    ],
    [
      [0.20415323546, 0.15570649386, 0.64014027068],
      [0.35506009103, 0.01900347349, 0.62593643548],
      [0.92311440182, 0.016828588551, 0.060057009628]
    ],
    [
      [0.22682168115, 0.1287953516, 0.64438296725],
      [0.37917768798, 0.015113287412, 0.60570902461],
      [0.93235574767, 0.012664121388, 0.054980130941]
    ],
    [
      [0.17352372551, 0.17714035494, 0.64933591955],
      [0.3149625208, 0.022560839101, 0.6624766401],
      [0.90748870153, 0.022118679801, 0.070392618666]
    ],
    [
      [0.24355707502, 0.15635483192, 0.60008809306],
      [0.41156897985, 0.018556289101, 0.56987473105],
      [0.93777037833, 0.014376823661, 0.047852798011]
    ],
    [
      [0.24390725696, 0.13383251903, 0.62226022401],
      [0.40436945206, 0.015569218162, 0.58006132978],
      [0.93802340421, 0.012306076263, 0.049670519523]
    ],
    [
      [0.14364539248, 0.1223162024, 0.73403840512],
      [0.25440865038, 0.015211835856, 0.73037951377],
      [0.88809346067, 0.018033926306, 0.09387261302]
    ],
    [
      [0.2426007859, 0.096672191898, 0.66072702221],
      [0.39062526652, 0.010918135081, 0.5984565984],
      [0.93794698491, 0.0089489857613, 0.053104029331]
    ],
    [
      [0.2102208877, 0.19422947812, 0.59554963418],
      [0.37618488621, 0.024327634021, 0.59948747977],
      [0.92508775953, 0.020419193201, 0.05449304727]
    ],
    [
      [0.2075108092, 0.10966133224, 0.68282785856],
      [0.3463078172, 0.012614485143, 0.64107769766],
      [0.92513217829, 0.011502983988, 0.063364837721]
    ],
    [
      [0.23330210296, 0.14774096169, 0.61895693535],
      [0.39424878516, 0.017211397133, 0.58853981771],
      [0.93443150378, 0.013936334987, 0.051632161237]
    ],
    [
      [0.19456304945, 0.24245544213, 0.56298150843],
      [0.36840098013, 0.031623653358, 0.59997536651],
      [0.91771494059, 0.026942173172, 0.055342886241]
    ],
    [
      [0.23569318385, 0.043420154343, 0.7208866618],
      [0.36576958186, 0.0046311241397, 0.629599294],
      [0.93627480591, 0.0040524868988, 0.059672707196]
    ],
    [
      [0.1777113412, 0.25833581715, 0.56395284166],
      [0.34652273899, 0.034579882686, 0.61889737832],
      [0.90887810952, 0.031011596079, 0.060110294401]
    ],
    [
      [0.19498870732, 0.11889927542, 0.68611201727],
      [0.33091680229, 0.013867000893, 0.65521619682],
      [0.91944232429, 0.013164090934, 0.067393584774]
    ],
    [
      [0.22016123672, 0, 0.77983876328],
      [0.33411188855, 0, 0.66588811145],
      [0.93129748516, 0, 0.06870251484]
    ],
    [
      [0.19207144818, 0.083469787307, 0.72445876451],
      [0.3172124415, 0.0094626948873, 0.67332486362],
      [0.91845151235, 0.009364767311, 0.072183720337]
    ],
    [
      [0.19992986152, 0.23578629682, 0.56428384165],
      [0.37463488033, 0.030456456646, 0.59490866303],
      [0.92036214483, 0.025551266325, 0.05408658884]
    ],
    [
      [0.2255591795, 0.096861763079, 0.67757905742],
      [0.36768465217, 0.010792186497, 0.62152316133],
      [0.93230457879, 0.0093490605566, 0.058346360656]
    ],
    [
      [0.21268105854, 0.13004946894, 0.65726947252],
      [0.35956119343, 0.015073011, 0.62536579557],
      [0.92701121913, 0.013285470583, 0.059703310289]
    ],
    [
      [0.24164840748, 0.16767403316, 0.59067755936],
      [0.41274038962, 0.019654905791, 0.56760470459],
      [0.93707466454, 0.015234918146, 0.047690417319]
    ],
    [
      [0.17207724671, 0.2388673997, 0.5890553536],
      [0.33100838571, 0.03145136565, 0.63754024864],
      [0.90600954657, 0.029398577377, 0.064591876051]
    ],
    [
      [0.20026840143, 0.20122046983, 0.59851112874],
      [0.36346607876, 0.025203635027, 0.61133028621],
      [0.92082457125, 0.021832840097, 0.057342588649]
    ],
    [
      [0.1978691823, 0.044654592488, 0.75747622521],
      [0.31549225455, 0.0048807606253, 0.67962698482],
      [0.92162536348, 0.0048717447215, 0.073502891794]
    ],
    [
      [0.1549236262, 0.27538586491, 0.56969050889],
      [0.31320699064, 0.038624452246, 0.64816855711],
      [0.89384271568, 0.037687185238, 0.068470099085]
    ],
    [
      [0.1761691279, 0.14593087481, 0.67789999729],
      [0.31012955874, 0.017797023979, 0.67207341728],
      [0.90922692531, 0.017895113579, 0.072877961106]
    ],
    [
      [0.25162166999, 0.048729275223, 0.69964905478],
      [0.38764621734, 0.0051558673724, 0.60719791529],
      [0.94151250396, 0.0043034002473, 0.054184095798]
    ],
    [
      [0.22160588339, 0.23475913328, 0.54363498333],
      [0.40729598995, 0.029874583222, 0.56282942683],
