{
  "X": [
    [67, 21, 12],
    [53, 24, 23],
    [57, 29, 14],
    [60, 23, 17],
    [59, 28, 13],
    [55, 31, 14],
    [52, 33, 15],
    [62, 25, 13],
    [60, 22, 18],
    [55, 28, 17],
    [59, 29, 12],
    [59, 26, 15],
    [60, 28, 12],
    [58, 27, 15],
    [52, 25, 23],
    [62, 27, 11],
    [52, 30, 18],
    [47, 45, 8],
    [42, 53, 5],
    [46, 46, 8],
    [32, 60, 8],
    [42, 49, 9],
    [38, 56, 6],
    [38, 56, 6],
    [31, 59, 10],
    [38, 46, 16],
    [40, 55, 5],
    [37, 57, 6],
    [47, 48, 5],
    [40, 48, 12],
    [46, 44, 10],
    [45, 45, 10],
    [42, 49, 9],
    [26, 55, 19],
    [31, 47, 22],
    [18, 65, 17],
    [18, 67, 15],
    [31, 50, 19],
    [23, 54, 23],
    [31, 56, 13],
    [28, 59, 13],
    [23, 61, 16],
    [21, 60, 19],
    [20, 60, 20],
    [30, 59, 11],
    [27, 58, 15],
    [26, 63, 11],
    [40, 43, 17],
    [24, 62, 14],
    [26, 58, 16]
  ],
  "W": [
    [70, 14, 16],
    [63, 19, 18],
    [70, 15, 15],
    [66, 15, 19],
    [73, 12, 15],
    [67, 17, 16],
    [64, 17, 19],
    [69, 9, 22],
    [73, 18, 9],
    [65, 24, 11],
    [67, 13, 20],
    [67, 17, 16],
    [64, 19, 17],
    [64, 18, 18],
    [58, 24, 18],
    [72, 11, 17],
    [49, 35, 16],
    [21, 56, 23],
    [14, 64, 22],
    [18, 65, 17],
    [11, 75, 14],
    [18, 70, 12],
    [16, 70, 14],
    [12, 68, 20],
    [12, 68, 20],
    [21, 60, 19],
    [17, 60, 23],
    [14, 71, 15],
    [16, 67, 17],
    [13, 72, 15],
    [17, 65, 18],
    [15, 67, 18],
    [13, 73, 14],
    [15, 36, 49],
    [18, 19, 63],
    [10, 19, 71],
    [13, 19, 68],
    [20, 11, 69],
    [25, 12, 63],
    [17, 16, 67],
    [21, 13, 66],
    [10, 25, 65],
    [17, 14, 69],
    [14, 22, 64],
    [18, 18, 64],
    [19, 9, 72],
    [27, 16, 57],
    [24, 17, 59],
    [12, 17, 71],
    [18, 16, 66]
  ],
  "method": "mult",
  "cond_prob": [
    [
      [0.8052462514, 0.069811881245, 0.12494186736],
      [0.47519490607, 0.48972469212, 0.035080401807],
      [0.1304020111, 0.69583911179, 0.17375887711]
    ],
    [
      [0.67806351708, 0.070583213985, 0.25135326894],
      [0.41471931018, 0.51213648769, 0.073144202123],
      [0.094551007986, 0.60425593337, 0.30119305865]
    ],
    [
      [0.7362205258, 0.10477473086, 0.15900474334],
      [0.35783172444, 0.60540222148, 0.03676605408],
      [0.086096353228, 0.75422282615, 0.15968082062]
    ],
    [
      [0.75184135861, 0.070155577309, 0.17800306408],
      [0.45037331151, 0.4988836066, 0.050743081894],
      [0.11405447259, 0.65394438902, 0.23200113839]
    ],
    [
      [0.74882804933, 0.10712345745, 0.14404849323],
      [0.35791833842, 0.6093235056, 0.032758155971],
      [0.087191931226, 0.76880498869, 0.14400308008]
    ],
    [
      [0.73141696406, 0.10613883129, 0.16244420464],
      [0.35346588089, 0.60918703155, 0.037347087554],
      [0.084535466834, 0.75419112873, 0.16127340444]
    ],
    [
      [0.71958949374, 0.10621094548, 0.17419956077],
      [0.34885726451, 0.61095566663, 0.040187068865],
      [0.08234506831, 0.74635859631, 0.17129633538]
    ],
    [
      [0.78835930619, 0.080293408618, 0.1313472852],
      [0.43685336507, 0.52849605855, 0.03465057638],
      [0.11501617898, 0.72036205574, 0.16462176529]
    ],
    [
      [0.71187310949, 0.084323622101, 0.20380326841],
      [0.39266949329, 0.55387890484, 0.053451601873],
      [0.09290148126, 0.67879898016, 0.22829953858]
    ],
    [
      [0.70166811887, 0.092694011384, 0.20563786975],
      [0.36927775587, 0.57927038857, 0.051451855554],
      [0.085935555247, 0.69773767985, 0.2163267649]
    ],
    [
      [0.77628278035, 0.09401921357, 0.12969800608],
      [0.39720955845, 0.57120431338, 0.031586128165],
      [0.10122161884, 0.75348437293, 0.14529400824]
    ],
    [
      [0.74890468342, 0.084968539017, 0.16612677756],
      [0.40766050534, 0.54931836791, 0.043021126749],
      [0.10120657231, 0.70594930114, 0.19284412655]
    ],
    [
      [0.77881312908, 0.086374293419, 0.1348125775],
      [0.41694106255, 0.5487231536, 0.03433578385],
      [0.10754315113, 0.73250521236, 0.1599516365]
    ],
    [
      [0.75196547754, 0.082298679073, 0.16573584339],
      [0.41605415756, 0.54031491691, 0.043630925534],
      [0.10400375823, 0.69902815394, 0.19696808783]
    ],
    [
      [0.67498526583, 0.066880727811, 0.25813400636],
      [0.42441994906, 0.49836881709, 0.077211233845],
      [0.096495606656, 0.58624671491, 0.31725767844]
    ],
    [
      [0.78376683851, 0.098062038155, 0.11817112333],
      [0.39064450634, 0.58132745196, 0.028028041701],
      [0.099988309947, 0.77055950949, 0.12945218057]
    ],
    [
      [0.7050154437, 0.071079864216, 0.22390469209],
      [0.4265994763, 0.50899509601, 0.064405427693],
      [0.10097149375, 0.62313195231, 0.27589655394]
    ],
    [
      [0.80531237454, 0.074154847656, 0.12053277781],
      [0.46323065058, 0.50382347378, 0.032945875634],
      [0.12624846991, 0.71051175187, 0.16323977822]
    ],
    [
      [0.82079986447, 0.088742122051, 0.090458013476],
      [0.42932772683, 0.54820843848, 0.022463834694],
      [0.11679662977, 0.77187716617, 0.11132620406]
    ],
    [
      [0.7842151722, 0.076163232224, 0.13962159558],
      [0.44817225382, 0.51398257109, 0.037845175095],
      [0.11804513157, 0.7003893444, 0.18156552404]
    ],
    [
      [0.68717494184, 0.11407837403, 0.19874668414],
      [0.32290825421, 0.63288751384, 0.044204231952],
      [0.073301321886, 0.74335241155, 0.18334626656]
    ],
    [
      [0.73123775392, 0.087285799116, 0.18147644697],
      [0.39574901405, 0.55773984604, 0.04651113991],
      [0.095849732967, 0.69871225403, 0.205438013]
    ],
    [
      [0.75827593438, 0.10808681047, 0.13363725515],
      [0.36147131723, 0.60835015077, 0.030178531996],
      [0.089054090713, 0.77533875715, 0.13560715213]
    ],
    [
      [0.78150005517, 0.097293471482, 0.12120647334],
      [0.39311445559, 0.57796272655, 0.02892281786],
      [0.10049479217, 0.76467581816, 0.13482938968]
    ],
    [
      [0.6767533634, 0.10881054781, 0.21443608879],
      [0.32797027811, 0.62273201376, 0.049297708125],
      [0.073702895978, 0.72427624316, 0.20202086086]
    ],
    [
      [0.65506318861, 0.079572037873, 0.26536477352],
      [0.38067851067, 0.54611536862, 0.073206120706],
      [0.083890422248, 0.62262220129, 0.29348737646]
    ],
    [
      [0.80997946031, 0.099636250657, 0.090384289029],
      [0.39906028007, 0.57978619254, 0.021153527388],
      [0.10544485603, 0.79283596152, 0.10171918245]
    ],
    [
      [0.75692969327, 0.10772323212, 0.13534707462],
      [0.36166023556, 0.60770409003, 0.030635674411],
      [0.088974240475, 0.77350460983, 0.1375211497]
    ],
    [
      [0.8292871312, 0.079371865854, 0.091341002942],
      [0.45821295312, 0.51785570448, 0.0239313424],
      [0.12821802173, 0.74973474264, 0.12204723563]
    ],
    [
      [0.69349691818, 0.075528299432, 0.23097478239],
      [0.40922718991, 0.52621512493, 0.064557685153],
      [0.094943902178, 0.63166842629, 0.27338767153]
    ],
    [
      [0.76410337212, 0.068993536886, 0.16690309099],
      [0.46085828635, 0.491388511, 0.047753202654],
      [0.11898802452, 0.65642203466, 0.22458994082]
    ],
    [
      [0.75940258647, 0.069170325147, 0.17142708839],
      [0.45816266585, 0.49278682407, 0.049050510082],
      [0.11741619858, 0.65346333623, 0.22912046519]
    ],
    [
      [0.74004930443, 0.079194189175, 0.18075650639],
      [0.42033150407, 0.53105750361, 0.048610992318],
      [0.10364706205, 0.67749955191, 0.21885338604]
    ],
    [
      [0.66500411656, 0.08925533144, 0.245740552],
      [0.36172023512, 0.57440220017, 0.063877564717],
      [0.080376296539, 0.66181313436, 0.2578105691]
    ],
    [
      [0.73789252328, 0.062533106005, 0.19957437072],
      [0.46870741702, 0.47054102311, 0.06075155987],
      [0.1167626611, 0.6084987377, 0.27473860119]
    ],
    [
      [0.69617350317, 0.10418935745, 0.19963713939],
      [0.34305550239, 0.60965164992, 0.047292847684],
