{
  "X": [
    [37, 9, 54],
    [36, 5, 59],
    [44, 11, 45],
    [34, 9, 57],
    [29, 15, 56],
    [24, 15, 61],
    [40, 8, 52],
    [34, 10, 56],
    [37, 10, 53],
    [34, 11, 55],
    [38, 9, 53],
    [28, 13, 59],
    [36, 12, 52],
    [40, 9, 51],
    [21, 10, 69],
    [44, 6, 50],
    [40, 11, 49],
    [39, 3, 58],
    [46, 4, 50],
    [46, 7, 47],
    [46, 1, 53],
    [43, 7, 50],
    [40, 3, 57],
    [40, 0, 60],
    [40, 2, 58],
    [42, 7, 51],
    [44, 2, 54],
    [45, 3, 52],
    [46, 4, 50],
    [38, 6, 56],
    [45, 6, 49],
    [39, 1, 60],
    [38, 11, 51],
    [53, 5, 42],
    [77, 1, 22],
    [71, 7, 22],
    [76, 4, 20],
    [74, 2, 24],
    [72, 6, 22],
    [74, 4, 22],
    [73, 7, 20],
    [68, 4, 28],
    [73, 7, 20],
    [62, 6, 32],
    [63, 3, 34],
    [74, 1, 25],
    [63, 4, 33],
    [75, 1, 24],
    [74, 3, 23],
    [70, 5, 25]
  ],
  "W": [
    [67, 18, 15],
    [65, 16, 19],
    [66, 12, 22],
    [61, 24, 15],
    [66, 21, 13],
    [67, 21, 12],
    [64, 17, 19],
    [65, 16, 19],
    [60, 19, 21],
    [67, 18, 15],
    [68, 15, 17],
    [68, 20, 12],
    [76, 12, 12],
    [66, 18, 16],
    [77, 14, 9],
    [61, 17, 22],
    [51, 30, 19],
    [19, 69, 12],
    [19, 65, 16],
    [18, 60, 22],
    [16, 65, 19],
    [15, 65, 20],
    [16, 68, 16],
    [15, 71, 14],
    [15, 67, 18],
    [19, 67, 14],
    [12, 73, 15],
    [14, 67, 19],
    [15, 73, 12],
    [13, 74, 13],
    [20, 59, 21],
    [14, 70, 16],
    [27, 51, 22],
    [24, 31, 45],
    [15, 16, 69],
    [23, 14, 63],
    [15, 16, 69],
    [11, 16, 73],
    [14, 21, 65],
    [18, 12, 70],
    [16, 9, 75],
    [13, 23, 64],
    [18, 19, 63],
    [25, 19, 56],
    [20, 19, 61],
    [14, 13, 73],
    [17, 16, 67],
    [14, 16, 70],
    [12, 17, 71],
    [16, 18, 66]
  ],
  "method": "mcmc",
  "mcmc_stepsize": 3000,
  "mcmc_samples": 1000,
  "burn_in": 10000,
  "cond_prob": [
    [
      [0.21624002381, 0.1310686825, 0.65269129369],
      [0.45954814154, 0.007220989968, 0.53323086849],
      [0.94933679048, 0.00589469685, 0.044768512673]
    ],
    [
      [0.19529022314, 0.073299369612, 0.73141040725],
      [0.384690881, 0.0083592969628, 0.60694982204],
      [0.90268849473, 0.0053574854648, 0.091954019804]
    ],
    [
      [0.26535609882, 0.15678721704, 0.57785668414],
      [0.41535220641, 0.036417571163, 0.54823022243],
      [0.97737595458, 0.0097742191528, 0.012849826268]
    ],
    [
      [0.18025512626, 0.13677185515, 0.68297301859],
      [0.3826515168, 0.019096125827, 0.59825235737],
      [0.92138672633, 0.0132406544, 0.06537261927]
    ],
    [
      [0.14731459615, 0.21557390677, 0.63711149708],
      [0.35959089779, 0.026000319014, 0.6144087832],
      [0.90198675391, 0.017393496444, 0.080619749646]
    ],
    [
      [0.11889657849, 0.20901681908, 0.67208660243],
      [0.28792099828, 0.024806378024, 0.6872726237],
      [0.83229902312, 0.039578265257, 0.12812271163]
    ],
    [
      [0.22386905252, 0.11997241479, 0.65615853269],
      [0.48751600802, 0.0076149403646, 0.50486905162],
      [0.91497939487, 0.010121656156, 0.074898948976]
    ],
    [
      [0.16639633807, 0.14537654715, 0.68822711478],
      [0.40266140397, 0.022617463526, 0.5747211325],
      [0.88113976643, 0.0099286851895, 0.10893154838]
    ],
    [
      [0.20350590279, 0.14918357321, 0.647310524],
      [0.35988446391, 0.042116967875, 0.59799856822],
      [0.85484957231, 0.011845867505, 0.13330456019]
    ],
    [
      [0.17577004883, 0.15655759026, 0.66767236091],
      [0.43791823674, 0.019295811326, 0.54278595194],
      [0.95605856447, 0.010887789904, 0.03305364563]
    ],
    [
      [0.21112232882, 0.12984485545, 0.65903281573],
      [0.49250568626, 0.006730957443, 0.50076335629],
      [0.95624096156, 0.0040932628104, 0.039665775626]
    ],
    [
      [0.14716647865, 0.18164637868, 0.67118714267],
      [0.3560572573, 0.019403238948, 0.62453950375],
      [0.90596119218, 0.021665122551, 0.072373685274]
    ],
    [
      [0.24346712142, 0.15123678682, 0.60529609175],
      [0.48868540197, 0.028826343178, 0.48248825485],
      [0.96935616234, 0.01334067362, 0.017303164035]
    ],
    [
      [0.24796091062, 0.13305451869, 0.61898457069],
      [0.46345559433, 0.0068442504571, 0.52970015521],
      [0.95577370006, 0.0059503286383, 0.038275971306]
    ],
    [
      [0.1348808081, 0.11997446928, 0.74514472262],
      [0.22941609752, 0.040683085485, 0.72990081699],
      [0.82248360125, 0.021378074283, 0.15613832447]
    ],
    [
      [0.23988517871, 0.092158393771, 0.66795642752],
      [0.50983393708, 0.01033968913, 0.47982637379],
      [0.94090123493, 0.0092074211242, 0.049891343944]
    ],
    [
      [0.17348041302, 0.1951717243, 0.63134786268],
      [0.43126128042, 0.028371386038, 0.54036733354],
      [0.95866634333, 0.010268446304, 0.031065210366]
    ],
    [
      [0.20766758469, 0.10058577548, 0.69174663983],
      [0.34783647576, 0.014351015131, 0.63781250911],
      [0.9211332553, 0.0082208518173, 0.070645892887]
    ],
    [
      [0.22514736146, 0.12112133753, 0.653731301],
      [0.41274461217, 0.02424643429, 0.56300895354],
      [0.93086252131, 0.0076672723739, 0.06147020632]
    ],
    [
      [0.19242837869, 0.22234645152, 0.58522516979],
      [0.37655632473, 0.043207525557, 0.58023614971],
      [0.90649589544, 0.018423288147, 0.075080816418]
    ],
    [
      [0.23665848201, 0.041609033074, 0.72173248492],
      [0.38095454232, 0.0041958877445, 0.61484956994],
      [0.91849573879, 0.0032380403907, 0.078266220815]
    ],
    [
      [0.16112670505, 0.22959760245, 0.6092756925],
      [0.3465723652, 0.04863379474, 0.60479384006],
      [0.9027947843, 0.019741965262, 0.077463250438]
    ],
    [
      [0.17367455466, 0.10758738941, 0.71873805593],
      [0.3346913574, 0.017195125365, 0.64811351724],
      [0.90388717639, 0.0068333277908, 0.089279495815]
    ],
    [
      [0.19973995857, 0, 0.80026004143],
      [0.34184924396, 0, 0.65815075604],
      [0.90947173571, 0, 0.090528264287]
    ],
    [
      [0.17057700892, 0.078775039568, 0.75064795151],
      [0.31661814871, 0.010362432084, 0.6730194192],
      [0.90155160568, 0.0068939698246, 0.09155442449]
    ],
    [
      [0.18085238466, 0.22516265082, 0.59398496452],
      [0.38061149167, 0.039139662299, 0.58024884603],
      [0.93305962498, 0.0071108757377, 0.059829499278]
    ],
    [
      [0.20503493646, 0.094068433095, 0.70089663044],
      [0.38028599714, 0.010782350347, 0.60893165252],
      [0.9185801981, 0.005604481836, 0.075815320065]
    ],
    [
      [0.21151157602, 0.11139741813, 0.67709100585],
      [0.36696820428, 0.019348610824, 0.61368318489],
      [0.91852464467, 0.0075831168932, 0.073892238438]
    ],
    [
      [0.24478429864, 0.14204828284, 0.61316741852],
      [0.42706292113, 0.02453195391, 0.54840512496],
      [0.92938685647, 0.0065369268354, 0.064076216693]
    ],
    [
      [0.15171886702, 0.21083121618, 0.6374499168],
      [0.33154719196, 0.039678744269, 0.62877406377],
      [0.88408942489, 0.024843624136, 0.091066950975]
    ],
    [
      [0.20781312192, 0.17860018868, 0.61358668939],
      [0.36435457, 0.037530816869, 0.59811461313],
      [0.92127704435, 0.010175144336, 0.06854781131]
    ],
    [
      [0.18403246994, 0.039231575535, 0.77673595453],
      [0.31491262636, 0.005612435458, 0.67947493819],
      [0.8987288485, 0.0036179662786, 0.097653185224]
    ],
    [
      [0.14286004888, 0.26368586678, 0.59345408434],
      [0.29042651711, 0.0651623673, 0.64441111559],
      [0.87868301398, 0.025327312034, 0.09598967399]
    ],
    [
      [0.16197528501, 0.14917945632, 0.68884525867],
      [0.28113299265, 0.032852341094, 0.68601466625],
      [0.89772156417, 0.0089171216527, 0.093361314181]
    ],
    [
      [0.27362012319, 0.046417475427, 0.67996240139],
      [0.47493329458, 0.0048296246475, 0.52023708078],
      [0.9463299339, 0.0032820851338, 0.050387980968]
    ],
    [
      [0.24597624307, 0.23465460737, 0.51936914956],
