{
  "X": [
    [12, 29, 59],
    [13, 27, 60],
    [10, 29, 61],
    [10, 29, 61],
    [11, 26, 63],
    [12, 33, 55],
    [8, 33, 59],
    [9, 32, 59],
    [6, 28, 66],
    [11, 37, 52],
    [10, 26, 64],
    [12, 34, 54],
    [9, 36, 55],
    [12, 27, 61],
    [7, 38, 55],
    [13, 33, 54],
    [15, 32, 53],
    [17, 26, 57],
    [18, 17, 65],
    [17, 27, 56],
    [26, 23, 51],
    [25, 30, 45],
    [13, 30, 57],
    [13, 25, 62],
    [20, 24, 56],
    [16, 40, 44],
    [29, 22, 49],
    [19, 30, 51],
    [25, 22, 53],
    [18, 30, 52],
    [18, 29, 53],
    [19, 32, 49],
    [18, 18, 64],
    [30, 23, 47],
    [19, 28, 53],
    [25, 23, 52],
    [14, 31, 55],
    [15, 30, 55],
    [16, 24, 60],
    [18, 32, 50],
    [23, 20, 57],
    [20, 33, 47],
    [19, 25, 56],
    [24, 24, 52],
    [20, 18, 62],
    [19, 26, 55],
    [18, 25, 57],
    [20, 20, 60],
    [17, 19, 64],
    [25, 22, 53]
  ],
  "W": [
    [68, 14, 18],
    [64, 16, 20],
    [64, 19, 17],
    [67, 20, 13],
    [65, 19, 16],
    [59, 19, 22],
    [76, 6, 18],
    [68, 16, 16],
    [73, 14, 13],
    [67, 18, 15],
    [64, 14, 22],
    [67, 20, 13],
    [69, 15, 16],
    [65, 12, 23],
    [72, 21, 7],
    [56, 24, 20],
    [48, 42, 10],
    [14, 73, 13],
    [13, 65, 22],
    [22, 62, 16],
    [16, 70, 14],
    [15, 66, 19],
    [25, 60, 15],
    [17, 67, 16],
    [21, 63, 16],
    [16, 62, 22],
    [17, 74, 9],
    [22, 66, 12],
    [13, 68, 19],
    [24, 58, 18],
    [17, 63, 20],
    [21, 59, 20],
    [17, 66, 17],
    [16, 39, 45],
    [14, 26, 60],
    [16, 16, 68],
    [17, 23, 60],
    [17, 19, 64],
    [14, 18, 68],
    [17, 18, 65],
    [22, 19, 59],
    [13, 19, 68],
    [11, 14, 75],
    [17, 12, 71],
    [17, 22, 61],
    [15, 10, 75],
    [16, 10, 74],
    [17, 19, 64],
    [16, 17, 67],
    [10, 15, 75]
  ],
  "method": "mcmc",
  "mcmc_stepsize": 3000,
  "mcmc_samples": 1000,
  "burn_in": 10000,
  "cond_prob": [
    [
      [0.047470642176, 0.32127253638, 0.63125682145],
      [0.29736796877, 0.2352362849, 0.46739574633],
      [0.25604693163, 0.21445330765, 0.52949976073]
    ],
    [
      [0.047150601757, 0.30814966259, 0.64469973566],
      [0.31243706853, 0.21545526417, 0.4721076673],
      [0.24916841955, 0.19155686839, 0.55927471206]
    ],
    [
      [0.03541185563, 0.31997484862, 0.64461329575],
      [0.22254229167, 0.26270075788, 0.51475695046],
      [0.20619633518, 0.20766442874, 0.58613923608]
    ],
    [
      [0.037713077327, 0.31691052261, 0.64537640007],
      [0.23280524322, 0.24182517153, 0.52536958525],
      [0.21670145805, 0.22542242729, 0.55787611466]
    ],
    [
      [0.04174712069, 0.28473895213, 0.67351392718],
      [0.248228479, 0.23160409699, 0.52016742401],
      [0.22313100338, 0.19321814179, 0.58365085483]
    ],
    [
      [0.040460761206, 0.37901717913, 0.58052205967],
      [0.24721803824, 0.28325442485, 0.46952753692],
      [0.22343965284, 0.23891601634, 0.53764433083]
    ],
    [
      [0.034901519178, 0.35946360184, 0.60563487898],
      [0.24860676529, 0.24468423984, 0.50670899487],
      [0.21421355282, 0.23403671226, 0.55174973492]
    ],
    [
      [0.033247637624, 0.35240695526, 0.61434540712],
      [0.22684921693, 0.26423759702, 0.50891318605],
      [0.19434832317, 0.23803284313, 0.5676188337]
    ],
    [
      [0.023671972925, 0.29979573433, 0.67653229275],
      [0.16468962677, 0.23591878776, 0.59939158546],
      [0.15125316936, 0.21631141273, 0.63243541791]
    ],
    [
      [0.042085266498, 0.41470653888, 0.54320819462],
      [0.25526039368, 0.29487756556, 0.44986204075],
      [0.23904000389, 0.26045771431, 0.5005022818]
    ],
    [
      [0.032309296347, 0.28840947097, 0.67928123269],
      [0.23177027284, 0.21707286334, 0.55115686382],
      [0.21306460064, 0.20467153506, 0.5822638643]
    ],
    [
      [0.050031323315, 0.37902285445, 0.57094582223],
      [0.27238704076, 0.26302867494, 0.4645842843],
      [0.24616619405, 0.25729963484, 0.49653417111]
    ],
    [
      [0.033363598609, 0.39426373982, 0.57237266157],
      [0.23087335494, 0.29448843453, 0.47463821053],
      [0.20217571075, 0.27365471464, 0.52416957461]
    ],
    [
      [0.044188355799, 0.30114073233, 0.65467091187],
      [0.27309629094, 0.22350339623, 0.50340031283],
      [0.25437397312, 0.20625268016, 0.53937334672]
    ],
    [
      [0.027409850853, 0.40329716201, 0.56929298714],
      [0.18415874338, 0.33039908339, 0.48544217323],
      [0.16559387538, 0.28917479775, 0.54523132687]
    ],
    [
      [0.043789970445, 0.38165166481, 0.57455836474],
      [0.24473195833, 0.27894518955, 0.47632285211],
      [0.23370973275, 0.24664111107, 0.51964915618]
    ],
    [
      [0.046085049733, 0.36642972172, 0.58748522854],
      [0.24958820209, 0.28472539542, 0.46568640249],
      [0.23052131252, 0.24529067496, 0.52418801252]
    ],
    [
      [0.026347946498, 0.34866699276, 0.62498506074],
      [0.19789312976, 0.24754508188, 0.55456178836],
      [0.16807155974, 0.23445162491, 0.59747681535]
    ],
    [
      [0.025632576597, 0.23716243724, 0.73720498616],
      [0.21108926735, 0.16351806023, 0.62539267242],
      [0.17936246029, 0.14946429095, 0.67117324876]
    ],
    [
      [0.032480957896, 0.35055538474, 0.61696365737],
      [0.20824685679, 0.25453287421, 0.537220269],
      [0.21088211282, 0.21917145843, 0.56994642875]
    ],
    [
      [0.044083588434, 0.33952008178, 0.61639632979],
      [0.30585358225, 0.21033655753, 0.48380986022],
      [0.27749370195, 0.20315140462, 0.51935489343]
    ],
    [
      [0.048159614897, 0.4159028102, 0.5359375749],
      [0.28760767163, 0.29008101849, 0.42231130988],
      [0.2787104973, 0.24295319089, 0.47833631182]
    ],
    [
      [0.028913764433, 0.35637812231, 0.61470811326],
      [0.16391280759, 0.29479871817, 0.54128847424],
      [0.16282582892, 0.22684159015, 0.61033258093]
    ],
    [
      [0.021747287036, 0.33783141219, 0.64042130078],
      [0.15553523302, 0.23823472682, 0.60623004015],
      [0.13808971924, 0.20594620597, 0.65596407479]
    ],
    [
      [0.038264464974, 0.33477025386, 0.62696528116],
      [0.24881991701, 0.21415789815, 0.53702218484],
      [0.22004946649, 0.21736731783, 0.56258321568]
    ],
    [
      [0.03645537494, 0.48793202245, 0.47561260261],
      [0.19501043949, 0.39349947231, 0.4114900882],
      [0.1511848524, 0.35436910716, 0.49444604044]
    ],
    [
      [0.055172099223, 0.31867582822, 0.62615207256],
      [0.33822054828, 0.2032778501, 0.45850160162],
      [0.3370837489, 0.17110555701, 0.49181069408]
    ],
    [
      [0.03779479507, 0.37092371078, 0.59128149415],
      [0.23203251085, 0.28711093074, 0.48085655841],
      [0.23786406605, 0.24086307783, 0.52127285613]
    ],
    [
      [0.042827316779, 0.29959157796, 0.65758110526],
      [0.28463852501, 0.21454368606, 0.50081778893],
      [0.26778027268, 0.18507046498, 0.54714926234]
    ],
    [
      [0.037786151984, 0.37285867415, 0.58935517387],
      [0.22333682331, 0.29111602918, 0.48554714751],
      [0.22997758891, 0.23148122934, 0.53854118175]
    ],
    [
      [0.031965858223, 0.38899222272, 0.57904191905],
      [0.21829441287, 0.28061067256, 0.50109491457],
      [0.18520161997, 0.23543299213, 0.5793653879]
    ],
    [
      [0.039172342404, 0.41069623834, 0.55013141926],
      [0.23258325035, 0.30966717281, 0.45774957683],
      [0.22274845193, 0.25525078995, 0.52200075812]
    ],
    [
      [0.025128976813, 0.23199103184, 0.74287999135],
      [0.2236418771, 0.1742387596, 0.6021193633],
      [0.16543785327, 0.15037613677, 0.68418600996]
    ],
    [
      [0.071546424326, 0.3484762417, 0.57997733397],
      [0.36044953446, 0.21115780495, 0.42839266059],
      [0.32883834149, 0.20420501644, 0.46695664207]
    ],
    [
      [0.032723583824, 0.36965091981, 0.59762549636],
      [0.24384058922, 0.29758282728, 0.4585765835],
      [0.20336690845, 0.25146222689, 0.54517086466]
    ],
    [
      [0.059046759536, 0.33599324721, 0.60495999325],
