{
  "X": [
    [38, 9, 53],
    [37, 16, 47],
    [38, 11, 51],
    [40, 16, 44],
    [32, 18, 50],
    [31, 13, 56],
    [33, 16, 51],
    [31, 11, 58],
    [39, 13, 48],
    [18, 19, 63],
    [30, 13, 57],
    [39, 14, 47],
    [33, 14, 53],
    [32, 15, 53],
    [33, 7, 60],
    [33, 11, 56],
    [36, 13, 51],
    [29, 27, 44],
    [18, 24, 58],
    [22, 24, 54],
    [15, 23, 62],
    [26, 25, 49],
    [14, 26, 60],
    [23, 17, 60],
    [23, 22, 55],
    [31, 27, 42],
    [20, 32, 48],
    [25, 22, 53],
    [26, 15, 59],
    [19, 24, 57],
    [23, 29, 48],
    [33, 23, 44],
    [19, 22, 59],
    [26, 33, 41],
    [24, 45, 31],
    [24, 37, 39],
    [29, 38, 33],
    [24, 39, 37],
    [27, 32, 41],
    [25, 43, 32],
    [31, 36, 33],
    [19, 38, 43],
    [24, 39, 37],
    [28, 31, 41],
    [19, 42, 39],
    [25, 41, 34],
    [25, 40, 35],
    [21, 36, 43],
    [23, 41, 36],
    [30, 34, 36]
  ],
  "W": [
    [70, 16, 14],
    [68, 16, 16],
    [69, 17, 14],
    [68, 14, 18],
    [68, 14, 18],
    [64, 22, 14],
    [64, 17, 19],
    [71, 10, 19],
    [63, 21, 16],
    [63, 15, 22],
    [63, 19, 18],
    [60, 23, 17],
    [59, 21, 20],
    [63, 16, 21],
    [77, 11, 12],
    [74, 9, 17],
    [46, 32, 22],
    [14, 71, 15],
    [17, 72, 11],
    [14, 70, 16],
    [23, 61, 16],
    [15, 67, 18],
    [14, 70, 16],
    [19, 68, 13],
    [18, 67, 15],
    [23, 58, 19],
    [13, 64, 23],
    [22, 64, 14],
    [21, 59, 20],
    [22, 67, 11],
    [16, 62, 22],
    [17, 64, 19],
    [19, 71, 10],
    [19, 34, 47],
    [16, 12, 72],
    [15, 21, 64],
    [19, 13, 68],
    [13, 18, 69],
    [11, 23, 66],
    [15, 21, 64],
    [18, 18, 64],
    [17, 25, 58],
    [17, 14, 69],
    [21, 18, 61],
    [14, 15, 71],
    [14, 17, 69],
    [15, 21, 64],
    [13, 23, 64],
    [17, 13, 70],
    [16, 13, 71]
  ],
  "method": "mcmc",
  "mcmc_stepsize": 3000,
  "mcmc_samples": 1000,
  "burn_in": 10000,
  "cond_prob": [
    [
      [0.44547988699, 0.013017702249, 0.54150241076],
      [0.18848435217, 0.16568357425, 0.64583207358],
      [0.27147559112, 0.38841597532, 0.34010843355]
    ],
    [
      [0.45324496191, 0.028888812659, 0.51786622543],
      [0.16422198498, 0.31589444272, 0.51988357229],
      [0.2219869269, 0.56132810348, 0.21668496962]
    ],
    [
      [0.45119322638, 0.017717300804, 0.53108947282],
      [0.18776510168, 0.19853223237, 0.61370266595],
      [0.26254718938, 0.45731844958, 0.28013436104]
    ],
    [
      [0.49052878088, 0.029651585738, 0.47981963338],
      [0.17737149288, 0.29307003045, 0.52955847666],
      [0.23115788888, 0.54892843019, 0.21991368092]
    ],
    [
      [0.394303741, 0.033627161578, 0.57206909742],
      [0.12762700923, 0.35278061676, 0.51959237401],
      [0.18892041572, 0.59857913211, 0.21250045217]
    ],
    [
      [0.38614486741, 0.020389657145, 0.59346547544],
      [0.14968096212, 0.22843368751, 0.62188535037],
      [0.21383909421, 0.47639434411, 0.30976656168]
    ],
    [
      [0.41063818016, 0.022548996928, 0.56681282291],
      [0.16429775793, 0.26567572254, 0.57002651952],
      [0.20663655709, 0.52844089018, 0.26492255273]
    ],
    [
      [0.357943682, 0.015317222413, 0.62673909559],
      [0.14975256805, 0.18497463595, 0.665272796],
      [0.21518278408, 0.42435425522, 0.3604629607]
    ],
    [
      [0.48887521252, 0.016763196872, 0.49436159061],
      [0.19466149674, 0.21364119532, 0.59169730795],
      [0.25706063625, 0.46609084346, 0.27684852029]
    ],
    [
      [0.22846495116, 0.025154670575, 0.74638037826],
      [0.063768699509, 0.30604190855, 0.63018939195],
      [0.12046261745, 0.58293759662, 0.29659978593]
    ],
    [
      [0.36931896829, 0.015318617062, 0.61536241465],
      [0.14923839047, 0.19578724015, 0.65497436939],
      [0.21652086549, 0.46194275346, 0.32153638105]
    ],
    [
      [0.49869517848, 0.018599459661, 0.48270536186],
      [0.19727186758, 0.21892139109, 0.58380674134],
      [0.26711978451, 0.46169649561, 0.27118371988]
    ],
    [
      [0.41995447194, 0.017384314801, 0.56266121326],
      [0.16178558522, 0.18944913839, 0.64876527639],
      [0.24125944328, 0.44979467603, 0.30894588069]
    ],
    [
      [0.39711780266, 0.017667681765, 0.58521451558],
      [0.15502036537, 0.22905073891, 0.61592889572],
      [0.21434536127, 0.48676782029, 0.29888681844]
    ],
    [
      [0.36766406582, 0.01286393955, 0.61947199463],
      [0.14978737589, 0.15393724977, 0.69627537434],
      [0.25351714978, 0.35968057559, 0.38680227463]
    ],
    [
      [0.37787756263, 0.017382503298, 0.60473993407],
      [0.15689487624, 0.20085812158, 0.64224700218],
      [0.21323567524, 0.46505715657, 0.32170716818]
    ],
    [
      [0.48256451325, 0.018203996785, 0.49923148997],
      [0.19018244208, 0.15589650397, 0.65392105396],
      [0.35073610201, 0.32608763732, 0.32317626067]
    ],
    [
      [0.57744822353, 0.021158766878, 0.4013930096],
      [0.23083259231, 0.27042745211, 0.49873995558],
      [0.30177405443, 0.50022854427, 0.1979974013]
    ],
    [
      [0.37504411854, 0.031934039111, 0.59302184235],
      [0.1322419926, 0.25174125265, 0.61601675475],
      [0.19116604706, 0.48470464948, 0.32412930346]
    ],
    [
      [0.46676504518, 0.027866643495, 0.50536831133],
      [0.16512722032, 0.23253603621, 0.60233674347],
      [0.24414899656, 0.45827152853, 0.29757947491]
    ],
    [
      [0.29624519418, 0.020079773805, 0.68367503201],
      [0.094942378573, 0.24389894299, 0.66115867843],
      [0.14967971505, 0.47877060499, 0.37154967996]
    ],
    [
      [0.52938013064, 0.024293956287, 0.44632591308],
      [0.19128185006, 0.24513336198, 0.56358478796],
      [0.29130078257, 0.45620307796, 0.25249613948]
    ],
    [
      [0.33113817655, 0.035553787451, 0.633308036],
      [0.098054401111, 0.24746624869, 0.6544793502],
      [0.15626609066, 0.51122559798, 0.33250831137]
    ],
    [
      [0.46168764668, 0.015141538127, 0.52317081519],
      [0.15717412342, 0.17721867965, 0.66560719693],
      [0.27231494775, 0.35857235073, 0.36911270152]
    ],
    [
      [0.45684224014, 0.022269682043, 0.52088807782],
      [0.16222965837, 0.22192126712, 0.61584907451],
      [0.26049683779, 0.44869472175, 0.29080844045]
    ],
    [
      [0.53666701081, 0.031145710823, 0.43218727836],
      [0.23756330281, 0.27575249908, 0.48668419811],
      [0.2567361678, 0.54157914235, 0.20168468985]
    ],
    [
      [0.488331535, 0.038814133221, 0.47285433178],
      [0.13907015939, 0.30218950359, 0.55874033702],
      [0.20657390628, 0.52849078427, 0.26493530945]
    ],
    [
      [0.47703308273, 0.021690762126, 0.50127615514],
      [0.16855463526, 0.24398357323, 0.5874617915],
      [0.2655553945, 0.42198961045, 0.31245499505]
    ],
    [
      [0.46125186986, 0.016873917152, 0.52187421299],
      [0.17852376123, 0.1369127336, 0.68456350517],
      [0.28904044102, 0.32838982286, 0.38256973611]
    ],
    [
      [0.37539952194, 0.028092835615, 0.59650764244],
      [0.13238759938, 0.26465867128, 0.60295372934],
      [0.17011285078, 0.51362060373, 0.31626654549]
    ],
    [
      [0.51873848165, 0.020584922829, 0.46067659552],
      [0.15279999191, 0.27586245462, 0.57133755347],
      [0.23757203614, 0.52578041129, 0.23664755257]
    ],
    [
      [0.57917563532, 0.0238135969, 0.39701076778],
      [0.26251537072, 0.22555612263, 0.51192850664],
      [0.33437002491, 0.42945142127, 0.23617855382]
    ],
    [
      [0.37146548586, 0.022605422495, 0.60592909165],
      [0.14052396139, 0.23838558405, 0.62109045457],
      [0.19649545103, 0.46451205053, 0.33899249844]
    ],
    [
      [0.50921725348, 0.019192902133, 0.47158984438],
      [0.12960388923, 0.25815841271, 0.61223769806],
      [0.25358170107, 0.5076159325, 0.23880236644]
    ],
    [
      [0.49286947042, 0.030535395969, 0.47659513361],
      [0.17481534898, 0.3065195002, 0.51866515081],
      [0.19467089285, 0.56712777308, 0.23820133406]
    ],
    [
      [0.46587445124, 0.019870441877, 0.51425510688],
