{
  "X": [
    [45, 34, 21],
    [54, 22, 24],
    [47, 25, 28],
    [60, 24, 16],
    [43, 28, 29],
    [51, 22, 27],
    [41, 22, 37],
    [50, 34, 16],
    [49, 26, 25],
    [47, 31, 22],
    [56, 21, 23],
    [43, 26, 31],
    [39, 32, 29],
    [49, 24, 27],
    [36, 26, 38],
    [53, 23, 24],
    [43, 23, 34],
    [14, 45, 41],
    [26, 41, 33],
    [26, 42, 32],
    [26, 38, 36],
    [30, 38, 32],
    [25, 34, 41],
    [22, 49, 29],
    [24, 38, 38],
    [22, 40, 38],
    [26, 34, 40],
    [19, 40, 41],
    [28, 36, 36],
    [25, 35, 40],
    [27, 33, 40],
    [24, 31, 45],
    [34, 26, 40],
    [26, 21, 53],
    [11, 15, 74],
    [18, 14, 68],
    [19, 17, 64],
    [18, 15, 67],
    [9, 19, 72],
    [24, 10, 66],
    [12, 24, 64],
    [15, 19, 66],
    [10, 21, 69],
    [17, 9, 74],
    [17, 14, 69],
    [16, 16, 68],
    [18, 19, 63],
    [12, 16, 72],
    [20, 18, 62],
    [17, 12, 71]
  ],
  "W": [
    [75, 13, 12],
    [68, 17, 15],
    [63, 20, 17],
    [74, 17, 9],
    [65, 16, 19],
    [68, 13, 19],
    [61, 12, 27],
    [66, 23, 11],
    [68, 13, 19],
    [69, 14, 17],
    [74, 12, 14],
    [69, 11, 20],
    [58, 21, 21],
    [64, 19, 17],
    [60, 15, 25],
    [68, 17, 15],
    [47, 34, 19],
    [13, 71, 16],
    [18, 65, 17],
    [18, 68, 14],
    [10, 68, 22],
    [21, 66, 13],
    [14, 63, 23],
    [14, 74, 12],
    [18, 63, 19],
    [17, 68, 15],
    [16, 64, 20],
    [13, 77, 10],
    [14, 71, 15],
    [22, 56, 22],
    [16, 70, 14],
    [13, 70, 17],
    [18, 61, 21],
    [18, 32, 50],
    [12, 16, 72],
    [20, 14, 66],
    [20, 16, 64],
    [21, 16, 63],
    [14, 20, 66],
    [25, 17, 58],
    [20, 16, 64],
    [17, 23, 60],
    [8, 27, 65],
    [22, 8, 70],
    [15, 13, 72],
    [18, 16, 66],
    [16, 19, 65],
    [14, 17, 69],
    [16, 18, 66],
    [19, 17, 64]
  ],
  "method": "mcmc",
  "mcmc_stepsize": 3000,
  "mcmc_samples": 1000,
  "burn_in": 10000,
  "cond_prob": [
    [
      [0.57179299926, 0.34629702101, 0.08190997973],
      [0.14844850859, 0.58629911111, 0.26525238029],
      [0.015474537014, 0.03381958162, 0.95070588137]
    ],
    [
      [0.7414499885, 0.20344851163, 0.055101499874],
      [0.17973356587, 0.465918176, 0.35434825813],
      [0.035062010812, 0.016326147826, 0.94861184136]
    ],
    [
      [0.68612355142, 0.23048885073, 0.083387597851],
      [0.16006707294, 0.49734926277, 0.34258366429],
      [0.033698517755, 0.031306891097, 0.93499459115]
    ],
    [
      [0.74563122089, 0.20171920993, 0.052649569179],
      [0.24291287243, 0.50044286664, 0.25664426093],
      [0.077085646952, 0.062805525832, 0.86010882722]
    ],
    [
      [0.61097012781, 0.30010878273, 0.088921089467],
      [0.17350112598, 0.49208518493, 0.33441368909],
      [0.026890719843, 0.032608745461, 0.9405005347]
    ],
    [
      [0.69713482501, 0.23572168246, 0.067143492532],
      [0.22729645675, 0.42469860643, 0.34800493681],
      [0.033683050614, 0.023675984687, 0.9426409647]
    ],
    [
      [0.62458334242, 0.28080372476, 0.094612932819],
      [0.16749241202, 0.39544774293, 0.43705984505],
      [0.03298174696, 0.0046518472093, 0.96236640583]
    ],
    [
      [0.67348946215, 0.29258095002, 0.03392958784],
      [0.2166821384, 0.61485522033, 0.16846264127],
      [0.051455119571, 0.049817021035, 0.89872785939]
    ],
    [
      [0.67175040614, 0.27347839452, 0.054771199337],
      [0.21703697751, 0.52314453676, 0.25981848573],
      [0.026289035502, 0.031715273411, 0.94199569109]
    ],
    [
      [0.64400041876, 0.31229066796, 0.04370891328],
      [0.15836895092, 0.63777259043, 0.20385845865],
      [0.020400340744, 0.0307722144, 0.94882744486]
    ],
    [
      [0.71614613361, 0.20762900192, 0.076224864472],
      [0.2023589633, 0.45426493931, 0.3433760974],
      [0.041205610947, 0.013162470458, 0.94563191859]
    ],
    [
      [0.58795269257, 0.30864483585, 0.10340247158],
      [0.18495682233, 0.41476829363, 0.40027488404],
      [0.019836958341, 0.0070527548372, 0.97311028682]
    ],
    [
      [0.60601812058, 0.33555354996, 0.058428329458],
      [0.15262678915, 0.56438838696, 0.28298482388],
      [0.030751734947, 0.032654189343, 0.93659407571]
    ],
    [
      [0.71065797042, 0.22021135949, 0.069130670096],
      [0.16158787453, 0.49989897611, 0.33851314936],
      [0.026336486901, 0.024023085103, 0.949640428]
    ],
    [
      [0.55607538435, 0.32154671461, 0.12237790104],
      [0.14794720261, 0.44175570676, 0.41029709063],
      [0.016650755987, 0.003234460875, 0.98011478314]
    ],
    [
      [0.73013668744, 0.21397016798, 0.055893144578],
      [0.16961901703, 0.48258233365, 0.34779864932],
      [0.031145464301, 0.016408593683, 0.95244594202]
    ],
    [
      [0.74769032748, 0.20262859405, 0.049681078477],
      [0.21899049598, 0.39247716184, 0.38853234218],
      [0.02173040764, 0.006959609333, 0.97130998303]
    ],
    [
      [0.43914119765, 0.39448287996, 0.16637592239],
      [0.11468930103, 0.55783881513, 0.32747188384],
      [0.0092640036012, 0.016572917883, 0.97416307852]
    ],
    [
      [0.66731365692, 0.22536548988, 0.10732085319],
      [0.20564559704, 0.56354704543, 0.23080735752],
      [0.036552374559, 0.018403719345, 0.9450439061]
    ],
    [
      [0.64221929445, 0.24010448703, 0.11767621852],
      [0.20576299383, 0.55093103644, 0.24330596973],
      [0.032012079974, 0.015343482528, 0.9526444375]
    ],
    [
      [0.74114605261, 0.2243028395, 0.034551107894],
      [0.25588428398, 0.51566873938, 0.22844697664],
      [0.054018552874, 0.031431696698, 0.91454975043]
    ],
    [
      [0.63904479508, 0.26886365154, 0.092091553387],
      [0.248159842, 0.48842265515, 0.26341750285],
      [0.015500748576, 0.009074467507, 0.97542478392]
    ],
    [
      [0.65733202134, 0.28798158244, 0.054686396225],
      [0.23683743627, 0.46724913913, 0.2959134246],
      [0.038112748524, 0.023111394815, 0.93877585666]
    ],
    [
      [0.62512293574, 0.29876860548, 0.07610845878],
      [0.17308787551, 0.59674031087, 0.23017181362],
      [0.036648009342, 0.054871376581, 0.90848061408]
    ],
    [
      [0.59920720633, 0.31007351226, 0.090719281416],
      [0.20323820747, 0.51276860003, 0.28399319251],
      [0.021592800832, 0.006013419883, 0.97239377928]
    ],
    [
      [0.64116611555, 0.23384218447, 0.12499169998],
      [0.15813874122, 0.52678921111, 0.31507204767],
      [0.023116108857, 0.013534433913, 0.96334945723]
    ],
    [
      [0.64285922173, 0.29805946971, 0.05908130856],
      [0.23631647177, 0.45222490313, 0.3114586251],
      [0.029499912944, 0.014432734211, 0.95606735285]
    ],
    [
      [0.59649834161, 0.27814559348, 0.12535606491],
      [0.14036141945, 0.46913480305, 0.39050377749],
      [0.043769226104, 0.026072744976, 0.93015802892]
    ],
    [
      [0.69289624333, 0.21902888442, 0.088074872248],
      [0.24954787462, 0.45872422129, 0.29172790408],
      [0.03877023301, 0.024278393749, 0.93695137324]
    ],
    [
      [0.61743801984, 0.26769820476, 0.1148637754],
      [0.17241155408, 0.51472148833, 0.31286695758],
      [0.0800598425, 0.013010734026, 0.90692942347]
    ],
    [
      [0.71945109943, 0.17891923172, 0.10162966886],
      [0.21874449099, 0.42820661902, 0.35304888999],
      [0.012619145698, 0.011630640103, 0.9757502142]
    ],
    [
      [0.714836698, 0.20653816044, 0.078625141553],
      [0.20376099619, 0.39864986485, 0.39758913896],
      [0.026109011328, 0.024089022057, 0.94980196661]
    ],
    [
      [0.66244958974, 0.2220693616, 0.11548104866],
      [0.34605699229, 0.35222359405, 0.30171941366],
      [0.046020516923, 0.024624393049, 0.92935509003]
    ],
    [
      [0.75895076151, 0.17509310944, 0.065956129046],
      [0.30161550249, 0.51550947219, 0.18287502531],
      [0.05374380426, 0.027040418396, 0.91921577734]
    ],
    [
      [0.57675227287, 0.33641682308, 0.086830904048],
      [0.13662156272, 0.57085510092, 0.29252333636],
      [0.026292051696, 0.025407173727, 0.94830077458]
    ],
    [
