{
  "X": [
    [9, 80, 11],
    [3, 86, 11],
    [5, 77, 18],
    [5, 75, 20],
    [8, 84, 8],
    [8, 75, 17],
    [4, 79, 17],
    [4, 78, 18],
    [6, 75, 19],
    [4, 80, 16],
    [4, 80, 16],
    [9, 82, 9],
    [6, 79, 15],
    [9, 81, 10],
    [8, 79, 13],
    [9, 76, 15],
    [10, 68, 22],
    [22, 30, 48],
    [29, 25, 46],
    [24, 41, 35],
    [30, 35, 35],
    [20, 42, 38],
    [18, 45, 37],
    [16, 46, 38],
    [20, 43, 37],
    [18, 38, 44],
    [24, 36, 40],
    [20, 43, 37],
    [20, 46, 34],
    [22, 45, 33],
    [16, 42, 42],
    [19, 50, 31],
    [23, 35, 42],
    [11, 65, 24],
    [5, 70, 25],
    [11, 67, 22],
    [4, 70, 26],
    [9, 56, 35],
    [8, 71, 21],
    [5, 72, 23],
    [11, 64, 25],
    [9, 73, 18],
    [5, 73, 22],
    [6, 77, 17],
    [11, 66, 23],
    [7, 69, 24],
    [8, 63, 29],
    [5, 77, 18],
    [8, 66, 26],
    [6, 64, 30]
  ],
  "W": [
    [67, 17, 16],
    [79, 10, 11],
    [60, 21, 19],
    [62, 21, 17],
    [66, 16, 18],
    [64, 17, 19],
    [64, 20, 16],
    [66, 13, 21],
    [70, 13, 17],
    [73, 13, 14],
    [65, 12, 23],
    [67, 15, 18],
    [67, 15, 18],
    [70, 13, 17],
    [61, 18, 21],
    [58, 19, 23],
    [54, 30, 16],
    [12, 73, 15],
    [10, 76, 14],
    [19, 67, 14],
    [16, 71, 13],
    [15, 63, 22],
    [19, 67, 14],
    [17, 62, 21],
    [19, 62, 19],
    [12, 69, 19],
    [15, 73, 12],
    [24, 63, 13],
    [19, 64, 17],
    [27, 58, 15],
    [18, 65, 17],
    [20, 63, 17],
    [15, 70, 15],
    [14, 29, 57],
    [16, 16, 68],
    [28, 25, 47],
    [18, 14, 68],
    [18, 24, 58],
    [15, 24, 61],
    [9, 15, 76],
    [13, 18, 69],
    [15, 13, 72],
    [12, 18, 70],
    [12, 22, 66],
    [17, 20, 63],
    [18, 12, 70],
    [17, 19, 64],
    [24, 14, 62],
    [16, 15, 69],
    [15, 20, 65]
  ],
  "method": "mcmc",
  "mcmc_stepsize": 3000,
  "mcmc_samples": 1000,
  "burn_in": 10000,
  "cond_prob": [
    [
      [0.042831072256, 0.94434359965, 0.012825328092],
      [0.34757990948, 0.18390784299, 0.46851224752],
      [0.013841231102, 0.85015909328, 0.13599967562]
    ],
    [
      [0.020053472338, 0.95981567687, 0.020130850791],
      [0.13449077114, 0.18301531699, 0.68249391187],
      [0.0064425430845, 0.75858257794, 0.23497487898]
    ],
    [
      [0.026953363548, 0.95338996985, 0.019656666605],
      [0.15560412193, 0.22757833017, 0.61681754791],
      [0.0060585066657, 0.79039246714, 0.20354902619]
    ],
    [
      [0.029928213518, 0.94721810632, 0.022853680165],
      [0.1435930284, 0.17955563283, 0.67685133877],
      [0.0075880685583, 0.73540053641, 0.25701139503]
    ],
    [
      [0.029940478174, 0.96067624622, 0.009383275607],
      [0.36159817503, 0.28740621596, 0.35099560901],
      [0.013242091114, 0.88871490523, 0.098043003653]
    ],
    [
      [0.056429308976, 0.91929827848, 0.024272412542],
      [0.24198156089, 0.14957735929, 0.60844107982],
      [0.014465141598, 0.71695237207, 0.26858248633]
    ],
    [
      [0.017701006021, 0.96574583749, 0.016553156489],
      [0.140140697, 0.23153932886, 0.62831997414],
      [0.0040201046689, 0.78509248897, 0.21088740637]
    ],
    [
      [0.029558050649, 0.94377042127, 0.026671528084],
      [0.1457792095, 0.13072169675, 0.72349909375],
      [0.0073351873152, 0.66722714946, 0.32543766322]
    ],
    [
      [0.050712430066, 0.90600751941, 0.043280050523],
      [0.17110574991, 0.10770365546, 0.72119059463],
      [0.013279714501, 0.59878388943, 0.38793639607]
    ],
    [
      [0.028575426139, 0.94373314724, 0.027691426616],
      [0.14061521478, 0.13663171488, 0.72275307035],
      [0.0061425785544, 0.66651913984, 0.32733828161]
    ],
    [
      [0.028693445767, 0.94809981158, 0.023206742654],
      [0.16317328969, 0.15235080723, 0.68447590308],
      [0.0076889803877, 0.7193609809, 0.27295003872]
    ],
    [
      [0.042167543048, 0.94695301927, 0.010879437686],
      [0.39155356466, 0.20145283151, 0.40699360382],
      [0.016748396991, 0.86290862425, 0.12034297876]
    ],
    [
      [0.038868658884, 0.94466328567, 0.016468055445],
      [0.21557430016, 0.13499386825, 0.64943183158],
      [0.0090102973513, 0.76014732424, 0.23084237841]
    ],
    [
      [0.054495912787, 0.93066251832, 0.014841568895],
      [0.37277402546, 0.15845381896, 0.46877215557],
      [0.019954339641, 0.8113955336, 0.16865012676]
    ],
    [
      [0.039115155314, 0.94770420987, 0.013180634816],
      [0.29794339219, 0.2055323276, 0.49652428021],
      [0.011952117445, 0.83287910958, 0.15516877297]
    ],
    [
      [0.046393453153, 0.93838394257, 0.015222604275],
      [0.31332058084, 0.18187445059, 0.50480496857],
      [0.015482116571, 0.78774420737, 0.19677367606]
    ],
    [
      [0.039603440399, 0.94471846557, 0.015678094034],
      [0.25289133841, 0.17302202214, 0.57408663945],
      [0.017167129143, 0.73715888719, 0.24567398366]
    ],
    [
      [0.084206705363, 0.88315628504, 0.032637009596],
      [0.28563085494, 0.12492165068, 0.58944749439],
      [0.0092311416923, 0.68552293866, 0.30524591965]
    ],
    [
      [0.095696299342, 0.86828445335, 0.036019247312],
      [0.36631904429, 0.098910326107, 0.5347706296],
      [0.014484974305, 0.62856933446, 0.35694569124]
    ],
    [
      [0.057010183129, 0.93045892831, 0.012530888556],
      [0.34117507463, 0.17044485794, 0.48838006743],
      [0.0041483228762, 0.8501053486, 0.14574632853]
    ],
    [
      [0.069584557589, 0.91438126634, 0.016034176067],
      [0.40473414094, 0.13557781598, 0.45968804309],
      [0.01157869784, 0.82645190802, 0.16196939414]
    ],
    [
      [0.076088851289, 0.92171699986, 0.0021941488478],
      [0.29880983041, 0.18383231875, 0.51735785084],
      [0.0015294506623, 0.75421858732, 0.24425196202]
    ],
    [
      [0.052336075263, 0.93393337591, 0.013730548828],
      [0.25348714541, 0.22765998961, 0.51885286498],
      [0.001569701966, 0.85728903956, 0.14114125848]
    ],
    [
      [0.065325849624, 0.93181390708, 0.0028602432957],
      [0.24003517427, 0.23002783629, 0.52993698944],
      [0.00034665482603, 0.75702084428, 0.2426325009]
    ],
    [
      [0.058909638797, 0.93907972614, 0.002010635064],
      [0.30395566468, 0.17223786033, 0.52380647499],
      [0.0018666132965, 0.7620388349, 0.23609455181]
    ],
    [
      [0.07839482944, 0.91433106704, 0.0072741035158],
      [0.24542711917, 0.18495517383, 0.569617707],
      [0.0065679380971, 0.75084843165, 0.24258363025]
    ],
    [
      [0.072359083391, 0.9129864046, 0.014654512006],
      [0.31242185378, 0.17181513154, 0.51576301468],
      [0.0089848685968, 0.8135582774, 0.177456854]
    ],
    [
      [0.054858672444, 0.93431056627, 0.010830761288],
      [0.2962431054, 0.1777754951, 0.5259813995],
      [0.0015443247005, 0.72128386294, 0.27717181236]
    ],
    [
      [0.060456673214, 0.93399259635, 0.0055507304407],
      [0.29432371142, 0.23677784151, 0.46889844707],
      [0.00085915751639, 0.77060934194, 0.22853150054]
    ],
    [
      [0.038678231698, 0.92194234339, 0.039379424916],
      [0.35903847251, 0.15766293735, 0.48329859014],
      [0.0087637559088, 0.73087375749, 0.2603624866]
    ],
    [
      [0.058115695437, 0.9310676373, 0.010816667262],
      [0.22828533773, 0.17727659434, 0.59443806793],
      [0.0067865017532, 0.80692964098, 0.18628385727]
    ],
    [
      [0.053708785584, 0.94295554842, 0.0033356659995],
      [0.28452144118, 0.27149026515, 0.44398829367],
      [5.7264365001e-05, 0.82570601925, 0.17423671638]
    ],
    [
      [0.075366690003, 0.90719998864, 0.017433321358],
      [0.31046015627, 0.13788638373, 0.55165346],
      [0.0091525807392, 0.78266355396, 0.2081838653]
    ],
    [
      [0.037833500127, 0.95905710064, 0.0031093992358],
      [0.34218965451, 0.16911168641, 0.48869865908],
      [0.0095935266204, 0.81875371378, 0.1716527596]
    ],
    [
      [0.033329023029, 0.95576005714, 0.010910919832],
      [0.23248843538, 0.16268502644, 0.60482653818],
      [0.010984127434, 0.76624821563, 0.22276765694]
    ],
