{
  "X": [
    [28, 9, 63],
    [24, 12, 64],
    [18, 6, 76],
    [30, 8, 62],
    [28, 8, 64],
    [32, 8, 60],
    [29, 8, 63],
    [30, 10, 60],
    [35, 13, 52],
    [38, 9, 53],
    [32, 8, 60],
    [32, 11, 57],
    [29, 12, 59],
    [29, 8, 63],
    [26, 12, 62],
    [29, 9, 62],
    [30, 16, 54],
    [32, 27, 41],
    [32, 31, 37],
    [29, 21, 50],
    [20, 40, 40],
    [27, 27, 46],
    [29, 30, 41],
    [28, 34, 38],
    [22, 28, 50],
    [20, 36, 44],
    [27, 23, 50],
    [23, 26, 51],
    [23, 27, 50],
    [26, 26, 48],
    [26, 30, 44],
    [25, 31, 44],
    [28, 32, 40],
    [27, 26, 47],
    [39, 12, 49],
    [37, 10, 53],
    [33, 15, 52],
    [44, 14, 42],
    [36, 11, 53],
    [36, 10, 54],
    [42, 9, 49],
    [33, 12, 55],
    [49, 9, 42],
    [38, 11, 51],
    [38, 9, 53],
    [32, 15, 53],
    [45, 12, 43],
    [34, 11, 55],
    [44, 7, 49],
    [30, 9, 61]
  ],
  "W": [
    [64, 19, 17],
    [70, 16, 14],
    [60, 16, 24],
    [67, 14, 19],
    [67, 19, 14],
    [67, 18, 15],
    [68, 18, 14],
    [63, 20, 17],
    [58, 19, 23],
    [67, 12, 21],
    [65, 14, 21],
    [70, 16, 14],
    [58, 21, 21],
    [62, 16, 22],
    [74, 11, 15],
    [70, 17, 13],
    [52, 34, 14],
    [16, 66, 18],
    [19, 67, 14],
    [15, 67, 18],
    [17, 74, 9],
    [14, 74, 12],
    [22, 61, 17],
    [18, 65, 17],
    [14, 60, 26],
    [13, 73, 14],
    [19, 59, 22],
    [15, 64, 21],
    [15, 56, 29],
    [18, 56, 26],
    [20, 67, 13],
    [19, 68, 13],
    [15, 71, 14],
    [13, 36, 51],
    [15, 19, 66],
    [18, 9, 73],
    [13, 24, 63],
    [23, 13, 64],
    [18, 16, 66],
    [19, 14, 67],
    [13, 16, 71],
    [16, 20, 64],
    [18, 18, 64],
    [14, 28, 58],
    [16, 16, 68],
    [18, 22, 60],
    [16, 22, 62],
    [24, 18, 58],
    [17, 13, 70],
    [25, 15, 60]
  ],
  "method": "mcmc",
  "mcmc_stepsize": 3000,
  "mcmc_samples": 1000,
  "burn_in": 10000,
  "cond_prob": [
    [
      [0.27877145634, 0.0092440009791, 0.71198454269],
      [0.20471727798, 0.40148086941, 0.39380185261],
      [0.3687646184, 0.045896906974, 0.58533847462]
    ],
    [
      [0.24788550041, 0.020418556555, 0.73169594304],
      [0.13887218497, 0.59428306303, 0.266844752],
      [0.31614714371, 0.075869430902, 0.60798342539]
    ],
    [
      [0.16272659817, 0.0061991832032, 0.83107421863],
      [0.14151731958, 0.29926001238, 0.55922266804],
      [0.24883862485, 0.034995367075, 0.71616600807]
    ],
    [
      [0.28810352405, 0.0096463313311, 0.70225014462],
      [0.20373959457, 0.44664476242, 0.34961564301],
      [0.41287945076, 0.057929954051, 0.52919059518]
    ],
    [
      [0.27154026357, 0.0096424887037, 0.71881724772],
      [0.23119782283, 0.35559379142, 0.41320838575],
      [0.38671740762, 0.04269080142, 0.57059179096]
    ],
    [
      [0.31179335729, 0.0085321732929, 0.67967446942],
      [0.26408056233, 0.38095632453, 0.35496311313],
      [0.42375966266, 0.038075369853, 0.53816496749]
    ],
    [
      [0.28222476576, 0.01013576241, 0.70763947183],
      [0.23792536974, 0.37324091239, 0.38883371787],
      [0.39471851949, 0.042316552362, 0.56296492815]
    ],
    [
      [0.30221558929, 0.0086125107734, 0.68917189994],
      [0.20852462084, 0.43044755225, 0.36102782692],
      [0.39940737989, 0.049909457432, 0.55068316268]
    ],
    [
      [0.36544973585, 0.010170537735, 0.62437972641],
      [0.19529899632, 0.57084684504, 0.23385415864],
      [0.43883627784, 0.068000815458, 0.4931629067]
    ],
    [
      [0.37535316746, 0.015710431533, 0.608936401],
      [0.2262537598, 0.53666059587, 0.23708564433],
      [0.48268060297, 0.071784473182, 0.44553492385]
    ],
    [
      [0.30268049049, 0.0086538339324, 0.68866567558],
      [0.22138840329, 0.44831426926, 0.33029732745],
      [0.4393490701, 0.055290524987, 0.50536040492]
    ],
    [
      [0.33027929702, 0.019099984492, 0.65062071848],
      [0.20607945151, 0.53411283558, 0.25980771291],
      [0.39879842744, 0.07979969402, 0.52140187854]
    ],
    [
      [0.29087397652, 0.0094268505937, 0.69969917289],
      [0.18953810319, 0.48788048538, 0.32258141143],
      [0.38804805691, 0.057512022508, 0.55443992058]
    ],
    [
      [0.26661193854, 0.0090020933828, 0.72438596808],
      [0.21818120108, 0.39690236405, 0.38491643487],
      [0.40814366334, 0.049610562974, 0.54224577369]
    ],
    [
      [0.2657360199, 0.030814968656, 0.70344901144],
      [0.11613438023, 0.6912261822, 0.19263943757],
      [0.33720375632, 0.14108028769, 0.521715956]
    ],
    [
      [0.29339108132, 0.013305935678, 0.693302983],
      [0.19645530362, 0.43519460849, 0.36835008789],
      [0.39406801122, 0.051559704474, 0.55437228431]
    ],
    [
      [0.30024691361, 0.011218639303, 0.68853444709],
      [0.23983906769, 0.42876888294, 0.33139204936],
      [0.44518801362, 0.059892052581, 0.4949199338]
    ],
    [
      [0.33006886827, 0.0095602278832, 0.66037090385],
      [0.2734943383, 0.38940535687, 0.33710030483],
      [0.48157065445, 0.063682377805, 0.45474696775]
    ],
    [
      [0.35285169291, 0.017225948283, 0.6299223588],
      [0.26466893279, 0.43690499227, 0.29842607495],
      [0.54021423843, 0.10000517863, 0.35978058294]
    ],
    [
      [0.28512197144, 0.0054918128066, 0.70938621575],
      [0.26436839069, 0.30608968047, 0.42954192883],
      [0.38947156955, 0.02275634534, 0.58777208511]
    ],
    [
      [0.2933131378, 0.028184013496, 0.6785028487],
      [0.16205431219, 0.52024126235, 0.31770442547],
      [0.3357397284, 0.11366870632, 0.55059156528]
    ],
    [
      [0.3040132581, 0.021292087729, 0.67469465417],
      [0.25115103123, 0.34597686534, 0.40287210343],
      [0.34655317293, 0.09163522806, 0.56181159901]
    ],
    [
      [0.26574567604, 0.012011137264, 0.72224318669],
      [0.24305286981, 0.46454122439, 0.2924059058],
      [0.48984529814, 0.082278840742, 0.42787586112]
    ],
    [
      [0.32171063466, 0.01709912271, 0.66119024263],
      [0.22164091187, 0.49814158749, 0.28021750064],
      [0.4589734885, 0.077236035563, 0.46379047593]
    ],
    [
      [0.2777403094, 0.00347110312, 0.71878858748],
      [0.16166383204, 0.44144354665, 0.39689262131],
      [0.32353099023, 0.056338144512, 0.62013086526]
    ],
    [
      [0.2395512171, 0.013083507081, 0.74736527582],
      [0.17267415497, 0.47613056722, 0.35119527782],
      [0.30575863322, 0.076598785796, 0.61764258098]
    ],
    [
      [0.24107882353, 0.00560411718, 0.75331705929],
      [0.21590269785, 0.37297873348, 0.41111856867],
      [0.44005650817, 0.040353477202, 0.51959001463]
    ],
    [
      [0.25832827757, 0.0047334413382, 0.73693828109],
      [0.17179324926, 0.3914664205, 0.43674033024],
      [0.38715751828, 0.041673688946, 0.57116879277]
    ],
    [
      [0.2636597813, 0.0043520422255, 0.73198817648],
      [0.16286890061, 0.45514782424, 0.38198327515],
      [0.34222223608, 0.049877283076, 0.60790048084]
    ],
    [
      [0.29027299961, 0.0025741850256, 0.70715281536],
      [0.19071897133, 0.44341117964, 0.36586984903],
      [0.38826244662, 0.043178408072, 0.5685591453]
    ],
    [
      [0.2790220522, 0.016823594475, 0.70415435333],
      [0.23361912854, 0.42669091519, 0.33968995627],
      [0.36669825721, 0.082710522542, 0.55059122025]
    ],
    [
      [0.26490496394, 0.020320946191, 0.71477408987],
      [0.22762077003, 0.43441313593, 0.33796609404],
      [0.34527640944, 0.082600675333, 0.57212291522]
    ],
    [
      [0.35344286306, 0.01692465889, 0.62963247805],
      [0.2426346348, 0.42529277469, 0.33207259051],
      [0.39080699883, 0.11073879381, 0.49845420736]
    ],
    [
      [0.30050825573, 0.022605337879, 0.67688640639],
      [0.1563545994, 0.56642693146, 0.27721846914],
      [0.34244366857, 0.10421100147, 0.55334532996]
    ],
    [
      [0.34587992282, 0.0083222791143, 0.64579779807],
      [0.21836613815, 0.46794927426, 0.31368458759],
      [0.44943703838, 0.045214084883, 0.50534887674]
    ],
    [
