{
  "X": [
    [38, 9, 53],
    [37, 16, 47],
    [38, 11, 51],
    [40, 16, 44],
    [32, 18, 50],
    [31, 13, 56],
    [33, 16, 51],
    [31, 11, 58],
    [39, 13, 48],
    [18, 19, 63],
    [30, 13, 57],
    [39, 14, 47],
    [33, 14, 53],
    [32, 15, 53],
    [33, 7, 60],
    [33, 11, 56],
    [36, 13, 51],
    [29, 27, 44],
    [18, 24, 58],
    [22, 24, 54],
    [15, 23, 62],
    [26, 25, 49],
    [14, 26, 60],
    [23, 17, 60],
    [23, 22, 55],
    [31, 27, 42],
    [20, 32, 48],
    [25, 22, 53],
    [26, 15, 59],
    [19, 24, 57],
    [23, 29, 48],
    [33, 23, 44],
    [19, 22, 59],
    [26, 33, 41],
    [24, 45, 31],
    [24, 37, 39],
    [29, 38, 33],
    [24, 39, 37],
    [27, 32, 41],
    [25, 43, 32],
    [31, 36, 33],
    [19, 38, 43],
    [24, 39, 37],
    [28, 31, 41],
    [19, 42, 39],
    [25, 41, 34],
    [25, 40, 35],
    [21, 36, 43],
    [23, 41, 36],
    [30, 34, 36]
  ],
  "W": [
    [70, 16, 14],
    [68, 16, 16],
    [69, 17, 14],
    [68, 14, 18],
    [68, 14, 18],
    [64, 22, 14],
    [64, 17, 19],
    [71, 10, 19],
    [63, 21, 16],
    [63, 15, 22],
    [63, 19, 18],
    [60, 23, 17],
    [59, 21, 20],
    [63, 16, 21],
    [77, 11, 12],
    [74, 9, 17],
    [46, 32, 22],
    [14, 71, 15],
    [17, 72, 11],
    [14, 70, 16],
    [23, 61, 16],
    [15, 67, 18],
    [14, 70, 16],
    [19, 68, 13],
    [18, 67, 15],
    [23, 58, 19],
    [13, 64, 23],
    [22, 64, 14],
    [21, 59, 20],
    [22, 67, 11],
    [16, 62, 22],
    [17, 64, 19],
    [19, 71, 10],
    [19, 34, 47],
    [16, 12, 72],
    [15, 21, 64],
    [19, 13, 68],
    [13, 18, 69],
    [11, 23, 66],
    [15, 21, 64],
    [18, 18, 64],
    [17, 25, 58],
    [17, 14, 69],
    [21, 18, 61],
    [14, 15, 71],
    [14, 17, 69],
    [15, 21, 64],
    [13, 23, 64],
    [17, 13, 70],
    [16, 13, 71]
  ],
  "method": "mvn_pdf",
  "cond_prob": [
    [
      [0.43222309056, 0.011601626524, 0.55617528292],
      [0.22203362689, 0.15733953319, 0.62062683992],
      [0.29941754504, 0.40503240088, 0.29555005408]
    ],
    [
      [0.44797557522, 0.025371024277, 0.5266534005],
      [0.19815020616, 0.29345350219, 0.50839629165],
      [0.21045359914, 0.59871964463, 0.19082675623]
    ],
    [
      [0.44082243429, 0.017301822838, 0.54187574287],
      [0.219347162, 0.19408426379, 0.58656857421],
      [0.27531073429, 0.46476726712, 0.25992199859]
    ],
    [
      [0.48004259374, 0.025007492802, 0.49494991346],
      [0.22135524474, 0.2812489705, 0.49739578476],
      [0.23656278885, 0.57566693902, 0.18777027212]
    ],
    [
      [0.3932872474, 0.027592800319, 0.57911995228],
      [0.16104859633, 0.32329625538, 0.5156551483],
      [0.1667659349, 0.64430788905, 0.18892617605]
    ],
    [
      [0.37593133933, 0.019939452768, 0.60412920791],
      [0.17514373875, 0.21075187103, 0.61410439022],
      [0.22051657361, 0.50623813287, 0.27324529352]
    ],
    [
      [0.40298038802, 0.022089278297, 0.57493033368],
      [0.18355987463, 0.24502324762, 0.57141687775],
      [0.21519669989, 0.54846794629, 0.23633535382]
    ],
    [
      [0.3502342367, 0.014336315592, 0.63542944771],
      [0.16822713754, 0.16483195529, 0.66694090718],
      [0.23426830625, 0.43862116001, 0.32711053374]
    ],
    [
      [0.46766501745, 0.018736032808, 0.51359894974],
      [0.23530101079, 0.20382088236, 0.56087810684],
      [0.28723641713, 0.47121196272, 0.24155162016]
    ],
    [
      [0.22283692821, 0.0311903264, 0.74597274539],
      [0.09513965368, 0.25596430621, 0.64889604011],
      [0.1151899417, 0.5997974929, 0.2850125654]
    ],
    [
      [0.35972660263, 0.016820727738, 0.62345266964],
      [0.17053369291, 0.18446180666, 0.64500450043],
      [0.22761577052, 0.46863999034, 0.30374423914]
    ],
    [
      [0.47582917137, 0.019367275378, 0.50480355325],
      [0.23987664323, 0.20769350553, 0.55242985124],
      [0.29018158375, 0.47417722648, 0.23564118977]
    ],
    [
      [0.40259894671, 0.015845720534, 0.58155533276],
      [0.19625977892, 0.18519335109, 0.61854686999],
      [0.25626033934, 0.45880210578, 0.28493755488]
    ],
    [
      [0.38565335444, 0.018813710393, 0.59553293517],
      [0.18121364409, 0.20787605111, 0.6109103048],
      [0.22878192214, 0.49946282988, 0.27175524799]
    ],
    [
      [0.36233066058, 0.0099613991874, 0.62770794023],
      [0.17954569534, 0.14000510894, 0.68044919572],
      [0.2604613739, 0.39107633869, 0.34846228742]
    ],
    [
      [0.37119724915, 0.01694524565, 0.6118575052],
      [0.17653680014, 0.18790058478, 0.63556261507],
      [0.23191602128, 0.47382038582, 0.29426359291]
    ],
    [
      [0.45635373202, 0.006687404032, 0.53695886395],
      [0.24130580775, 0.14193394902, 0.61676024323],
      [0.3311792036, 0.37047695664, 0.29834383976]
    ],
    [
      [0.5175623259, 0.022080654903, 0.4603570192],
      [0.24809611185, 0.26307701927, 0.48882686888],
      [0.27595356642, 0.5341601642, 0.18988626938]
    ],
    [
      [0.33350388592, 0.022597462362, 0.64389865172],
      [0.14392638082, 0.24312574961, 0.61294786957],
      [0.17888495638, 0.55552628801, 0.26558875561]
    ],
    [
      [0.39176131162, 0.019252039337, 0.58898664905],
      [0.18424082457, 0.22173802866, 0.59402114677],
      [0.22615524485, 0.51305059021, 0.26079416495]
    ],
    [
      [0.26850181728, 0.023198168163, 0.70830001456],
      [0.10498948463, 0.22639454887, 0.6686159665],
      [0.1512562275, 0.54102341571, 0.30772035678]
    ],
    [
      [0.45271780474, 0.019580658501, 0.52770153676],
      [0.217438531, 0.23147418502, 0.55108728398],
      [0.25782507512, 0.51097331812, 0.23120160677]
    ],
    [
      [0.28076582089, 0.023121609, 0.69611257011],
      [0.10928659471, 0.23931075981, 0.65140264548],
      [0.15120105487, 0.55778401794, 0.29101492719]
    ],
    [
      [0.37347666475, 0.012909852221, 0.61361348303],
      [0.18584392159, 0.1638831762, 0.6502729022],
      [0.25127359241, 0.43158898661, 0.31713742098]
    ],
    [
      [0.3914464134, 0.018307445675, 0.59024614092],
      [0.18609261274, 0.21180930655, 0.60209808071],
      [0.23238396699, 0.49861616262, 0.26899987039]
    ],
    [
      [0.5140889216, 0.02389004166, 0.46202103675],
      [0.24404786528, 0.27507274567, 0.48087938905],
      [0.26427255879, 0.55243735751, 0.1832900837]
    ],
    [
      [0.38509727733, 0.025677053443, 0.58922566923],
      [0.16760010429, 0.2804398215, 0.55196007421],
      [0.18553603132, 0.59643694474, 0.21802702394]
    ],
    [
      [0.41398668611, 0.019553636455, 0.56645967743],
      [0.19633696342, 0.22495747402, 0.57870556255],
      [0.23762337474, 0.51232440433, 0.25005222093]
    ],
    [
      [0.39057507933, 0.0067800350697, 0.6026448856],
      [0.20397164837, 0.1262678176, 0.66976053403],
      [0.288179804, 0.37039090127, 0.34142929473]
    ],
    [
      [0.33795826051, 0.024025585946, 0.63801615354],
      [0.14404110138, 0.25618754937, 0.59977134925],
      [0.17401495241, 0.57335193647, 0.25263311112]
    ],
    [
      [0.4136217212, 0.023049554751, 0.56332872405],
      [0.18856938859, 0.2614976661, 0.54993294531],
      [0.21321592582, 0.56447053755, 0.22231353663]
    ],
    [
      [0.54394789577, 0.018319253094, 0.43773285113],
      [0.27256982389, 0.21822031907, 0.50920985704],
      [0.33202194964, 0.45907748826, 0.2089005621]
    ],
    [
      [0.33859288806, 0.021068997942, 0.640338114],
      [0.15025974073, 0.22897473461, 0.62076552465],
      [0.18982935349, 0.53424828815, 0.27592235836]
    ],
    [
      [0.42355922884, 0.019926113084, 0.55651465808],
      [0.1990560545, 0.23435576464, 0.56658818086],
      [0.23796742126, 0.52453846497, 0.23749411377]
    ],
    [
      [0.41441186491, 0.024091147688, 0.5614969874],
      [0.18429351625, 0.27271970095, 0.5429867828],
      [0.21052622176, 0.57419312813, 0.21528065011]
    ],
    [
      [0.38231693048, 0.018170284958, 0.59951278456],
      [0.17856800136, 0.21352014115, 0.6079118575],
