{
  "X": [
    [28, 9, 63],
    [24, 12, 64],
    [18, 6, 76],
    [30, 8, 62],
    [28, 8, 64],
    [32, 8, 60],
    [29, 8, 63],
    [30, 10, 60],
    [35, 13, 52],
    [38, 9, 53],
    [32, 8, 60],
    [32, 11, 57],
    [29, 12, 59],
    [29, 8, 63],
    [26, 12, 62],
    [29, 9, 62],
    [30, 16, 54],
    [32, 27, 41],
    [32, 31, 37],
    [29, 21, 50],
    [20, 40, 40],
    [27, 27, 46],
    [29, 30, 41],
    [28, 34, 38],
    [22, 28, 50],
    [20, 36, 44],
    [27, 23, 50],
    [23, 26, 51],
    [23, 27, 50],
    [26, 26, 48],
    [26, 30, 44],
    [25, 31, 44],
    [28, 32, 40],
    [27, 26, 47],
    [39, 12, 49],
    [37, 10, 53],
    [33, 15, 52],
    [44, 14, 42],
    [36, 11, 53],
    [36, 10, 54],
    [42, 9, 49],
    [33, 12, 55],
    [49, 9, 42],
    [38, 11, 51],
    [38, 9, 53],
    [32, 15, 53],
    [45, 12, 43],
    [34, 11, 55],
    [44, 7, 49],
    [30, 9, 61]
  ],
  "W": [
    [64, 19, 17],
    [70, 16, 14],
    [60, 16, 24],
    [67, 14, 19],
    [67, 19, 14],
    [67, 18, 15],
    [68, 18, 14],
    [63, 20, 17],
    [58, 19, 23],
    [67, 12, 21],
    [65, 14, 21],
    [70, 16, 14],
    [58, 21, 21],
    [62, 16, 22],
    [74, 11, 15],
    [70, 17, 13],
    [52, 34, 14],
    [16, 66, 18],
    [19, 67, 14],
    [15, 67, 18],
    [17, 74, 9],
    [14, 74, 12],
    [22, 61, 17],
    [18, 65, 17],
    [14, 60, 26],
    [13, 73, 14],
    [19, 59, 22],
    [15, 64, 21],
    [15, 56, 29],
    [18, 56, 26],
    [20, 67, 13],
    [19, 68, 13],
    [15, 71, 14],
    [13, 36, 51],
    [15, 19, 66],
    [18, 9, 73],
    [13, 24, 63],
    [23, 13, 64],
    [18, 16, 66],
    [19, 14, 67],
    [13, 16, 71],
    [16, 20, 64],
    [18, 18, 64],
    [14, 28, 58],
    [16, 16, 68],
    [18, 22, 60],
    [16, 22, 62],
    [24, 18, 58],
    [17, 13, 70],
    [25, 15, 60]
  ],
  "method": "mvn_pdf",
  "cond_prob": [
    [
      [0.2584452893, 0.022046998249, 0.71950771245],
      [0.21550659045, 0.36606252113, 0.41843088842],
      [0.43322801567, 0.03728260062, 0.52948938371]
    ],
    [
      [0.23041003688, 0.037713166842, 0.73187679628],
      [0.14861994132, 0.52565380776, 0.32572625092],
      [0.39238416837, 0.067829814069, 0.53978601756]
    ],
    [
      [0.14353087413, 0.013669170227, 0.84279995564],
      [0.15121807255, 0.28280450071, 0.56597742674],
      [0.29036076631, 0.027290740625, 0.68234849307]
    ],
    [
      [0.27396115423, 0.025527896602, 0.70051094917],
      [0.21792392393, 0.39343936244, 0.38863671363],
      [0.45229830165, 0.041130518609, 0.50657117974]
    ],
    [
      [0.26182527131, 0.017895159165, 0.72027956953],
      [0.22785511638, 0.33412793494, 0.43801694868],
      [0.43774711507, 0.032328112293, 0.52992477264]
    ],
    [
      [0.30012900604, 0.019662826363, 0.6802081676],
      [0.25507106839, 0.34375435174, 0.40117457986],
      [0.4866718243, 0.033000820155, 0.48032735555]
    ],
    [
      [0.27211049113, 0.019426714405, 0.70846279446],
      [0.23251283366, 0.34486427079, 0.42262289556],
      [0.45080397123, 0.033673324737, 0.51552270403]
    ],
    [
      [0.28057642391, 0.024697947697, 0.6947256284],
      [0.22473554203, 0.38795182645, 0.38731263152],
      [0.46052790902, 0.04029369212, 0.49917839886]
    ],
    [
      [0.32974201139, 0.037092040498, 0.63316594812],
      [0.2148256476, 0.49920906636, 0.28596528604],
      [0.51275113196, 0.059290843055, 0.42795802498]
    ],
    [
      [0.35281021368, 0.035108248413, 0.61208153791],
      [0.24490901465, 0.46407004316, 0.29102094219],
      [0.54394321465, 0.051376516114, 0.40468026923]
    ],
    [
      [0.29004098378, 0.025573511008, 0.68438550522],
      [0.23023949089, 0.39176660197, 0.37799390714],
      [0.47257062772, 0.040618540802, 0.48681083148]
    ],
    [
      [0.31091372157, 0.035066592923, 0.65401968551],
      [0.20921836909, 0.48483232584, 0.30594930506],
      [0.49203897032, 0.056287234419, 0.45167379526]
    ],
    [
      [0.26781710889, 0.029908808709, 0.7022740824],
      [0.19865271008, 0.43924522726, 0.36210206267],
      [0.4426143225, 0.049578062973, 0.50780761453]
    ],
    [
      [0.25822389012, 0.02195817872, 0.71981793116],
      [0.2159922421, 0.36400544183, 0.42000231606],
      [0.43337467903, 0.037022993183, 0.52960232779]
    ],
    [
      [0.2509131225, 0.047533513408, 0.70155336409],
      [0.12297469961, 0.6374565124, 0.23956878799],
      [0.40531381596, 0.098033224763, 0.49665295928]
    ],
    [
      [0.27645706714, 0.025346214368, 0.69819671849],
      [0.21958056027, 0.39369507316, 0.38672436657],
      [0.45501044429, 0.040996057728, 0.50399349798]
    ],
    [
      [0.29772682569, 0.026935575726, 0.67533759858],
      [0.22907021436, 0.41125898635, 0.35967079928],
      [0.48070126969, 0.044038894736, 0.47525983557]
    ],
    [
      [0.33628804663, 0.024785017763, 0.63892693561],
      [0.25980953549, 0.39202279646, 0.34816766805],
      [0.52622010619, 0.040551952759, 0.43322794105]
    ],
    [
      [0.36523313856, 0.031183932519, 0.60358292892],
      [0.25812019278, 0.44367603578, 0.29820377144],
      [0.55475124649, 0.048657920361, 0.39659083314]
    ],
    [
      [0.27183850291, 0.01528440819, 0.7128770889],
      [0.24986971841, 0.30255089955, 0.44757938204],
      [0.45450840682, 0.027767978193, 0.51772361498]
    ],
    [
      [0.25181875302, 0.039222782929, 0.70895846405],
      [0.16149878471, 0.52302797074, 0.31547324455],
      [0.41868568115, 0.069904761691, 0.51140955716]
    ],
    [
      [0.2794288736, 0.020395928826, 0.70017519758],
      [0.23708250087, 0.35519051512, 0.40772698402],
      [0.46199089211, 0.035863239827, 0.50214586806]
    ],
    [
      [0.31639616458, 0.032381233661, 0.65122260176],
      [0.22205146709, 0.4651009675, 0.31284756541],
      [0.49965558156, 0.05390904954, 0.4464353689]
    ],
    [
      [0.31805324405, 0.036468696722, 0.64547805923],
      [0.2120798188, 0.49710641232, 0.29081376888],
      [0.49940314031, 0.06068509755, 0.43991176214]
    ],
    [
      [0.20974600791, 0.028210393043, 0.76204359904],
      [0.15844906806, 0.43747745183, 0.40407348011],
      [0.36756199251, 0.052169514918, 0.58026849257]
    ],
    [
      [0.22675138608, 0.032665608229, 0.7405830057],
      [0.15892995289, 0.47599222768, 0.36507781943],
      [0.38931038716, 0.059136748018, 0.55155286482]
    ],
    [
      [0.25474657823, 0.0213924268, 0.72386099497],
      [0.21506724297, 0.36867916064, 0.41625359639],
      [0.43049307629, 0.0382487915, 0.53125813221]
    ],
    [
      [0.2190583227, 0.023154461046, 0.75778721625],
      [0.18241418182, 0.38688595758, 0.4306998606],
      [0.38283892967, 0.042475323763, 0.57468574657]
    ],
    [
      [0.21472140671, 0.029211943211, 0.75606665008],
      [0.15957868228, 0.44648465422, 0.3939366635],
      [0.3738887135, 0.053747593632, 0.57236369286]
    ],
    [
      [0.2486367353, 0.027811509867, 0.72355175483],
      [0.18936421245, 0.43236283832, 0.37827294924],
      [0.42000549491, 0.049502841409, 0.53049166368]
    ],
    [
      [0.28314942349, 0.027858767962, 0.68899180854],
      [0.21373239065, 0.43010349145, 0.3561641179],
      [0.46284164281, 0.048145439502, 0.48901291769]
    ],
    [
      [0.2739029321, 0.028642347122, 0.69745472078],
      [0.20486126676, 0.43833065316, 0.35680808009],
      [0.45117524237, 0.049946999241, 0.49887775839]
    ],
    [
      [0.31231857199, 0.028875523973, 0.65880590404],
      [0.23036168775, 0.43507003589, 0.33456827636],
      [0.49711011355, 0.048349613736, 0.45454027272]
    ],
    [
      [0.22786346953, 0.048594145244, 0.72354238523],
      [0.12636123885, 0.58918803938, 0.28445072177],
      [0.38213275093, 0.081519739102, 0.53634750997]
    ],
    [
      [0.28541119388, 0.028240214087, 0.68634859203],
      [0.21219991415, 0.43487529093, 0.35292479492],
      [0.46495505641, 0.050208579713, 0.48483636388]
    ],
    [
      [0.25486921393, 0.036425857616, 0.70870492845],
      [0.16656459035, 0.51312115876, 0.32031425089],
