{
  "X": [
    [24, 51, 25],
    [37, 47, 16],
    [36, 54, 10],
    [37, 47, 16],
    [28, 48, 24],
    [25, 52, 23],
    [33, 46, 21],
    [24, 57, 19],
    [21, 57, 22],
    [36, 47, 17],
    [22, 52, 26],
    [27, 52, 21],
    [35, 40, 25],
    [23, 51, 26],
    [32, 44, 24],
    [22, 52, 26],
    [20, 56, 24],
    [26, 43, 31],
    [22, 47, 31],
    [20, 36, 44],
    [36, 30, 34],
    [26, 44, 30],
    [25, 48, 27],
    [27, 43, 30],
    [16, 48, 36],
    [27, 37, 36],
    [25, 45, 30],
    [30, 42, 28],
    [25, 45, 30],
    [27, 34, 39],
    [22, 46, 32],
    [32, 37, 31],
    [21, 46, 33],
    [36, 32, 32],
    [40, 29, 31],
    [42, 31, 27],
    [53, 29, 18],
    [41, 37, 22],
    [43, 25, 32],
    [50, 25, 25],
    [49, 21, 30],
    [45, 38, 17],
    [51, 28, 21],
    [54, 21, 25],
    [40, 40, 20],
    [43, 31, 26],
    [48, 28, 24],
    [46, 31, 23],
    [37, 38, 25],
    [50, 30, 20]
  ],
  "W": [
    [63, 16, 21],
    [59, 23, 18],
    [64, 15, 21],
    [59, 16, 25],
    [70, 11, 19],
    [68, 11, 21],
    [65, 21, 14],
    [75, 17, 8],
    [67, 19, 14],
    [63, 20, 17],
    [71, 14, 15],
    [75, 16, 9],
    [63, 13, 24],
    [62, 24, 14],
    [62, 16, 22],
    [78, 12, 10],
    [57, 32, 11],
    [21, 58, 21],
    [16, 67, 17],
    [14, 67, 19],
    [10, 68, 22],
    [21, 61, 18],
    [16, 70, 14],
    [18, 67, 15],
    [15, 69, 16],
    [20, 62, 18],
    [13, 74, 13],
    [17, 67, 16],
    [13, 70, 17],
    [23, 65, 12],
    [13, 73, 14],
    [27, 53, 20],
    [12, 72, 16],
    [16, 35, 49],
    [10, 19, 71],
    [19, 14, 67],
    [14, 14, 72],
    [19, 22, 59],
    [15, 12, 73],
    [16, 14, 70],
    [17, 16, 67],
    [19, 21, 60],
    [15, 20, 65],
    [13, 12, 75],
    [19, 26, 55],
    [9, 23, 68],
    [24, 10, 66],
    [13, 16, 71],
    [20, 19, 61],
    [19, 15, 66]
  ],
  "method": "mvn_pdf",
  "cond_prob": [
    [
      [0.17956705036, 0.62410939837, 0.19632355128],
      [0.13134805588, 0.45023562105, 0.41841632307],
      [0.50408128255, 0.21320656981, 0.28271214764]
    ],
    [
      [0.31272650994, 0.5711441386, 0.11612935146],
      [0.25482258056, 0.45610135491, 0.28907606454],
      [0.70490092004, 0.15623137, 0.13886770996]
    ],
    [
      [0.28257927322, 0.65110004999, 0.066320676793],
      [0.23312719067, 0.54066341613, 0.2262093932],
      [0.68657231685, 0.2009355028, 0.11249218035]
    ],
    [
      [0.28222010493, 0.5946227404, 0.12315715467],
      [0.22574523799, 0.47249771515, 0.30175704686],
      [0.66948360006, 0.17429179496, 0.15622460498]
    ],
    [
      [0.22393363411, 0.57318997197, 0.20287639393],
      [0.15900102305, 0.40983119639, 0.43116778056],
      [0.55661233469, 0.17729256853, 0.26609509679]
    ],
    [
      [0.18574840192, 0.62507851137, 0.18917308672],
      [0.13721233951, 0.45706290191, 0.40572475858],
      [0.51713204453, 0.2127128241, 0.27015513137]
    ],
    [
      [0.29264224518, 0.54248636835, 0.16487138647],
      [0.22405523067, 0.4117875359, 0.36415723343],
      [0.66236387279, 0.14934627169, 0.18828985552]
    ],
    [
      [0.21981691138, 0.62773092676, 0.15245216186],
      [0.16830035523, 0.4858491421, 0.34585050267],
      [0.58157820097, 0.20759313466, 0.21082866437]
    ],
    [
      [0.17013182831, 0.65970091839, 0.1701672533],
      [0.13055734369, 0.49831326713, 0.37112938918],
      [0.50861271236, 0.23800617088, 0.25338111676]
    ],
    [
      [0.30629503054, 0.56345916445, 0.13024580501],
      [0.24600093908, 0.44387740829, 0.31012165263],
      [0.69314084084, 0.15438379258, 0.15247536658]
    ],
    [
      [0.18041744926, 0.60623212476, 0.21335042599],
      [0.12786076062, 0.42327939325, 0.44885984613],
      [0.49335403027, 0.20210717578, 0.30453879395]
    ],
    [
      [0.24790591858, 0.57931150588, 0.17278257554],
      [0.18492032559, 0.43548673169, 0.37959294272],
      [0.60537009966, 0.17598326131, 0.21864663904]
    ],
    [
      [0.27981226102, 0.50787916945, 0.21230856953],
      [0.19713344339, 0.35989575662, 0.44297079999],
      [0.61704553298, 0.13854031203, 0.24441415499]
    ],
    [
      [0.19681631348, 0.6074275608, 0.19575612572],
      [0.14245485458, 0.43892150025, 0.41862364517],
      [0.52703371815, 0.20038394461, 0.27258233725]
    ],
    [
      [0.2552938092, 0.54982866286, 0.19487752794],
      [0.18454963518, 0.39929306225, 0.41615730257],
      [0.60086316667, 0.16008790486, 0.23904892847]
    ],
    [
      [0.19629876304, 0.5813859221, 0.22231531486],
      [0.13510506373, 0.39950641866, 0.46538851761],
      [0.50674357184, 0.18578210519, 0.30747432296]
    ],
    [
      [0.17583802379, 0.65727987902, 0.16688209719],
      [0.133891977, 0.4983389285, 0.3677690945],
      [0.51751721636, 0.23529101675, 0.24719176689]
    ],
    [
      [0.21837876274, 0.60718404686, 0.1744371904],
      [0.16339864731, 0.4511611644, 0.38544018829],
      [0.56842497326, 0.19437083242, 0.23720419432]
    ],
    [
      [0.19153875527, 0.64729284901, 0.16116839572],
      [0.14573130792, 0.49011880304, 0.36414988905],
      [0.53949307561, 0.22384438895, 0.23666253544]
    ],
    [
      [0.18691952226, 0.55183695153, 0.26124352621],
      [0.12451241065, 0.37213484058, 0.50335274878],
      [0.475831325, 0.17585517684, 0.34831349816]
    ],
    [
      [0.35303353076, 0.4623014561, 0.18466501314],
      [0.25204998778, 0.33717352761, 0.4107764846],
      [0.69683025105, 0.11132661643, 0.19184313252]
    ],
    [
      [0.22895281018, 0.6059528972, 0.16509429262],
      [0.17404009492, 0.4562690552, 0.36969084987],
      [0.58753028866, 0.19125426619, 0.22121544515]
    ],
    [
      [0.22903716232, 0.63470950953, 0.13625332816],
      [0.1837133164, 0.49936035552, 0.31692632808],
      [0.60539094677, 0.20638735439, 0.18822169884]
    ],
    [
      [0.25536182685, 0.58530820866, 0.1593299645],
      [0.19504963369, 0.44528565222, 0.35966471409],
      [0.62234411066, 0.17535423636, 0.20230165298]
    ],
    [
      [0.145320225, 0.66670495695, 0.18797481805],
      [0.096165948018, 0.49238492305, 0.41144912893],
      [0.44904663823, 0.25155412221, 0.29939923956]
    ],
    [
      [0.25367978793, 0.53704163366, 0.20927857841],
      [0.18216505287, 0.37877966484, 0.43905528229],
      [0.59067616464, 0.15415711705, 0.25516671831]
    ],
    [
      [0.24141120548, 0.60784985729, 0.15073893723],
      [0.1879613223, 0.46807796898, 0.34396070872],
      [0.61173203684, 0.18924478081, 0.19902318235]
    ],
    [
      [0.28385444553, 0.5690003094, 0.14714524508],
      [0.21821266472, 0.44364359009, 0.33814374519],
      [0.65963911811, 0.16267963777, 0.17768124411]
    ],
    [
      [0.22279275416, 0.62395319456, 0.15325405128],
      [0.17313539107, 0.47793154464, 0.34893306429],
      [0.58730687181, 0.20196472624, 0.21072840194]
    ],
    [
      [0.28609498583, 0.48321565135, 0.23068936283],
      [0.20101553154, 0.32848247818, 0.47050199027],
      [0.61281714796, 0.12788991143, 0.25929294061]
    ],
    [
      [0.20598117495, 0.63169284116, 0.16232598388],
      [0.15741150953, 0.47722672173, 0.36536176874],
      [0.55937175213, 0.21074588419, 0.22988236368]
    ],
    [
      [0.29154814348, 0.5204358925, 0.18801596401],
      [0.21231774109, 0.37983017243, 0.40785208648],
      [0.64376799241, 0.14086158819, 0.2153704194]
    ],
    [
      [0.18922920207, 0.64292737961, 0.16784341832],
      [0.14191394012, 0.48240862747, 0.37567743241],
      [0.53196536791, 0.22196564168, 0.24606899041]
    ],
    [
      [0.22043980638, 0.57116066566, 0.20839952796],
      [0.15667676417, 0.40491535571, 0.43840788012],
      [0.5508015582, 0.17733452856, 0.27186391323]
    ],
    [
      [0.18567587844, 0.60825465349, 0.20606946807],
      [0.13213777646, 0.43219714388, 0.43566507966],
      [0.5018679361, 0.2071226441, 0.2910094198]
    ],
    [
      [0.20399612444, 0.60641252405, 0.18959135151],
      [0.14889393805, 0.4408549246, 0.41025113735],
      [0.53790385825, 0.198599897, 0.26349624475]
    ],
    [
