{
  "X": [
    [37, 9, 54],
    [36, 5, 59],
    [44, 11, 45],
    [34, 9, 57],
    [29, 15, 56],
    [24, 15, 61],
    [40, 8, 52],
    [34, 10, 56],
    [37, 10, 53],
    [34, 11, 55],
    [38, 9, 53],
    [28, 13, 59],
    [36, 12, 52],
    [40, 9, 51],
    [21, 10, 69],
    [44, 6, 50],
    [40, 11, 49],
    [39, 3, 58],
    [46, 4, 50],
    [46, 7, 47],
    [46, 1, 53],
    [43, 7, 50],
    [40, 3, 57],
    [40, 0, 60],
    [40, 2, 58],
    [42, 7, 51],
    [44, 2, 54],
    [45, 3, 52],
    [46, 4, 50],
    [38, 6, 56],
    [45, 6, 49],
    [39, 1, 60],
    [38, 11, 51],
    [53, 5, 42],
    [77, 1, 22],
    [71, 7, 22],
    [76, 4, 20],
    [74, 2, 24],
    [72, 6, 22],
    [74, 4, 22],
    [73, 7, 20],
    [68, 4, 28],
    [73, 7, 20],
    [62, 6, 32],
    [63, 3, 34],
    [74, 1, 25],
    [63, 4, 33],
    [75, 1, 24],
    [74, 3, 23],
    [70, 5, 25]
  ],
  "W": [
    [67, 18, 15],
    [65, 16, 19],
    [66, 12, 22],
    [61, 24, 15],
    [66, 21, 13],
    [67, 21, 12],
    [64, 17, 19],
    [65, 16, 19],
    [60, 19, 21],
    [67, 18, 15],
    [68, 15, 17],
    [68, 20, 12],
    [76, 12, 12],
    [66, 18, 16],
    [77, 14, 9],
    [61, 17, 22],
    [51, 30, 19],
    [19, 69, 12],
    [19, 65, 16],
    [18, 60, 22],
    [16, 65, 19],
    [15, 65, 20],
    [16, 68, 16],
    [15, 71, 14],
    [15, 67, 18],
    [19, 67, 14],
    [12, 73, 15],
    [14, 67, 19],
    [15, 73, 12],
    [13, 74, 13],
    [20, 59, 21],
    [14, 70, 16],
    [27, 51, 22],
    [24, 31, 45],
    [15, 16, 69],
    [23, 14, 63],
    [15, 16, 69],
    [11, 16, 73],
    [14, 21, 65],
    [18, 12, 70],
    [16, 9, 75],
    [13, 23, 64],
    [18, 19, 63],
    [25, 19, 56],
    [20, 19, 61],
    [14, 13, 73],
    [17, 16, 67],
    [14, 16, 70],
    [12, 17, 71],
    [16, 18, 66]
  ],
  "method": "mvn_pdf",
  "cond_prob": [
    [
      [0.23999099213, 0.1265763578, 0.63343265006],
      [0.38378519961, 0.019194170723, 0.59702062967],
      [0.93416466227, 0.011592596946, 0.054242740784]
    ],
    [
      [0.20618784022, 0.072857146258, 0.72095501353],
      [0.31937945951, 0.0098165699359, 0.67080397056],
      [0.92040626494, 0.0056431775919, 0.073950557465]
    ],
    [
      [0.27199409408, 0.15781763726, 0.57018826867],
      [0.44091870166, 0.0236028576, 0.53547844074],
      [0.94351660778, 0.013672802262, 0.042810589962]
    ],
    [
      [0.20131461866, 0.13537738176, 0.66330799958],
      [0.33086064876, 0.02173988772, 0.64739946352],
      [0.91861017943, 0.014681493818, 0.066708326748]
    ],
    [
      [0.16621260958, 0.21120970158, 0.62257768884],
      [0.30188321833, 0.034721793536, 0.66339498814],
      [0.89926309101, 0.025461694721, 0.07527521427]
    ],
    [
      [0.12485320953, 0.20739681814, 0.66774997233],
      [0.24570453401, 0.035198572466, 0.71909689352],
      [0.87291997896, 0.030436930228, 0.096643090807]
    ],
    [
      [0.24433970965, 0.11723277471, 0.63842751564],
      [0.3872992179, 0.017489128243, 0.59521165386],
      [0.93569325676, 0.010515117807, 0.053791625433]
    ],
    [
      [0.18197538935, 0.14323424751, 0.67479036314],
      [0.3059376285, 0.022848817655, 0.67121355384],
      [0.90929461242, 0.017062780493, 0.073642607091]
    ],
    [
      [0.19346894273, 0.15274252979, 0.65378852748],
      [0.3248571162, 0.024617052124, 0.65052583168],
      [0.91521801087, 0.017510677255, 0.067271311876]
    ],
    [
      [0.20819121761, 0.1540248523, 0.63778393009],
      [0.34583962824, 0.024391881473, 0.62976849028],
      [0.92173834079, 0.016085401971, 0.062176257237]
    ],
    [
      [0.24048563047, 0.1253226992, 0.63419167034],
      [0.38415294349, 0.018846120026, 0.59700093648],
      [0.93439311623, 0.011492038478, 0.054114845292]
    ],
    [
      [0.16643390954, 0.17865841687, 0.65490767358],
      [0.29387883466, 0.029438122543, 0.6766830428],
      [0.90040978816, 0.021872100145, 0.077718111691]
    ],
    [
      [0.25887356736, 0.15226691334, 0.5888595193],
      [0.42006741029, 0.022814535286, 0.55711805443],
      [0.94039999641, 0.01282834692, 0.046771656671]
    ],
    [
      [0.26352282551, 0.12846503969, 0.6080121348],
      [0.4190447173, 0.019269440288, 0.56168584241],
      [0.94154303781, 0.010903590962, 0.047553371232]
    ],
    [
      [0.12806238026, 0.12415011636, 0.74778750338],
      [0.23218269691, 0.019918446218, 0.74789885687],
      [0.87651544032, 0.017953643697, 0.10553091598]
    ],
    [
      [0.26668396919, 0.092529516287, 0.64078651452],
      [0.41179193818, 0.012756077757, 0.57545198406],
      [0.94235522411, 0.0063111902094, 0.051333585683]
    ],
    [
      [0.21922936816, 0.19073667797, 0.59003395387],
      [0.37389930744, 0.03062704645, 0.59547364611],
      [0.92643805265, 0.018611475261, 0.054950472087]
    ],
    [
      [0.21635472212, 0.097129883334, 0.68651539455],
      [0.34474327967, 0.015062788861, 0.64019393146],
      [0.92516449852, 0.0095999821006, 0.06523551938]
    ],
    [
      [0.25506401649, 0.1246846776, 0.62025130591],
      [0.40216715977, 0.022306670336, 0.57552616989],
      [0.93830739385, 0.011316097111, 0.050376509035]
    ],
    [
      [0.20267988937, 0.23951043737, 0.55780967326],
      [0.36846302297, 0.036339942153, 0.59519703487],
      [0.92018093695, 0.023109799913, 0.056709263137]
    ],
    [
      [0.24395105711, 0.060751391691, 0.6952975512],
      [0.37359196269, 0, 0.62640803731],
      [0.93754239533, 0.0014725122604, 0.06098509241]
    ],
    [
      [0.17912315427, 0.26491118553, 0.5559656602],
      [0.34069269885, 0.038066894693, 0.62124040645],
      [0.90840636303, 0.027599203099, 0.063994433875]
    ],
    [
      [0.20120799175, 0.10240532881, 0.69638667944],
      [0.32473299908, 0.017409605984, 0.65785739494],
      [0.91867676215, 0.011103845758, 0.070219392089]
    ],
    [
      [0.25983286741, 0, 0.74016713259],
      [0.32566391112, 0, 0.67433608888],
      [0.92716923566, 0, 0.072830764344]
    ],
    [
      [0.19266934101, 0.079472667082, 0.7278579919],
      [0.30810495321, 0.0098645071819, 0.68203053961],
      [0.91482933443, 0.0081660006995, 0.077004664873]
    ],
    [
      [0.20970570644, 0.22718785564, 0.56310643792],
      [0.37460054649, 0.035450991022, 0.58994846249],
      [0.92266821162, 0.022015310317, 0.055316478068]
    ],
    [
      [0.23875634398, 0.085930385501, 0.67531327052],
      [0.37165832114, 0.011721654001, 0.61662002486],
      [0.93359109525, 0.00754364213, 0.05886526262]
    ],
    [
      [0.22646239586, 0.10894294831, 0.66459465584],
      [0.36082911916, 0.018915035119, 0.62025584572],
      [0.92915660389, 0.010920598459, 0.059922797647]
    ],
    [
      [0.26715404891, 0.13664125527, 0.59620469582],
      [0.42044498206, 0.024814262793, 0.55474075515],
      [0.94168379801, 0.011578332249, 0.046737869743]
    ],
    [
      [0.17681746659, 0.22706440916, 0.59611812425],
      [0.32325304554, 0.036695247774, 0.64005170668],
      [0.9062036588, 0.025593411201, 0.06820293]
    ],
    [
      [0.21170293559, 0.18457332792, 0.60372373649],
      [0.36228519236, 0.032297535426, 0.60541727221],
      [0.92338642566, 0.019189469117, 0.057424105227]
    ],
    [
      [0.19502768988, 0.060327507413, 0.74464480271],
      [0.30872082519, 0.0010991274639, 0.69018004735],
      [0.91619716117, 0.0049047483585, 0.078898090472]
    ],
    [
      [0.13998737377, 0.31706542092, 0.5429472053],
      [0.29140583512, 0.032999161311, 0.67559500357],
      [0.87993833259, 0.034376200373, 0.085685467038]
    ],
    [
      [0.16438866463, 0.13662853775, 0.69898279762],
      [0.27894403535, 0.024400436126, 0.69665552853],
      [0.89794237674, 0.021433368311, 0.08062425495]
    ],
    [
      [0.2906591116, 0.066666419062, 0.64267446934],
      [0.44023530579, 2.3212972575e-07, 0.55976446208],
      [0.95067171642, 0, 0.049328283576]
    ],
    [
      [0.24973759173, 0.22998478583, 0.52027762243],
      [0.43348911821, 0.036093503237, 0.53041737856],
