{
  "X": [
    [48, 15, 37],
    [51, 11, 38],
    [41, 19, 40],
    [53, 15, 32],
    [58, 12, 30],
    [48, 17, 35],
    [34, 17, 49],
    [48, 15, 37],
    [43, 17, 40],
    [52, 14, 34],
    [38, 24, 38],
    [51, 16, 33],
    [48, 18, 34],
    [48, 16, 36],
    [52, 12, 36],
    [48, 18, 34],
    [40, 31, 29],
    [27, 46, 27],
    [28, 47, 25],
    [20, 45, 35],
    [16, 53, 31],
    [27, 47, 26],
    [22, 55, 23],
    [24, 44, 32],
    [28, 41, 31],
    [19, 49, 32],
    [30, 43, 27],
    [21, 55, 24],
    [29, 42, 29],
    [25, 54, 21],
    [25, 52, 23],
    [27, 46, 27],
    [26, 40, 34],
    [40, 25, 35],
    [28, 33, 39],
    [29, 30, 41],
    [35, 20, 45],
    [32, 27, 41],
    [38, 18, 44],
    [33, 21, 46],
    [33, 22, 45],
    [34, 29, 37],
    [32, 31, 37],
    [32, 28, 40],
    [45, 25, 30],
    [42, 18, 40],
    [29, 30, 41],
    [36, 31, 33],
    [39, 30, 31],
    [28, 30, 42]
  ],
  "W": [
    [65, 22, 13],
    [70, 12, 18],
    [60, 23, 17],
    [70, 11, 19],
    [72, 13, 15],
    [65, 21, 14],
    [63, 21, 16],
    [70, 16, 14],
    [62, 22, 16],
    [70, 11, 19],
    [56, 19, 25],
    [69, 15, 16],
    [63, 20, 17],
    [70, 14, 16],
    [68, 12, 20],
    [66, 15, 19],
    [54, 34, 12],
    [18, 66, 16],
    [24, 58, 18],
    [13, 72, 15],
    [17, 61, 22],
    [23, 66, 11],
    [13, 69, 18],
    [16, 60, 24],
    [14, 64, 22],
    [20, 67, 13],
    [14, 69, 17],
    [12, 72, 16],
    [16, 72, 12],
    [11, 71, 18],
    [12, 63, 25],
    [18, 65, 17],
    [12, 76, 12],
    [22, 26, 52],
    [19, 17, 64],
    [20, 19, 61],
    [12, 18, 70],
    [16, 20, 64],
    [10, 14, 76],
    [18, 12, 70],
    [21, 14, 65],
    [15, 16, 69],
    [22, 21, 57],
    [17, 17, 66],
    [17, 16, 67],
    [21, 14, 65],
    [17, 17, 66],
    [20, 14, 66],
    [20, 20, 60],
    [14, 20, 66]
  ],
  "method": "mvn_pdf",
  "cond_prob": [
    [
      [0.60506312545, 0.017587918614, 0.37734895594],
      [0.1835391623, 0.53710736149, 0.27935347621],
      [0.35638732888, 0.15695564133, 0.4866570298]
    ],
    [
      [0.60670498309, 0.019385928669, 0.37390908824],
      [0.17789528732, 0.55511936156, 0.26698535113],
      [0.35532820753, 0.16564181414, 0.47902997833]
    ],
    [
      [0.54766973445, 0.027404048507, 0.42492621704],
      [0.13572807051, 0.6069098815, 0.257362048],
      [0.29518060655, 0.19981351854, 0.50500587491]
    ],
    [
      [0.64047691397, 0.035131040588, 0.32439204544],
      [0.13818203944, 0.69034230859, 0.17147565197],
      [0.3498217678, 0.26037167181, 0.38980656039]
    ],
    [
      [0.68209137556, 0.022559781472, 0.29534884297],
      [0.20044894493, 0.58706459406, 0.21248646101],
      [0.41890564504, 0.18292373409, 0.39817062088]
    ],
    [
      [0.61109736676, 0.024511907845, 0.36439072539],
      [0.16150819957, 0.60322472403, 0.2352670764],
      [0.34907135497, 0.19564334182, 0.45528530321]
    ],
    [
      [0.4457611251, 0.031956988084, 0.52228188681],
      [0.10974387316, 0.57550667951, 0.31474944733],
      [0.2257767364, 0.18131684256, 0.59290642105]
    ],
    [
      [0.58806246404, 0.02825314572, 0.38368439024],
      [0.1434172001, 0.62822310192, 0.22835969798],
      [0.32435373684, 0.2121935835, 0.46345267966]
    ],
    [
      [0.56002422151, 0.023443037746, 0.41653274074],
      [0.15045821203, 0.57589355664, 0.27364823132],
      [0.3105261001, 0.17980458835, 0.50966931155]
    ],
    [
      [0.62582569194, 0.031897103464, 0.34227720459],
      [0.14494404337, 0.66146035209, 0.19359560454],
      [0.34725353089, 0.23637573077, 0.41637073834]
    ],
    [
      [0.53408766246, 0.043296474443, 0.4226158631],
      [0.091172585793, 0.73246150275, 0.17636591145],
      [0.25435247088, 0.30634515516, 0.43930237396]
    ],
    [
      [0.62733959862, 0.031821769972, 0.34083863141],
      [0.14392735864, 0.6649477418, 0.19112489956],
      [0.34716608225, 0.23938010905, 0.4134538087]
    ],
    [
      [0.61882295248, 0.027615911487, 0.35356113603],
      [0.15407568338, 0.6306842597, 0.21524005692],
      [0.34897884272, 0.21450072837, 0.43652042891]
    ],
    [
      [0.58945334149, 0.034593572319, 0.37595308619],
      [0.12496022159, 0.68067849724, 0.19436128118],
      [0.31180143708, 0.25305943602, 0.4351391269]
    ],
    [
      [0.62521983346, 0.021838771585, 0.35294139495],
      [0.17774260967, 0.57802360588, 0.24423378445],
      [0.36760700042, 0.17893401309, 0.45345898649]
    ],
    [
      [0.6071719123, 0.036342804829, 0.35648528287],
      [0.12380136921, 0.69868814896, 0.17751048183],
      [0.31945438159, 0.26952908668, 0.41101653174]
    ],
    [
      [0.60476300751, 0.042393743568, 0.35284324892],
      [0.10918677123, 0.73523876066, 0.15557446812],
      [0.30253728104, 0.30938499875, 0.38807772021]
    ],
    [
      [0.62512938406, 0.027691522884, 0.34717909306],
      [0.15398290153, 0.63537033776, 0.21064676071],
      [0.34904997412, 0.22294439349, 0.4280056324]
    ],
    [
      [0.61994447434, 0.037892386461, 0.3421631392],
      [0.12587311606, 0.7068508707, 0.16727601323],
      [0.32337177134, 0.28295734578, 0.39367088287]
    ],
    [
      [0.50292104048, 0.025643127784, 0.47143583173],
      [0.13165188168, 0.58164422898, 0.28670388933],
      [0.26553939949, 0.1858836568, 0.5485769437]
    ],
    [
      [0.4643122845, 0.051307566857, 0.48438014865],
      [0.059207873952, 0.74050256656, 0.20028955949],
      [0.20431867511, 0.31623249105, 0.47944883384]
    ],
    [
      [0.61335235536, 0.030917962153, 0.35572968249],
      [0.14002816025, 0.66079693281, 0.19917490693],
      [0.33191247727, 0.2432990277, 0.42478849502]
    ],
    [
      [0.61260592154, 0.039878805802, 0.34751527266],
      [0.12124673062, 0.71378309231, 0.16497017707],
      [0.31500547818, 0.29058567528, 0.39440884654]
    ],
    [
      [0.5613356794, 0.029630868465, 0.40903345213],
      [0.13116064636, 0.63591798473, 0.23292136892],
      [0.29787459784, 0.22378445921, 0.47834094295]
    ],
    [
      [0.62312781409, 0.021829043327, 0.35504314258],
      [0.17656365939, 0.57366315771, 0.2497731829],
      [0.36255165461, 0.18090687728, 0.45654146811]
    ],
    [
      [0.48612438315, 0.037254085692, 0.47662153116],
      [0.092526981724, 0.67150912604, 0.23596389224],
      [0.23678496627, 0.25106206474, 0.51215296898]
    ],
    [
      [0.67549265503, 0.021155108863, 0.3033522361],
      [0.19642506658, 0.57462521225, 0.22894972116],
      [0.41116313148, 0.17968757826, 0.40914929025]
    ],
    [
      [0.60000038015, 0.037374041748, 0.36262557811],
      [0.12267922101, 0.69654693677, 0.18077384222],
      [0.31044322034, 0.27500825324, 0.41454852642]
    ],
    [
      [0.6469746526, 0.019755511266, 0.33326983614],
      [0.19408311554, 0.55112286844, 0.25479401602],
      [0.38953510332, 0.16692210765, 0.44354278903]
    ],
    [
      [0.67169195324, 0.033691154697, 0.29461689206],
      [0.15322580002, 0.68847540516, 0.15829879482],
      [0.37401981737, 0.26375797401, 0.36222220862]
    ],
    [
      [0.64588143441, 0.037372018512, 0.31674654708],
      [0.13664493593, 0.706446475, 0.15690858907],
      [0.34563167294, 0.28181631411, 0.37255201295]
    ],
    [
      [0.6242777784, 0.028313575114, 0.34740864649],
      [0.15176313509, 0.64053720969, 0.20769965521],
      [0.34696448281, 0.22679041282, 0.42624510437]
    ],
    [
      [0.59277516779, 0.017354405097, 0.38987042711],
      [0.19327901916, 0.50126262128, 0.30545835956],
      [0.34979104421, 0.14131566011, 0.50889329568]
    ],
    [
      [0.65990199718, 0.021570273283, 0.31852772953],
      [0.19161771853, 0.57882879836, 0.22955348311],
      [0.39423260346, 0.18222894674, 0.4235384498]
    ],
    [
      [0.5384419399, 0.045088497693, 0.41646956241],
      [0.091352879423, 0.73394759175, 0.17469952883],
      [0.2533844405, 0.30728452319, 0.43933103632]
    ],
    [
      [0.53703172529, 0.037760215833, 0.42520805888],
      [0.10599901667, 0.68738549568, 0.20661548765],
