{
  "X": [
    [43, 27, 30],
    [35, 38, 27],
    [35, 31, 34],
    [32, 28, 40],
    [34, 29, 37],
    [31, 30, 39],
    [33, 33, 34],
    [33, 32, 35],
    [37, 27, 36],
    [37, 27, 36],
    [38, 29, 33],
    [42, 34, 24],
    [36, 26, 38],
    [30, 30, 40],
    [39, 37, 24],
    [40, 33, 27],
    [32, 29, 39],
    [18, 37, 45],
    [14, 36, 50],
    [16, 41, 43],
    [18, 43, 39],
    [14, 37, 49],
    [25, 36, 39],
    [13, 43, 44],
    [23, 36, 41],
    [22, 32, 46],
    [18, 38, 44],
    [10, 39, 51],
    [15, 32, 53],
    [22, 26, 52],
    [23, 37, 40],
    [14, 34, 52],
    [25, 34, 41],
    [13, 45, 42],
    [12, 48, 40],
    [13, 49, 38],
    [15, 50, 35],
    [13, 52, 35],
    [10, 47, 43],
    [12, 52, 36],
    [16, 39, 45],
    [16, 52, 32],
    [14, 52, 34],
    [10, 47, 43],
    [13, 44, 43],
    [15, 42, 43],
    [12, 51, 37],
    [15, 55, 30],
    [16, 44, 40],
    [13, 45, 42]
  ],
  "W": [
    [71, 19, 10],
    [70, 13, 17],
    [69, 18, 13],
    [74, 15, 11],
    [68, 16, 16],
    [65, 19, 16],
    [61, 21, 18],
    [58, 22, 20],
    [64, 19, 17],
    [67, 17, 16],
    [69, 18, 13],
    [73, 12, 15],
    [59, 23, 18],
    [72, 16, 12],
    [70, 13, 17],
    [67, 19, 14],
    [51, 32, 17],
    [13, 63, 24],
    [13, 69, 18],
    [14, 68, 18],
    [13, 68, 19],
    [18, 68, 14],
    [24, 61, 15],
    [14, 63, 23],
    [14, 68, 18],
    [19, 67, 14],
    [18, 68, 14],
    [12, 73, 15],
    [13, 71, 16],
    [20, 68, 12],
    [17, 65, 18],
    [10, 74, 16],
    [24, 62, 14],
    [19, 32, 49],
    [16, 12, 72],
    [18, 13, 69],
    [20, 16, 64],
    [15, 21, 64],
    [8, 18, 74],
    [16, 15, 69],
    [17, 19, 64],
    [20, 15, 65],
    [11, 23, 66],
    [18, 21, 61],
    [17, 15, 68],
    [16, 11, 73],
    [18, 11, 71],
    [15, 16, 69],
    [21, 12, 67],
    [18, 9, 73]
  ],
  "method": "mvn_pdf",
  "cond_prob": [
    [
      [0.55277142408, 0.20990993892, 0.237318637],
      [0.16824230901, 0.33251427791, 0.49924341308],
      [0.055662501942, 0.57786230564, 0.36647519242]
    ],
    [
      [0.46710919068, 0.29876789815, 0.23412291117],
      [0.12686851225, 0.43349870187, 0.43963278588],
      [0.038415646659, 0.67357435323, 0.28801000011]
    ],
    [
      [0.46704601477, 0.2482444891, 0.28470949613],
      [0.1251446007, 0.34778578122, 0.52706961807],
      [0.04009401292, 0.58546047619, 0.37444551089]
    ],
    [
      [0.40738180774, 0.24007685165, 0.35254134062],
      [0.099263546286, 0.29912532471, 0.60161112901],
      [0.033163003015, 0.52249391886, 0.44434307812]
    ],
    [
      [0.4619440262, 0.22648095032, 0.31157502348],
      [0.12133090301, 0.30962859702, 0.56904049997],
      [0.040406985653, 0.54032736411, 0.41926565024]
    ],
    [
      [0.43565481746, 0.23734385961, 0.32700132293],
      [0.11042539232, 0.31189542898, 0.57767917871],
      [0.036522150689, 0.54041474842, 0.42306310089]
    ],
    [
      [0.48298385744, 0.24509699041, 0.27191915215],
      [0.13223907663, 0.35217382121, 0.51558710217],
      [0.042275782619, 0.59185740775, 0.36586680964]
    ],
    [
      [0.50029528424, 0.22772425532, 0.27198046044],
      [0.13963205895, 0.33365071865, 0.52671722239],
      [0.045548410859, 0.57258386905, 0.38186772009]
    ],
    [
      [0.52067991167, 0.1952289554, 0.28409113293],
      [0.14816104266, 0.29294618113, 0.55889277622],
      [0.050672108381, 0.5258452596, 0.42348263202]
    ],
    [
      [0.50515263948, 0.20212870496, 0.29271865556],
      [0.14054081905, 0.2954120614, 0.56404711955],
      [0.047848701931, 0.52721073274, 0.42494056533]
    ],
    [
      [0.5048274893, 0.22575110034, 0.26942141036],
      [0.14230702995, 0.33256449967, 0.52512847038],
      [0.046567438396, 0.57207792943, 0.38135463218]
    ],
    [
      [0.53843905899, 0.2623474196, 0.19921352141],
      [0.16193441595, 0.41113785194, 0.42692773212],
      [0.050049046823, 0.66099894306, 0.28895201012]
    ],
    [
      [0.53374179281, 0.17938131061, 0.28687689658],
      [0.1539046857, 0.27521117028, 0.57088414402],
      [0.053857025186, 0.50481365319, 0.44132932162]
    ],
    [
      [0.39070465502, 0.25647898511, 0.35281635987],
      [0.093866941549, 0.31525924347, 0.59087381498],
      [0.030616147844, 0.54078043137, 0.42860342079]
    ],
    [
      [0.51790443318, 0.28261596763, 0.19947959919],
      [0.15096114684, 0.43437126718, 0.41466758598],
      [0.046129104033, 0.6805915172, 0.27327937877]
    ],
    [
      [0.54020697251, 0.24852202044, 0.21127100705],
      [0.16274940548, 0.38964395592, 0.4476066386],
      [0.05099243843, 0.638984962, 0.31002259957]
    ],
    [
      [0.51850681434, 0.20130268104, 0.28019050462],
      [0.1471182273, 0.30095677046, 0.55192500224],
      [0.049904070285, 0.53546744779, 0.41462848192]
    ],
    [
      [0.53320614412, 0.21215753112, 0.25463632475],
      [0.15602257546, 0.32709990212, 0.51687752242],
      [0.051620744692, 0.56811076092, 0.38026849439]
    ],
    [
      [0.43709764732, 0.24533294893, 0.31756940375],
      [0.11113153973, 0.32953927847, 0.5593291818],
      [0.036091907953, 0.55958119165, 0.4043269004]
    ],
    [
      [0.46847260162, 0.26992927903, 0.26159811936],
      [0.12836279396, 0.38223921754, 0.4893979885],
      [0.03959519934, 0.62381796118, 0.33658683948]
    ],
    [
      [0.51628755483, 0.26212826522, 0.22158417995],
      [0.1529391883, 0.40109647869, 0.44596433302],
      [0.046757735954, 0.64830378954, 0.3049384745]
    ],
    [
      [0.39954447712, 0.27319646512, 0.32725905776],
      [0.093909689896, 0.35216664935, 0.55392366076],
      [0.030167178493, 0.58108081945, 0.38875200206]
    ],
    [
      [0.56561882681, 0.2166974736, 0.21768369959],
      [0.17342521184, 0.35643188915, 0.47014289901],
      [0.056414015615, 0.60379435968, 0.3397916247]
    ],
    [
      [0.4142056379, 0.29496416577, 0.29083019633],
      [0.10284626231, 0.38880634371, 0.50834739398],
      [0.031382893201, 0.62503052285, 0.34358658395]
    ],
    [
      [0.6107910998, 0.18814610372, 0.20106279648],
      [0.19503148286, 0.33589620682, 0.46907231032],
      [0.065932431564, 0.58472291579, 0.34934465264]
    ],
    [
      [0.54685916449, 0.19640639472, 0.2567344408],
      [0.16185581483, 0.30768344823, 0.53046073694],
      [0.054666877238, 0.54667767636, 0.3986554464]
    ],
    [
      [0.4754861614, 0.2566411046, 0.267872734],
      [0.13043333089, 0.36603199037, 0.50353467875],
      [0.040841613896, 0.6064489123, 0.35270947381]
    ],
    [
      [0.35745012589, 0.29546578421, 0.3470840899],
      [0.073303438857, 0.36456764861, 0.56212891253],
      [0.023963163517, 0.58939814939, 0.38663868709]
    ],
    [
      [0.45459735219, 0.21641385716, 0.32898879065],
      [0.11904999777, 0.29407558768, 0.58687441455],
      [0.039855286234, 0.51920332074, 0.44094139303]
    ],
    [
      [0.53492373183, 0.16731477579, 0.29776149238],
      [0.15650698586, 0.24910909926, 0.59438391489],
      [0.054920860428, 0.47619047791, 0.46888866167]
    ],
    [
      [0.58672182749, 0.20472716366, 0.20855100885],
      [0.18364625002, 0.34993260508, 0.46642114491],
      [0.060484593421, 0.59855660488, 0.3409588017]
    ],
    [
      [0.45481278386, 0.22791534584, 0.31727187031],
      [0.11923894024, 0.31175928509, 0.56900177467],
      [0.039261911489, 0.5406662153, 0.42007187321]
    ],
    [
      [0.56470855435, 0.20643929055, 0.2288521551],
      [0.1717658824, 0.33703753647, 0.49119658113],
      [0.056964999064, 0.58208069755, 0.36095430339]
    ],
    [
      [0.42214569579, 0.26646952042, 0.31138478379],
      [0.10493379414, 0.35217096912, 0.54289523674],
      [0.033088783012, 0.58505322653, 0.38185799045]
    ],
    [
      [0.46891768208, 0.2338809449, 0.29720137302],
      [0.12260326749, 0.32776479623, 0.54963193628],
      [0.042028859401, 0.56006565732, 0.39790548328]
    ],
    [
      [0.47181586076, 0.24455086489, 0.28363327435],
      [0.1247687729, 0.3460866706, 0.5291445565],
