{
  "X": [
    [31, 69],
    [16, 84],
    [22, 78],
    [26, 74],
    [25, 75],
    [30, 70],
    [34, 66],
    [24, 76],
    [32, 68],
    [29, 71],
    [25, 75],
    [25, 75],
    [31, 69],
    [37, 63],
    [52, 48],
    [40, 60],
    [45, 55],
    [44, 56],
    [39, 61],
    [46, 54],
    [40, 60],
    [47, 53],
    [47, 53],
    [46, 54],
    [47, 53],
    [27, 73],
    [25, 75],
    [31, 69],
    [25, 75],
    [24, 76],
    [23, 77],
    [25, 75],
    [23, 77],
    [28, 72],
    [17, 83],
    [26, 74],
    [28, 72],
    [24, 76],
    [42, 58],
    [30, 70],
    [26, 74],
    [31, 69],
    [25, 75],
    [36, 64],
    [28, 72],
    [35, 65],
    [32, 68],
    [23, 77],
    [25, 75],
    [38, 62]
  ],
  "W": [
    [65, 12, 11, 12],
    [69, 9, 10, 12],
    [60, 16, 12, 12],
    [63, 9, 12, 16],
    [68, 10, 13, 9],
    [64, 15, 9, 12],
    [60, 11, 11, 18],
    [66, 8, 10, 16],
    [64, 11, 11, 14],
    [67, 13, 9, 11],
    [64, 16, 11, 9],
    [56, 16, 10, 18],
    [34, 34, 18, 14],
    [8, 64, 12, 16],
    [13, 74, 5, 8],
    [17, 61, 7, 15],
    [10, 58, 17, 15],
    [14, 55, 21, 10],
    [12, 64, 12, 12],
    [16, 60, 15, 9],
    [16, 61, 14, 9],
    [10, 64, 5, 21],
    [18, 63, 9, 10],
    [11, 68, 11, 10],
    [9, 69, 14, 8],
    [12, 8, 63, 17],
    [19, 9, 63, 9],
    [13, 15, 60, 12],
    [14, 20, 57, 9],
    [11, 10, 67, 12],
    [10, 13, 62, 15],
    [9, 13, 62, 16],
    [11, 9, 71, 9],
    [9, 12, 63, 16],
    [13, 12, 63, 12],
    [11, 13, 66, 10],
    [10, 12, 64, 14],
    [10, 8, 44, 38],
    [10, 15, 12, 63],
    [12, 12, 17, 59],
    [11, 9, 14, 66],
    [16, 15, 7, 62],
    [14, 7, 14, 65],
    [11, 11, 16, 62],
    [14, 14, 11, 61],
    [8, 12, 12, 68],
    [10, 16, 12, 62],
    [14, 12, 18, 56],
    [11, 16, 16, 57],
    [13, 16, 7, 64]
  ],
  "method": "mcmc",
  "mcmc_stepsize": 3000,
  "mcmc_samples": 1000,
  "burn_in": 10000,
  "cond_prob": [
    [
      [0.24724782576, 0.75275217424],
      [0.64810304877, 0.35189695123],
      [0.2506736416, 0.7493263584],
      [0.36618705689, 0.63381294311]
    ],
    [
      [0.12481231835, 0.87518768165],
      [0.43144672166, 0.56855327834],
      [0.1205216037, 0.8794783963],
      [0.1916427918, 0.8083572082]
    ],
    [
      [0.15700127371, 0.84299872629],
      [0.49502094395, 0.50497905605],
      [0.14540751857, 0.85459248143],
      [0.24289152093, 0.75710847907]
    ],
    [
      [0.20597660974, 0.79402339026],
      [0.57251795063, 0.42748204937],
      [0.21551449248, 0.78448550752],
      [0.33028988257, 0.66971011743]
    ],
    [
      [0.20331434023, 0.79668565977],
      [0.59519898143, 0.40480101857],
      [0.19460846234, 0.80539153766],
      [0.29919167104, 0.70080832896]
    ],
    [
      [0.22761009646, 0.77238990354],
      [0.62259329892, 0.37740670108],
      [0.22060126162, 0.77939873838],
      [0.34238691568, 0.65761308432]
    ],
    [
      [0.26558368773, 0.73441631227],
      [0.661978964, 0.338021036],
      [0.26314582477, 0.73685417523],
      [0.43825589221, 0.56174410779]
    ],
    [
      [0.19379910303, 0.80620089697],
      [0.54979570699, 0.45020429301],
      [0.19868112329, 0.80131887671],
      [0.30150514446, 0.69849485554]
    ],
    [
      [0.2543084681, 0.7456915319],
      [0.65479610362, 0.34520389638],
      [0.2566920506, 0.7433079494],
      [0.40699202464, 0.59300797536]
    ],
    [
      [0.22514413562, 0.77485586438],
      [0.62916199336, 0.37083800664],
      [0.22169657187, 0.77830342813],
      [0.3400879866, 0.6599120134]
    ],
    [
      [0.18419124749, 0.81580875251],
      [0.53941231483, 0.46058768517],
      [0.18072024934, 0.81927975066],
      [0.28813782005, 0.71186217995]
    ],
    [
      [0.17297472459, 0.82702527541],
      [0.5330433946, 0.4669566054],
      [0.17443915814, 0.82556084186],
      [0.28001830712, 0.71998169288]
    ],
    [
      [0.16291825942, 0.83708174058],
      [0.54381705568, 0.45618294432],
      [0.16813285735, 0.83186714265],
      [0.28175770387, 0.71824229613]
    ],
    [
      [0.17478859294, 0.82521140706],
      [0.4704322455, 0.5295677545],
      [0.13135129969, 0.86864870031],
      [0.24486324676, 0.75513675324]
    ],
    [
      [0.23286459356, 0.76713540644],
      [0.60797564651, 0.39202435349],
      [0.22715618259, 0.77284381741],
      [0.35584769112, 0.64415230888]
    ],
    [
      [0.17704177007, 0.82295822993],
      [0.51780965795, 0.48219034205],
      [0.17680769135, 0.82319230865],
      [0.27774979564, 0.72225020436]
    ],
    [
      [0.23144812264, 0.76855187736],
      [0.59047695717, 0.40952304283],
      [0.20678274538, 0.79321725462],
      [0.32816990575, 0.67183009425]
    ],
    [
      [0.23299636573, 0.76700363427],
      [0.59531795165, 0.40468204835],
      [0.2099655882, 0.7900344118],
      [0.35862861868, 0.64137138132]
    ],
    [
      [0.16331903147, 0.83668096853],
      [0.50122393115, 0.49877606885],
      [0.15167074716, 0.84832925284],
      [0.26181592189, 0.73818407811]
    ],
    [
      [0.22922177829, 0.77077822171],
      [0.59829354081, 0.40170645919],
      [0.21063167441, 0.78936832559],
      [0.3639293314, 0.6360706686]
    ],
    [
      [0.18703358808, 0.81296641192],
      [0.52220589356, 0.47779410644],
      [0.17578998686, 0.82421001314],
      [0.29909369637, 0.70090630363]
    ],
    [
      [0.21535700021, 0.78464299979],
      [0.57964717539, 0.42035282461],
      [0.21563408019, 0.78436591981],
      [0.31765906534, 0.68234093466]
    ],
    [
      [0.22656580993, 0.77343419007],
      [0.59392276376, 0.40607723624],
      [0.21404321758, 0.78595678242],
      [0.35782923464, 0.64217076536]
    ],
    [
      [0.21432689667, 0.78567310333],
      [0.56613589534, 0.43386410466],
      [0.1795793592, 0.8204206408],
      [0.31697903026, 0.68302096974]
    ],
    [
      [0.23128591425, 0.76871408575],
      [0.57344260623, 0.42655739377],
      [0.18867532643, 0.81132467357],
      [0.33867904645, 0.66132095355]
    ],
    [
      [0.23534795355, 0.76465204645],
      [0.60757893085, 0.39242106915],
      [0.21237500269, 0.78762499731],
      [0.34915105538, 0.65084894462]
    ],
    [
      [0.21556513727, 0.78443486273],
      [0.59326981568, 0.40673018432],
      [0.19835477126, 0.80164522874],
      [0.34094260682, 0.65905739318]
    ],
    [
      [0.2533680377, 0.7466319623],
      [0.6530027696, 0.3469972304],
      [0.22676457845, 0.77323542155],
      [0.35877493825, 0.64122506175]
    ],
    [
      [0.17343015892, 0.82656984108],
      [0.54400640085, 0.45599359915],
      [0.16193336306, 0.83806663694],
      [0.27351645149, 0.72648354851]
    ],
    [
      [0.20117329119, 0.79882670881],
      [0.55266419912, 0.44733580088],
      [0.18811632097, 0.81188367903],
      [0.30472152508, 0.69527847492]
    ],
    [
      [0.17550944984, 0.82449055016],
      [0.52850965983, 0.47149034017],
      [0.16515022386, 0.83484977614],
      [0.27566440297, 0.72433559703]
    ],
    [
      [0.1942628881, 0.8057371119],
      [0.55554591527, 0.44445408473],
      [0.18326357689, 0.81673642311],
      [0.29169970882, 0.70830029118]
    ],
    [
      [0.18742274581, 0.81257725419],
      [0.57126662427, 0.42873337573],
      [0.18347950816, 0.81652049184],
      [0.3077672331, 0.6922327669]
    ],
    [
      [0.22147135193, 0.77852864807],
      [0.60593058857, 0.39406941143],
      [0.21190933357, 0.78809066643],
      [0.33658142219, 0.66341857781]
    ],
    [
      [0.13494159144, 0.86505840856],
      [0.45475339145, 0.54524660855],
      [0.11532983615, 0.88467016385],
      [0.21024491136, 0.78975508864]
    ],
    [
      [0.20100273464, 0.79899726536],
      [0.57757242472, 0.42242757528],
      [0.19799282953, 0.80200717047],
      [0.32130016486, 0.67869983514]
    ],
    [
      [0.22435565188, 0.77564434812],
      [0.6089208907, 0.3910791093],
      [0.21446629334, 0.78553370666],
      [0.33739642995, 0.66260357005]
    ],
    [
      [0.17765817221, 0.82234182779],
