{
  "X": [
    [84, 16],
    [81, 19],
    [86, 14],
    [88, 12],
    [87, 13],
    [81, 19],
    [85, 15],
    [81, 19],
    [77, 23],
    [82, 18],
    [83, 17],
    [83, 17],
    [71, 29],
    [75, 25],
    [74, 26],
    [66, 34],
    [73, 27],
    [76, 24],
    [68, 32],
    [82, 18],
    [75, 25],
    [68, 32],
    [79, 21],
    [71, 29],
    [67, 33],
    [65, 35],
    [66, 34],
    [66, 34],
    [61, 39],
    [58, 42],
    [66, 34],
    [62, 38],
    [58, 42],
    [57, 43],
    [63, 37],
    [65, 35],
    [59, 41],
    [76, 24],
    [83, 17],
    [87, 13],
    [83, 17],
    [84, 16],
    [84, 16],
    [80, 20],
    [81, 19],
    [76, 24],
    [75, 25],
    [82, 18],
    [86, 14],
    [86, 14]
  ],
  "W": [
    [60, 11, 15, 14],
    [68, 9, 13, 10],
    [55, 13, 13, 19],
    [62, 12, 15, 11],
    [64, 9, 16, 11],
    [61, 15, 13, 11],
    [64, 13, 11, 12],
    [57, 16, 14, 13],
    [56, 6, 24, 14],
    [64, 10, 7, 19],
    [64, 10, 15, 11],
    [68, 11, 10, 11],
    [36, 32, 16, 16],
    [11, 60, 14, 15],
    [17, 65, 7, 11],
    [11, 68, 12, 9],
    [18, 59, 16, 7],
    [11, 69, 4, 16],
    [14, 63, 13, 10],
    [12, 63, 11, 14],
    [15, 65, 13, 7],
    [6, 67, 19, 8],
    [15, 61, 8, 16],
    [12, 62, 14, 12],
    [11, 58, 10, 21],
    [11, 15, 61, 13],
    [14, 10, 59, 17],
    [12, 13, 59, 16],
    [9, 10, 56, 25],
    [12, 12, 60, 16],
    [19, 8, 65, 8],
    [13, 14, 62, 11],
    [9, 12, 67, 12],
    [9, 8, 68, 15],
    [13, 13, 65, 9],
    [12, 11, 65, 12],
    [9, 18, 63, 10],
    [17, 12, 30, 41],
    [13, 13, 10, 64],
    [15, 13, 7, 65],
    [10, 11, 11, 68],
    [8, 20, 12, 60],
    [11, 15, 13, 61],
    [12, 17, 18, 53],
    [10, 13, 14, 63],
    [15, 12, 15, 58],
    [14, 12, 18, 56],
    [16, 16, 13, 55],
    [14, 12, 6, 68],
    [21, 13, 10, 56]
  ],
  "method": "mcmc",
  "mcmc_stepsize": 3000,
  "mcmc_samples": 1000,
  "burn_in": 10000,
  "cond_prob": [
    [
      [0.92297607866, 0.077023921341],
      [0.71974558751, 0.28025441249],
      [0.52169045879, 0.47830954121],
      [0.91991978115, 0.080080218851]
    ],
    [
      [0.88966441317, 0.11033558683],
      [0.64541515879, 0.35458484121],
      [0.44348199327, 0.55651800673],
      [0.89288175627, 0.10711824373]
    ],
    [
      [0.93018029781, 0.069819702192],
      [0.75102761281, 0.24897238719],
      [0.56029027471, 0.43970972529],
      [0.93647110962, 0.063528890381]
    ],
    [
      [0.94534495309, 0.054655046906],
      [0.79275840458, 0.20724159542],
      [0.62982032745, 0.37017967255],
      [0.94801883104, 0.051981168955]
    ],
    [
      [0.9384331558, 0.061566844202],
      [0.78306880454, 0.21693119546],
      [0.59901308939, 0.40098691061],
      [0.9371317598, 0.0628682402]
    ],
    [
      [0.90106435968, 0.098935640325],
      [0.66987786976, 0.33012213024],
      [0.46519593045, 0.53480406955],
      [0.90357808341, 0.096421916587]
    ],
    [
      [0.91868195198, 0.081318048019],
      [0.72854861882, 0.27145138118],
      [0.51438301358, 0.48561698642],
      [0.92291748994, 0.077082510065]
    ],
    [
      [0.90569251392, 0.094307486082],
      [0.68098871304, 0.31901128696],
      [0.47557114596, 0.52442885404],
      [0.90936240419, 0.090637595806]
    ],
    [
      [0.88876954722, 0.11123045278],
      [0.64911136069, 0.35088863931],
      [0.44616219081, 0.55383780919],
      [0.90188175802, 0.09811824198]
    ],
    [
      [0.87701973546, 0.12298026454],
      [0.61101881651, 0.38898118349],
      [0.40229856664, 0.59770143336],
      [0.891813621, 0.108186379]
    ],
    [
      [0.91528557441, 0.084714425587],
      [0.69770477188, 0.30229522812],
      [0.4941713409, 0.5058286591],
      [0.9120095823, 0.087990417698]
    ],
    [
      [0.90009566306, 0.099904336939],
      [0.6556044853, 0.3443955147],
      [0.4552013066, 0.5447986934],
      [0.91180295523, 0.088197044769]
    ],
    [
      [0.86682604047, 0.13317395953],
      [0.59797596896, 0.40202403104],
      [0.40652979446, 0.59347020554],
      [0.88465967658, 0.11534032342]
    ],
    [
      [0.90966369392, 0.090336306075],
      [0.71847079256, 0.28152920744],
      [0.56447362605, 0.43552637395],
      [0.93218806991, 0.067811930092]
    ],
    [
      [0.91080473788, 0.089195262119],
      [0.69181497114, 0.30818502886],
      [0.5001191833, 0.4998808167],
      [0.91341018626, 0.086589813739]
    ],
    [
      [0.87313042923, 0.12686957077],
      [0.63352380512, 0.36647619488],
      [0.43394320338, 0.56605679662],
      [0.90095867663, 0.099041323368]
    ],
    [
      [0.90542000157, 0.094579998428],
      [0.70895787029, 0.29104212971],
      [0.53997451897, 0.46002548103],
      [0.89061904588, 0.10938095412]
    ],
    [
      [0.9231403175, 0.076859682503],
      [0.71046652515, 0.28953347485],
      [0.48938498571, 0.51061501429],
      [0.9291078956, 0.070892104405]
    ],
    [
      [0.87452693276, 0.12547306724],
      [0.64697193974, 0.35302806026],
      [0.45557101089, 0.54442898911],
      [0.90749675959, 0.09250324041]
    ],
    [
      [0.94286548762, 0.057134512378],
      [0.79639360195, 0.20360639805],
      [0.66389626526, 0.33610373474],
      [0.94356845057, 0.05643154943]
    ],
    [
      [0.91902166901, 0.080978330992],
      [0.72559495109, 0.27440504891],
      [0.58610975936, 0.41389024064],
      [0.91879661031, 0.081203389692]
    ],
    [
      [0.87556298324, 0.12443701676],
      [0.68503155137, 0.31496844863],
      [0.50401938717, 0.49598061283],
      [0.90914247533, 0.09085752467]
    ],
    [
      [0.93188248044, 0.068117519557],
      [0.74616996651, 0.25383003349],
      [0.56111977473, 0.43888022527],
      [0.93852728992, 0.061472710082]
    ],
    [
      [0.89889519573, 0.10110480427],
      [0.67864139073, 0.32135860927],
      [0.50867462271, 0.49132537729],
      [0.91800389235, 0.081996107649]
    ],
    [
      [0.85587177066, 0.14412822934],
      [0.60264631808, 0.39735368192],
      [0.4027539494, 0.5972460506],
      [0.88592307523, 0.11407692477]
    ],
    [
      [0.89929694116, 0.10070305884],
      [0.70135139671, 0.29864860329],
      [0.53107512346, 0.46892487654],
      [0.9378369358, 0.062163064201]
    ],
    [
      [0.90619873011, 0.093801269889],
      [0.68493839983, 0.31506160017],
      [0.51875132709, 0.48124867291],
      [0.9327944401, 0.067205559905]
    ],
    [
      [0.89805946925, 0.10194053075],
      [0.69959317964, 0.30040682036],
      [0.52650653057, 0.47349346943],
      [0.94154310811, 0.058456891886]
    ],
    [
      [0.86718123235, 0.13281876765],
      [0.5979626394, 0.4020373606],
      [0.44011050508, 0.55988949492],
      [0.90278216921, 0.097217830788]
    ],
    [
      [0.86462004015, 0.13537995985],
      [0.62030231252, 0.37969768748],
      [0.427041788, 0.572958212],
      [0.90990153049, 0.090098469505]
    ],
    [
      [0.93085052561, 0.069149474391],
      [0.74310058288, 0.25689941712],
      [0.53448494968, 0.46551505032],
      [0.95343920265, 0.046560797352]
    ],
    [
      [0.88994149638, 0.11005850362],
      [0.6809197244, 0.3190802756],
      [0.49273812626, 0.50726187374],
      [0.94073823429, 0.059261765709]
    ],
    [
      [0.88476026553, 0.11523973447],
      [0.6466045549, 0.3533954451],
      [0.46513431348, 0.53486568652],
      [0.92615866233, 0.073841337667]
    ],
    [
      [0.88059381813, 0.11940618187],
      [0.62747974897, 0.37252025103],
      [0.44617883947, 0.55382116053],
      [0.91431043739, 0.085689562606]
    ],
    [
      [0.90064920187, 0.099350798127],
      [0.69746036921, 0.30253963079],
      [0.51838212034, 0.48161787966],
      [0.94774863928, 0.052251360721]
    ],
    [
      [0.91130330627, 0.088696693727],
      [0.70196069867, 0.29803930133],
      [0.53639513401, 0.46360486599],
      [0.95642574405, 0.043574255949]
    ],
    [
      [0.88996465457, 0.11003534543],
      [0.69495803275, 0.30504196725],
      [0.46693647567, 0.53306352433],
      [0.90640755525, 0.093592444754]
    ],
    [
