{
  "X": [
    [45, 55],
    [41, 59],
    [43, 57],
    [36, 64],
    [39, 61],
    [48, 52],
    [38, 62],
    [35, 65],
    [42, 58],
    [38, 62],
    [38, 62],
    [40, 60],
    [32, 68],
    [19, 81],
    [20, 80],
    [28, 72],
    [21, 79],
    [34, 66],
    [22, 78],
    [37, 63],
    [22, 78],
    [24, 76],
    [22, 78],
    [33, 67],
    [25, 75],
    [44, 56],
    [41, 59],
    [43, 57],
    [52, 48],
    [46, 54],
    [54, 46],
    [48, 52],
    [36, 64],
    [44, 56],
    [43, 57],
    [49, 51],
    [43, 57],
    [42, 58],
    [35, 65],
    [47, 53],
    [37, 63],
    [40, 60],
    [32, 68],
    [31, 69],
    [47, 53],
    [33, 67],
    [39, 61],
    [37, 63],
    [42, 58],
    [35, 65]
  ],
  "W": [
    [56, 9, 21, 14],
    [58, 22, 16, 4],
    [54, 16, 20, 10],
    [57, 13, 11, 19],
    [61, 14, 12, 13],
    [64, 11, 16, 9],
    [68, 12, 9, 11],
    [63, 14, 13, 10],
    [63, 13, 15, 9],
    [59, 15, 12, 14],
    [66, 6, 12, 16],
    [63, 14, 10, 13],
    [43, 32, 15, 10],
    [11, 61, 16, 12],
    [9, 63, 12, 16],
    [12, 63, 15, 10],
    [13, 62, 15, 10],
    [16, 59, 13, 12],
    [12, 63, 13, 12],
    [14, 61, 16, 9],
    [16, 59, 14, 11],
    [14, 64, 10, 12],
    [9, 61, 14, 16],
    [12, 62, 11, 15],
    [14, 62, 18, 6],
    [10, 15, 62, 13],
    [14, 13, 61, 12],
    [12, 16, 64, 8],
    [13, 16, 57, 14],
    [15, 9, 63, 13],
    [17, 14, 59, 10],
    [11, 10, 69, 10],
    [14, 13, 60, 13],
    [13, 18, 54, 15],
    [10, 13, 67, 10],
    [14, 14, 56, 16],
    [11, 10, 65, 14],
    [17, 9, 34, 40],
    [13, 12, 14, 61],
    [12, 11, 10, 67],
    [7, 14, 16, 63],
    [9, 8, 12, 71],
    [13, 11, 10, 66],
    [18, 15, 7, 60],
    [14, 10, 10, 66],
    [8, 9, 11, 72],
    [16, 17, 11, 56],
    [12, 14, 13, 61],
    [13, 12, 9, 66],
    [17, 16, 7, 60]
  ],
  "method": "mcmc",
  "mcmc_stepsize": 3000,
  "mcmc_samples": 1000,
  "burn_in": 10000,
  "cond_prob": [
    [
      [0.48489191986, 0.51510808014],
      [0.11229540163, 0.88770459837],
      [0.54597323438, 0.45402676562],
      [0.38356828223, 0.61643171777]
    ],
    [
      [0.48802466503, 0.51197533497],
      [0.11683937816, 0.88316062184],
      [0.53737059527, 0.46262940473],
      [0.38154339618, 0.61845660382]
    ],
    [
      [0.48832015386, 0.51167984614],
      [0.11360671445, 0.88639328555],
      [0.54536094125, 0.45463905875],
      [0.39057854353, 0.60942145647]
    ],
    [
      [0.4085188271, 0.5914811729],
      [0.089132259755, 0.91086774024],
      [0.49456111066, 0.50543888934],
      [0.3218702769, 0.6781297231]
    ],
    [
      [0.44030250436, 0.55969749564],
      [0.11157563653, 0.88842436347],
      [0.51353460299, 0.48646539701],
      [0.33977485284, 0.66022514716]
    ],
    [
      [0.52657836238, 0.47342163762],
      [0.13745766505, 0.86254233495],
      [0.55535422104, 0.44464577896],
      [0.43347588391, 0.56652411609]
    ],
    [
      [0.41989102331, 0.58010897669],
      [0.1091530498, 0.8908469502],
      [0.50780271722, 0.49219728278],
      [0.32430448747, 0.67569551253]
    ],
    [
      [0.3922126182, 0.6077873818],
      [0.098088802647, 0.90191119735],
      [0.44992234716, 0.55007765284],
      [0.30683713033, 0.69316286967]
    ],
    [
      [0.47148291325, 0.52851708675],
      [0.11205815249, 0.88794184751],
      [0.50733557396, 0.49266442604],
      [0.35886520819, 0.64113479181]
    ],
    [
      [0.43528822852, 0.56471177148],
      [0.10419716441, 0.89580283559],
      [0.50422115063, 0.49577884937],
      [0.33602737455, 0.66397262545]
    ],
    [
      [0.40258138044, 0.59741861956],
      [0.10156390771, 0.89843609229],
      [0.48216483598, 0.51783516402],
      [0.3146417133, 0.6853582867]
    ],
    [
      [0.45540505404, 0.54459494596],
      [0.11524111922, 0.88475888078],
      [0.52686074197, 0.47313925803],
      [0.3405768082, 0.6594231918]
    ],
    [
      [0.42947241738, 0.57052758262],
      [0.08865256878, 0.91134743122],
      [0.48832683993, 0.51167316007],
      [0.33709012526, 0.66290987474]
    ],
    [
      [0.3533881823, 0.6466118177],
      [0.085383665283, 0.91461633472],
      [0.41605394566, 0.58394605434],
      [0.27062194016, 0.72937805984]
    ],
    [
      [0.38512374478, 0.61487625522],
      [0.09949274663, 0.90050725337],
      [0.4489640465, 0.5510359535],
      [0.30489216883, 0.69510783117]
    ],
    [
      [0.52528761285, 0.47471238715],
      [0.1449191137, 0.8550808863],
      [0.56956435136, 0.43043564864],
      [0.40231792123, 0.59768207877]
    ],
    [
      [0.40165028396, 0.59834971604],
      [0.095019707432, 0.90498029257],
      [0.45411292308, 0.54588707692],
      [0.30756306016, 0.69243693984]
    ],
    [
      [0.58864187384, 0.41135812616],
      [0.1793978324, 0.8206021676],
      [0.65002558697, 0.34997441303],
      [0.46224377301, 0.53775622699]
    ],
    [
      [0.41700088976, 0.58299911024],
      [0.10883265512, 0.89116734488],
      [0.47999803502, 0.52000196498],
      [0.32496313291, 0.67503686709]
    ],
    [
      [0.62771434815, 0.37228565185],
      [0.20554368078, 0.79445631922],
      [0.68067176966, 0.31932823034],
      [0.5314540315, 0.4685459685]
    ],
    [
      [0.40268720704, 0.59731279296],
      [0.098151418057, 0.90184858194],
      [0.45368583498, 0.54631416502],
      [0.31040630293, 0.68959369707]
    ],
    [
      [0.46834377729, 0.53165622271],
      [0.12205337468, 0.87794662532],
      [0.53570601507, 0.46429398493],
      [0.35622591566, 0.64377408434]
    ],
    [
      [0.41068154965, 0.58931845035],
      [0.10629919031, 0.89370080969],
      [0.47345046791, 0.52654953209],
      [0.32445680585, 0.67554319415]
    ],
    [
      [0.58313247693, 0.41686752307],
      [0.18753318199, 0.81246681801],
      [0.65108401601, 0.34891598399],
      [0.48089525449, 0.51910474551]
    ],
    [
      [0.46649534481, 0.53350465519],
      [0.11456824752, 0.88543175248],
      [0.50409823961, 0.49590176039],
      [0.38201091887, 0.61798908113]
    ],
    [
      [0.49516136668, 0.50483863332],
      [0.11333179178, 0.88666820822],
      [0.52444780429, 0.47555219571],
      [0.37174196851, 0.62825803149]
    ],
    [
      [0.43882852092, 0.56117147908],
      [0.098583308964, 0.90141669104],
      [0.48419750503, 0.51580249497],
      [0.33656415697, 0.66343584303]
    ],
    [
      [0.46856471127, 0.53143528873],
      [0.10897806656, 0.89102193344],
      [0.50891792766, 0.49108207234],
      [0.3828533787, 0.6171466213]
    ],
    [
      [0.57367590617, 0.42632409383],
      [0.15916817367, 0.84083182633],
      [0.6263900017, 0.3736099983],
      [0.44937802457, 0.55062197543]
    ],
    [
      [0.48336767911, 0.51663232089],
      [0.1165622046, 0.8834377954],
      [0.52414119652, 0.47585880348],
      [0.35996381469, 0.64003618531]
    ],
    [
      [0.56424113848, 0.43575886152],
      [0.15894836478, 0.84105163522],
      [0.63625989044, 0.36374010956],
      [0.46432900028, 0.53567099972]
    ],
    [
      [0.48862607772, 0.51137392228],
      [0.11408802159, 0.88591197841],
      [0.54299057604, 0.45700942396],
      [0.40178831826, 0.59821168174]
    ],
    [
      [0.39714944317, 0.60285055683],
      [0.079294218407, 0.92070578159],
      [0.42663344386, 0.57336655614],
      [0.2931597173, 0.7068402827]
    ],
    [
      [0.50279081213, 0.49720918787],
      [0.11411498993, 0.88588501007],
      [0.5458085333, 0.4541914667],
      [0.39573258835, 0.60426741165]
    ],
    [
      [0.45300062079, 0.54699937921],
      [0.104021915, 0.895978085],
      [0.4993239961, 0.5006760039],
      [0.36630011584, 0.63369988416]
    ],
    [
      [0.53415833988, 0.46584166012],
      [0.13721085089, 0.86278914911],
      [0.58771733669, 0.41228266331],
      [0.41804127964, 0.58195872036]
    ],
    [
      [0.44821768696, 0.55178231304],
      [0.095514970059, 0.90448502994],
      [0.49728516554, 0.50271483446],
      [0.34220857021, 0.65779142979]
    ],
    [
      [0.46710669891, 0.53289330109],
