{
  "X": [
    [68, 32],
    [70, 30],
    [66, 34],
    [70, 30],
    [68, 32],
    [72, 28],
    [73, 27],
    [72, 28],
    [72, 28],
    [66, 34],
    [64, 36],
    [66, 34],
    [54, 46],
    [36, 64],
    [36, 64],
    [40, 60],
    [33, 67],
    [30, 70],
    [39, 61],
    [25, 75],
    [36, 64],
    [35, 65],
    [37, 63],
    [42, 58],
    [37, 63],
    [59, 41],
    [55, 45],
    [51, 49],
    [51, 49],
    [61, 39],
    [64, 36],
    [57, 43],
    [55, 45],
    [49, 51],
    [53, 47],
    [55, 45],
    [60, 40],
    [77, 23],
    [83, 17],
    [75, 25],
    [84, 16],
    [81, 19],
    [77, 23],
    [81, 19],
    [77, 23],
    [76, 24],
    [82, 18],
    [77, 23],
    [71, 29],
    [75, 25]
  ],
  "W": [
    [57, 12, 12, 19],
    [65, 14, 11, 10],
    [62, 15, 12, 11],
    [57, 6, 22, 15],
    [64, 12, 10, 14],
    [57, 16, 12, 15],
    [69, 10, 9, 12],
    [67, 11, 8, 14],
    [62, 15, 10, 13],
    [59, 10, 18, 13],
    [58, 15, 11, 16],
    [62, 17, 10, 11],
    [29, 36, 17, 18],
    [13, 58, 14, 15],
    [16, 60, 13, 11],
    [13, 62, 10, 15],
    [10, 65, 12, 13],
    [9, 64, 14, 13],
    [16, 64, 14, 6],
    [11, 68, 14, 7],
    [7, 70, 9, 14],
    [19, 59, 15, 7],
    [14, 67, 9, 10],
    [12, 54, 16, 18],
    [11, 61, 14, 14],
    [18, 11, 62, 9],
    [12, 12, 61, 15],
    [9, 16, 65, 10],
    [12, 10, 61, 17],
    [6, 13, 67, 14],
    [17, 7, 66, 10],
    [11, 6, 67, 16],
    [12, 16, 66, 6],
    [15, 10, 66, 9],
    [10, 15, 61, 14],
    [11, 18, 58, 13],
    [12, 7, 60, 21],
    [15, 12, 33, 40],
    [13, 10, 12, 65],
    [12, 16, 10, 62],
    [12, 8, 10, 70],
    [13, 9, 13, 65],
    [15, 16, 10, 59],
    [14, 9, 10, 67],
    [13, 14, 18, 55],
    [15, 14, 14, 57],
    [14, 11, 11, 64],
    [15, 17, 12, 56],
    [16, 16, 13, 55],
    [19, 16, 8, 57]
  ],
  "method": "mcmc",
  "mcmc_stepsize": 3000,
  "mcmc_samples": 1000,
  "burn_in": 10000,
  "cond_prob": [
    [
      [0.75344619881, 0.24655380119],
      [0.067381546283, 0.93261845372],
      [0.46411306597, 0.53588693403],
      [0.98292796426, 0.017072035744]
    ],
    [
      [0.80603953973, 0.19396046027],
      [0.1356957708, 0.8643042292],
      [0.53008658424, 0.46991341576],
      [0.98767366996, 0.012326330041]
    ],
    [
      [0.77147469826, 0.22852530174],
      [0.10134207507, 0.89865792493],
      [0.48764711971, 0.51235288029],
      [0.98151564956, 0.018484350437]
    ],
    [
      [0.75216323097, 0.24783676903],
      [0.12615549797, 0.87384450203],
      [0.52553570616, 0.47446429384],
      [0.98719848742, 0.012801512575]
    ],
    [
      [0.7573706898, 0.2426293102],
      [0.083134173897, 0.9168658261],
      [0.47669829722, 0.52330170278],
      [0.98312019955, 0.01687980045]
    ],
    [
      [0.83296579374, 0.16703420626],
      [0.14683068828, 0.85316931172],
      [0.61237060923, 0.38762939077],
      [0.98821409559, 0.011785904411]
    ],
    [
      [0.80193500187, 0.19806499813],
      [0.10995666705, 0.89004333295],
      [0.52680378436, 0.47319621564],
      [0.98547367844, 0.014526321555]
    ],
    [
      [0.79341296743, 0.20658703257],
      [0.10151024633, 0.89848975367],
      [0.48714933537, 0.51285066463],
      [0.98768027068, 0.012319729316]
    ],
    [
      [0.8235186449, 0.1764813551],
      [0.16037004299, 0.83962995701],
      [0.56527455776, 0.43472544224],
      [0.99104213797, 0.008957862027]
    ],
    [
      [0.74267573335, 0.25732426665],
      [0.079447195063, 0.92055280494],
      [0.47756102102, 0.52243897898],
      [0.98396626178, 0.016033738218]
    ],
    [
      [0.73727069351, 0.26272930649],
      [0.067447853248, 0.93255214675],
      [0.4098442906, 0.5901557094],
      [0.98239342381, 0.017606576186]
    ],
    [
      [0.77637789013, 0.22362210987],
      [0.1137610475, 0.8862389525],
      [0.50642331858, 0.49357668142],
      [0.98785452896, 0.012145471037]
    ],
    [
      [0.76986349237, 0.23013650763],
      [0.12359422897, 0.87640577103],
      [0.54733519742, 0.45266480258],
      [0.99554822901, 0.004451770988]
    ],
    [
      [0.72473689161, 0.27526310839],
      [0.093411381683, 0.90658861832],
      [0.45527046199, 0.54472953801],
      [0.98578492025, 0.014215079755]
    ],
    [
      [0.78692544664, 0.21307455336],
      [0.10513929456, 0.89486070544],
      [0.47665827023, 0.52334172977],
      [0.99129796977, 0.0087020302348]
    ],
    [
      [0.81275790558, 0.18724209442],
      [0.13964735514, 0.86035264486],
      [0.59078392461, 0.40921607539],
      [0.99121146416, 0.00878853584]
    ],
    [
      [0.77590417323, 0.22409582677],
      [0.10157813371, 0.89842186629],
      [0.48352018017, 0.51647981983],
      [0.98739518571, 0.012604814288]
    ],
    [
      [0.70525460141, 0.29474539859],
      [0.080476799046, 0.91952320095],
      [0.40303725347, 0.59696274653],
      [0.98920553075, 0.010794469247]
    ],
    [
      [0.85113780589, 0.14886219411],
      [0.16234788786, 0.83765211214],
      [0.64606625169, 0.35393374831],
      [0.9911004598, 0.0088995402025]
    ],
    [
      [0.67719597421, 0.32280402579],
      [0.072450389468, 0.92754961053],
      [0.40770445584, 0.59229554416],
      [0.98805077401, 0.01194922599]
    ],
    [
      [0.84937087052, 0.15062912948],
      [0.15069660834, 0.84930339166],
      [0.63412732349, 0.36587267651],
      [0.98560681508, 0.014393184918]
    ],
    [
      [0.75158671563, 0.24841328437],
      [0.11149274739, 0.88850725261],
      [0.47997316223, 0.52002683777],
      [0.99174041047, 0.0082595895334]
    ],
    [
      [0.82667735214, 0.17332264786],
      [0.14866708413, 0.85133291587],
      [0.61606604626, 0.38393395374],
      [0.99212280167, 0.0078771983295]
    ],
    [
      [0.76443865132, 0.23556134868],
      [0.11845769742, 0.88154230258],
      [0.53268733393, 0.46731266607],
      [0.99483462116, 0.0051653788444]
    ],
    [
      [0.79826812436, 0.20173187564],
      [0.11369883306, 0.88630116694],
      [0.53209767066, 0.46790232934],
      [0.98814674473, 0.011853255272]
    ],
    [
      [0.78613003385, 0.21386996615],
      [0.12900958761, 0.87099041239],
      [0.55673783199, 0.44326216801],
      [0.99031203817, 0.0096879618289]
    ],
    [
      [0.76869220236, 0.23130779764],
      [0.098300189192, 0.90169981081],
      [0.48759950442, 0.51240049558],
      [0.99016810212, 0.0098318978763]
    ],
    [
      [0.75745415563, 0.24254584437],
      [0.097390303371, 0.90260969663],
      [0.503304913, 0.496695087],
      [0.99098484004, 0.0090151599562]
    ],
    [
      [0.71061392319, 0.28938607681],
      [0.072066405452, 0.92793359455],
      [0.40856199412, 0.59143800588],
      [0.98998160152, 0.010018398479]
    ],
    [
      [0.8030446953, 0.1969553047],
      [0.14535040333, 0.85464959667],
      [0.60291496942, 0.39708503058],
      [0.99263383098, 0.0073661690171]
    ],
    [
      [0.81227689213, 0.18772310787],
      [0.21536422675, 0.78463577325],
      [0.58765293837, 0.41234706163],
      [0.98986493143, 0.010135068575]
    ],
    [
      [0.76433149167, 0.23566850833],
      [0.12067370077, 0.87932629923],
      [0.47856301426, 0.52143698574],
      [0.98778683948, 0.01221316052]
    ],
    [
      [0.80933912444, 0.19066087556],
      [0.10583530756, 0.89416469244],
      [0.5705916234, 0.4294083766],
      [0.98925307358, 0.010746926417]
    ],
    [
      [0.71944433391, 0.28055566609],
      [0.060163019599, 0.9398369804],
      [0.43515620455, 0.56484379545],
      [0.987377255, 0.012622745003]
    ],
    [
      [0.76401035235, 0.23598964765],
      [0.10275731377, 0.89724268623],
      [0.49072656493, 0.50927343507],
      [0.99172973637, 0.0082702636325]
    ],
    [
      [0.79069779932, 0.20930220068],
      [0.14180603895, 0.85819396105],
      [0.53315878225, 0.46684121775],
      [0.98666201047, 0.013337989531]
    ],
    [
      [0.75650810491, 0.24349189509],
      [0.11349946102, 0.88650053898],
      [0.49046849455, 0.50953150545],
