{
  "X": [
    [16, 84],
    [14, 86],
    [15, 85],
    [15, 85],
    [12, 88],
    [17, 83],
    [20, 80],
    [17, 83],
    [17, 83],
    [10, 90],
    [14, 86],
    [14, 86],
    [15, 85],
    [16, 84],
    [18, 82],
    [22, 78],
    [10, 90],
    [10, 90],
    [14, 86],
    [17, 83],
    [15, 85],
    [11, 89],
    [9, 91],
    [9, 91],
    [14, 86],
    [45, 55],
    [35, 65],
    [39, 61],
    [45, 55],
    [42, 58],
    [37, 63],
    [42, 58],
    [49, 51],
    [43, 57],
    [43, 57],
    [44, 56],
    [42, 58],
    [36, 64],
    [42, 58],
    [43, 57],
    [41, 59],
    [40, 60],
    [35, 65],
    [39, 61],
    [39, 61],
    [38, 62],
    [44, 56],
    [41, 59],
    [35, 65],
    [47, 53]
  ],
  "W": [
    [77, 23],
    [74, 26],
    [75, 25],
    [79, 21],
    [78, 22],
    [76, 24],
    [74, 26],
    [73, 27],
    [73, 27],
    [77, 23],
    [75, 25],
    [78, 22],
    [77, 23],
    [66, 34],
    [77, 23],
    [67, 33],
    [84, 16],
    [78, 22],
    [78, 22],
    [70, 30],
    [69, 31],
    [75, 25],
    [72, 28],
    [86, 14],
    [73, 27],
    [23, 77],
    [31, 69],
    [23, 77],
    [20, 80],
    [24, 76],
    [25, 75],
    [26, 74],
    [18, 82],
    [24, 76],
    [24, 76],
    [26, 74],
    [19, 81],
    [33, 67],
    [27, 73],
    [18, 82],
    [21, 79],
    [26, 74],
    [24, 76],
    [25, 75],
    [20, 80],
    [29, 71],
    [32, 68],
    [25, 75],
    [32, 68],
    [24, 76]
  ],
  "method": "mvn_pdf",
  "cond_prob": [
    [
      [0.027203747899, 0.9727962521],
      [0.60397560668, 0.39602439332]
    ],
    [
      [0.017402895413, 0.98259710459],
      [0.48630852738, 0.51369147262]
    ],
    [
      [0.020886325844, 0.97911367416],
      [0.5345791353, 0.4654208647]
    ],
    [
      [0.027658819032, 0.97234118097],
      [0.60945402124, 0.39054597876]
    ],
    [
      [0.01697840676, 0.98302159324],
      [0.48173804433, 0.51826195567]
    ],
    [
      [0.028783255797, 0.9712167442],
      [0.61762945792, 0.38237054208]
    ],
    [
      [0.035976652391, 0.96402334761],
      [0.67088584709, 0.32911415291]
    ],
    [
      [0.023519551073, 0.97648044893],
      [0.56456217933, 0.43543782067]
    ],
    [
      [0.023519551073, 0.97648044893],
      [0.56456217933, 0.43543782067]
    ],
    [
      [0.012235342166, 0.98776465783],
      [0.3969575117, 0.6030424883]
    ],
    [
      [0.018426228585, 0.98157377142],
      [0.50172079886, 0.49827920114]
    ],
    [
      [0.022343638172, 0.97765636183],
      [0.553840474, 0.446159526]
    ],
    [
      [0.023833619217, 0.97616638078],
      [0.57004185824, 0.42995814176]
    ],
    [
      [0.014776071416, 0.98522392858],
      [0.4412794388, 0.5587205612]
    ],
    [
      [0.035386813166, 0.96461318683],
      [0.66865988179, 0.33134011821]
    ],
    [
      [0.028352988602, 0.9716470114],
      [0.60986509828, 0.39013490172]
    ],
    [
      [0.019112566193, 0.98088743381],
      [0.51709596397, 0.48290403603]
    ],
    [
      [0.012884514491, 0.98711548551],
      [0.41038820716, 0.58961179284]
    ],
    [
      [0.022343638172, 0.97765636183],
      [0.553840474, 0.446159526]
    ],
    [
      [0.019802945151, 0.98019705485],
      [0.5185486633, 0.4814513367]
    ],
    [
      [0.015180802909, 0.98481919709],
      [0.44904080076, 0.55095919924]
    ],
    [
      [0.012631258178, 0.98736874182],
      [0.40417954172, 0.59582045828]
    ],
    [
      [0.0087623431277, 0.99123765687],
      [0.31604945837, 0.68395054163]
    ],
    [
      [0.018950099884, 0.98104990012],
      [0.51674025591, 0.48325974409]
    ],
    [
      [0.016487177878, 0.98351282212],
      [0.47178996379, 0.52821003621]
    ],
    [
      [0.025653064519, 0.97434693548],
      [0.57727123672, 0.42272876328]
    ],
    [
      [0.018828010791, 0.98117198921],
      [0.49852505217, 0.50147494783]
    ],
    [
      [0.019029454081, 0.98097054592],
      [0.50063884393, 0.49936115607]
    ],
    [
      [0.023716414859, 0.97628358514],
      [0.55705960657, 0.44294039343]
    ],
    [
      [0.022675492223, 0.97732450778],
      [0.54586738721, 0.45413261279]
    ],
    [
      [0.018035943529, 0.98196405647],
      [0.48696654849, 0.51303345151]
    ],
    [
      [0.023914811474, 0.97608518853],
      [0.55966024357, 0.44033975643]
    ],
    [
      [0.027230494273, 0.97276950573],
      [0.59194242046, 0.40805757954]
    ],
    [
      [0.023845399061, 0.97615460094],
      [0.55875265214, 0.44124734786]
    ],
    [
      [0.023845399061, 0.97615460094],
      [0.55875265214, 0.44124734786]
    ],
    [
      [0.026504636438, 0.97349536356],
      [0.58577868039, 0.41422131961]
    ],
    [
      [0.02005153358, 0.97994846642],
      [0.51385043064, 0.48614956936]
    ],
    [
      [0.021014008801, 0.9789859912],
      [0.52706693908, 0.47293306092]
    ],
    [
      [0.024582778008, 0.97541722199],
      [0.56677606843, 0.43322393157]
    ],
    [
      [0.020541492868, 0.97945850713],
      [0.52000537976, 0.47999462024]
    ],
    [
      [0.02002800416, 0.97997199584],
      [0.51368491336, 0.48631508664]
    ],
    [
      [0.021572436178, 0.97842756382],
      [0.53320728521, 0.46679271479]
    ],
    [
      [0.015921042081, 0.98407895792],
      [0.45491911308, 0.54508088692]
    ],
    [
      [0.019977691493, 0.98002230851],
      [0.51333005763, 0.48666994237]
    ],
    [
      [0.017761735476, 0.98223826452],
      [0.48268104335, 0.51731895665]
    ],
    [
      [0.021019229185, 0.97898077082],
      [0.52676562531, 0.47323437469]
    ],
    [
      [0.031828058472, 0.96817194153],
      [0.63177467929, 0.36822532071]
    ],
    [
      [0.022123777972, 0.97787622203],
      [0.53961960333, 0.46038039667]
    ],
    [
      [0.019331430084, 0.98066856992],
      [0.5054257927, 0.4945742073]
    ],
    [
      [0.029141646348, 0.97085835365],
      [0.60934486552, 0.39065513448]
    ]
  ],