{
  "X": [
    [96, 4],
    [96, 4],
    [95, 5],
    [97, 3],
    [93, 7],
    [92, 8],
    [97, 3],
    [97, 3],
    [93, 7],
    [94, 6],
    [97, 3],
    [96, 4],
    [97, 3],
    [96, 4],
    [95, 5],
    [96, 4],
    [97, 3],
    [94, 6],
    [99, 1],
    [96, 4],
    [95, 5],
    [99, 1],
    [95, 5],
    [94, 6],
    [99, 1],
    [95, 5],
    [97, 3],
    [98, 2],
    [96, 4],
    [96, 4],
    [93, 7],
    [94, 6],
    [95, 5],
    [99, 1],
    [98, 2],
    [96, 4],
    [97, 3],
    [97, 3],
    [96, 4],
    [94, 6],
    [97, 3],
    [96, 4],
    [97, 3],
    [96, 4],
    [97, 3],
    [95, 5],
    [98, 2],
    [97, 3],
    [97, 3],
    [95, 5]
  ],
  "W": [
    [78, 22],
    [78, 22],
    [77, 23],
    [72, 28],
    [75, 25],
    [76, 24],
    [67, 33],
    [73, 27],
    [71, 29],
    [70, 30],
    [76, 24],
    [68, 32],
    [72, 28],
    [69, 31],
    [82, 18],
    [81, 19],
    [71, 29],
    [74, 26],
    [78, 22],
    [74, 26],
    [78, 22],
    [76, 24],
    [79, 21],
    [77, 23],
    [79, 21],
    [29, 71],
    [23, 77],
    [33, 67],
    [24, 76],
    [27, 73],
    [23, 77],
    [25, 75],
    [24, 76],
    [25, 75],
    [25, 75],
    [31, 69],
    [25, 75],
    [21, 79],
    [23, 77],
    [23, 77],
    [28, 72],
    [29, 71],
    [23, 77],
    [33, 67],
    [21, 79],
    [23, 77],
    [24, 76],
    [25, 75],
    [20, 80],
    [22, 78]
  ],
  "method": "mvn_pdf",
  "cond_prob": [
    [
      [0.96320373536, 0.036796264636],
      [0.96853295842, 0.03146704158]
    ],
    [
      [0.96320373536, 0.036796264636],
      [0.96853295842, 0.03146704158]
    ],
    [
      [0.9526250323, 0.047374967704],
      [0.95943664488, 0.040563355124]
    ],
    [
      [0.97127394089, 0.028726059113],
      [0.97545555091, 0.024544449092]
    ],
    [
      [0.92210972819, 0.077890271808],
      [0.93304825696, 0.066951743042]
    ],
    [
      [0.90124584834, 0.098754151655],
      [0.91487267273, 0.085127327265]
    ],
    [
      [0.97113063958, 0.028869360424],
      [0.97533293753, 0.024667062472]
    ],
    [
      [0.97130227037, 0.02869772963],
      [0.97547979045, 0.024520209554]
    ],
    [
      [0.92137664063, 0.078623359369],
      [0.93241242283, 0.067587577171]
    ],
    [
      [0.93840907585, 0.061590924149],
      [0.94717230626, 0.052827693736]
    ],
    [
      [0.97138660839, 0.028613391609],
      [0.97555195232, 0.024448047682]
    ],
    [
      [0.96270573213, 0.037294267866],
      [0.96810593698, 0.031894063024]
    ],
    [
      [0.97127394089, 0.028726059113],
      [0.97545555091, 0.024544449092]
    ],
    [
      [0.96275647787, 0.037243522129],
      [0.96814945116, 0.031850548843]
    ],
    [
      [0.95301716435, 0.046982835653],
      [0.95977381368, 0.040226186323]
    ],
    [
      [0.96334913704, 0.03665086296],
      [0.96865762994, 0.031342370059]
    ],
    [
      [0.97124550198, 0.028754498025],
      [0.9754312177, 0.024568782298]
    ],
    [
      [0.93890780645, 0.061092193554],
      [0.94760279598, 0.052397204021]
    ],
    [
      [0.98288990277, 0.017110097235],
      [0.98539494401, 0.01460505599]
    ],
    [
      [0.96300702983, 0.036992970166],
      [0.96836429346, 0.031635706539]
    ],
    [
      [0.95270415817, 0.047295841835],
      [0.95950468209, 0.04049531791]
    ],
    [
      [0.98288154893, 0.017118451066],
      [0.98538781558, 0.014612184425]
    ],
    [
      [0.95278293209, 0.047217067909],
      [0.95957241566, 0.04042758434]
    ],
    [
      [0.93927564491, 0.060724355089],
      [0.94792027254, 0.052079727464]
    ],
    [
      [0.98289406022, 0.017105939778],
      [0.98539849164, 0.014601508358]
    ],
    [
      [0.94836454114, 0.051635458865],
      [0.95577167937, 0.04422832063]
    ],
    [
      [0.96973842845, 0.030261571549],
      [0.97414166428, 0.025858335716]
    ],
    [
      [0.97722014096, 0.022779859038],
      [0.98054770276, 0.019452297243]
    ],
    [
      [0.9602399144, 0.039760085597],
      [0.9659911305, 0.034008869497]
    ],
    [
      [0.96042385329, 0.03957614671],
      [0.96614891167, 0.033851088332]
    ],
    [
      [0.91127938, 0.08872062],
      [0.92364286482, 0.076357135185]
    ],
    [
      [0.93206219728, 0.067937802717],
      [0.94168961415, 0.058310385847]
    ],
    [
      [0.94786199146, 0.052138008542],
      [0.95533917407, 0.044660825926]
    ],
    [
      [0.98264939361, 0.017350606391],
      [0.98518973472, 0.014810265277]
    ],
    [
      [0.97709125487, 0.02290874513],
      [0.98043760804, 0.019562391956]
    ],
    [
      [0.96066521459, 0.039334785413],
      [0.96635594282, 0.033644057184]
    ],
    [
      [0.96980731495, 0.030192685054],
      [0.97420061063, 0.025799389367]
    ],
    [
      [0.96966895741, 0.030331042591],
      [0.97408221749, 0.025917782508]
    ],
    [
      [0.96017803581, 0.039821964188],
      [0.96593805063, 0.03406194937]
    ],
    [
      [0.93174476768, 0.068255232316],
      [0.94141519659, 0.058584803414]
    ],
    [
      [0.96990956429, 0.03009043571],
      [0.97428810521, 0.025711894786]
    ],
    [
      [0.96054508366, 0.039454916338],
      [0.96625289969, 0.03374710031]
    ],
    [
      [0.96973842845, 0.030261571549],
      [0.97414166428, 0.025858335716]
    ],
    [
      [0.96078426036, 0.039215739643],
      [0.96645805336, 0.033541946643]
    ],
    [
      [0.96966895741, 0.030331042591],
      [0.97408221749, 0.025917782508]
    ],
    [
      [0.94775998226, 0.052240017739],
      [0.95525137747, 0.044748622527]
    ],
    [
      [0.97707486767, 0.022925132327],
      [0.9804236102, 0.019576389796]
    ],
    [
      [0.96980731495, 0.030192685054],
      [0.97420061063, 0.025799389367]
    ],
    [
      [0.96963400041, 0.030365999587],
      [0.97405230449, 0.025947695514]
    ],
    [
      [0.9476574651, 0.0523425349],
      [0.95516314189, 0.044836858107]
    ]
  ],