{
  "X": [
    [62, 38],
    [55, 45],
    [68, 32],
    [65, 35],
    [63, 37],
    [65, 35],
    [66, 34],
    [63, 37],
    [65, 35],
    [62, 38],
    [61, 39],
    [61, 39],
    [60, 40],
    [64, 36],
    [68, 32],
    [63, 37],
    [65, 35],
    [69, 31],
    [63, 37],
    [56, 44],
    [61, 39],
    [55, 45],
    [69, 31],
    [68, 32],
    [58, 42],
    [31, 69],
    [45, 55],
    [39, 61],
    [38, 62],
    [41, 59],
    [41, 59],
    [43, 57],
    [39, 61],
    [35, 65],
    [39, 61],
    [41, 59],
    [33, 67],
    [45, 55],
    [33, 67],
    [33, 67],
    [44, 56],
    [45, 55],
    [39, 61],
    [45, 55],
    [33, 67],
    [35, 65],
    [40, 60],
    [38, 62],
    [43, 57],
    [36, 64]
  ],
  "W": [
    [74, 26],
    [74, 26],
    [79, 21],
    [75, 25],
    [71, 29],
    [74, 26],
    [81, 19],
    [71, 29],
    [77, 23],
    [68, 32],
    [72, 28],
    [76, 24],
    [71, 29],
    [75, 25],
    [73, 27],
    [77, 23],
    [75, 25],
    [82, 18],
    [77, 23],
    [74, 26],
    [78, 22],
    [71, 29],
    [81, 19],
    [82, 18],
    [70, 30],
    [23, 77],
    [23, 77],
    [29, 71],
    [24, 76],
    [22, 78],
    [32, 68],
    [30, 70],
    [22, 78],
    [21, 79],
    [30, 70],
    [28, 72],
    [25, 75],
    [21, 79],
    [22, 78],
    [25, 75],
    [32, 68],
    [22, 78],
    [23, 77],
    [29, 71],
    [23, 77],
    [28, 72],
    [22, 78],
    [22, 78],
    [24, 76],
    [20, 80]
  ],
  "method": "mvn_pdf",
  "cond_prob": [
    [
      [0.74709447898, 0.25290552102],
      [0.26279249309, 0.73720750691]
    ],
    [
      [0.6707124323, 0.3292875677],
      [0.19726729809, 0.80273270191]
    ],
    [
      [0.78160314917, 0.21839685083],
      [0.30161611548, 0.69838388452]
    ],
    [
      [0.7715553771, 0.2284446229],
      [0.28956245377, 0.71043754623]
    ],
    [
      [0.77073413561, 0.22926586439],
      [0.28861631135, 0.71138368865]
    ],
    [
      [0.77599961004, 0.22400038996],
      [0.29481869737, 0.70518130263]
    ],
    [
      [0.7535300596, 0.2464699404],
      [0.26948724348, 0.73051275652]
    ],
    [
      [0.77073413561, 0.22926586439],
      [0.28861631135, 0.71138368865]
    ],
    [
      [0.76246780833, 0.23753219167],
      [0.27920272394, 0.72079727606]
    ],
    [
      [0.77477222474, 0.22522777526],
      [0.29337107865, 0.70662892135]
    ],
    [
      [0.74668034768, 0.25331965232],
      [0.26237315484, 0.73762684516]
    ],
    [
      [0.72691822001, 0.27308177999],
      [0.24310752529, 0.75689247471]
    ],
    [
      [0.74142293544, 0.25857706456],
      [0.25706510924, 0.74293489076]
    ],
    [
      [0.76205475748, 0.23794524252],
      [0.27874927433, 0.72125072567]
    ],
    [
      [0.80645134739, 0.19354865261],
      [0.33461700623, 0.66538299377]
    ],
    [
      [0.74266653622, 0.25733346378],
      [0.25829346684, 0.74170653316]
    ],
    [
      [0.7715553771, 0.2284446229],
      [0.28956245377, 0.71043754623]
    ],
    [
      [0.77764042834, 0.22235957166],
      [0.29676930565, 0.70323069435]
    ],
    [
      [0.74266653622, 0.25733346378],
      [0.25829346684, 0.74170653316]
    ],
    [
      [0.68233395766, 0.31766604234],
      [0.20581718545, 0.79418281455]
    ],
    [
      [0.71665194486, 0.28334805514],
      [0.23381412314, 0.76618587686]
    ],
    [
      [0.68745285297, 0.31254714703],
      [0.20972987455, 0.79027012545]
    ],
    [
      [0.7820122687, 0.2179877313],
      [0.30211628628, 0.69788371372]
    ],
    [
      [0.76828277601, 0.23171722399],
      [0.28575611578, 0.71424388422]
    ],
    [
      [0.72567672326, 0.27432327674],
      [0.24197401334, 0.75802598666]
    ],
    [
      [0.67787608452, 0.32212391548],
      [0.20259205285, 0.79740794715]
    ],
    [
      [0.81284510915, 0.18715489085],
      [0.34406438879, 0.65593561121]
    ],
    [
      [0.7328231617, 0.2671768383],
      [0.24877639474, 0.75122360526]
    ],
    [
      [0.74677888288, 0.25322111712],
      [0.26259239184, 0.73740760816]
    ],
    [
      [0.78351857605, 0.21648142395],
      [0.30414714191, 0.69585285809]
    ],
    [
      [0.73848255977, 0.26151744023],
      [0.25425064535, 0.74574935465]
    ],
    [
      [0.7670644066, 0.2329355934],
      [0.28449874483, 0.71550125517]
    ],
    [
      [0.76545642919, 0.23454357081],
      [0.28269400704, 0.71730599296]
    ],
    [
      [0.7312061537, 0.2687938463],
      [0.24725687401, 0.75274312599]
    ],
    [
      [0.72791308582, 0.27208691418],
      [0.24414126909, 0.75585873091]
    ],
    [
      [0.75725204272, 0.24274795728],
      [0.27360806651, 0.72639193349]
    ],
    [
      [0.6894683757, 0.3105316243],
      [0.21139063249, 0.78860936751]
    ],
    [
      [0.82021250681, 0.17978749319],
      [0.35525919587, 0.64474080413]
    ],
    [
      [0.70525598481, 0.29474401519],
      [0.22414544231, 0.77585455769]
    ],
    [
      [0.6894683757, 0.3105316243],
      [0.21139063249, 0.78860936751]
    ],
    [
      [0.76746721092, 0.23253278908],
      [0.28495328567, 0.71504671433]
    ],
    [
      [0.81655932391, 0.18344067609],
      [0.34964387403, 0.65035612597]
    ],
    [
      [0.76098212324, 0.23901787676],
      [0.27769549641, 0.72230450359]
    ],
    [
      [0.78925829856, 0.21074170144],
      [0.31141210171, 0.68858789829]
    ],
    [
      [0.70005064358, 0.29994935642],
      [0.21983821372, 0.78016178628]
    ],
    [
      [0.69558510248, 0.30441489752],
      [0.21621528026, 0.78378471974]
    ],
    [
      [0.7746157672, 0.2253842328],
      [0.29330585219, 0.70669414781]
    ],
    [
      [0.75604209544, 0.24395790456],
      [0.27231815288, 0.72768184712]
    ],
    [
      [0.79255777771, 0.20744222229],
      [0.31572209648, 0.68427790352]
    ],
    [
      [0.74597167327, 0.25402832673],
      [0.26177669426, 0.73822330574]
    ]
  ],