{
  "X": [
    [84, 16],
    [92, 8],
    [87, 13],
    [92, 8],
    [96, 4],
    [94, 6],
    [91, 9],
    [90, 10],
    [89, 11],
    [91, 9],
    [87, 13],
    [91, 9],
    [89, 11],
    [91, 9],
    [88, 12],
    [93, 7],
    [96, 4],
    [97, 3],
    [87, 13],
    [92, 8],
    [87, 13],
    [82, 18],
    [88, 12],
    [91, 9],
    [96, 4],
    [69, 31],
    [72, 28],
    [80, 20],
    [73, 27],
    [72, 28],
    [73, 27],
    [81, 19],
    [76, 24],
    [81, 19],
    [76, 24],
    [82, 18],
    [70, 30],
    [79, 21],
    [81, 19],
    [74, 26],
    [79, 21],
    [82, 18],
    [85, 15],
    [83, 17],
    [78, 22],
    [76, 24],
    [77, 23],
    [79, 21],
    [78, 22],
    [85, 15]
  ],
  "W": [
    [77, 23],
    [78, 22],
    [74, 26],
    [76, 24],
    [79, 21],
    [80, 20],
    [74, 26],
    [78, 22],
    [75, 25],
    [75, 25],
    [68, 32],
    [76, 24],
    [72, 28],
    [80, 20],
    [73, 27],
    [74, 26],
    [80, 20],
    [74, 26],
    [74, 26],
    [72, 28],
    [69, 31],
    [75, 25],
    [72, 28],
    [68, 32],
    [76, 24],
    [26, 74],
    [23, 77],
    [23, 77],
    [28, 72],
    [18, 82],
    [17, 83],
    [28, 72],
    [20, 80],
    [27, 73],
    [28, 72],
    [31, 69],
    [22, 78],
    [29, 71],
    [17, 83],
    [22, 78],
    [27, 73],
    [24, 76],
    [37, 63],
    [26, 74],
    [25, 75],
    [29, 71],
    [26, 74],
    [26, 74],
    [30, 70],
    [22, 78]
  ],
  "method": "mvn_pdf",
  "cond_prob": [
    [
      [0.91688563463, 0.083114365374],
      [0.51852151439, 0.48147848561]
    ],
    [
      [0.96894685032, 0.031053149679],
      [0.75706479427, 0.24293520573]
    ],
    [
      [0.94870825407, 0.05129174593],
      [0.6468205415, 0.3531794585]
    ],
    [
      [0.97051768461, 0.029482315389],
      [0.76721021682, 0.23278978318]
    ],
    [
      [0.98147706044, 0.018522939559],
      [0.84264170624, 0.15735829376]
    ],
    [
      [0.97509802686, 0.024901973138],
      [0.7970311703, 0.2029688297]
    ],
    [
      [0.96826321668, 0.031736783324],
      [0.75326720327, 0.24673279673]
    ],
    [
      [0.95960136414, 0.04039863586],
      [0.70215404036, 0.29784595964]
    ],
    [
      [0.9583472394, 0.041652760598],
      [0.6957769282, 0.3042230718]
    ],
    [
      [0.96743320804, 0.032566791957],
      [0.74805942381, 0.25194057619]
    ],
    [
      [0.95739487259, 0.04260512741],
      [0.69159718101, 0.30840281899]
    ],
    [
      [0.96654505729, 0.03345494271],
      [0.74254482915, 0.25745517085]
    ],
    [
      [0.96187105594, 0.03812894406],
      [0.71569829694, 0.28430170306]
    ],
    [
      [0.96227923095, 0.037720769053],
      [0.71686951188, 0.28313048812]
    ],
    [
      [0.95588687471, 0.044113125285],
      [0.68296821965, 0.31703178035]
    ],
    [
      [0.97511416188, 0.024885838123],
      [0.79764253786, 0.20235746214]
    ],
    [
      [0.98116928553, 0.018830714475],
      [0.84029325393, 0.15970674607]
    ],
    [
      [0.98476356202, 0.015236437983],
      [0.86791478856, 0.13208521144]
    ],
    [
      [0.94870825407, 0.05129174593],
      [0.6468205415, 0.3531794585]
    ],
    [
      [0.97309958487, 0.026900415129],
      [0.78430993614, 0.21569006386]
    ],
    [
      [0.95617917285, 0.04382082715],
      [0.68504799862, 0.31495200138]
    ],
    [
      [0.90391958743, 0.096080412565],
      [0.47843672952, 0.52156327048]
    ],
    [
      [0.95721173487, 0.042788265132],
      [0.69011200851, 0.30988799149]
    ],
    [
      [0.9722793943, 0.027720605703],
      [0.77922665727, 0.22077334273]
    ],
    [
      [0.98229564356, 0.017704356444],
      [0.848922446, 0.151077554]
    ],
    [
      [0.93498200072, 0.065017999281],
      [0.59133530307, 0.40866469693]
    ],
    [
      [0.94831000725, 0.05168999275],
      [0.64934535255, 0.35065464745]
    ],
    [
      [0.96759859631, 0.032401403687],
      [0.75181466098, 0.24818533902]
    ],
    [
      [0.94683123768, 0.053168762324],
      [0.6422427977, 0.3577572023]
    ],
    [
      [0.95231662476, 0.047683375237],
      [0.66879788769, 0.33120211231]
    ],
    [
      [0.95554308471, 0.044456915289],
      [0.68504565157, 0.31495434843]
    ],
    [
      [0.96747441577, 0.032525584232],
      [0.75093750545, 0.24906249455]
    ],
    [
      [0.96075182473, 0.039248175269],
      [0.7125774109, 0.2874225891]
    ],
    [
      [0.9678970157, 0.032102984295],
      [0.75351035663, 0.24648964337]
    ],
    [
      [0.95572412638, 0.044275873617],
      [0.6855835278, 0.3144164722]
    ],
    [
      [0.96821854753, 0.031781452471],
      [0.75534728579, 0.24465271421]
    ],
    [
      [0.9430253863, 0.056974613703],
      [0.62536387815, 0.37463612185]
    ],
    [
      [0.96264547409, 0.037354525913],
      [0.72281846125, 0.27718153875]
    ],
    [
      [0.97145227447, 0.028547725534],
      [0.77572334828, 0.22427665172]
    ],
    [
      [0.95468137279, 0.045318627213],
      [0.68047979796, 0.31952020204]
    ],
    [
      [0.96371070942, 0.036289290585],
      [0.72892389954, 0.27107610046]
    ],
    [
      [0.97087472326, 0.029125276743],
      [0.77193766439, 0.22806233561]
    ],
    [
      [0.97181375793, 0.028186242067],
      [0.77757056613, 0.22242943387]
    ],
    [
      [0.97194145137, 0.02805854863],
      [0.77865503487, 0.22134496513]
    ],
    [
      [0.96252626825, 0.037473731752],
      [0.72227705154, 0.27772294846]
    ],
    [
      [0.95498892181, 0.045011078194],
      [0.68177485612, 0.31822514388]
    ],
    [
      [0.95962099063, 0.040379009369],
      [0.70622527865, 0.29377472135]
    ],
    [
      [0.9642161778, 0.035783822204],
      [0.73185004401, 0.26814995599]
    ],
    [
      [0.95962026561, 0.040379734386],
      [0.70607720419, 0.29392279581]
    ],
    [
      [0.97612788926, 0.023872110736],
      [0.80625782977, 0.19374217023]
    ]
  ],