{
  "X": [
    [62, 38],
    [52, 48],
    [64, 36],
    [48, 52],
    [58, 42],
    [60, 40],
    [60, 40],
    [60, 40],
    [57, 43],
    [65, 35],
    [68, 32],
    [56, 44],
    [60, 40],
    [58, 42],
    [55, 45],
    [55, 45],
    [60, 40],
    [58, 42],
    [52, 48],
    [59, 41],
    [56, 44],
    [56, 44],
    [56, 44],
    [66, 34],
    [56, 44],
    [57, 43],
    [54, 46],
    [66, 34],
    [63, 37],
    [66, 34],
    [51, 49],
    [63, 37],
    [61, 39],
    [58, 42],
    [65, 35],
    [60, 40],
    [71, 29],
    [56, 44],
    [56, 44],
    [66, 34],
    [66, 34],
    [59, 41],
    [63, 37],
    [66, 34],
    [66, 34],
    [66, 34],
    [72, 28],
    [58, 42],
    [51, 49],
    [59, 41]
  ],
  "W": [
    [77, 23],
    [72, 28],
    [74, 26],
    [68, 32],
    [74, 26],
    [73, 27],
    [71, 29],
    [73, 27],
    [70, 30],
    [81, 19],
    [74, 26],
    [78, 22],
    [81, 19],
    [71, 29],
    [84, 16],
    [69, 31],
    [76, 24],
    [83, 17],
    [77, 23],
    [70, 30],
    [77, 23],
    [73, 27],
    [76, 24],
    [80, 20],
    [75, 25],
    [28, 72],
    [26, 74],
    [19, 81],
    [24, 76],
    [20, 80],
    [27, 73],
    [18, 82],
    [34, 66],
    [30, 70],
    [22, 78],
    [31, 69],
    [22, 78],
    [20, 80],
    [27, 73],
    [21, 79],
    [20, 80],
    [19, 81],
    [30, 70],
    [38, 62],
    [33, 67],
    [18, 82],
    [25, 75],
    [23, 77],
    [23, 77],
    [25, 75]
  ],
  "method": "mvn_pdf",
  "cond_prob": [
    [
      [0.60825147589, 0.39174852411],
      [0.66223695671, 0.33776304329]
    ],
    [
      [0.50274694019, 0.49725305981],
      [0.56082239519, 0.43917760481]
    ],
    [
      [0.62637849051, 0.37362150949],
      [0.67917651437, 0.32082348563]
    ],
    [
      [0.4585432745, 0.5414567255],
      [0.51684111685, 0.48315888315]
    ],
    [
      [0.56618187175, 0.43381812825],
      [0.62238487983, 0.37761512017]
    ],
    [
      [0.58600583453, 0.41399416547],
      [0.64125950178, 0.35874049822]
    ],
    [
      [0.5848947115, 0.4151052885],
      [0.64020659174, 0.35979340826]
    ],
    [
      [0.58600583453, 0.41399416547],
      [0.64125950178, 0.35874049822]
    ],
    [
      [0.55358505267, 0.44641494733],
      [0.61030334388, 0.38969665612]
    ],
    [
      [0.63962199081, 0.36037800919],
      [0.69146328172, 0.30853671828]
    ],
    [
      [0.66455491057, 0.33544508943],
      [0.71440211259, 0.28559788741]
    ],
    [
      [0.54791369805, 0.45208630195],
      [0.60483864825, 0.39516135175]
    ],
    [
      [0.59042123054, 0.40957876946],
      [0.64543833033, 0.35456166967]
    ],
    [
      [0.56446686408, 0.43553313592],
      [0.62074473412, 0.37925526588]
    ],
    [
      [0.54110119707, 0.45889880293],
      [0.59825645119, 0.40174354881]
    ],
    [
      [0.53224239365, 0.46775760635],
      [0.58967218226, 0.41032781774]
    ],
    [
      [0.58766706363, 0.41233293637],
      [0.6428327076, 0.3571672924]
    ],
    [
      [0.57128913188, 0.42871086812],
      [0.62726161428, 0.37273838572]
    ],
    [
      [0.50579285328, 0.49420714672],
      [0.5638184593, 0.4361815407]
    ],
    [
      [0.57414761658, 0.42585238342],
      [0.62999056565, 0.37000943435]
    ],
    [
      [0.54733055986, 0.45266944014],
      [0.60427642024, 0.39572357976]
    ],
    [
      [0.54499136714, 0.45500863286],
      [0.60201959556, 0.39798040444]
    ],
    [
      [0.54674675719, 0.45325324281],
      [0.60371340108, 0.39628659892]
    ],
    [
      [0.64866359233, 0.35133640767],
      [0.699811067, 0.300188933]
    ],
    [
      [0.54616229051, 0.45383770949],
      [0.60314959064, 0.39685040936]
    ],
    [
      [0.52858977685, 0.47141022315],
      [0.58613209338, 0.41386790662]
    ],
    [
      [0.49539053825, 0.50460946175],
      [0.55357863971, 0.44642136029]
    ],
    [
      [0.61721488775, 0.38278511225],
      [0.67064358499, 0.32935641501]
    ],
    [
      [0.58927923351, 0.41072076649],
      [0.6443717455, 0.3556282545]
    ],
    [
      [0.61775406653, 0.38224593347],
      [0.67114712968, 0.32885287032]
    ],
    [
      [0.46408705609, 0.53591294391],
      [0.52241919619, 0.47758080381]
    ],
    [
      [0.58587715114, 0.41412284886],
      [0.64115114207, 0.35884885793]
    ],
    [
      [0.57424119047, 0.42575880953],
      [0.63008878964, 0.36991121036]
    ],
    [
      [0.54040286504, 0.45959713496],
      [0.59759505104, 0.40240494896]
    ],
    [
      [0.60869469657, 0.39130530343],
      [0.66266570782, 0.33733429218]
    ],
    [
      [0.56206237999, 0.43793762001],
      [0.61845228316, 0.38154771684]
    ],
    [
      [0.66782583303, 0.33217416697],
      [0.71740282363, 0.28259717637]
    ],
    [
      [0.51301173776, 0.48698826224],
      [0.57092143497, 0.42907856503]
    ],
    [
      [0.51733857712, 0.48266142288],
      [0.57515587154, 0.42484412846]
    ],
    [
      [0.61829244907, 0.38170755093],
      [0.67164980886, 0.32835019114]
    ],
    [
      [0.61775406653, 0.38224593347],
      [0.67114712968, 0.32885287032]
    ],
    [
      [0.54438914482, 0.45561085518],
      [0.60145230748, 0.39854769252]
    ],
    [
      [0.59265376283, 0.40734623717],
      [0.64756136226, 0.35243863774]
    ],
    [
      [0.62732350521, 0.37267649479],
      [0.68006384575, 0.31993615425]
    ],
    [
      [0.62469107251, 0.37530892749],
      [0.67761479099, 0.32238520901]
    ],
    [
      [0.61667491239, 0.38332508761],
      [0.67013917387, 0.32986082613]
    ],
    [
      [0.67865247561, 0.32134752439],
      [0.72726829616, 0.27273170384]
    ],
    [
      [0.53617913443, 0.46382086557],
      [0.5935053986, 0.4064946014]
    ],
    [
      [0.46152984836, 0.53847015164],
      [0.51985476312, 0.48014523688]
    ],
    [
      [0.54798518111, 0.45201481889],
      [0.60492155697, 0.39507844303]
    ]
  ],