{
  "X": [
    [21, 79],
    [20, 80],
    [25, 75],
    [15, 85],
    [17, 83],
    [22, 78],
    [23, 77],
    [23, 77],
    [36, 64],
    [24, 76],
    [25, 75],
    [24, 76],
    [32, 68],
    [43, 57],
    [54, 46],
    [49, 51],
    [47, 53],
    [48, 52],
    [43, 57],
    [51, 49],
    [48, 52],
    [44, 56],
    [48, 52],
    [49, 51],
    [47, 53],
    [36, 64],
    [36, 64],
    [43, 57],
    [45, 55],
    [46, 54],
    [36, 64],
    [42, 58],
    [46, 54],
    [39, 61],
    [42, 58],
    [43, 57],
    [36, 64],
    [47, 53],
    [58, 42],
    [72, 28],
    [62, 38],
    [62, 38],
    [63, 37],
    [61, 39],
    [56, 44],
    [57, 43],
    [62, 38],
    [65, 35],
    [53, 47],
    [57, 43]
  ],
  "W": [
    [64, 13, 7, 16],
    [64, 10, 10, 16],
    [65, 10, 12, 13],
    [74, 5, 13, 8],
    [68, 10, 8, 14],
    [62, 14, 12, 12],
    [64, 10, 8, 18],
    [64, 9, 14, 13],
    [57, 16, 15, 12],
    [60, 17, 10, 13],
    [59, 16, 10, 15],
    [63, 15, 8, 14],
    [42, 35, 8, 15],
    [4, 62, 24, 10],
    [8, 69, 11, 12],
    [12, 55, 18, 15],
    [15, 69, 7, 9],
    [15, 63, 9, 13],
    [10, 68, 14, 8],
    [13, 57, 12, 18],
    [9, 60, 14, 17],
    [12, 63, 14, 11],
    [9, 63, 12, 16],
    [11, 75, 8, 6],
    [9, 64, 13, 14],
    [13, 10, 66, 11],
    [17, 14, 61, 8],
    [11, 12, 65, 12],
    [12, 8, 69, 11],
    [12, 12, 63, 13],
    [13, 12, 64, 11],
    [15, 11, 56, 18],
    [9, 9, 71, 11],
    [17, 7, 56, 20],
    [10, 14, 61, 15],
    [13, 13, 60, 14],
    [10, 9, 66, 15],
    [16, 17, 27, 40],
    [12, 15, 16, 57],
    [7, 11, 15, 67],
    [16, 5, 14, 65],
    [12, 14, 14, 60],
    [10, 14, 16, 60],
    [11, 14, 10, 65],
    [11, 9, 15, 65],
    [15, 14, 16, 55],
    [15, 17, 12, 56],
    [10, 15, 14, 61],
    [17, 15, 14, 54],
    [13, 11, 18, 58]
  ],
  "method": "mvn_pdf",
  "cond_prob": [
    [
      [0.023003347078, 0.97699665292],
      [0.4245090567, 0.5754909433],
      [0.30757820952, 0.69242179048],
      [0.74100753645, 0.25899246355]
    ],
    [
      [0.02122422918, 0.97877577082],
      [0.40744584387, 0.59255415613],
      [0.29283978, 0.70716022],
      [0.72742456836, 0.27257543164]
    ],
    [
      [0.041856271068, 0.95814372893],
      [0.5830368875, 0.4169631125],
      [0.45689641769, 0.54310358231],
      [0.84355511487, 0.15644488513]
    ],
    [
      [0.027755705009, 0.97224429499],
      [0.46425610638, 0.53574389362],
      [0.34242554218, 0.65757445782],
      [0.77165815613, 0.22834184387]
    ],
    [
      [0.018022518754, 0.98197748125],
      [0.37834189368, 0.62165810632],
      [0.26806921678, 0.73193078322],
      [0.70332114669, 0.29667885331]
    ],
    [
      [0.028719094866, 0.97128090513],
      [0.47514847434, 0.52485152566],
      [0.35296099704, 0.64703900296],
      [0.77765045941, 0.22234954059]
    ],
    [
      [0.027025688403, 0.9729743116],
      [0.46474266185, 0.53525733815],
      [0.34323437819, 0.65676562181],
      [0.77094746101, 0.22905253899]
    ],
    [
      [0.034270522136, 0.96572947786],
      [0.5234603022, 0.4765396978],
      [0.39813153921, 0.60186846079],
      [0.8093617165, 0.1906382835]
    ],
    [
      [0.07254044498, 0.92745955502],
      [0.72873157885, 0.27126842115],
      [0.61847136312, 0.38152863688],
      [0.9107015773, 0.089298422695]
    ],
    [
      [0.030100817073, 0.96989918293],
      [0.48884488696, 0.51115511304],
      [0.36561537936, 0.63438462064],
      [0.78672570029, 0.21327429971]
    ],
    [
      [0.029841540618, 0.97015845938],
      [0.48772316859, 0.51227683141],
      [0.3646101392, 0.6353898608],
      [0.7859784676, 0.2140215324]
    ],
    [
      [0.03241387178, 0.96758612822],
      [0.51046495189, 0.48953504811],
      [0.38567970659, 0.61432029341],
      [0.80110815334, 0.19889184666]
    ],
    [
      [0.027909974522, 0.97209002548],
      [0.46998799553, 0.53001200447],
      [0.34890179413, 0.65109820587],
      [0.77246579156, 0.22753420844]
    ],
    [
      [0.025292530785, 0.97470746921],
      [0.44424867848, 0.55575132152],
      [0.32639799809, 0.67360200191],
      [0.75218598567, 0.24781401433]
    ],
    [
      [0.040038130946, 0.95996186905],
      [0.5634612303, 0.4365387697],
      [0.43935857055, 0.56064142945],
      [0.83066048216, 0.16933951784]
    ],
    [
      [0.035038515219, 0.96496148478],
      [0.52942030557, 0.47057969443],
      [0.40569183293, 0.59430816707],
      [0.81059786791, 0.18940213209]
    ],
    [
      [0.034734346353, 0.96526565365],
      [0.5271223761, 0.4728776239],
      [0.40351665751, 0.59648334249],
      [0.80921380568, 0.19078619432]
    ],
    [
      [0.034897692263, 0.96510230774],
      [0.52857015523, 0.47142984477],
      [0.40495169672, 0.59504830328],
      [0.81015765892, 0.18984234108]
    ],
    [
      [0.027592196691, 0.97240780331],
      [0.4665702092, 0.5334297908],
      [0.34632554896, 0.65367445104],
      [0.76859326528, 0.23140673472]
    ],
    [
      [0.036533599343, 0.96346640066],
      [0.54055111447, 0.45944888553],
      [0.41667441807, 0.58332558193],
      [0.81741981482, 0.18258018518]
    ],
    [
      [0.029931746428, 0.97006825357],
      [0.48798307942, 0.51201692058],
      [0.36627485655, 0.63372514345],
      [0.78375185442, 0.21624814558]
    ],
    [
      [0.028823130954, 0.97117686905],
      [0.47799918055, 0.52200081945],
      [0.35682416059, 0.64317583941],
      [0.77678507325, 0.22321492675]
    ],
    [
      [0.030004988134, 0.96999501187],
      [0.48859069817, 0.51140930183],
      [0.36685514053, 0.63314485947],
      [0.78415496472, 0.21584503528]
    ],
    [
      [0.036348440608, 0.96365155939],
      [0.53848746939, 0.46151253061],
      [0.41465132659, 0.58534867341],
      [0.81606605607, 0.18393394393]
    ],
    [
      [0.029635137605, 0.97036486239],
      [0.48529640524, 0.51470359476],
      [0.36372145393, 0.63627854607],
      [0.78185249465, 0.21814750535]
    ],
    [
      [0.027137496056, 0.97286250394],
      [0.46155764969, 0.53844235031],
      [0.34259517921, 0.65740482079],
      [0.76548674785, 0.23451325215]
    ],
    [
      [0.030170157571, 0.96982984243],
      [0.48788721147, 0.51211278853],
      [0.36698345159, 0.63301654841],
      [0.78383697675, 0.21616302325]
    ],
    [
      [0.035376685811, 0.96462331419],
      [0.53125387104, 0.46874612896],
      [0.40762983668, 0.59237016332],
      [0.81165588494, 0.18834411506]
    ],
    [
      [0.041005746809, 0.95899425319],
      [0.57094273252, 0.42905726748],
      [0.44576253673, 0.55423746327],
      [0.83479764941, 0.16520235059]
    ],
    [
      [0.040480002269, 0.95951999773],
      [0.56750754717, 0.43249245283],
      [0.44248619466, 0.55751380534],
      [0.83288608793, 0.16711391207]
    ],
    [
      [0.026820681651, 0.97317931835],
      [0.45862576506, 0.54137423494],
      [0.33985932021, 0.66014067979],
      [0.7633477695, 0.2366522305]
    ],
    [
      [0.032397281442, 0.96760271856],
      [0.50789257389, 0.49210742611],
      [0.38530501359, 0.61469498641],
      [0.7972300947, 0.2027699053]
    ],
    [
      [0.040456322785, 0.95954367722],
      [0.5669437235, 0.4330562765],
      [0.44191216819, 0.55808783181],
      [0.83251233106, 0.16748766894]
    ],
    [
      [0.028329805649, 0.97167019435],
      [0.47254164555, 0.52745835445],
      [0.3524606612, 0.6475393388],
      [0.77364023791, 0.22635976209]
    ],
    [
      [0.031066965181, 0.96893303482],
      [0.49689193871, 0.50310806129],
      [0.37516600832, 0.62483399168],
      [0.78984777992, 0.21015222008]
    ],
    [
      [0.035067732576, 0.96493226742],
      [0.52899332686, 0.47100667314],
      [0.4053744022, 0.5946255978],
      [0.81033872109, 0.18966127891]
    ],
    [
      [0.023914776292, 0.97608522371],
      [0.4309330315, 0.5690669685],
      [0.31432493589, 0.68567506411],
      [0.74246727899, 0.25753272101]
    ],
    [
      [0.025402242484, 0.97459775752],
      [0.44562412401, 0.55437587599],
