{
  "X": [
    [86, 14],
    [86, 14],
    [80, 20],
    [84, 16],
    [83, 17],
    [83, 17],
    [78, 22],
    [79, 21],
    [84, 16],
    [76, 24],
    [85, 15],
    [82, 18],
    [66, 34],
    [60, 40],
    [60, 40],
    [63, 37],
    [66, 34],
    [64, 36],
    [60, 40],
    [55, 45],
    [60, 40],
    [54, 46],
    [55, 45],
    [56, 44],
    [65, 35],
    [69, 31],
    [67, 33],
    [79, 21],
    [84, 16],
    [75, 25],
    [72, 28],
    [70, 30],
    [69, 31],
    [72, 28],
    [73, 27],
    [73, 27],
    [80, 20],
    [79, 21],
    [79, 21],
    [82, 18],
    [73, 27],
    [79, 21],
    [76, 24],
    [77, 23],
    [81, 19],
    [76, 24],
    [80, 20],
    [83, 17],
    [70, 30],
    [76, 24]
  ],
  "W": [
    [59, 14, 13, 14],
    [58, 14, 15, 13],
    [59, 17, 10, 14],
    [61, 10, 15, 14],
    [60, 15, 13, 12],
    [64, 15, 10, 11],
    [54, 21, 17, 8],
    [74, 7, 13, 6],
    [65, 12, 14, 9],
    [55, 17, 15, 13],
    [68, 11, 7, 14],
    [67, 12, 11, 10],
    [42, 40, 11, 7],
    [10, 62, 14, 14],
    [10, 59, 11, 20],
    [15, 55, 19, 11],
    [12, 62, 13, 13],
    [13, 64, 10, 13],
    [13, 66, 10, 11],
    [9, 61, 13, 17],
    [8, 59, 15, 18],
    [18, 55, 15, 12],
    [20, 62, 11, 7],
    [17, 64, 11, 8],
    [17, 62, 12, 9],
    [15, 10, 60, 15],
    [20, 12, 52, 16],
    [13, 8, 69, 10],
    [14, 8, 65, 13],
    [9, 12, 67, 12],
    [12, 14, 62, 12],
    [10, 20, 62, 8],
    [8, 16, 60, 16],
    [11, 22, 56, 11],
    [16, 13, 62, 9],
    [8, 16, 62, 14],
    [13, 11, 66, 10],
    [10, 15, 48, 27],
    [9, 6, 13, 72],
    [7, 15, 13, 65],
    [14, 15, 12, 59],
    [11, 15, 11, 63],
    [11, 12, 8, 69],
    [7, 11, 12, 70],
    [15, 10, 10, 65],
    [11, 9, 14, 66],
    [18, 8, 12, 62],
    [10, 10, 19, 61],
    [11, 12, 11, 66],
    [19, 14, 6, 61]
  ],
  "method": "mvn_pdf",
  "cond_prob": [
    [
      [0.93926158206, 0.060738417936],
      [0.54702856717, 0.45297143283],
      [0.82579572289, 0.17420427711],
      [0.87070159431, 0.12929840569]
    ],
    [
      [0.9404288145, 0.059571185505],
      [0.5501439356, 0.4498560644],
      [0.82773347673, 0.17226652327],
      [0.87208550076, 0.12791449924]
    ],
    [
      [0.9047403324, 0.095259667604],
      [0.4458955701, 0.5541044299],
      [0.75965347789, 0.24034652211],
      [0.81739720843, 0.18260279157]
    ],
    [
      [0.91481593474, 0.085184065264],
      [0.4775088638, 0.5224911362],
      [0.78165986812, 0.21834013188],
      [0.83544580866, 0.16455419134]
    ],
    [
      [0.92007400262, 0.079925997379],
      [0.49219639423, 0.50780360577],
      [0.79163038278, 0.20836961722],
      [0.84345157943, 0.15654842057]
    ],
    [
      [0.91692358735, 0.083076412645],
      [0.48258789688, 0.51741210312],
      [0.7854759693, 0.2145240307],
      [0.838482933, 0.161517067]
    ],
    [
      [0.90688603189, 0.093113968115],
      [0.45162454321, 0.54837545679],
      [0.76331373827, 0.23668626173],
      [0.82096316502, 0.17903683498]
    ],
    [
      [0.86306952381, 0.13693047619],
      [0.32292129134, 0.67707870866],
      [0.65402735201, 0.34597264799],
      [0.72834177042, 0.27165822958]
    ],
    [
      [0.91731507831, 0.082684921687],
      [0.48419461917, 0.51580538083],
      [0.78638145335, 0.21361854665],
      [0.83942712584, 0.16057287416]
    ],
    [
      [0.88463516508, 0.11536483492],
      [0.38583487758, 0.61416512242],
      [0.71153744467, 0.28846255533],
      [0.77790856398, 0.22209143602]
    ],
    [
      [0.91760496195, 0.082395038054],
      [0.48495367575, 0.51504632425],
      [0.78732817133, 0.21267182867],
      [0.83979106822, 0.16020893178]
    ],
    [
      [0.90119611732, 0.098803882683],
      [0.43574618184, 0.56425381816],
      [0.75221553624, 0.24778446376],
      [0.8116535059, 0.1883464941]
    ],
    [
      [0.88538076483, 0.11461923517],
      [0.38816043652, 0.61183956348],
      [0.71251215981, 0.28748784019],
      [0.77856523694, 0.22143476306]
    ],
    [
      [0.91161658916, 0.088383410835],
      [0.4607493884, 0.5392506116],
      [0.76902691483, 0.23097308517],
      [0.82507108712, 0.17492891288]
    ],
    [
      [0.90657121963, 0.09342878037],
      [0.44537954831, 0.55462045169],
      [0.75796062735, 0.24203937265],
      [0.81596637762, 0.18403362238]
    ],
    [
      [0.91279463558, 0.087205364419],
      [0.46442051025, 0.53557948975],
      [0.77175945521, 0.22824054479],
      [0.82741115944, 0.17258884056]
    ],
    [
      [0.93191966909, 0.068080330909],
      [0.53237296615, 0.46762703385],
      [0.81544243112, 0.18455756888],
      [0.86223757421, 0.13776242579]
    ],
    [
      [0.92687936857, 0.07312063143],
      [0.51289037179, 0.48710962821],
      [0.80373642549, 0.19626357451],
      [0.85294001225, 0.14705998775]
    ],
    [
      [0.91524966628, 0.08475033372],
      [0.47244190044, 0.52755809956],
      [0.77720117051, 0.22279882949],
      [0.83168883676, 0.16831116324]
    ],
    [
      [0.88875639731, 0.11124360269],
      [0.39827611287, 0.60172388713],
      [0.72020915221, 0.27979084779],
      [0.78491944472, 0.21508055528]
    ],
    [
      [0.90825170208, 0.091748297922],
      [0.45033449949, 0.54966550051],
      [0.76154799057, 0.23845200943],
      [0.81894616971, 0.18105383029]
    ],
    [
      [0.86697057764, 0.13302942236],
      [0.35048615763, 0.64951384237],
      [0.67636407091, 0.32363592909],
      [0.74769415575, 0.25230584425]
    ],
    [
      [0.88449216872, 0.11550783128],
      [0.38781279045, 0.61218720955],
      [0.71127307149, 0.28872692851],
      [0.7773942616, 0.2226057384]
    ],
    [
      [0.89442993981, 0.10557006019],
      [0.41228585117, 0.58771414883],
      [0.73192156208, 0.26807843792],
      [0.79465742068, 0.20534257932]
    ],
    [
      [0.9273078233, 0.072692176705],
      [0.51444056091, 0.48555943909],
      [0.80472663132, 0.19527336868],
      [0.85374807239, 0.14625192761]
    ],
    [
      [0.86998809076, 0.13001190924],
      [0.35281138837, 0.64718861163],
      [0.68565630763, 0.31434369237],
      [0.75217908649, 0.24782091351]
    ],
    [
      [0.85646425792, 0.14353574208],
      [0.32283123572, 0.67716876428],
      [0.66081310726, 0.33918689274],
      [0.7271536522, 0.2728463478]
    ],
    [
      [0.92205458463, 0.07794541537],
      [0.49526593409, 0.50473406591],
      [0.79143857184, 0.20856142816],
      [0.84419014704, 0.15580985296]
    ],
    [
      [0.94195156479, 0.058048435206],
      [0.56638285167, 0.43361714833],
      [0.84382711521, 0.15617288479],
      [0.87945021467, 0.12054978533]
    ],
    [
      [0.91160870291, 0.088391297085],
      [0.46085217991, 0.53914782009],
      [0.76662946283, 0.23337053717],
      [0.82509345879, 0.17490654121]
    ],
    [
      [0.89781946911, 0.10218053089],
      [0.42092258269, 0.57907741731],
      [0.73748259531, 0.26251740469],
      [0.80077744198, 0.19922255802]
    ],
    [
      [0.90008815118, 0.099911848816],
      [0.42693052615, 0.57306947385],
      [0.74229354702, 0.25770645298],
      [0.80478850625, 0.19521149375]
    ],
    [
      [0.88766199423, 0.11233800577],
      [0.39455235736, 0.60544764264],
      [0.71765691249, 0.28234308751],
      [0.78290322371, 0.21709677629]
    ],
    [
      [0.91065331182, 0.089346688179],
      [0.45790769111, 0.54209230889],
      [0.76516206005, 0.23483793995],
      [0.82361536389, 0.17638463611]
    ],
    [
      [0.89888868429, 0.10111131571],
      [0.42422760953, 0.57577239047],
      [0.73992276882, 0.26007723118],
      [0.80306782896, 0.19693217104]
    ],
    [
      [0.90820724162, 0.091792758376],
      [0.45023678156, 0.54976321844],
      [0.75914266811, 0.24085733189],
      [0.81883629564, 0.18116370436]
    ],
    [
      [0.93004157021, 0.069958429789],
      [0.523159156, 0.476840844],
      [0.81167374315, 0.18832625685],
      [0.85842418234, 0.14157581766]
    ],
    [
      [0.92879725394, 0.071202746064],
      [0.51880539133, 0.48119460867],
