{
  "X": [
    [41, 16, 43],
    [40, 16, 44],
    [53, 16, 31],
    [44, 19, 37],
    [43, 8, 49],
    [47, 19, 34],
    [45, 19, 36],
    [41, 15, 44],
    [47, 10, 43],
    [36, 23, 41],
    [47, 14, 39],
    [44, 19, 37],
    [44, 19, 37],
    [42, 13, 45],
    [46, 18, 36],
    [45, 15, 40],
    [50, 16, 34],
    [53, 21, 26],
    [53, 21, 26],
    [58, 13, 29],
    [59, 28, 13],
    [48, 28, 24],
    [57, 21, 22],
    [52, 23, 25],
    [45, 18, 37],
    [51, 22, 27],
    [58, 12, 30],
    [48, 26, 26],
    [52, 15, 33],
    [54, 20, 26],
    [54, 23, 23],
    [49, 21, 30],
    [57, 20, 23],
    [42, 21, 37],
    [26, 17, 57],
    [19, 10, 71],
    [18, 18, 64],
    [15, 24, 61],
    [16, 28, 56],
    [17, 20, 63],
    [26, 26, 48],
    [21, 28, 51],
    [20, 21, 59],
    [24, 21, 55],
    [24, 19, 57],
    [22, 24, 54],
    [19, 23, 58],
    [16, 23, 61],
    [25, 19, 56],
    [21, 28, 51]
  ],
  "W": [
    [64, 19, 17],
    [64, 19, 17],
    [68, 20, 12],
    [65, 20, 15],
    [66, 15, 19],
    [62, 23, 15],
    [74, 14, 12],
    [59, 18, 23],
    [70, 17, 13],
    [60, 19, 21],
    [62, 24, 14],
    [69, 17, 14],
    [66, 16, 18],
    [68, 13, 19],
    [67, 14, 19],
    [64, 19, 17],
    [53, 34, 13],
    [15, 77, 8],
    [18, 63, 19],
    [20, 61, 19],
    [14, 73, 13],
    [18, 61, 21],
    [19, 74, 7],
    [16, 72, 12],
    [25, 52, 23],
    [14, 69, 17],
    [17, 70, 13],
    [15, 70, 15],
    [15, 61, 24],
    [13, 70, 17],
    [21, 65, 14],
    [19, 63, 18],
    [18, 64, 18],
    [15, 41, 44],
    [25, 14, 61],
    [17, 18, 65],
    [16, 15, 69],
    [13, 15, 72],
    [14, 17, 69],
    [19, 12, 69],
    [23, 15, 62],
    [14, 16, 70],
    [17, 13, 70],
    [23, 13, 64],
    [14, 15, 71],
    [19, 13, 68],
    [19, 12, 69],
    [16, 14, 70],
    [13, 21, 66],
    [12, 17, 71]
  ],
  "method": "mvn_pdf",
  "cond_prob": [
    [
      [0.44345137116, 0.12098357931, 0.43556504953],
      [0.6407420013, 0.22264820577, 0.13660979293],
      [0.034030471067, 0.21916213395, 0.74680739499]
    ],
    [
      [0.43072682231, 0.12092747162, 0.44834570607],
      [0.63151878648, 0.22583841457, 0.14264279895],
      [0.032395064851, 0.21456149482, 0.75304344032]
    ],
    [
      [0.56223199926, 0.12237704411, 0.31539095663],
      [0.71454956515, 0.19814174046, 0.087308694389],
      [0.053373394398, 0.27558391881, 0.67104268679]
    ],
    [
      [0.47379243056, 0.14802059945, 0.37818696999],
      [0.63609082152, 0.25348658049, 0.11042259799],
      [0.038125494309, 0.28186418886, 0.68001031683]
    ],
    [
      [0.46713758537, 0.070835024839, 0.46202738979],
      [0.71088641897, 0.13674834146, 0.15236523957],
      [0.037399892448, 0.1337121414, 0.82888796615]
    ],
    [
      [0.50448826787, 0.14447470135, 0.35103703079],
      [0.65939514319, 0.24077611119, 0.09982874562],
      [0.042816783915, 0.2904793229, 0.66670389319]
    ],
    [
      [0.48165705441, 0.15812670135, 0.36021624424],
      [0.63208590652, 0.26497715606, 0.10293693742],
      [0.0392600047, 0.30531820543, 0.65542178987]
    ],
    [
      [0.47564202605, 0.10930942127, 0.41504855269],
      [0.67497021312, 0.19719751944, 0.12783226743],
      [0.038477829204, 0.20922646907, 0.75229570173]
    ],
    [
      [0.48712897717, 0.082924078022, 0.42994694481],
      [0.71025998863, 0.15368654931, 0.13605346205],
      [0.040366865172, 0.16205829999, 0.79757483484]
    ],
    [
      [0.40970565861, 0.18306366636, 0.40723067503],
      [0.55976696754, 0.31931385678, 0.12091917568],
      [0.029640251057, 0.31327736014, 0.65708238881]
    ],
    [
      [0.48540713455, 0.10477896365, 0.40981390179],
      [0.68587453342, 0.18842040799, 0.12570505859],
      [0.040007665252, 0.20387639714, 0.75611593761]
    ],
    [
      [0.47469551934, 0.15231436216, 0.3729901185],
      [0.63273469092, 0.25908502826, 0.10818028082],
      [0.03824894945, 0.29053626951, 0.67121478104]
    ],
    [
      [0.49780957031, 0.14703307481, 0.35515735488],
      [0.65280598228, 0.24582420583, 0.10136981189],
      [0.041725572259, 0.29226865166, 0.66600577608]
    ],
    [
      [0.47626315822, 0.10096742894, 0.42276941284],
      [0.68383983838, 0.18434996423, 0.13181019739],
      [0.038643163287, 0.19364609786, 0.76771073885]
    ],
    [
      [0.53165655148, 0.13621351097, 0.33212993755],
      [0.68378314841, 0.22318882907, 0.093028022516],
      [0.04742999759, 0.2886553081, 0.66391469431]
    ],
    [
      [0.49239362357, 0.11272687829, 0.39487949814],
      [0.6823109068, 0.19880859835, 0.11888049485],
      [0.04103629626, 0.22219384455, 0.7367698592]
    ],
    [
      [0.49820490351, 0.1139906711, 0.3878044254],
      [0.68481250629, 0.19949274703, 0.11569474668],
      [0.041935719601, 0.22656056098, 0.73150371942]
    ],
    [
      [0.391997448, 0.11419335739, 0.49380919462],
      [0.60916664575, 0.22601760201, 0.16481575224],
      [0.027685920093, 0.18909955776, 0.78321452215]
    ],
    [
      [0.51730463242, 0.12733408593, 0.35536128164],
      [0.68416453005, 0.21415968688, 0.10167578307],
      [0.044799028923, 0.26073298987, 0.6944679812]
    ],
    [
      [0.55020669081, 0.0822276945, 0.36756561469],
      [0.74965885635, 0.14212435034, 0.10821679331],
      [0.050863400609, 0.17962690835, 0.76950969104]
    ],
    [
      [0.58039293026, 0.18656310824, 0.23304396151],
      [0.66786279802, 0.27380733845, 0.058329863529],
      [0.056491109514, 0.43093149709, 0.51257739339]
    ],
    [
      [0.49342034353, 0.18298406805, 0.32359558842],
      [0.61930875705, 0.29264108813, 0.088050154816],
      [0.040742077368, 0.35789065928, 0.60136726335]
    ],
    [
      [0.46660478231, 0.12693162525, 0.40646359244],
      [0.65165821544, 0.22587879816, 0.12246298641],
      [0.037048395208, 0.23702769764, 0.72592390716]
    ],
    [
      [0.43788334589, 0.13621417174, 0.42590248237],
      [0.6227238811, 0.24671798552, 0.13055813339],
      [0.033136442772, 0.24253426709, 0.72432929014]
    ],
    [
      [0.43077513731, 0.10814448671, 0.46108037598],
      [0.64526804097, 0.20573308799, 0.14899887103],
      [0.032286483191, 0.19104608979, 0.77666742702]
    ],
    [
      [0.45512935773, 0.1288830118, 0.41598763046],
      [0.64214090404, 0.23130596748, 0.12655312848],
      [0.035392225139, 0.23620296552, 0.72840480934]
    ],
    [
      [0.45414212748, 0.07339277915, 0.47246509337],
      [0.69988986595, 0.14356377991, 0.15654635414],
      [0.035348040099, 0.13417107065, 0.83048088925]
    ],
    [
      [0.41925379547, 0.15767991375, 0.42306629077],
      [0.58936182186, 0.28239892455, 0.12823925359],
      [0.030767179252, 0.27246885571, 0.69676396503]
    ],
    [
      [0.49826163381, 0.088885196759, 0.41285316943],
      [0.71184643528, 0.16099514035, 0.12715842437],
      [0.041735299685, 0.17587405348, 0.78239064683]
    ],
    [
      [0.48730446819, 0.11683249748, 0.39586303432],
      [0.67566798685, 0.20593072392, 0.11840128923],
      [0.040014670209, 0.22628228053, 0.73370304926]
    ],
    [
      [0.50664128779, 0.14576480219, 0.34759391002],
      [0.66006928264, 0.24188644107, 0.09804427629],
      [0.043027750785, 0.29240824585, 0.66456400336]
    ],
    [
      [0.44351951511, 0.12448017406, 0.43200031083],
      [0.63813159469, 0.22778789392, 0.13408051139],
      [0.033880634925, 0.22405359967, 0.7420657654]
    ],
    [
      [0.56635685919, 0.1216436468, 0.31199949401],
      [0.71813904382, 0.19613155842, 0.085729397759],
      [0.053915680642, 0.27425180719, 0.67183251217]
    ],
    [
      [0.59543109623, 0.11141346389, 0.29315543988],
      [0.74425029906, 0.1763321634, 0.079417537534],
      [0.059829236908, 0.26827667105, 0.67189409204]
    ],
    [
      [0.52434142024, 0.096152966738, 0.37950561302],
      [0.72096139524, 0.16644715707, 0.11259144768],
      [0.045565780078, 0.20137001554, 0.75306420438]
    ],
    [
      [0.34900354478, 0.075055677783, 0.57594077743],
      [0.61685570795, 0.16589895062, 0.21724534143],
