{
  "X": [
    [25, 53, 22],
    [37, 46, 17],
    [31, 46, 23],
    [44, 36, 20],
    [38, 46, 16],
    [32, 55, 13],
    [41, 46, 13],
    [38, 47, 15],
    [32, 46, 22],
    [27, 49, 24],
    [31, 54, 15],
    [40, 45, 15],
    [48, 40, 12],
    [31, 47, 22],
    [37, 48, 15],
    [40, 43, 17],
    [22, 52, 26],
    [19, 49, 32],
    [20, 48, 32],
    [15, 47, 38],
    [27, 36, 37],
    [16, 53, 31],
    [15, 43, 42],
    [23, 53, 24],
    [18, 49, 33],
    [16, 54, 30],
    [20, 45, 35],
    [17, 54, 29],
    [20, 48, 32],
    [20, 45, 35],
    [24, 40, 36],
    [22, 47, 31],
    [16, 53, 31],
    [24, 39, 37],
    [15, 51, 34],
    [15, 45, 40],
    [15, 36, 49],
    [28, 37, 35],
    [22, 39, 39],
    [28, 33, 39],
    [25, 35, 40],
    [21, 35, 44],
    [27, 31, 42],
    [33, 37, 30],
    [29, 29, 42],
    [28, 36, 36],
    [16, 33, 51],
    [20, 37, 43],
    [19, 36, 45],
    [20, 40, 40]
  ],
  "W": [
    [57, 20, 23],
    [65, 26, 9],
    [58, 23, 19],
    [63, 14, 23],
    [65, 20, 15],
    [68, 20, 12],
    [73, 11, 16],
    [65, 23, 12],
    [65, 22, 13],
    [63, 18, 19],
    [69, 14, 17],
    [68, 17, 15],
    [71, 15, 14],
    [64, 15, 21],
    [66, 15, 19],
    [67, 21, 12],
    [55, 32, 13],
    [17, 65, 18],
    [16, 65, 19],
    [16, 65, 19],
    [22, 58, 20],
    [19, 64, 17],
    [13, 68, 19],
    [17, 66, 17],
    [17, 75, 8],
    [14, 70, 16],
    [18, 65, 17],
    [20, 69, 11],
    [17, 67, 16],
    [17, 64, 19],
    [22, 64, 14],
    [14, 73, 13],
    [18, 65, 17],
    [21, 30, 49],
    [13, 22, 65],
    [18, 15, 67],
    [13, 14, 73],
    [21, 12, 67],
    [15, 18, 67],
    [17, 13, 70],
    [12, 22, 66],
    [12, 13, 75],
    [16, 16, 68],
    [23, 15, 62],
    [18, 13, 69],
    [10, 13, 77],
    [20, 20, 60],
    [16, 19, 65],
    [18, 10, 72],
    [25, 13, 62]
  ],
  "method": "mvn_pdf",
  "cond_prob": [
    [
      [0.35647946142, 0.5926175289, 0.050903009675],
      [0.081992570039, 0.56978732297, 0.34822010699],
      [0.14557355762, 0.34035667192, 0.51406977046]
    ],
    [
      [0.48897813803, 0.46513693992, 0.045884922046],
      [0.12808649774, 0.51148714442, 0.36042635784],
      [0.21362937908, 0.28697840897, 0.49939221195]
    ],
    [
      [0.43739858674, 0.50559458887, 0.057006824386],
      [0.10263701673, 0.4972131812, 0.40014980207],
      [0.17038890913, 0.27776191952, 0.55184917136]
    ],
    [
      [0.57249252427, 0.38277484963, 0.044732626096],
      [0.16245053583, 0.45664552893, 0.38090393524],
      [0.25715095497, 0.24301930506, 0.49982973997]
    ],
    [
      [0.49078983557, 0.46978237611, 0.039427788328],
      [0.13480815565, 0.54157000565, 0.32362183869],
      [0.23021482428, 0.31093916347, 0.45884601225]
    ],
    [
      [0.40240081847, 0.56229673735, 0.035302444184],
      [0.10571292364, 0.61841175017, 0.2758753262],
      [0.1946082123, 0.38278633205, 0.42260545565]
    ],
    [
      [0.48946674271, 0.4743867393, 0.036146517991],
      [0.13752904291, 0.55877176745, 0.30369918964],
      [0.23793519302, 0.32499173685, 0.43707307013]
    ],
    [
      [0.49298717632, 0.46960261539, 0.037410208289],
      [0.13761918218, 0.55040381825, 0.31197699957],
      [0.23661315373, 0.31813577578, 0.44525107049]
    ],
    [
      [0.42968677278, 0.50155650708, 0.068756720137],
      [0.093434674172, 0.45662239353, 0.4499429323],
      [0.15023149927, 0.24727434156, 0.60249415917]
    ],
    [
      [0.37338706402, 0.55457437271, 0.072038563263],
      [0.076971588229, 0.47764609814, 0.44538231363],
      [0.12638498219, 0.26416785031, 0.6094471675]
    ],
    [
      [0.38593996214, 0.57352504394, 0.040534993924],
      [0.096693587615, 0.60081775083, 0.30248866155],
      [0.17556887548, 0.36691090493, 0.45752021959]
    ],
    [
      [0.50212932427, 0.45931377878, 0.038556896943],
      [0.14014368305, 0.53796850249, 0.32188781445],
      [0.23818408048, 0.30739603094, 0.45441988858]
    ],
    [
      [0.58220881675, 0.3879760146, 0.029815168645],
      [0.18742812555, 0.52530797477, 0.28726389968],
      [0.31127332636, 0.29310594009, 0.39562073354]
    ],
    [
      [0.412786457, 0.52625444317, 0.060959099827],
      [0.092963160058, 0.49574490353, 0.41129193641],
      [0.15437027047, 0.27710146161, 0.56852826792]
    ],
    [
      [0.46538838412, 0.49863943894, 0.035972176941],
      [0.12828456695, 0.57630339421, 0.29541203883],
      [0.22610904147, 0.34141316522, 0.43247779331]
    ],
    [
      [0.51485617589, 0.43935610871, 0.045787715395],
      [0.13786802557, 0.49396454092, 0.3681674335],
      [0.22606327455, 0.27244608958, 0.50149063587]
    ],
    [
      [0.34402679864, 0.5828222347, 0.073150966667],
      [0.069239273342, 0.49040322066, 0.440357506],
      [0.11519608227, 0.27489380722, 0.60991011052]
    ],
    [
      [0.45354197689, 0.50097357529, 0.045484447821],
      [0.11550448087, 0.53950496632, 0.34499055281],
      [0.19883953011, 0.3115752298, 0.48958524009]
    ],
    [
      [0.47671722777, 0.47966926843, 0.043613503809],
      [0.12520445099, 0.53340517885, 0.34139037016],
      [0.21390456992, 0.30559296822, 0.48050246186]
    ],
    [
      [0.40078820816, 0.53804153294, 0.061170258905],
      [0.089225044071, 0.50517111666, 0.40560383927],
      [0.15022601015, 0.28577003513, 0.56400395471]
    ],
    [
      [0.58729807312, 0.36038360864, 0.052318318246],
      [0.15927111188, 0.41500633962, 0.42572254851],
      [0.24527771886, 0.21451152826, 0.54021075288]
    ],
    [
      [0.38498192603, 0.56761714447, 0.0474009295],
      [0.092011000851, 0.57157725816, 0.33641174099],
      [0.16382291658, 0.34167501528, 0.49450206814]
    ],
    [
      [0.42988120062, 0.50207678252, 0.068042016857],
      [0.093780526037, 0.46293080897, 0.44328866499],
      [0.15241748985, 0.25280428802, 0.59477822212]
    ],
    [
      [0.50407964469, 0.4659956991, 0.02992465621],
      [0.14955048642, 0.58632282007, 0.26412669352],
      [0.26560776603, 0.34862460139, 0.38576763258]
    ],
    [
      [0.45813445534, 0.49123811153, 0.050627433135],
      [0.1131107955, 0.5135418466, 0.3733473579],
      [0.19063156981, 0.29051361647, 0.51885481372]
    ],
    [
      [0.40663275355, 0.55127662901, 0.042090617443],
      [0.10202336949, 0.58421616758, 0.31376046294],
      [0.18330661401, 0.35202306264, 0.46467032335]
    ],
    [
      [0.48035116921, 0.46768226017, 0.051966570614],
      [0.11973862168, 0.49343972697, 0.38682165135],
      [0.19812969139, 0.27406113936, 0.52780916925]
    ],
    [
      [0.40370733315, 0.55127967537, 0.045012991473],
      [0.099245317808, 0.57175488128, 0.32899980091],
      [0.17637872945, 0.34109229713, 0.48252897343]
    ],
    [
      [0.47766470645, 0.47733095237, 0.045004341173],
      [0.12435632395, 0.52619978617, 0.34944388988],
      [0.21119972772, 0.29975906653, 0.48904120576]
    ],
    [
      [0.4820731895, 0.46746175308, 0.050465057415],
      [0.12151276603, 0.498802079, 0.37968515497],
      [0.20187874258, 0.27809231636, 0.52002894105]
    ],
    [
      [0.54121651861, 0.40370478186, 0.055078699521],
      [0.13861548316, 0.43847611313, 0.42290840372],
      [0.21844162104, 0.23201823956, 0.5495401394]
    ],
    [
      [0.54087905881, 0.42010212346, 0.039018817735],
      [0.15476706527, 0.51126548196, 0.33396745277],
      [0.25764151539, 0.28512700665, 0.45723147796]
    ],
    [
      [0.38938589016, 0.56398126884, 0.046632840999],
      [0.093791469533, 0.57261919586, 0.3335893346],
      [0.16708627067, 0.34242631911, 0.49048741023]
    ],
    [
      [0.48075867499, 0.47062234149, 0.048618983515],
      [0.12298058955, 0.50758275885, 0.36943665161],
      [0.20563298237, 0.28476356727, 0.50960345037]
    ],
    [
      [0.30507813609, 0.6586885671, 0.036233296812],
      [0.073879729607, 0.66820879712, 0.25791147328],
      [0.14467073481, 0.43852061328, 0.41680865191]
    ],
    [
      [0.31905134993, 0.63152725898, 0.049421391093],
      [0.072216117915, 0.59813119231, 0.32965268977],
