{
  "X": [
    [2, 68, 9, 21],
    [1, 72, 6, 21],
    [1, 69, 3, 27],
    [1, 62, 1, 36],
    [1, 71, 3, 25],
    [0, 73, 3, 24],
    [2, 61, 7, 30],
    [2, 68, 3, 27],
    [2, 69, 4, 25],
    [3, 73, 2, 22],
    [3, 64, 4, 29],
    [0, 68, 9, 23],
    [1, 64, 5, 30],
    [0, 72, 5, 23],
    [2, 63, 8, 27],
    [4, 64, 2, 30],
    [2, 75, 4, 19],
    [2, 65, 3, 30],
    [4, 65, 8, 23],
    [1, 66, 8, 25],
    [1, 69, 2, 28],
    [2, 68, 4, 26],
    [2, 66, 4, 28],
    [2, 67, 4, 27],
    [0, 68, 5, 27],
    [2, 24, 2, 72],
    [2, 29, 4, 65],
    [3, 35, 4, 58],
    [1, 28, 5, 66],
    [3, 38, 2, 57],
    [2, 24, 3, 71],
    [2, 27, 7, 64],
    [0, 29, 2, 69],
    [0, 23, 8, 69],
    [5, 31, 5, 59],
    [0, 39, 5, 56],
    [3, 27, 2, 68],
    [2, 33, 0, 65],
    [3, 24, 14, 59],
    [3, 22, 6, 69],
    [3, 26, 5, 66],
    [2, 27, 5, 66],
    [1, 20, 2, 77],
    [3, 23, 8, 66],
    [2, 31, 5, 62],
    [0, 29, 5, 66],
    [3, 32, 5, 60],
    [3, 33, 3, 61],
    [0, 25, 3, 72],
    [1, 28, 4, 67]
  ],
  "W": [
    [77, 23],
    [84, 16],
    [74, 26],
    [68, 32],
    [74, 26],
    [75, 25],
    [75, 25],
    [73, 27],
    [76, 24],
    [81, 19],
    [73, 27],
    [75, 25],
    [72, 28],
    [77, 23],
    [71, 29],
    [67, 33],
    [80, 20],
    [72, 28],
    [76, 24],
    [79, 21],
    [74, 26],
    [73, 27],
    [76, 24],
    [71, 29],
    [75, 25],
    [22, 78],
    [24, 76],
    [32, 68],
    [26, 74],
    [32, 68],
    [24, 76],
    [26, 74],
    [23, 77],
    [20, 80],
    [28, 72],
    [38, 62],
    [26, 74],
    [31, 69],
    [28, 72],
    [17, 83],
    [20, 80],
    [21, 79],
    [17, 83],
    [21, 79],
    [26, 74],
    [25, 75],
    [30, 70],
    [30, 70],
    [21, 79],
    [24, 76]
  ],
  "method": "mvn_cdf",
  "mvncdf_method": "genz",
  "mvncdf_samples": 5000,
  "mvncdf_error": 1e-06,
  "cond_prob": [
    [
      [0.011977411828, 0.8521971539, 0.096131221035, 0.039694213232],
      [0.023792573028, 0.083312787204, 0.11654412428, 0.77635051549]
    ],
    [
      [0.0077530259022, 0.85464062359, 0.05937906781, 0.078227282701],
      [0.0087644614159, 0.048555369455, 0.041258287203, 0.90142188193]
    ],
    [
      [0.0068023139045, 0.9098248203, 0.029966512735, 0.053406353055],
      [0.011298011705, 0.074802754374, 0.03047051365, 0.88342872027]
    ],
    [
      [0.008018081962, 0.88547018213, 0.021820134415, 0.084691601495],
      [0.0087582311076, 0.048282354257, 0.015175550317, 0.92778386432]
    ],
    [
      [0.0061440533397, 0.92569523263, 0.027874051576, 0.040286662452],
      [0.013073014779, 0.097430537198, 0.036278548475, 0.85321789955]
    ],
    [
      [0.0031583121886, 0.93253321713, 0.027175407167, 0.037133063511],
      [0.007195036543, 0.10589820532, 0.038386208706, 0.84852054943]
    ],
    [
      [0.016367942626, 0.79939458014, 0.079507404224, 0.10473007301],
      [0.014162088196, 0.034362328793, 0.042154544063, 0.90932103895]
    ],
    [
      [0.012504690934, 0.90783077575, 0.029573358845, 0.050091174469],
      [0.02188275739, 0.07831944928, 0.031597176526, 0.8682006168]
    ],
    [
      [0.013228812668, 0.89444643053, 0.037428873417, 0.054895883381],
      [0.021099345072, 0.070651861758, 0.036369058335, 0.87187973484]
    ],
    [
      [0.026885368473, 0.88577782878, 0.025254214477, 0.06208258827],
      [0.037903317307, 0.061881561623, 0.021620148242, 0.87859497283]
    ],
    [
      [0.026809475519, 0.8621498338, 0.039875741402, 0.071164949278],
      [0.033607531768, 0.053169082652, 0.030383202342, 0.88284018324]
    ],
    [
      [0.0032479759109, 0.8635053006, 0.094506412029, 0.038740311462],
      [0.0066202536544, 0.088152151272, 0.11862014606, 0.78660744901]
    ],
    [
      [0.0075175597441, 0.87514979381, 0.048477169955, 0.068855476487],
      [0.0098142961991, 0.056519058508, 0.038767739578, 0.89489890572]
    ],
    [
      [0.003371512417, 0.91013234695, 0.043108922978, 0.043387217652],
      [0.0066182148501, 0.088851694427, 0.051990241808, 0.85253984891]
    ],
    [
      [0.01228356171, 0.85862110342, 0.081683787404, 0.047411547466],
      [0.021488619788, 0.073908546538, 0.08705120727, 0.8175516264]
    ],
    [
      [0.03638593921, 0.89986514451, 0.022487943558, 0.041260972726],
      [0.075498271051, 0.088194731323, 0.027422214863, 0.80888478276]
    ],
    [
      [0.011924797196, 0.91698951157, 0.034515514897, 0.03657017634],
      [0.026986673226, 0.1025909338, 0.047540381907, 0.82288201107]
    ],
    [
      [0.013931056147, 0.88626363618, 0.032057356696, 0.067747950974],
      [0.018599711031, 0.058458119276, 0.026172726641, 0.89676944305]
    ],
    [
      [0.046389080832, 0.8210482406, 0.082427559217, 0.050135119353],
      [0.073775365498, 0.064982885579, 0.07973563636, 0.78150611256]
    ],
    [
      [0.0078651826737, 0.82057421587, 0.090597044758, 0.080963556693],
      [0.0085646471461, 0.044893705606, 0.060462059004, 0.88607958824]
    ],
    [
      [0.0070015365708, 0.90917062929, 0.02487910762, 0.058948726519],
      [0.010638460864, 0.068428896037, 0.023184447509, 0.89774819559]
    ],
    [
      [0.012098596935, 0.90713898636, 0.035511294055, 0.045251122652],
      [0.023034503597, 0.085155993595, 0.041300138642, 0.85050936417]
    ],
    [
      [0.015131778671, 0.86114290623, 0.040869886292, 0.082855428805],
      [0.016609541651, 0.046730740578, 0.027399184433, 0.90926053334]
    ],
    [
      [0.011533213345, 0.91227442678, 0.03452759615, 0.041664763729],
      [0.023692895044, 0.090113364063, 0.04335649136, 0.84283724953]
    ],
    [
      [0.0037807869492, 0.8890705787, 0.046538387857, 0.060610246496],
      [0.0055275821634, 0.064707457761, 0.041833754284, 0.88793120579]
    ],
    [
      [0.012331976761, 0.88840359549, 0.028476093552, 0.070788334197],
      [0.01657372981, 0.056843063794, 0.023603336514, 0.90297986988]
    ],
    [
      [0.0085582604803, 0.91806116154, 0.030517881722, 0.042862696253],
      [0.017994450857, 0.091544788833, 0.039109357952, 0.85135140236]
    ],
    [
      [0.01545715427, 0.90863861727, 0.032001034204, 0.043903194259],
      [0.031277157928, 0.087703622652, 0.039644641171, 0.84137457825]
    ],
    [
      [0.0066207475626, 0.88786912477, 0.046651841192, 0.058858286475],
      [0.010398663972, 0.066597038479, 0.045109862614, 0.87789443494]
    ],
    [
      [0.01239000537, 0.93717386235, 0.017445657689, 0.032990474588],
      [0.032838169427, 0.1171889324, 0.028197022449, 0.82177587572]
    ],
    [
      [0.013843918517, 0.86625061338, 0.038455552302, 0.081449915801],
      [0.016116003137, 0.047018614557, 0.027526538489, 0.90933884382]
    ],
    [
      [0.011193263716, 0.85910231967, 0.071198439829, 0.058505976789],
      [0.017223472884, 0.063129980885, 0.067297139239, 0.85234940699]
    ],
    [
      [0.0031015639338, 0.93261952929, 0.0199803218, 0.044298584971],
      [0.0064020119592, 0.092174997188, 0.025722538853, 0.875700452]
    ],
    [
      [0.0037961604748, 0.86075705379, 0.081359230148, 0.054087555589],
      [0.0062313014173, 0.067548583749, 0.08282501778, 0.84339509705]
    ],
    [
      [0.041614278584, 0.87746811506, 0.038523555026, 0.042394051327],
      [0.08196611872, 0.082064356914, 0.047326088225, 0.78864343614]
    ],
    [
      [0.0036048013311, 0.90100219776, 0.043213592318, 0.052179408594],
      [0.0062596147202, 0.075777016728, 0.046334301066, 0.87162906749]
    ],
    [
      [0.02083481677, 0.87978365523, 0.028572359486, 0.070809168515],
      [0.027692094788, 0.055740874114, 0.023330818116, 0.89323621298]
    ],
    [
      [0.011447831254, 0.90761487254, 0.017067703922, 0.063869592289],
      [0.017002721231, 0.064230020934, 0.015669717643, 0.90309754019]
    ],
    [
      [0.017769067943, 0.62005741278, 0.29944648782, 0.062727031459],
      [0.0231306494, 0.037867980987, 0.22314914591, 0.71585222371]
    ],
    [
      [0.014571273365, 0.89121732772, 0.048361648588, 0.045849750329],
      [0.028185100606, 0.081452438345, 0.057542716844, 0.83281974421]
    ],
    [
