{
  "X": [
    [19, 55, 17, 9],
    [35, 39, 13, 13],
    [21, 59, 12, 8],
    [26, 58, 11, 5],
    [23, 50, 11, 16],
    [20, 46, 14, 20],
    [27, 43, 17, 13],
    [22, 54, 12, 12],
    [30, 44, 17, 9],
    [25, 44, 16, 15],
    [19, 58, 15, 8],
    [28, 45, 14, 13],
    [27, 49, 12, 12],
    [29, 49, 9, 13],
    [25, 39, 23, 13],
    [26, 48, 12, 14],
    [19, 46, 17, 18],
    [23, 50, 18, 9],
    [22, 47, 14, 17],
    [15, 54, 17, 14],
    [39, 36, 10, 15],
    [33, 45, 10, 12],
    [27, 38, 25, 10],
    [25, 48, 18, 9],
    [24, 50, 11, 15],
    [33, 48, 13, 6],
    [29, 42, 21, 8],
    [32, 42, 17, 9],
    [36, 42, 14, 8],
    [38, 43, 10, 9],
    [43, 42, 9, 6],
    [42, 30, 19, 9],
    [41, 39, 12, 8],
    [45, 38, 9, 8],
    [42, 35, 16, 7],
    [39, 45, 10, 6],
    [30, 54, 11, 5],
    [35, 40, 19, 6],
    [39, 46, 13, 2],
    [30, 45, 19, 6],
    [34, 48, 11, 7],
    [34, 43, 17, 6],
    [41, 40, 10, 9],
    [42, 43, 8, 7],
    [41, 33, 14, 12],
    [37, 38, 18, 7],
    [37, 43, 12, 8],
    [39, 40, 16, 5],
    [43, 38, 13, 6],
    [32, 45, 17, 6]
  ],
  "W": [
    [71, 29],
    [67, 33],
    [68, 32],
    [67, 33],
    [75, 25],
    [75, 25],
    [77, 23],
    [84, 16],
    [77, 23],
    [71, 29],
    [78, 22],
    [80, 20],
    [72, 28],
    [74, 26],
    [70, 30],
    [83, 17],
    [80, 20],
    [75, 25],
    [76, 24],
    [76, 24],
    [67, 33],
    [74, 26],
    [80, 20],
    [79, 21],
    [79, 21],
    [25, 75],
    [25, 75],
    [29, 71],
    [23, 77],
    [27, 73],
    [22, 78],
    [31, 69],
    [19, 81],
    [26, 74],
    [18, 82],
    [28, 72],
    [22, 78],
    [31, 69],
    [21, 79],
    [22, 78],
    [27, 73],
    [31, 69],
    [24, 76],
    [17, 83],
    [33, 67],
    [18, 82],
    [27, 73],
    [21, 79],
    [33, 67],
    [25, 75]
  ],
  "method": "mvn_cdf",
  "mvncdf_method": "genz",
  "mvncdf_samples": 5000,
  "mvncdf_error": 1e-06,
  "cond_prob": [
    [
      [0.1409917528, 0.58933119744, 0.17091854684, 0.09875850292],
      [0.32458049992, 0.48590045229, 0.15931098046, 0.030208067324]
    ],
    [
      [0.26690901377, 0.42558597013, 0.13654080414, 0.17096421195],
      [0.55494317844, 0.30309350223, 0.10461287041, 0.037350448912]
    ],
    [
      [0.15440774397, 0.63342661908, 0.10866097754, 0.10350465941],
      [0.3363979661, 0.52128607609, 0.11431024418, 0.028005713632]
    ],
    [
      [0.18640125765, 0.6310860147, 0.11741905246, 0.065093675196],
      [0.40469198015, 0.46965604064, 0.10442760298, 0.02122437623]
    ],
    [
      [0.1688648395, 0.5225102616, 0.11337809807, 0.19524680083],
      [0.40707942724, 0.43396660844, 0.107453261, 0.051500703314]
    ],
    [
      [0.14313790952, 0.46207156057, 0.13438122962, 0.26040930029],
      [0.38310955583, 0.38652458897, 0.15441196081, 0.075953894398]
    ],
    [
      [0.21205339213, 0.45920368524, 0.1743796878, 0.15436323482],
      [0.46352098278, 0.34904971399, 0.15040466041, 0.037024642811]
    ],
    [
      [0.18069060974, 0.5635171835, 0.12166143685, 0.13413076991],
      [0.41210188538, 0.44475847423, 0.10957900614, 0.033560634251]
    ],
    [
      [0.24338828227, 0.47014068429, 0.17412890584, 0.11234212759],
      [0.49837934869, 0.33460566682, 0.14149878988, 0.025516194616]
    ],
    [
      [0.17995870307, 0.46787547837, 0.16136813247, 0.19079768609],
      [0.42015961869, 0.38145821813, 0.14944880356, 0.048933359619]
    ],
    [
      [0.14592949885, 0.60718224894, 0.14765059874, 0.099237653469],
      [0.34549381636, 0.49250474254, 0.13593355035, 0.026067890753]
    ],
    [
      [0.22979567988, 0.47739170454, 0.14235642286, 0.15045619272],
      [0.49070454582, 0.3542004601, 0.11978364006, 0.035311354015]
    ],
    [
      [0.20057971952, 0.52671236203, 0.12423394272, 0.14847397573],
      [0.44676057534, 0.40750788388, 0.10937036306, 0.036361177725]
    ],
    [
      [0.22050426375, 0.52147422211, 0.10076531666, 0.15725619749],
      [0.49545610032, 0.3833582769, 0.084595718297, 0.036589904485]
    ],
    [
      [0.18223796812, 0.42442323307, 0.23503499451, 0.15830380431],
      [0.40597406077, 0.32222870614, 0.2336911729, 0.038106060193]
    ],
    [
      [0.21623863659, 0.50340499637, 0.12276303671, 0.15759333033],
      [0.47373251748, 0.38160380194, 0.10678799265, 0.037875687944]
    ],
    [
      [0.16661668324, 0.45839782126, 0.16437101021, 0.21061448529],
      [0.37609269248, 0.41435669728, 0.14993261433, 0.059617995915]
    ],
    [
      [0.17381556879, 0.52848314665, 0.18415044311, 0.11355084145],
      [0.3922550608, 0.41484996798, 0.16468895263, 0.028206018587]
    ],
    [
      [0.16387097948, 0.4878250919, 0.1381979203, 0.21010600833],
      [0.39857896683, 0.41234390155, 0.13319213181, 0.055884999807]
    ],
    [
      [0.11820370169, 0.55403542895, 0.16404208977, 0.16371877959],
      [0.30096614892, 0.48872159922, 0.16685318446, 0.0434590674]
    ],
    [
      [0.29150698157, 0.40750079609, 0.086808944984, 0.21418327736],
      [0.57498752081, 0.28338871149, 0.096620833486, 0.045002934217]
    ],
    [
      [0.26640499729, 0.48302511544, 0.10521772927, 0.145352158],
      [0.54071141324, 0.33902650251, 0.08774746543, 0.032514618822]
    ],
    [
      [0.2182370678, 0.35776608347, 0.29602207596, 0.12797477277],
      [0.48404849194, 0.27520272051, 0.20959097994, 0.031157807613]
    ],
    [
      [0.19911153097, 0.50534234892, 0.18459733795, 0.11094878217],
      [0.43187063602, 0.38292904894, 0.15868786355, 0.026512451488]
    ],
    [
      [0.18687028125, 0.52425988983, 0.11389767731, 0.17497215161],
      [0.43158914286, 0.41999400217, 0.10404213673, 0.044374718246]
    ],
    [
      [0.16676891803, 0.56795698216, 0.13535579, 0.12991830982],
      [0.38551972454, 0.45755033076, 0.12400541429, 0.032924530413]
    ],
    [
      [0.1413248262, 0.44953059284, 0.23734397834, 0.17180060263],
      [0.3262684286, 0.41051566516, 0.21896493075, 0.044250975487]
    ],
    [
      [0.17114078906, 0.44862076864, 0.18639641545, 0.19384202685],
      [0.379411592, 0.40839201185, 0.16430541791, 0.047890978236]
    ],
    [
      [0.17888742598, 0.49413263133, 0.1458650463, 0.18111489638],
      [0.41740792768, 0.40144248536, 0.13503645376, 0.046113133203]
    ],
    [
      [0.19449599287, 0.50333105233, 0.10941436421, 0.19275859059],
      [0.44735915519, 0.40390149326, 0.10042084568, 0.048318505865]
    ],
    [
      [0.22913292876, 0.52311404349, 0.10750941687, 0.14024361088],
      [0.48842741417, 0.38798275976, 0.090826932806, 0.032762893257]
    ],
    [
      [0.23058504425, 0.36453610018, 0.21625370048, 0.18862515509],
      [0.50296247751, 0.26951512978, 0.18514623297, 0.042376159737]
    ],
    [
      [0.20306833708, 0.46905709023, 0.1289558836, 0.1989186891],
      [0.46065356832, 0.37349560716, 0.11667220988, 0.04917861464]
    ],
    [
      [0.24627680751, 0.47120339844, 0.10681146279, 0.17570833126],
      [0.52550977649, 0.34468174482, 0.089579671445, 0.040228807251]
    ],
    [
      [0.21117980234, 0.43705585467, 0.17612617474, 0.17563816825],
      [0.46780154173, 0.33576762894, 0.1541158789, 0.042314950424]
    ],
    [
      [0.21195390942, 0.54634099938, 0.11384625416, 0.12785883704],
      [0.47880593726, 0.39816269005, 0.093802512549, 0.029228860143]
    ],
    [
      [0.14178746454, 0.63630556326, 0.11308083306, 0.10882613914],
      [0.35189959928, 0.51753545125, 0.1018738868, 0.028691062671]
    ],
    [
      [0.18952664337, 0.47409205773, 0.21350095586, 0.12288034304],
      [0.41776218029, 0.36604346618, 0.18645570978, 0.029738643753]
    ],
    [
      [0.20425030796, 0.57782517396, 0.1428930644, 0.075031453689],
      [0.43419855321, 0.42735335352, 0.12064405912, 0.017804034155]
    ],
    [
      [0.14667964666, 0.51690690078, 0.20325481604, 0.13315863652],
      [0.34684396217, 0.42673160123, 0.19190397741, 0.034520459197]
    ],
    [
      [0.17353805269, 0.56463631934, 0.11677838184, 0.14504724613],
      [0.40158548486, 0.45464061142, 0.10697271531, 0.036801188417]
    ],
    [
