{
  "X": [
    [29, 71],
    [32, 68],
    [30, 70],
    [20, 80],
    [32, 68],
    [29, 71],
    [22, 78],
    [25, 75],
    [25, 75],
    [25, 75],
    [24, 76],
    [27, 73],
    [44, 56],
    [65, 35],
    [61, 39],
    [51, 49],
    [66, 34],
    [60, 40],
    [65, 35],
    [54, 46],
    [68, 32],
    [63, 37],
    [51, 49],
    [60, 40],
    [56, 44],
    [33, 67],
    [31, 69],
    [39, 61],
    [38, 62],
    [32, 68],
    [36, 64],
    [42, 58],
    [42, 58],
    [32, 68],
    [33, 67],
    [30, 70],
    [39, 61],
    [40, 60],
    [46, 54],
    [50, 50],
    [43, 57],
    [40, 60],
    [51, 49],
    [46, 54],
    [50, 50],
    [51, 49],
    [37, 63],
    [42, 58],
    [50, 50],
    [37, 63]
  ],
  "W": [
    [62, 11, 12, 15],
    [57, 17, 13, 13],
    [62, 12, 12, 14],
    [63, 11, 17, 9],
    [61, 16, 10, 13],
    [56, 11, 18, 15],
    [73, 5, 7, 15],
    [61, 14, 11, 14],
    [66, 15, 9, 10],
    [63, 12, 14, 11],
    [61, 12, 11, 16],
    [62, 17, 11, 10],
    [41, 37, 10, 12],
    [11, 62, 9, 18],
    [9, 73, 11, 7],
    [14, 51, 20, 15],
    [14, 67, 13, 6],
    [11, 67, 13, 9],
    [12, 57, 12, 19],
    [13, 63, 10, 14],
    [8, 67, 15, 10],
    [9, 62, 14, 15],
    [19, 57, 14, 10],
    [13, 66, 10, 11],
    [15, 61, 12, 12],
    [14, 11, 61, 14],
    [12, 12, 70, 6],
    [13, 19, 58, 10],
    [8, 14, 67, 11],
    [16, 14, 59, 11],
    [15, 10, 59, 16],
    [14, 12, 59, 15],
    [10, 14, 62, 14],
    [12, 12, 69, 7],
    [11, 19, 59, 11],
    [15, 11, 63, 11],
    [13, 17, 60, 10],
    [14, 9, 39, 38],
    [13, 9, 12, 66],
    [12, 17, 13, 58],
    [18, 11, 15, 56],
    [11, 10, 17, 62],
    [9, 10, 12, 69],
    [10, 14, 9, 67],
    [14, 14, 17, 55],
    [11, 10, 9, 70],
    [11, 9, 10, 70],
    [16, 11, 14, 59],
    [12, 13, 15, 60],
    [10, 5, 14, 71]
  ],
  "method": "mult",
  "cond_prob": [
    [
      [0.12262824672, 0.87737175328],
      [0.81163184849, 0.18836815151],
      [0.31229588849, 0.68770411151],
      [0.53384399742, 0.46615600258]
    ],
    [
      [0.11933876373, 0.88066123627],
      [0.80644734993, 0.19355265007],
      [0.30555089382, 0.69444910618],
      [0.52576822801, 0.47423177199]
    ],
    [
      [0.12624069883, 0.87375930117],
      [0.81661129639, 0.18338870361],
      [0.31944745953, 0.68055254047],
      [0.5420503265, 0.4579496735]
    ],
    [
      [0.084570857444, 0.91542914256],
      [0.74039016773, 0.25960983227],
      [0.23092591119, 0.76907408881],
      [0.43102584742, 0.56897415258]
    ],
    [
      [0.12561509359, 0.87438490641],
      [0.81552492771, 0.18447507229],
      [0.31812817611, 0.68187182389],
      [0.5404208096, 0.4595791904]
    ],
    [
      [0.11697727961, 0.88302272039],
      [0.80316084021, 0.19683915979],
      [0.30085543464, 0.69914456536],
      [0.52036029707, 0.47963970293]
    ],
    [
      [0.11263024112, 0.88736975888],
      [0.79735552445, 0.20264447555],
      [0.29227021949, 0.70772978051],
      [0.51058754512, 0.48941245488]
    ],
    [
      [0.095710319298, 0.9042896807],
      [0.76519641344, 0.23480358656],
      [0.25582857389, 0.74417142611],
      [0.46427243638, 0.53572756362]
    ],
    [
      [0.1012300793, 0.8987699207],
      [0.77635972912, 0.22364027088],
      [0.26789690724, 0.73210309276],
      [0.47991200305, 0.52008799695]
    ],
    [
      [0.10493620531, 0.89506379469],
      [0.78336017727, 0.21663982273],
      [0.27586693841, 0.72413306159],
      [0.49002231983, 0.50997768017]
    ],
    [
      [0.093574683614, 0.90642531639],
      [0.76077205876, 0.23922794124],
      [0.25113400424, 0.74886599576],
      [0.45814324657, 0.54185675343]
    ],
    [
      [0.10287341357, 0.89712658643],
      [0.7792234242, 0.2207765758],
      [0.27136082518, 0.72863917482],
      [0.4841969151, 0.5158030849]
    ],
    [
      [0.11494805795, 0.88505194205],
      [0.79896380883, 0.20103619117],
      [0.29636495216, 0.70363504784],
      [0.51449426107, 0.48550573893]
    ],
    [
      [0.12324636435, 0.87675363565],
      [0.81150877152, 0.18849122848],
      [0.3131821369, 0.6868178631],
      [0.53436215934, 0.46563784066]
    ],
    [
      [0.092147853128, 0.90785214687],
      [0.75683484707, 0.24316515293],
      [0.24775683973, 0.75224316027],
      [0.45331658409, 0.54668341591]
    ],
    [
      [0.094273835221, 0.90572616478],
      [0.7609803849, 0.2390196151],
      [0.25234951796, 0.74765048204],
      [0.459195827, 0.540804173]
    ],
    [
      [0.13086615079, 0.86913384921],
      [0.82177268196, 0.17822731804],
      [0.32814047123, 0.67185952877],
      [0.55139090131, 0.44860909869]
    ],
    [
      [0.099665688135, 0.90033431186],
      [0.77225939316, 0.22774060684],
      [0.2642213187, 0.7357786813],
      [0.47473718185, 0.52526281815]
    ],
    [
      [0.1349972863, 0.8650027137],
      [0.82689675597, 0.17310324403],
      [0.33606391917, 0.66393608083],
      [0.56017446107, 0.43982553893]
    ],
    [
      [0.083871208817, 0.91612879118],
      [0.73707441174, 0.26292558826],
      [0.22896424103, 0.77103575897],
      [0.42769052333, 0.57230947667]
    ],
    [
      [0.13187499541, 0.86812500459],
      [0.82314592609, 0.17685407391],
      [0.33012548811, 0.66987451189],
      [0.5536578099, 0.4463421901]
    ],
    [
      [0.1154334649, 0.8845665351],
      [0.79985674313, 0.20014325687],
      [0.29740859668, 0.70259140332],
      [0.51580856352, 0.48419143648]
    ],
    [
      [0.090588682149, 0.90941131785],
      [0.75292192759, 0.24707807241],
      [0.24415737529, 0.75584262471],
      [0.44832549726, 0.55167450274]
    ],
    [
      [0.10131244157, 0.89868755843],
      [0.77542576852, 0.22457423148],
      [0.26777180385, 0.73222819615],
      [0.4792638825, 0.5207361175]
    ],
    [
      [0.096650626335, 0.90334937366],
      [0.76607170414, 0.23392829586],
      [0.25761271432, 0.74238728568],
      [0.46613700711, 0.53386299289]
    ],
    [
      [0.10246073883, 0.89753926117],
      [0.77784182689, 0.22215817311],
      [0.27030041005, 0.72969958995],
      [0.48257905651, 0.51742094349]
    ],
    [
      [0.097640176485, 0.90235982351],
      [0.76851853316, 0.23148146684],
      [0.25988799171, 0.74011200829],
      [0.46927747887, 0.53072252113]
    ],
    [
      [0.11355217134, 0.88644782866],
      [0.79691712597, 0.20308287403],
      [0.29355360993, 0.70644639007],
      [0.51120287564, 0.48879712436]
    ],
    [
      [0.11550646282, 0.88449353718],
      [0.8000934766, 0.1999065234],
      [0.29759063529, 0.70240936471],
      [0.51608350409, 0.48391649591]
    ],
    [
      [0.096325101765, 0.90367489823],
      [0.76573002161, 0.23426997839],
      [0.25698156214, 0.74301843786],
      [0.46545589976, 0.53454410024]
    ],
    [
      [0.11647799036, 0.88352200964],
      [0.80173985216, 0.19826014784],
      [0.2996198716, 0.7003801284],
      [0.51856944748, 0.48143055252]
    ],
    [
      [0.1398551693, 0.8601448307],
      [0.83292814163, 0.16707185837],
      [0.34536201943, 0.65463798057],
      [0.5704789556, 0.4295210444]
    ],
    [
      [0.13220843209, 0.86779156791],
      [0.82359461019, 0.17640538981],
      [0.33076961531, 0.66923038469],
      [0.55438784345, 0.44561215655]
    ],
    [
      [0.10092527663, 0.89907472337],
      [0.7749727463, 0.2250272537],
      [0.26701181246, 0.73298818754],
      [0.47842304754, 0.52157695246]
    ],
    [
      [0.087877406288, 0.91212259371],
      [0.74689063031, 0.25310936969],
      [0.23810429022, 0.76189570978],
      [0.44025001512, 0.55974998488]
    ],
    [
      [0.093401593432, 0.90659840657],
      [0.75967139486, 0.24032860514],
      [0.25056100286, 0.74943899714],
      [0.45707521619, 0.54292478381]
    ],
    [
      [0.11797673489, 0.88202326511],
      [0.80387478302, 0.19612521698],
      [0.30261493435, 0.69738506565],
      [0.52204353296, 0.47795646704]
    ],
    [
      [0.11441987159, 0.88558012841],
      [0.79826702959, 0.20173297041],
