{
  "X": [
    [18, 82],
    [15, 85],
    [23, 77],
    [15, 85],
    [18, 82],
    [18, 82],
    [21, 79],
    [12, 88],
    [20, 80],
    [15, 85],
    [20, 80],
    [19, 81],
    [31, 69],
    [53, 47],
    [52, 48],
    [47, 53],
    [53, 47],
    [47, 53],
    [47, 53],
    [55, 45],
    [53, 47],
    [49, 51],
    [52, 48],
    [59, 41],
    [54, 46],
    [23, 77],
    [31, 69],
    [29, 71],
    [34, 66],
    [26, 74],
    [23, 77],
    [30, 70],
    [30, 70],
    [25, 75],
    [32, 68],
    [30, 70],
    [30, 70],
    [28, 72],
    [19, 81],
    [23, 77],
    [25, 75],
    [30, 70],
    [26, 74],
    [18, 82],
    [27, 73],
    [20, 80],
    [26, 74],
    [25, 75],
    [20, 80],
    [22, 78]
  ],
  "W": [
    [52, 15, 14, 19],
    [74, 13, 8, 5],
    [56, 14, 16, 14],
    [70, 10, 12, 8],
    [65, 11, 11, 13],
    [69, 14, 7, 10],
    [58, 14, 12, 16],
    [67, 11, 16, 6],
    [57, 17, 11, 15],
    [61, 12, 13, 14],
    [66, 11, 13, 10],
    [61, 12, 15, 12],
    [32, 33, 22, 13],
    [14, 63, 12, 11],
    [13, 58, 14, 15],
    [16, 51, 15, 18],
    [13, 60, 9, 18],
    [16, 54, 17, 13],
    [16, 58, 11, 15],
    [11, 64, 11, 14],
    [10, 62, 14, 14],
    [7, 66, 12, 15],
    [9, 61, 13, 17],
    [9, 68, 10, 13],
    [14, 61, 11, 14],
    [8, 15, 63, 14],
    [9, 17, 68, 6],
    [16, 13, 53, 18],
    [11, 14, 64, 11],
    [15, 9, 64, 12],
    [13, 10, 66, 11],
    [14, 14, 58, 14],
    [13, 14, 63, 10],
    [12, 12, 66, 10],
    [12, 12, 64, 12],
    [17, 16, 57, 10],
    [15, 11, 59, 15],
    [10, 14, 42, 34],
    [13, 13, 12, 62],
    [11, 14, 14, 61],
    [14, 16, 13, 57],
    [9, 15, 12, 64],
    [10, 12, 14, 64],
    [14, 12, 8, 66],
    [18, 16, 15, 51],
    [17, 10, 13, 60],
    [9, 19, 13, 59],
    [13, 14, 6, 67],
    [15, 12, 12, 61],
    [6, 13, 12, 69]
  ],
  "method": "mult",
  "cond_prob": [
    [
      [0.044048429381, 0.95595157062],
      [0.73529949827, 0.26470050173],
      [0.22934898859, 0.77065101141],
      [0.12781424668, 0.87218575332]
    ],
    [
      [0.046134708317, 0.95386529168],
      [0.74619842303, 0.25380157697],
      [0.23845325785, 0.76154674215],
      [0.13343950734, 0.86656049266]
    ],
    [
      [0.061737792101, 0.9382622079],
      [0.79887585263, 0.20112414737],
      [0.29831564435, 0.70168435565],
      [0.17307803291, 0.82692196709]
    ],
    [
      [0.049571528739, 0.95042847126],
      [0.76073930558, 0.23926069442],
      [0.25257674399, 0.74742325601],
      [0.14245403095, 0.85754596905]
    ],
    [
      [0.056870303962, 0.94312969604],
      [0.78567458523, 0.21432541477],
      [0.28077337204, 0.71922662796],
      [0.16106210604, 0.83893789396]
    ],
    [
      [0.053132257042, 0.94686774296],
      [0.77287287115, 0.22712712885],
      [0.26633847728, 0.73366152272],
      [0.15153456174, 0.84846543826]
    ],
    [
      [0.057489379049, 0.94251062095],
      [0.7866156184, 0.2133843816],
      [0.28276005032, 0.71723994968],
      [0.16251563996, 0.83748436004]
    ],
    [
      [0.035199708914, 0.96480029109],
      [0.68904435823, 0.31095564177],
      [0.19102759498, 0.80897240502],
      [0.10405855598, 0.89594144402]
    ],
    [
      [0.048677310761, 0.95132268924],
      [0.75506181951, 0.24493818049],
      [0.24835558682, 0.75164441318],
      [0.13994658777, 0.86005341223]
    ],
    [
      [0.042576386633, 0.95742361337],
      [0.72939600123, 0.27060399877],
      [0.22339596569, 0.77660403431],
      [0.12398223266, 0.87601776734]
    ],
    [
      [0.063709262122, 0.93629073788],
      [0.80526789108, 0.19473210892],
      [0.30578745165, 0.69421254835],
      [0.17805877248, 0.82194122752]
    ],
    [
      [0.055012803179, 0.94498719682],
      [0.77909583386, 0.22090416614],
      [0.27353027078, 0.72646972922],
      [0.15630631172, 0.84369368828]
    ],
    [
      [0.044332358693, 0.95566764131],
      [0.73418415236, 0.26581584764],
      [0.22991057593, 0.77008942407],
      [0.12838285584, 0.87161714416]
    ],
    [
      [0.05032893167, 0.94967106833],
      [0.75879718745, 0.24120281255],
      [0.25416899218, 0.74583100782],
      [0.1439873738, 0.8560126262]
    ],
    [
      [0.053829866268, 0.94617013373],
      [0.77151932831, 0.22848067169],
      [0.26784179503, 0.73215820497],
      [0.15295140383, 0.84704859617]
    ],
    [
      [0.052828952591, 0.94717104741],
      [0.76803558556, 0.23196441444],
      [0.26397979412, 0.73602020588],
      [0.1504027405, 0.8495972595]
    ],
    [
      [0.054500004392, 0.94549999561],
      [0.77381959731, 0.22618040269],
      [0.27041584338, 0.72958415662],
      [0.1546541743, 0.8453458257]
    ],
    [
      [0.048810330792, 0.95118966921],
      [0.75283037317, 0.24716962683],
      [0.24809984453, 0.75190015547],
      [0.14005740152, 0.85994259848]
    ],
    [
      [0.045575385708, 0.95442461429],
      [0.73918920409, 0.26081079591],
      [0.23491747471, 0.76508252529],
      [0.13161136806, 0.86838863194]
    ],
    [
      [0.052698259968, 0.94730174003],
      [0.76757463005, 0.23242536995],
      [0.26347638512, 0.73652361488],
      [0.1500704065, 0.8499295935]
    ],
    [
      [0.050344045101, 0.9496559549],
      [0.75885493548, 0.24114506452],
      [0.25422889421, 0.74577110579],
      [0.14402633561, 0.85597366439]
    ],
    [
      [0.039169532991, 0.96083046701],
      [0.70765204893, 0.29234795107],
      [0.20771106264, 0.79228893736],
      [0.11457044068, 0.88542955932]
    ],
    [
      [0.049649086389, 0.95035091361],
      [0.75615898739, 0.24384101261],
      [0.25146205769, 0.74853794231],
      [0.14223104125, 0.85776895875]
    ],
    [
      [0.055762552227, 0.94423744777],
      [0.7781217027, 0.2218782973],
      [0.27525593582, 0.72474406418],
      [0.15785942275, 0.84214057725]
    ],
    [
      [0.055033787088, 0.94496621291],
      [0.77562418368, 0.22437581632],
      [0.27245687609, 0.72754312391],
      [0.15600763524, 0.84399236476]
    ],
    [
      [0.036027546541, 0.96397245346],
      [0.69043286229, 0.30956713771],
      [0.19399596368, 0.80600403632],
      [0.10610883142, 0.89389116858]
    ],
    [
      [0.049370761533, 0.95062923847],
      [0.75586405108, 0.24413594892],
      [0.25057843695, 0.74942156305],
      [0.1415786527, 0.8584213473]
    ],
    [
      [0.056188975661, 0.94381102434],
      [0.78075090623, 0.21924909377],
      [0.27727628197, 0.72272371803],
      [0.15905994363, 0.84094005637]
    ],
    [
      [0.062744102946, 0.93725589705],
      [0.79988298628, 0.20011701372],
      [0.30127952829, 0.69872047171],
      [0.17535193412, 0.82464806588]
    ],
    [
      [0.051492900696, 0.9485070993],
      [0.7647381422, 0.2352618578],
      [0.25923285313, 0.74076714687],
      [0.14712323732, 0.85287676268]
    ],
    [
      [0.041935992635, 0.95806400736],
      [0.72363686895, 0.27636313105],
      [0.22001974059, 0.77998025941],
      [0.12208931201, 0.87791068799]
    ],
    [
      [0.055135063946, 0.94486493605],
      [0.77710856389, 0.22289143611],
      [0.27321378396, 0.72678621604],
      [0.15637717792, 0.84362282208]
    ],
    [
      [0.053493885256, 0.94650611474],
      [0.77143983615, 0.22856016385],
      [0.2668880004, 0.7331119996],
      [0.15219966908, 0.84780033092]
    ],
    [
      [0.043712077838, 0.95628792216],
      [0.73200663974, 0.26799336026],
      [0.22749245599, 0.77250754401],
      [0.12679501936, 0.87320498064]
    ],
    [
      [0.061251824514, 0.93874817549],
      [0.79590295505, 0.20409704495],
      [0.29596346251, 0.70403653749],
      [0.17169030147, 0.82830969853]
    ],
    [
      [0.053063340582, 0.94693665942],
      [0.76990914312, 0.23009085688],
      [0.26521425553, 0.73478574447],
      [0.15109940868, 0.84890059132]
    ],
    [
      [0.06011658882, 0.93988341118],
      [0.79284979945, 0.20715020055],
      [0.29190265777, 0.70809734223],
      [0.16889898846, 0.83110101154]
    ],
    [
      [0.053738302987, 0.94626169701],
