{
  "X": [
    [86, 14],
    [86, 14],
    [80, 20],
    [84, 16],
    [83, 17],
    [83, 17],
    [78, 22],
    [79, 21],
    [84, 16],
    [76, 24],
    [85, 15],
    [82, 18],
    [66, 34],
    [60, 40],
    [60, 40],
    [63, 37],
    [66, 34],
    [64, 36],
    [60, 40],
    [55, 45],
    [60, 40],
    [54, 46],
    [55, 45],
    [56, 44],
    [65, 35],
    [69, 31],
    [67, 33],
    [79, 21],
    [84, 16],
    [75, 25],
    [72, 28],
    [70, 30],
    [69, 31],
    [72, 28],
    [73, 27],
    [73, 27],
    [80, 20],
    [79, 21],
    [79, 21],
    [82, 18],
    [73, 27],
    [79, 21],
    [76, 24],
    [77, 23],
    [81, 19],
    [76, 24],
    [80, 20],
    [83, 17],
    [70, 30],
    [76, 24]
  ],
  "W": [
    [59, 14, 13, 14],
    [58, 14, 15, 13],
    [59, 17, 10, 14],
    [61, 10, 15, 14],
    [60, 15, 13, 12],
    [64, 15, 10, 11],
    [54, 21, 17, 8],
    [74, 7, 13, 6],
    [65, 12, 14, 9],
    [55, 17, 15, 13],
    [68, 11, 7, 14],
    [67, 12, 11, 10],
    [42, 40, 11, 7],
    [10, 62, 14, 14],
    [10, 59, 11, 20],
    [15, 55, 19, 11],
    [12, 62, 13, 13],
    [13, 64, 10, 13],
    [13, 66, 10, 11],
    [9, 61, 13, 17],
    [8, 59, 15, 18],
    [18, 55, 15, 12],
    [20, 62, 11, 7],
    [17, 64, 11, 8],
    [17, 62, 12, 9],
    [15, 10, 60, 15],
    [20, 12, 52, 16],
    [13, 8, 69, 10],
    [14, 8, 65, 13],
    [9, 12, 67, 12],
    [12, 14, 62, 12],
    [10, 20, 62, 8],
    [8, 16, 60, 16],
    [11, 22, 56, 11],
    [16, 13, 62, 9],
    [8, 16, 62, 14],
    [13, 11, 66, 10],
    [10, 15, 48, 27],
    [9, 6, 13, 72],
    [7, 15, 13, 65],
    [14, 15, 12, 59],
    [11, 15, 11, 63],
    [11, 12, 8, 69],
    [7, 11, 12, 70],
    [15, 10, 10, 65],
    [11, 9, 14, 66],
    [18, 8, 12, 62],
    [10, 10, 19, 61],
    [11, 12, 11, 66],
    [19, 14, 6, 61]
  ],
  "method": "mult",
  "cond_prob": [
    [
      [0.9326853475, 0.067314652502],
      [0.53471187132, 0.46528812868],
      [0.82010423205, 0.17989576795],
      [0.86403605951, 0.13596394049]
    ],
    [
      [0.93349650212, 0.066503497884],
      [0.53800352627, 0.46199647373],
      [0.82202426344, 0.17797573656],
      [0.86556070469, 0.13443929531]
    ],
    [
      [0.90547331647, 0.094526683533],
      [0.44301165102, 0.55698834898],
      [0.7591968605, 0.2408031395],
      [0.81462130148, 0.18537869852]
    ],
    [
      [0.91435960061, 0.085640399387],
      [0.469131855, 0.530868145],
      [0.77829924458, 0.22170075542],
      [0.83036264351, 0.16963735649]
    ],
    [
      [0.91811004255, 0.081889957454],
      [0.48192226742, 0.51807773258],
      [0.78674397788, 0.21325602212],
      [0.83720002034, 0.16279997966]
    ],
    [
      [0.91549515039, 0.084504849614],
      [0.47320689595, 0.52679310405],
      [0.7809006174, 0.2190993826],
      [0.83245545474, 0.16754454526]
    ],
    [
      [0.90703002526, 0.092969974745],
      [0.44809802324, 0.55190197676],
      [0.76265899703, 0.23734100297],
      [0.81743804712, 0.18256195288]
    ],
    [
      [0.86515855497, 0.13484144503],
      [0.34592250516, 0.65407749484],
      [0.67814152633, 0.32185847367],
      [0.74614356244, 0.25385643756]
    ],
    [
      [0.91605972363, 0.083940276371],
      [0.47470644723, 0.52529355277],
      [0.78208104724, 0.21791895276],
      [0.83343883563, 0.16656116437]
    ],
    [
      [0.88750056436, 0.11249943564],
      [0.39594717381, 0.60405282619],
      [0.72199512797, 0.27800487203],
      [0.78352707342, 0.21647292658]
    ],
    [
      [0.91641173833, 0.083588261668],
      [0.4754637641, 0.5245362359],
      [0.78277962464, 0.21722037536],
      [0.8340331079, 0.1659668921]
    ],
    [
      [0.90240245264, 0.097597547357],
      [0.43351346495, 0.56648653505],
      [0.75248518594, 0.24751481406],
      [0.80912472299, 0.19087527701]
    ],
    [
      [0.88890561977, 0.11109438023],
      [0.40085882178, 0.59914117822],
      [0.72522214682, 0.27477785318],
      [0.78612473341, 0.21387526659]
    ],
    [
      [0.90991464306, 0.090085356939],
      [0.4586058328, 0.5413941672],
      [0.76931021389, 0.23068978611],
      [0.82277719749, 0.17722280251]
    ],
    [
      [0.90549540195, 0.094504598053],
      [0.44549028247, 0.55450971753],
      [0.75980318725, 0.24019681275],
      [0.81494702392, 0.18505297608]
    ],
    [
      [0.91085526572, 0.089144734282],
      [0.46135608764, 0.53864391236],
      [0.77132484727, 0.22867515273],
      [0.82443930609, 0.17556069391]
    ],
    [
      [0.92828440762, 0.071715592383],
      [0.52050014411, 0.47949985589],
      [0.81037469745, 0.18962530255],
      [0.8561048591, 0.1438951409]
    ],
    [
      [0.92361892617, 0.076381073825],
      [0.50351210354, 0.49648789646],
      [0.79969710669, 0.20030289331],
      [0.84751673098, 0.15248326902]
    ],
    [
      [0.91317141357, 0.086828586427],
      [0.46868284018, 0.53131715982],
      [0.77640798715, 0.22359201285],
      [0.82859427146, 0.17140572854]
    ],
    [
      [0.89032188444, 0.10967811556],
      [0.40502655594, 0.59497344406],
      [0.7282665686, 0.2717334314],
      [0.78863357679, 0.21136642321]
    ],
    [
      [0.90691923924, 0.09308076076],
      [0.44964814096, 0.55035185904],
      [0.76285080655, 0.23714919345],
      [0.8174619314, 0.1825380686]
    ],
    [
      [0.8733988585, 0.1266011415],
      [0.3663856645, 0.6336143355],
      [0.6948737963, 0.3051262037],
      [0.76022762715, 0.23977237285]
    ],
    [
      [0.88728009525, 0.11271990475],
      [0.39760458676, 0.60239541324],
      [0.72212597002, 0.27787402998],
      [0.78345378994, 0.21654621006]
    ],
    [
      [0.89526013022, 0.10473986978],
      [0.41752927832, 0.58247072168],
      [0.73835939995, 0.26164060005],
      [0.7971081516, 0.2028918484]
    ],
    [
      [0.92380845091, 0.076191549087],
      [0.504148614, 0.495851386],
      [0.80012043447, 0.19987956553],
      [0.84786041062, 0.15213958938]
    ],
    [
      [0.87177075998, 0.12822924002],
      [0.36168035239, 0.63831964761],
      [0.69138059053, 0.30861940947],
      [0.75734521374, 0.24265478626]
    ],
    [
      [0.86009962948, 0.13990037052],
      [0.33876947915, 0.66123052085],
      [0.66950705648, 0.33049294352],
      [0.73838044198, 0.26161955802]
    ],
    [
      [0.91969974965, 0.080300250354],
      [0.48836368677, 0.51163631323],
      [0.79053210797, 0.20946789203],
      [0.84020291777, 0.15979708223]
    ],
    [
      [0.94016557136, 0.059834428636],
      [0.56694978809, 0.43305021191],
      [0.83811433559, 0.16188566441],
      [0.87824281305, 0.12175718695]
    ],
    [
      [0.90922745395, 0.090772546051],
      [0.45526187327, 0.54473812673],
      [0.76753815053, 0.23246184947],
      [0.82140967656, 0.17859032344]
    ],
    [
      [0.89659299844, 0.10340700156],
      [0.41979236659, 0.58020763341],
      [0.74081123326, 0.25918876674],
      [0.79925441031, 0.20074558969]
    ],
    [
      [0.89877550473, 0.10122449527],
      [0.42591012205, 0.57408987795],
      [0.7454254119, 0.2545745881],
      [0.80308017685, 0.19691982315]
    ],
    [
      [0.8875983513, 0.1124016487],
      [0.39734500349, 0.60265499651],
      [0.72249680291, 0.27750319709],
      [0.78385321042, 0.21614678958]
    ],
    [
      [0.90857221231, 0.091427787686],
      [0.45368982317, 0.54631017683],
      [0.76621147876, 0.23378852124],
      [0.82029094216, 0.17970905784]
    ],
    [
      [0.8976784836, 0.1023215164],
      [0.42254790171, 0.57745209829],
      [0.74303589743, 0.25696410257],
      [0.80112081393, 0.19887918607]
    ],
    [
      [0.90606703706, 0.093932962941],
      [0.44611311549, 0.55388688451],
      [0.7607854961, 0.2392145039],
      [0.81583304779, 0.18416695221]
    ],
    [
      [0.92760037388, 0.072399626123],
      [0.51655018315, 0.48344981685],
      [0.80852675069, 0.19147324931],
      [0.85470509122, 0.14529490878]
    ],
    [
      [0.9261397431, 0.073860256901],
      [0.51128791338, 0.48871208662],
