{
  "X": [
    [88, 12],
    [84, 16],
    [83, 17],
    [82, 18],
    [90, 10],
    [88, 12],
    [89, 11],
    [85, 15],
    [78, 22],
    [87, 13],
    [79, 21],
    [84, 16],
    [73, 27],
    [70, 30],
    [78, 22],
    [70, 30],
    [69, 31],
    [83, 17],
    [81, 19],
    [76, 24],
    [74, 26],
    [75, 25],
    [73, 27],
    [67, 33],
    [76, 24],
    [79, 21],
    [74, 26],
    [77, 23],
    [83, 17],
    [69, 31],
    [71, 29],
    [71, 29],
    [79, 21],
    [79, 21],
    [71, 29],
    [82, 18],
    [78, 22],
    [66, 34],
    [62, 38],
    [58, 42],
    [67, 33],
    [63, 37],
    [71, 29],
    [66, 34],
    [61, 39],
    [67, 33],
    [72, 28],
    [64, 36],
    [71, 29],
    [55, 45]
  ],
  "W": [
    [64, 13, 13, 10],
    [64, 14, 7, 15],
    [54, 20, 14, 12],
    [62, 14, 9, 15],
    [67, 12, 12, 9],
    [61, 19, 12, 8],
    [54, 20, 15, 11],
    [64, 14, 10, 12],
    [58, 17, 10, 15],
    [68, 7, 10, 15],
    [55, 13, 13, 19],
    [66, 10, 13, 11],
    [33, 39, 16, 12],
    [10, 70, 10, 10],
    [16, 57, 12, 15],
    [14, 60, 10, 16],
    [9, 71, 10, 10],
    [16, 58, 16, 10],
    [18, 56, 17, 9],
    [10, 62, 15, 13],
    [15, 54, 13, 18],
    [18, 57, 15, 10],
    [11, 61, 11, 17],
    [11, 57, 15, 17],
    [11, 65, 6, 18],
    [14, 12, 64, 10],
    [8, 15, 64, 13],
    [10, 13, 65, 12],
    [15, 13, 63, 9],
    [9, 9, 69, 13],
    [9, 8, 66, 17],
    [14, 14, 58, 14],
    [10, 10, 73, 7],
    [17, 10, 60, 13],
    [15, 13, 61, 11],
    [15, 16, 59, 10],
    [7, 15, 64, 14],
    [12, 17, 37, 34],
    [9, 8, 12, 71],
    [14, 8, 18, 60],
    [16, 11, 9, 64],
    [12, 12, 10, 66],
    [18, 19, 8, 55],
    [11, 15, 10, 64],
    [15, 10, 9, 66],
    [14, 15, 11, 60],
    [16, 10, 12, 62],
    [16, 10, 12, 62],
    [15, 15, 15, 55],
    [10, 12, 17, 61]
  ],
  "method": "mult",
  "cond_prob": [
    [
      [0.95825544492, 0.041744555075],
      [0.77456924605, 0.22543075395],
      [0.80452173782, 0.19547826218],
      [0.57423424027, 0.42576575973]
    ],
    [
      [0.94771130337, 0.052288696626],
      [0.73089599317, 0.26910400683],
      [0.76485704418, 0.23514295582],
      [0.5162959489, 0.4837040511]
    ],
    [
      [0.94867825054, 0.051321749458],
      [0.73494151639, 0.26505848361],
      [0.7685260835, 0.2314739165],
      [0.521705081, 0.478294919]
    ],
    [
      [0.94170834644, 0.058291653557],
      [0.7077406433, 0.2922593567],
      [0.74358986607, 0.25641013393],
      [0.48769537178, 0.51230462822]
    ],
    [
      [0.9634127039, 0.036587296097],
      [0.79748661576, 0.20251338424],
      [0.82510165278, 0.17489834722],
      [0.60697687775, 0.39302312225]
    ],
    [
      [0.9590491484, 0.040950851598],
      [0.77808900171, 0.22191099829],
      [0.80768389167, 0.19231610833],
      [0.57924387515, 0.42075612485]
    ],
    [
      [0.96784949633, 0.032150503675],
      [0.81866903366, 0.18133096634],
      [0.84390181652, 0.15609818348],
      [0.63973388703, 0.36026611297]
    ],
    [
      [0.94869319587, 0.051306804131],
      [0.73468335414, 0.26531664586],
      [0.76833624669, 0.23166375331],
      [0.52095912018, 0.47904087982]
    ],
    [
      [0.93027668835, 0.069723311651],
      [0.66680535581, 0.33319464419],
      [0.70556651271, 0.29443348729],
      [0.44046954709, 0.55953045291]
    ],
    [
      [0.95548538782, 0.044514612176],
      [0.76268359947, 0.23731640053],
      [0.79378716389, 0.20621283611],
      [0.55789121945, 0.44210878055]
    ],
    [
      [0.93966459723, 0.060335402768],
      [0.70043073408, 0.29956926592],
      [0.73679582892, 0.26320417108],
      [0.4793267653, 0.5206732347]
    ],
    [
      [0.94168972697, 0.058310273028],
      [0.7073249935, 0.2926750065],
      [0.74325710511, 0.25674289489],
      [0.48676751305, 0.51323248695]
    ],
    [
      [0.93155303841, 0.068446961594],
      [0.67175804109, 0.32824195891],
      [0.71011127054, 0.28988872946],
      [0.44662639408, 0.55337360592]
    ],
    [
      [0.93832022784, 0.061679772156],
      [0.69616889502, 0.30383110498],
      [0.73275399668, 0.26724600332],
      [0.47509916777, 0.52490083223]
    ],
    [
      [0.95793271362, 0.042067286382],
      [0.77424030599, 0.22575969401],
      [0.80407239016, 0.19592760984],
      [0.5753035365, 0.4246964635]
    ],
    [
      [0.93954773467, 0.060452265327],
      [0.70070194431, 0.29929805569],
      [0.73694400578, 0.26305599422],
      [0.48049761447, 0.51950238553]
    ],
    [
      [0.93619323307, 0.06380676693],
      [0.68847646126, 0.31152353874],
      [0.72562093003, 0.27437906997],
      [0.46611682457, 0.53388317543]
    ],
    [
      [0.96715107069, 0.032848929313],
      [0.81592536056, 0.18407463944],
      [0.84138518526, 0.15861481474],
      [0.6363903745, 0.3636096255]
    ],
    [
      [0.96122276998, 0.038777230017],
      [0.78863194529, 0.21136805471],
      [0.81702539018, 0.18297460982],
      [0.5956146761, 0.4043853239]
    ],
    [
      [0.95485097862, 0.045149021379],
      [0.76109616799, 0.23890383201],
      [0.79219357115, 0.20780642885],
      [0.55725298083, 0.44274701917]
    ],
    [
      [0.9501607801, 0.049839219895],
      [0.74172549543, 0.25827450457],
      [0.77459716895, 0.22540283105],
      [0.5315315618, 0.4684684382]
    ],
    [
      [0.94655407689, 0.053445923107],
      [0.72722258747, 0.27277741253],
      [0.76136647885, 0.23863352115],
      [0.51279657763, 0.48720342237]
    ],
    [
      [0.94942310385, 0.050576896149],
      [0.73878595618, 0.26121404382],
      [0.77191168723, 0.22808831277],
      [0.52776860401, 0.47223139599]
    ],
    [
      [0.93334315486, 0.06665684514],
      [0.67841348905, 0.32158651095],
      [0.71625591208, 0.28374408792],
      [0.45461961321, 0.54538038679]
    ],
    [
      [0.95727603532, 0.042723964684],
      [0.77148798578, 0.22851201422],
      [0.80157812338, 0.19842187662],
      [0.5715911969, 0.4284088031]
    ],
    [
      [0.95510940078, 0.044890599217],
      [0.7620133163, 0.2379866837],
      [0.79304863286, 0.20695136714],
      [0.55825921905, 0.44174078095]
    ],
    [
      [0.94696145931, 0.053038540686],
      [0.72889293113, 0.27110706887],
      [0.76288580124, 0.23711419876],
      [0.51499372641, 0.48500627359]
    ],
    [
      [0.95297316676, 0.047026833236],
      [0.75314124931, 0.24685875069],
      [0.7849960508, 0.2150039492],
      [0.54641810644, 0.45358189356]
    ],
    [
      [0.9643052152, 0.035694784801],
      [0.80256656672, 0.19743343328],
      [0.82949989617, 0.17050010383],
      [0.61600383881, 0.38399616119]
    ],
    [
      [0.93190077321, 0.068099226789],
      [0.67324954626, 0.32675045374],
      [0.71146109992, 0.28853890008],
      [0.44862773508, 0.55137226492]
    ],
    [
      [0.94054746903, 0.059452530965],
      [0.70437536536, 0.29562463464],
      [0.74034232946, 0.25965767054],
      [0.48484616778, 0.51515383222]
    ],
    [
      [0.93615647259, 0.063843527407],
      [0.68822902909, 0.31177097091],
      [0.72540812325, 0.27459187675],
      [0.46569436423, 0.53430563577]
    ],
    [
      [0.95491488476, 0.045085115241],
      [0.7611860246, 0.2388139754],
      [0.79230057277, 0.20769942723],
      [0.55712803287, 0.44287196713]
    ],
    [
      [0.9554129602, 0.044587039803],
      [0.76330719508, 0.23669280492],
      [0.79421818155, 0.20578181845],
      [0.56003252172, 0.43996747828]
    ],
    [
      [0.93298726266, 0.067012737342],
      [0.67692924143, 0.32307075857],
      [0.71490787691, 0.28509212309],
      [0.45266254685, 0.54733745315]
    ],
    [
      [0.96254437742, 0.037455622579],
      [0.7945476041, 0.2054523959],
      [0.82232980993, 0.17767019007],
      [0.60417521075, 0.39582478925]
    ],
    [
      [0.9578804275, 0.042119572503],
      [0.77401232856, 0.22598767144],
      [0.80386708237, 0.19613291763],
      [0.57498319597, 0.42501680403]
    ],
    [
      [0.93843035361, 0.061569646385],
      [0.69675792422, 0.30324207578],
