{
  "X": [
    [21, 79],
    [20, 80],
    [25, 75],
    [15, 85],
    [17, 83],
    [22, 78],
    [23, 77],
    [23, 77],
    [36, 64],
    [24, 76],
    [25, 75],
    [24, 76],
    [32, 68],
    [43, 57],
    [54, 46],
    [49, 51],
    [47, 53],
    [48, 52],
    [43, 57],
    [51, 49],
    [48, 52],
    [44, 56],
    [48, 52],
    [49, 51],
    [47, 53],
    [36, 64],
    [36, 64],
    [43, 57],
    [45, 55],
    [46, 54],
    [36, 64],
    [42, 58],
    [46, 54],
    [39, 61],
    [42, 58],
    [43, 57],
    [36, 64],
    [47, 53],
    [58, 42],
    [72, 28],
    [62, 38],
    [62, 38],
    [63, 37],
    [61, 39],
    [56, 44],
    [57, 43],
    [62, 38],
    [65, 35],
    [53, 47],
    [57, 43]
  ],
  "W": [
    [64, 13, 7, 16],
    [64, 10, 10, 16],
    [65, 10, 12, 13],
    [74, 5, 13, 8],
    [68, 10, 8, 14],
    [62, 14, 12, 12],
    [64, 10, 8, 18],
    [64, 9, 14, 13],
    [57, 16, 15, 12],
    [60, 17, 10, 13],
    [59, 16, 10, 15],
    [63, 15, 8, 14],
    [42, 35, 8, 15],
    [4, 62, 24, 10],
    [8, 69, 11, 12],
    [12, 55, 18, 15],
    [15, 69, 7, 9],
    [15, 63, 9, 13],
    [10, 68, 14, 8],
    [13, 57, 12, 18],
    [9, 60, 14, 17],
    [12, 63, 14, 11],
    [9, 63, 12, 16],
    [11, 75, 8, 6],
    [9, 64, 13, 14],
    [13, 10, 66, 11],
    [17, 14, 61, 8],
    [11, 12, 65, 12],
    [12, 8, 69, 11],
    [12, 12, 63, 13],
    [13, 12, 64, 11],
    [15, 11, 56, 18],
    [9, 9, 71, 11],
    [17, 7, 56, 20],
    [10, 14, 61, 15],
    [13, 13, 60, 14],
    [10, 9, 66, 15],
    [16, 17, 27, 40],
    [12, 15, 16, 57],
    [7, 11, 15, 67],
    [16, 5, 14, 65],
    [12, 14, 14, 60],
    [10, 14, 16, 60],
    [11, 14, 10, 65],
    [11, 9, 15, 65],
    [15, 14, 16, 55],
    [15, 17, 12, 56],
    [10, 15, 14, 61],
    [17, 15, 14, 54],
    [13, 11, 18, 58]
  ],
  "method": "mult",
  "cond_prob": [
    [
      [0.029053707634, 0.97094629237],
      [0.46268769273, 0.53731230727],
      [0.34212740353, 0.65787259647],
      [0.76919528501, 0.23080471499]
    ],
    [
      [0.027913479348, 0.97208652065],
      [0.4525277566, 0.5474722434],
      [0.33295811297, 0.66704188703],
      [0.76187984527, 0.23812015473]
    ],
    [
      [0.040197947551, 0.95980205245],
      [0.54692881203, 0.45307118797],
      [0.42154113875, 0.57845886125],
      [0.82384015386, 0.17615984614]
    ],
    [
      [0.031263863675, 0.96873613632],
      [0.48372602401, 0.51627397599],
      [0.36083177293, 0.63916822707],
      [0.78480045818, 0.21519954182]
    ],
    [
      [0.026009005695, 0.97399099431],
      [0.43506937508, 0.56493062492],
      [0.31732970475, 0.68267029525],
      [0.74903858314, 0.25096141686]
    ],
    [
      [0.032177423781, 0.96782257622],
      [0.48911473464, 0.51088526536],
      [0.36632448848, 0.63367551152],
      [0.78754011612, 0.21245988388]
    ],
    [
      [0.031754946125, 0.96824505388],
      [0.48546184263, 0.51453815737],
      [0.36299633986, 0.63700366014],
      [0.78497871509, 0.21502128491]
    ],
    [
      [0.035720768577, 0.96427923142],
      [0.51632741909, 0.48367258091],
      [0.39189969896, 0.60810030104],
      [0.80526323315, 0.19473676685]
    ],
    [
      [0.056170278364, 0.94382972164],
      [0.63116954323, 0.36883045677],
      [0.5082863949, 0.4917136051],
      [0.86875822667, 0.13124177333]
    ],
    [
      [0.033191308801, 0.9668086912],
      [0.49685672005, 0.50314327995],
      [0.37361180913, 0.62638819087],
      [0.79256115315, 0.20743884685]
    ],
    [
      [0.0331386222, 0.9668613778],
      [0.49627280871, 0.50372719129],
      [0.37310814964, 0.62689185036],
      [0.79210386206, 0.20789613794]
    ],
    [
      [0.034753744446, 0.96524625555],
      [0.50891786562, 0.49108213438],
      [0.38493073748, 0.61506926252],
      [0.8004463615, 0.1995536385]
    ],
    [
      [0.031547406743, 0.96845259326],
      [0.48265529359, 0.51734470641],
      [0.36067382561, 0.63932617439],
      [0.7825903315, 0.2174096685]
    ],
    [
      [0.027721709781, 0.97227829022],
      [0.44899895066, 0.55100104934],
      [0.33021920305, 0.66978079695],
      [0.75844224055, 0.24155775945]
    ],
    [
      [0.042010472055, 0.95798952795],
      [0.5562082847, 0.4437917153],
      [0.43126576202, 0.56873423798],
      [0.82844659675, 0.17155340325]
    ],
    [
      [0.037259730787, 0.96274026921],
      [0.52520054707, 0.47479945293],
      [0.40092711894, 0.59907288106],
      [0.80996725312, 0.19003274688]
    ],
    [
      [0.037018540687, 0.96298145931],
      [0.52354421605, 0.47645578395],
      [0.39932630441, 0.60067369559],
      [0.8089538961, 0.1910461039]
    ],
    [
      [0.037119532352, 0.96288046765],
      [0.52423518419, 0.47576481581],
      [0.39999481077, 0.60000518923],
      [0.80937548487, 0.19062451513]
    ],
    [
      [0.030199939774, 0.96980006023],
      [0.47091711421, 0.52908288579],
      [0.35001752072, 0.64998247928],
      [0.77425002578, 0.22574997422]
    ],
    [
      [0.038503188927, 0.96149681107],
      [0.53369123073, 0.46630876927],
      [0.40914258899, 0.59085741101],
      [0.81515357156, 0.18484642844]
    ],
    [
      [0.032541525032, 0.96745847497],
      [0.4901373639, 0.5098626361],
      [0.36773872411, 0.63226127589],
      [0.78741423447, 0.21258576553]
    ],
    [
      [0.031499891328, 0.96850010867],
      [0.4817646292, 0.5182353708],
      [0.35997468024, 0.64002531976],
      [0.7817610292, 0.2182389708]
    ],
    [
      [0.032600035895, 0.9673999641],
      [0.49060147028, 0.50939852972],
      [0.36817060186, 0.63182939814],
      [0.78772498646, 0.21227501354]
    ],
    [
      [0.038622955878, 0.96137704412],
      [0.53451616401, 0.46548383599],
      [0.4099385619, 0.5900614381],
      [0.81566160009, 0.18433839991]
    ],
    [
      [0.032232904341, 0.96776709566],
      [0.48767843274, 0.51232156726],
      [0.36545313604, 0.63454686396],
      [0.78576357174, 0.21423642826]
    ],
    [
      [0.029920651542, 0.97007934846],
      [0.4687210462, 0.5312789538],
      [0.34796818102, 0.65203181898],
      [0.77279304505, 0.22720695495]
    ],
    [
      [0.032678989782, 0.96732101022],
      [0.49154325207, 0.50845674793],
      [0.36896863644, 0.63103136356],
      [0.78849347654, 0.21150652346]
    ],
    [
      [0.037616414991, 0.96238358501],
      [0.52781135718, 0.47218864282],
      [0.40340798951, 0.59659201049],
      [0.81163203749, 0.18836796251]
    ],
    [
      [0.042758418653, 0.95724158135],
      [0.56095579848, 0.43904420152],
      [0.4359399617, 0.5640600383],
      [0.83124265753, 0.16875734247]
    ],
    [
      [0.042161928849, 0.95783807115],
      [0.55728791761, 0.44271208239],
      [0.43229823401, 0.56770176599],
      [0.82912599397, 0.17087400603]
    ],
    [
      [0.029623632995, 0.97037636701],
      [0.46615090696, 0.53384909304],
      [0.34563191929, 0.65436808071],
      [0.7709703886, 0.2290296114]
    ],
    [
      [0.034795860853, 0.96520413915],
      [0.50758910651, 0.49241089349],
      [0.38408353459, 0.61591646541],
      [0.79892061715, 0.20107938285]
    ],
    [
      [0.042412121538, 0.95758787846],
      [0.55881693257, 0.44118306743],
      [0.4338189354, 0.5661810646],
      [0.83000454006, 0.16999545994]
    ],
    [
      [0.031295396451, 0.96870460355],
      [0.48020009212, 0.51979990788],
      [0.35850384551, 0.64149615449],
      [0.78074155009, 0.21925844991]
    ],
    [
      [0.033612175299, 0.9663878247],
      [0.49860435127, 0.50139564873],
      [0.37562391448, 0.62437608552],
      [0.79307338101, 0.20692661899]
    ],
    [
      [0.037238941437, 0.96276105856],
      [0.52519022252, 0.47480977748],
      [0.4008824791, 0.5991175209],
      [0.81001567904, 0.18998432096]
    ],
    [
      [0.026960200675, 0.97303979933],
      [0.44203775392, 0.55796224608],
      [0.32398953631, 0.67601046369],
      [0.75329911478, 0.24670088522]
    ],
    [
      [0.029170780669, 0.97082921933],
      [0.46200695529, 0.53799304471],
