{
  "X": [
    [10, 72, 18],
    [5, 79, 16],
    [13, 70, 17],
    [10, 66, 24],
    [7, 73, 20],
    [4, 79, 17],
    [6, 75, 19],
    [5, 71, 24],
    [6, 73, 21],
    [7, 76, 17],
    [11, 74, 15],
    [10, 69, 21],
    [8, 72, 20],
    [7, 74, 19],
    [8, 77, 15],
    [12, 70, 18],
    [5, 79, 16],
    [13, 67, 20],
    [5, 80, 15],
    [11, 81, 8],
    [10, 72, 18],
    [8, 75, 17],
    [13, 75, 12],
    [9, 73, 18],
    [12, 68, 20],
    [27, 31, 42],
    [26, 38, 36],
    [19, 43, 38],
    [21, 35, 44],
    [24, 42, 34],
    [23, 45, 32],
    [27, 39, 34],
    [16, 39, 45],
    [22, 33, 45],
    [22, 40, 38],
    [17, 47, 36],
    [22, 33, 45],
    [19, 43, 38],
    [24, 34, 42],
    [18, 33, 49],
    [21, 31, 48],
    [29, 35, 36],
    [23, 31, 46],
    [25, 34, 41],
    [21, 35, 44],
    [18, 37, 45],
    [26, 39, 35],
    [20, 41, 39],
    [26, 33, 41],
    [23, 41, 36]
  ],
  "W": [
    [77, 23],
    [84, 16],
    [74, 26],
    [68, 32],
    [74, 26],
    [75, 25],
    [75, 25],
    [73, 27],
    [76, 24],
    [81, 19],
    [73, 27],
    [75, 25],
    [72, 28],
    [77, 23],
    [71, 29],
    [67, 33],
    [80, 20],
    [72, 28],
    [76, 24],
    [79, 21],
    [74, 26],
    [73, 27],
    [76, 24],
    [71, 29],
    [75, 25],
    [22, 78],
    [24, 76],
    [32, 68],
    [26, 74],
    [32, 68],
    [24, 76],
    [26, 74],
    [23, 77],
    [20, 80],
    [28, 72],
    [38, 62],
    [26, 74],
    [31, 69],
    [28, 72],
    [17, 83],
    [20, 80],
    [21, 79],
    [17, 83],
    [21, 79],
    [26, 74],
    [25, 75],
    [30, 70],
    [30, 70],
    [21, 79],
    [24, 76]
  ],
  "method": "mvn_pdf",
  "cond_prob": [
    [
      [0.029118542535, 0.89413734764, 0.076744109822],
      [0.33729879238, 0.13701844485, 0.52568276277]
    ],
    [
      [0.017736299875, 0.90870809564, 0.073555604484],
      [0.21938442565, 0.16678249789, 0.61383307646]
    ],
    [
      [0.029748252121, 0.89856600094, 0.071685746941],
      [0.41533189781, 0.13485061271, 0.44981748948]
    ],
    [
      [0.023531125482, 0.90013213731, 0.076336737205],
      [0.26249635835, 0.14971920821, 0.58778443344]
    ],
    [
      [0.015347751851, 0.92051387975, 0.0641383684],
      [0.22554870627, 0.1877681884, 0.58668310532]
    ],
    [
      [0, 0.95510344513, 0.044896554868],
      [0.16, 0.2946896646, 0.5453103354]
    ],
    [
      [0.011002502995, 0.93003772572, 0.058959771286],
      [0.20699249101, 0.20988682284, 0.58312068614]
    ],
    [
      [0.0075229785918, 0.91101469811, 0.0814623233],
      [0.1648452801, 0.16651581623, 0.66863890367]
    ],
    [
      [0.015089360709, 0.90854675792, 0.076363881368],
      [0.20221702442, 0.16460193324, 0.63318104233]
    ],
    [
      [0.023537838234, 0.90219745948, 0.074264702288],
      [0.26807553174, 0.15378977801, 0.57813469025]
    ],
    [
      [0.021513398325, 0.93596520885, 0.042521392822],
      [0.34924155268, 0.21016813903, 0.4405903083]
    ],
    [
      [0.031231708534, 0.87961339774, 0.089154893728],
      [0.3063048744, 0.12115980678, 0.57253531882]
    ],
    [
      [0.016505116225, 0.92416936611, 0.059325517666],
      [0.24327255828, 0.19499305858, 0.56173438314]
    ],
    [
      [0.019208635839, 0.91064651776, 0.070144846404],
      [0.24004065393, 0.16870513621, 0.59125420986]
    ],
    [
      [0.012228843545, 0.95945468982, 0.028316466637],
      [0.24592248649, 0.30616265596, 0.44791485754]
    ],
    [
      [0.020066044648, 0.93740468805, 0.042529267298],
      [0.32289621238, 0.21799654244, 0.45910724518]
    ],
    [
      [0.010848137963, 0.93290632583, 0.056245536204],
      [0.20660744815, 0.21837469667, 0.57501785518]
    ],
    [
      [0.032453364431, 0.88358452834, 0.083962107233],
      [0.38083420575, 0.12078264142, 0.49838315283]
    ],
    [
      [0.0046333665325, 0.95804708905, 0.037319544419],
      [0.19366100598, 0.29951755134, 0.50682144267]
    ],
    [
      [0.022604389253, 0.96042171222, 0.016973898527],
      [0.43877396424, 0.24412784451, 0.31709819126]
    ],
    [
      [0.024006636362, 0.91360843456, 0.062384929078],
      [0.3162888042, 0.16896060933, 0.51475058647]
    ],
    [
      [0.014964074789, 0.94023352459, 0.044802400618],
      [0.25583787187, 0.23566491499, 0.50849721314]
    ],
    [
      [0.025106928424, 0.9312024638, 0.043690607771],
      [0.46216139332, 0.17619219795, 0.36164640872]
    ],
    [
      [0.016721857015, 0.93664731318, 0.046630829809],
      [0.26940510869, 0.22407037119, 0.50652452012]
    ],
    [
      [0.035546240638, 0.87067911206, 0.093774647304],
      [0.37336127809, 0.10796266383, 0.51867605809]
    ],
    [
      [0.027546352942, 0.89959364835, 0.072859998706],
      [0.33838436199, 0.14370435559, 0.51791128242]
    ],
    [
      [0.020225238918, 0.93256467965, 0.047210081434],
      [0.3357183456, 0.20550589064, 0.45877576376]
    ],
    [
      [0.017425150962, 0.92647365503, 0.056101194008],
      [0.27121169366, 0.19636533881, 0.53242296753]
    ],
    [
      [0.021917528085, 0.90403837022, 0.0740441017],
      [0.27608303067, 0.15533786992, 0.5685790994]
    ],
    [
      [0.022345502239, 0.92336128626, 0.054293211498],
      [0.34242564601, 0.18312410058, 0.47445025341]
    ],
    [
      [0.01542783529, 0.95470303927, 0.029869125441],
      [0.29775963096, 0.29062009286, 0.41162027618]
    ],
    [
      [0.021573701465, 0.93120410973, 0.047222188805],
      [0.3572849157, 0.19984720469, 0.44286787961]
    ],
    [
      [0.0098974196239, 0.93590916509, 0.054193415288],
      [0.2048358357, 0.22693622342, 0.56822794089]
    ],
    [
      [0.018377207446, 0.91920872276, 0.062414069798],
      [0.27040569814, 0.18269781931, 0.54689648255]
    ],
    [
      [0.019163337674, 0.92683975785, 0.053996904474],
      [0.29810314646, 0.19511787195, 0.50677898159]
    ],
    [
      [0.017382783157, 0.92423584222, 0.058381374624],
      [0.26353958452, 0.19159738703, 0.54486302846]
    ],
    [
      [0.02592575797, 0.88928830087, 0.084785941161],
      [0.2881882472, 0.13349329969, 0.57831845311]
    ],
    [
      [0.0164912735, 0.93013231635, 0.053376410148],
      [0.26795319596, 0.20530287236, 0.52674393167]
    ],
    [
      [0.029339877788, 0.88655140815, 0.084108714066],
      [0.32192338086, 0.12745223017, 0.55062438897]
    ],
    [
      [0.012313303232, 0.92807197572, 0.059614721044],
      [0.21434546801, 0.20750333027, 0.57815120171]
    ],
    [
      [0.019647668287, 0.90621334029, 0.07413899142],
      [0.25758808293, 0.16094666493, 0.58146525214]
    ],
    [
      [0.022350386885, 0.9292020756, 0.048447537515],
      [0.36114736551, 0.1960348913, 0.44281774319]
    ],
    [
      [0.018338027061, 0.9203333012, 0.061328671738],
      [0.27335245229, 0.18499197445, 0.54165557326]
    ],
    [
      [0.020735854957, 0.92233309636, 0.056931048679],
      [0.31094363349, 0.18520259464, 0.50385377187]
    ],
    [
      [0.021917528085, 0.90403837022, 0.0740441017],
      [0.27608303067, 0.15533786992, 0.5685790994]
    ],
    [
      [0.015265613627, 0.91988452066, 0.064849865716],
      [0.23491146212, 0.18670515978, 0.57838337809]
    ],
    [
      [0.025165968091, 0.91443748001, 0.060396551898],
      [0.36064315653, 0.16524108, 0.47411576347]
    ],
    [
      [0.018395466267, 0.92365761793, 0.0579469158],
      [0.27783051446, 0.18986102089, 0.53230846466]
    ],
    [
      [0.022632315946, 0.917075445, 0.060292239054],
      [0.3230977388, 0.17394197032, 0.50296029088]
    ],
    [
      [0.016210686315, 0.94364435725, 0.040144956437],
      [0.29751241485, 0.24148072929, 0.46100685586]
    ]
  ],