{
  "X": [
    [10, 29, 61],
    [11, 29, 60],
    [11, 29, 60],
    [12, 27, 61],
    [5, 37, 58],
    [8, 26, 66],
    [8, 31, 61],
    [7, 29, 64],
    [7, 35, 58],
    [9, 36, 55],
    [7, 29, 64],
    [6, 33, 61],
    [5, 34, 61],
    [9, 29, 62],
    [1, 37, 62],
    [11, 36, 53],
    [8, 31, 61],
    [1, 38, 61],
    [12, 32, 56],
    [4, 32, 64],
    [14, 34, 52],
    [7, 38, 55],
    [8, 35, 57],
    [9, 26, 65],
    [6, 35, 59],
    [20, 29, 51],
    [17, 19, 64],
    [15, 26, 59],
    [17, 27, 56],
    [14, 30, 56],
    [17, 31, 52],
    [22, 32, 46],
    [15, 26, 59],
    [22, 29, 49],
    [17, 24, 59],
    [22, 18, 60],
    [12, 23, 65],
    [23, 28, 49],
    [18, 20, 62],
    [24, 23, 53],
    [16, 38, 46],
    [24, 26, 50],
    [21, 27, 52],
    [16, 29, 55],
    [18, 31, 51],
    [23, 27, 50],
    [17, 29, 54],
    [18, 19, 63],
    [23, 27, 50],
    [19, 23, 58]
  ],
  "W": [
    [73, 27],
    [74, 26],
    [74, 26],
    [74, 26],
    [77, 23],
    [67, 33],
    [78, 22],
    [75, 25],
    [81, 19],
    [75, 25],
    [73, 27],
    [79, 21],
    [78, 22],
    [73, 27],
    [82, 18],
    [65, 35],
    [81, 19],
    [78, 22],
    [69, 31],
    [76, 24],
    [75, 25],
    [71, 29],
    [76, 24],
    [79, 21],
    [76, 24],
    [25, 75],
    [24, 76],
    [32, 68],
    [22, 78],
    [30, 70],
    [25, 75],
    [26, 74],
    [24, 76],
    [24, 76],
    [30, 70],
    [26, 74],
    [30, 70],
    [23, 77],
    [22, 78],
    [29, 71],
    [29, 71],
    [21, 79],
    [19, 81],
    [24, 76],
    [28, 72],
    [21, 79],
    [20, 80],
    [27, 73],
    [25, 75],
    [15, 85]
  ],
  "method": "mvn_pdf",
  "cond_prob": [
    [
      [0.036804026383, 0.32027150246, 0.64292447115],
      [0.27086318793, 0.20815482668, 0.5209819854]
    ],
    [
      [0.040428349646, 0.32179838559, 0.63777326476],
      [0.30801162024, 0.19949690255, 0.49249147721]
    ],
    [
      [0.040428349646, 0.32179838559, 0.63777326476],
      [0.30801162024, 0.19949690255, 0.49249147721]
    ],
    [
      [0.043088952856, 0.30190639446, 0.65500465268],
      [0.33890067264, 0.17918949268, 0.48190983467]
    ],
    [
      [0.016871275685, 0.39299671847, 0.59013200584],
      [0.16090920749, 0.29301098599, 0.54607980652]
    ],
    [
      [0.024889772065, 0.28782215191, 0.68728807603],
      [0.19189046278, 0.20351260067, 0.60459693655]
    ],
    [
      [0.033479729525, 0.33415802906, 0.63236224142],
      [0.24493550441, 0.22434880607, 0.53071568952]
    ],
    [
      [0.026432342873, 0.31330542264, 0.66026223449],
      [0.20070297138, 0.22008373207, 0.57921329654]
    ],
    [
      [0.031645737662, 0.37218265074, 0.5961716116],
      [0.23351027628, 0.25543185738, 0.51105786634]
    ],
    [
      [0.034764601615, 0.39209112606, 0.57314427232],
      [0.25570619516, 0.26372662182, 0.48056718303]
    ],
    [
      [0.024672371377, 0.31478388935, 0.66054373927],
      [0.19255247739, 0.22299170656, 0.58445581605]
    ],
    [
      [0.024601491285, 0.35118161448, 0.62421689423],
      [0.1931658185, 0.25031678362, 0.55651739788]
    ],
    [
      [0.017803139832, 0.3610361431, 0.62116071707],
      [0.16415250423, 0.26541731084, 0.57043018493]
    ],
    [
      [0.033367970365, 0.3182263141, 0.64840571553],
      [0.24311622827, 0.21368441001, 0.54319936171]
    ],
    [
      [0, 0.37716327995, 0.62283672005],
      [0.055555555556, 0.33736728021, 0.60707716424]
    ],
    [
      [0.034094769791, 0.40558481693, 0.56032041328],
      [0.2509668561, 0.27534248285, 0.47369066105]
    ],
    [
      [0.036309312983, 0.33179502345, 0.63189566357],
      [0.26626029728, 0.21708437372, 0.51665532899]
    ],
    [
      [0, 0.38680119141, 0.61319880859],
      [0.045454545455, 0.355886685, 0.59865876954]
    ],
    [
      [0.039112228225, 0.36134490733, 0.59954286445],
      [0.30004052427, 0.22797423853, 0.4719852372]
    ],
    [
      [0.0095384701577, 0.34056240538, 0.64989912447],
      [0.13646151117, 0.25488571631, 0.60865277252]
    ],
    [
      [0.047039894429, 0.38511588014, 0.56784422543],
      [0.41888031671, 0.20465235959, 0.3764673237]
    ],
    [
      [0.022818440507, 0.41195559441, 0.56522596509],
      [0.18551347324, 0.30176388956, 0.5127226372]
    ],
    [
      [0.031581286403, 0.37834956766, 0.59006914594],
      [0.23332592639, 0.26022636907, 0.50644770454]
    ],
    [
      [0.038948959752, 0.28121640081, 0.67983463944],
      [0.28204915141, 0.18018592076, 0.53776492783]
    ],
    [
      [0.021764150978, 0.37458956182, 0.60364628721],
      [0.18108018857, 0.27213305425, 0.54678675718]
    ],
    [
      [0.032388229347, 0.38427278388, 0.58333898677],
      [0.25587059022, 0.25857573871, 0.48555367108]
    ],
    [
      [0.027308612711, 0.25306379448, 0.71962759281],
      [0.21506043809, 0.17008511753, 0.61485444438]
    ],
    [
      [0.025632154229, 0.32567665237, 0.6486911934],
      [0.20852604507, 0.22909334006, 0.56238061487]
    ],
    [
      [0.025495494053, 0.35071295486, 0.62379155109],
      [0.21075768116, 0.2472348076, 0.54200751123]
    ],
    [
      [0.022187273262, 0.37302906636, 0.60478366038],
      [0.1904911686, 0.2687018287, 0.5408070027]
    ],
    [
      [0.026559472416, 0.39987241086, 0.57356811672],
      [0.21781350919, 0.28004252971, 0.50214396109]
    ],
    [
      [0.036672847664, 0.429688366, 0.53363878633],
      [0.28441224271, 0.28146084438, 0.43412691291]
    ],
    [
      [0.022380270726, 0.33041547242, 0.64720425686],
      [0.19030096714, 0.23776353503, 0.57193549783]
    ],
    [
      [0.035700505749, 0.39207311029, 0.57222638396],
      [0.27819984029, 0.25776638622, 0.46403377349]
    ],
    [
      [0.029277038829, 0.30856296418, 0.662159997],
      [0.2303098405, 0.2106158725, 0.559074287]
    ],
    [
      [0.038078773582, 0.25408864522, 0.7078325812],
      [0.28391826874, 0.15396885438, 0.56211287688]
    ],
    [
      [0.018022291045, 0.28297001836, 0.69900769059],
      [0.16370473241, 0.20729856356, 0.62899670403]
    ],
    [
      [0.037176464846, 0.38326469552, 0.57955883964],
      [0.28759664037, 0.24915470134, 0.46324865829]
    ],
    [
      [0.028151850489, 0.26826063752, 0.70358751199],
      [0.22282896525, 0.18074699967, 0.59642403508]
    ],
    [
      [0.042246622304, 0.31814821397, 0.63960516372],
      [0.32077250638, 0.19399579993, 0.48523169369]
    ],
    [
      [0.027022683037, 0.48214883404, 0.49082848292],
      [0.21431467876, 0.3382772368, 0.44740808444]
    ],
    [
      [0.03832264307, 0.36206660282, 0.59961075412],
      [0.29361043665, 0.2328683714, 0.47352119194]
    ],
    [
      [0.031657371194, 0.3665124719, 0.60183015691],
      [0.25183345614, 0.24736127202, 0.50080527184]
    ],
    [
      [0.024203114008, 0.37150465506, 0.60429223093],
      [0.20288322716, 0.26426168788, 0.53285508497]
    ],
    [
      [0.029906018173, 0.40056616055, 0.56952782128],
      [0.23836988182, 0.27477982645, 0.48685029173]
    ],
    [
      [0.036310791977, 0.37177895469, 0.59191025333],
      [0.28148700466, 0.24294483483, 0.47556816051]
    ],
    [
      [0.024651972106, 0.37809579389, 0.59725223401],
      [0.20633700697, 0.26797605153, 0.5256869415]
    ],
    [
      [0.03075534624, 0.25421915011, 0.71502550365],
      [0.23520007742, 0.1662477116, 0.59855221098]
    ],
    [
      [0.038158929927, 0.36857471697, 0.59326635311],
      [0.29394702336, 0.23714176101, 0.46891121563]
    ],
    [
      [0.026806312323, 0.3109893721, 0.66220431557],
      [0.21879888606, 0.21570775786, 0.56549335608]
    ]
  ],