{
  "X": [
    [77, 17, 6],
    [72, 19, 9],
    [69, 19, 12],
    [67, 24, 9],
    [65, 26, 9],
    [75, 22, 3],
    [67, 24, 9],
    [68, 22, 10],
    [74, 17, 9],
    [66, 23, 11],
    [74, 18, 8],
    [71, 21, 8],
    [75, 17, 8],
    [75, 20, 5],
    [75, 17, 8],
    [77, 14, 9],
    [71, 21, 8],
    [78, 18, 4],
    [72, 24, 4],
    [78, 17, 5],
    [71, 22, 7],
    [75, 21, 4],
    [74, 22, 4],
    [74, 19, 7],
    [75, 20, 5],
    [58, 20, 22],
    [52, 22, 26],
    [60, 28, 12],
    [47, 22, 31],
    [56, 22, 22],
    [55, 25, 20],
    [57, 20, 23],
    [52, 23, 25],
    [47, 24, 29],
    [53, 21, 26],
    [53, 20, 27],
    [48, 25, 27],
    [51, 24, 25],
    [59, 19, 22],
    [61, 20, 19],
    [50, 27, 23],
    [52, 24, 24],
    [56, 20, 24],
    [52, 23, 25],
    [50, 21, 29],
    [54, 23, 23],
    [52, 24, 24],
    [56, 27, 17],
    [48, 18, 34],
    [52, 27, 21]
  ],
  "W": [
    [76, 24],
    [67, 33],
    [72, 28],
    [74, 26],
    [78, 22],
    [77, 23],
    [78, 22],
    [67, 33],
    [76, 24],
    [73, 27],
    [76, 24],
    [74, 26],
    [64, 36],
    [77, 23],
    [71, 29],
    [76, 24],
    [83, 17],
    [83, 17],
    [81, 19],
    [78, 22],
    [77, 23],
    [77, 23],
    [84, 16],
    [77, 23],
    [79, 21],
    [19, 81],
    [20, 80],
    [26, 74],
    [22, 78],
    [30, 70],
    [24, 76],
    [22, 78],
    [30, 70],
    [16, 84],
    [30, 70],
    [20, 80],
    [26, 74],
    [18, 82],
    [24, 76],
    [29, 71],
    [21, 79],
    [22, 78],
    [21, 79],
    [28, 72],
    [24, 76],
    [27, 73],
    [26, 74],
    [25, 75],
    [29, 71],
    [26, 74]
  ],
  "method": "mvn_pdf",
  "cond_prob": [
    [
      [0.84158649193, 0.15210859286, 0.0063049152082],
      [0.54330944221, 0.22665612261, 0.23003443517]
    ],
    [
      [0.82512506065, 0.16712545602, 0.0077494833304],
      [0.5065642708, 0.23644225596, 0.25699347324]
    ],
    [
      [0.80567492868, 0.18384532693, 0.010479744389],
      [0.3925501834, 0.20582630218, 0.40162351443]
    ],
    [
      [0.76286355097, 0.22576655562, 0.011369893411],
      [0.40569604723, 0.28051057248, 0.31379338029]
    ],
    [
      [0.73432101598, 0.2525664002, 0.013112583824],
      [0.35104367063, 0.2863554902, 0.36260083917]
    ],
    [
      [0.80465784761, 0.19534215239, 0],
      [0.56701503191, 0.30255018548, 0.13043478261]
    ],
    [
      [0.75495734362, 0.2328117632, 0.012230893178],
      [0.36878759988, 0.26548556684, 0.36572683328]
    ],
    [
      [0.79179165496, 0.19873904058, 0.0094693044547],
      [0.45302906417, 0.26316619033, 0.2838047455]
    ],
    [
      [0.82957960407, 0.15952229454, 0.010898101391],
      [0.45633125378, 0.20317940062, 0.3404893456]
    ],
    [
      [0.76607538147, 0.2222873555, 0.011637263028],
      [0.37320359825, 0.25085270549, 0.37594369626]
    ],
    [
      [0.82324115062, 0.16666311274, 0.010095736642],
      [0.47640302303, 0.22223347633, 0.30136350064]
    ],
    [
      [0.79731608693, 0.19325195614, 0.0094319569275],
      [0.46148498335, 0.25766750944, 0.28084750721]
    ],
    [
      [0.85342047677, 0.14257845787, 0.0040010653618],
      [0.56614137463, 0.21874940824, 0.21510921713]
    ],
    [
      [0.81613589285, 0.18010568329, 0.0037584238663],
      [0.52858853264, 0.26660271248, 0.20480875488]
    ],
    [
      [0.8414960437, 0.15041447401, 0.0080894822977],
      [0.52599244475, 0.21795077053, 0.25605678472]
    ],
    [
      [0.85965023916, 0.12895250469, 0.011397256152],
      [0.486107576, 0.17498373515, 0.33890868885]
    ],
    [
      [0.78068019617, 0.2074412542, 0.011878549627],
      [0.36491433634, 0.22249270008, 0.41259296359]
    ],
    [
      [0.82883507418, 0.16602073336, 0.0051441924593],
      [0.54156993196, 0.24825171357, 0.21017835446]
    ],
    [
      [0.77539612878, 0.22071960302, 0.0038842682062],
      [0.48383755626, 0.32219537662, 0.19396706712]
    ],
    [
      [0.84284132517, 0.15249054465, 0.0046681301803],
      [0.55719893805, 0.23207897804, 0.21072208391]
    ],
    [
      [0.7863992512, 0.20426286729, 0.0093378815128],
      [0.45422859381, 0.27268518343, 0.27308622276]
    ],
    [
      [0.81234681485, 0.18765318515, 0],
      [0.5412737068, 0.28481324973, 0.17391304348]
    ],
    [
      [0.78797727741, 0.20582188477, 0.0062008378284],
      [0.48811929362, 0.29443510498, 0.2174456014]
    ],
    [
      [0.81579378224, 0.17514610831, 0.0090601094484],
      [0.48625559859, 0.23972824608, 0.27401615533]
    ],
    [
      [0.81208082041, 0.18254174492, 0.0053774346729],
      [0.51645786609, 0.26567629292, 0.21786584099]
    ],
    [
      [0.84552476875, 0.14742624375, 0.0070489875001],
      [0.51771641227, 0.21233211566, 0.26995147207]
    ],
    [
      [0.81280022969, 0.17816528175, 0.0090344885606],
      [0.44679994258, 0.23045867956, 0.32274137786]
    ],
    [
      [0.79859339229, 0.20140660771, 0],
      [0.53022394325, 0.30761389459, 0.16216216216]
    ],
    [
      [0.79039799111, 0.19863368808, 0.010968320811],
      [0.37963133584, 0.22602639567, 0.39434226849]
    ],
    [
      [0.81062516648, 0.18051362622, 0.0088612072991],
      [0.45258921437, 0.23692273162, 0.31048805401]
    ],
    [
      [0.79945505259, 0.19385384964, 0.0066910977677],
      [0.47122472023, 0.26773036327, 0.26104491649]
    ],
    [
      [0.83804934003, 0.15390500505, 0.0080456549187],
      [0.49439633999, 0.21300115242, 0.29260250759]
    ],
    [
      [0.78912646315, 0.20082034982, 0.010053187031],
      [0.40466008722, 0.24250556436, 0.35283434842]
    ],
    [
      [0.78826975088, 0.20177029978, 0.0099599493427],
      [0.40937719031, 0.24728184766, 0.34334096203]
    ],
    [
      [0.80591804084, 0.18415434598, 0.0099276131844],
      [0.41174941107, 0.22107670887, 0.36717388006]
    ],
    [
      [0.82793567208, 0.16271195484, 0.0093523730769],
      [0.45551608198, 0.20932201129, 0.33516190673]
    ],
    [
      [0.76667647204, 0.22251714161, 0.010806386359],
      [0.37927583415, 0.25965613944, 0.36106802641]
    ],
    [
      [0.80038214889, 0.19116791821, 0.0084499328984],
      [0.44625757707, 0.25071923747, 0.30302318546]
    ],
    [
      [0.84676727811, 0.14522669188, 0.0080060300093],
      [0.50891559639, 0.20413893941, 0.28694546421]
    ],
    [
      [0.84072022406, 0.15228517206, 0.0069946038793],
      [0.515762162, 0.21948915508, 0.26474868292]
    ],
    [
      [0.77173167017, 0.21982746251, 0.0084408673222],
      [0.42776753072, 0.28333700364, 0.28889546565]
    ],
    [
      [0.79723081736, 0.19412852929, 0.0086406533496],
      [0.44180669254, 0.25293810712, 0.30525520034]
    ],
    [
      [0.83629282393, 0.15536893314, 0.0083382429296],
      [0.48655507212, 0.21186395448, 0.3015809734]
    ],
    [
      [0.79276941408, 0.19739014282, 0.0098404431036],
      [0.41392300564, 0.24268161113, 0.34339538324]
    ],
    [
      [0.80496115303, 0.18471399032, 0.010324856649],
      [0.40369647799, 0.21798505569, 0.37831846632]
    ],
    [
      [0.80227538965, 0.18882197396, 0.0089026363871],
      [0.44299403396, 0.24523022881, 0.31177573723]
    ],
    [
      [0.790023391, 0.20063124984, 0.0093453591596],
      [0.42512691668, 0.25383226357, 0.32104081975]
    ],
    [
      [0.79011687677, 0.20538720632, 0.0044959169081],
      [0.48329437441, 0.29153759789, 0.2251680277]
    ],
    [
      [0.8089656124, 0.18073960699, 0.010294780611],
      [0.34563376395, 0.179697907, 0.47466832905]
    ],
    [
      [0.77089934573, 0.22081362672, 0.0082870275556],
      [0.43184617583, 0.28728169872, 0.28087212545]
    ]
  ],