{
  "X": [
    [23, 11, 66],
    [29, 10, 61],
    [27, 9, 64],
    [25, 13, 62],
    [25, 9, 66],
    [28, 12, 60],
    [21, 11, 68],
    [23, 9, 68],
    [17, 17, 66],
    [29, 5, 66],
    [26, 9, 65],
    [20, 10, 70],
    [21, 10, 69],
    [25, 14, 61],
    [18, 14, 68],
    [24, 12, 64],
    [21, 12, 67],
    [23, 10, 67],
    [27, 8, 65],
    [25, 9, 66],
    [29, 10, 61],
    [19, 7, 74],
    [18, 14, 68],
    [15, 14, 71],
    [33, 11, 56],
    [28, 5, 67],
    [25, 5, 70],
    [35, 5, 60],
    [34, 9, 57],
    [36, 1, 63],
    [18, 6, 76],
    [30, 8, 62],
    [23, 4, 73],
    [30, 4, 66],
    [30, 1, 69],
    [28, 4, 68],
    [28, 2, 70],
    [33, 7, 60],
    [26, 7, 67],
    [41, 2, 57],
    [32, 4, 64],
    [35, 5, 60],
    [31, 3, 66],
    [33, 8, 59],
    [35, 8, 57],
    [26, 1, 73],
    [32, 4, 64],
    [27, 9, 64],
    [36, 4, 60],
    [35, 5, 60]
  ],
  "W": [
    [77, 23],
    [72, 28],
    [74, 26],
    [68, 32],
    [74, 26],
    [73, 27],
    [71, 29],
    [73, 27],
    [70, 30],
    [81, 19],
    [74, 26],
    [78, 22],
    [81, 19],
    [71, 29],
    [84, 16],
    [69, 31],
    [76, 24],
    [83, 17],
    [77, 23],
    [70, 30],
    [77, 23],
    [73, 27],
    [76, 24],
    [80, 20],
    [75, 25],
    [28, 72],
    [26, 74],
    [19, 81],
    [24, 76],
    [20, 80],
    [27, 73],
    [18, 82],
    [34, 66],
    [30, 70],
    [22, 78],
    [31, 69],
    [22, 78],
    [20, 80],
    [27, 73],
    [21, 79],
    [20, 80],
    [19, 81],
    [30, 70],
    [38, 62],
    [33, 67],
    [18, 82],
    [25, 75],
    [23, 77],
    [23, 77],
    [25, 75]
  ],
  "method": "mvn_pdf",
  "cond_prob": [
    [
      [0.19948195717, 0.13475907639, 0.66575896644],
      [0.33216909992, 0.027110918171, 0.64071998191]
    ],
    [
      [0.2469418389, 0.12899184248, 0.62406631862],
      [0.40072098568, 0.025449547902, 0.57382946641]
    ],
    [
      [0.23293192237, 0.11382196973, 0.6532461079],
      [0.37550145172, 0.022199009238, 0.60229953904]
    ],
    [
      [0.20347322932, 0.17459429174, 0.62193247894],
      [0.3488693877, 0.035237130043, 0.61589348226]
    ],
    [
      [0.21511292633, 0.11373455003, 0.67115252365],
      [0.34929397892, 0.022447819151, 0.62825820193]
    ],
    [
      [0.2378544229, 0.15312747988, 0.60901809721],
      [0.39394915289, 0.030433109941, 0.57561773716]
    ],
    [
      [0.17388911235, 0.14276687611, 0.68334401154],
      [0.29840941458, 0.029777648153, 0.67181293727]
    ],
    [
      [0.19591971282, 0.1147627045, 0.68931758268],
      [0.32214299868, 0.023048984118, 0.6548080172]
    ],
    [
      [0.13180003523, 0.22311288524, 0.64508707953],
      [0.25913325114, 0.046069934429, 0.69479681443]
    ],
    [
      [0.26300254048, 0.059332878775, 0.67766458075],
      [0.4050944327, 0.010212464171, 0.58469310313]
    ],
    [
      [0.22403929101, 0.11377928647, 0.66218142251],
      [0.36234971019, 0.022320492351, 0.61532979746]
    ],
    [
      [0.17375979352, 0.12127420524, 0.70496600124],
      [0.29303345933, 0.02457327233, 0.68239326834]
    ],
    [
      [0.18661842755, 0.1179504291, 0.69543114335],
      [0.30967933517, 0.023474486466, 0.66684617837]
    ],
    [
      [0.20685146126, 0.18223655402, 0.61091198472],
      [0.35563952589, 0.036593264284, 0.60776720983]
    ],
    [
      [0.16017380418, 0.16032633103, 0.67949986479],
      [0.28408752804, 0.033286762104, 0.68262570986]
    ],
    [
      [0.19711769225, 0.15924636908, 0.64363593867],
      [0.33544771725, 0.032645178493, 0.63190710425]
    ],
    [
      [0.17931479868, 0.14826978654, 0.67241541478],
      [0.30716980418, 0.030479009288, 0.66235118653]
    ],
    [
      [0.20770848735, 0.11585088583, 0.67644062683],
      [0.33883503237, 0.022610380951, 0.63855458668]
    ],
    [
      [0.23767974559, 0.098340695838, 0.66397955857],
      [0.37820259083, 0.01859854002, 0.60319886915]
    ],
    [
      [0.21000703514, 0.11836160265, 0.67163136221],
      [0.34331691801, 0.023822927151, 0.63286015484]
    ],
    [
      [0.25413650992, 0.1228115816, 0.62305190849],
      [0.41006472767, 0.023630792044, 0.56630448029]
    ],
    [
      [0.16088560985, 0.08939140356, 0.74972298659],
      [0.26871668448, 0.017571390376, 0.71371192515]
    ],
    [
      [0.15040537782, 0.1727098909, 0.67688473128],
      [0.27371630357, 0.036418678803, 0.68986501763]
    ],
    [
      [0.12680495195, 0.16614717293, 0.70704787512],
      [0.24278019221, 0.035411308268, 0.72180849952]
    ],
    [
      [0.28576624608, 0.13783597222, 0.5763977817],
      [0.46270126176, 0.026492083346, 0.5108066549]
    ],
    [
      [0.18954464495, 0.11243233565, 0.6980230194],
      [0.31517708252, 0.025720758359, 0.65910215912]
    ],
    [
      [0.16573744897, 0.11492645625, 0.71933609478],
      [0.27960576117, 0.027188001859, 0.69320623697]
    ],
    [
      [0.23076161516, 0.13414923338, 0.63508915146],
      [0.37796949768, 0.030261290936, 0.59176921139]
    ],
    [
      [0.20730425606, 0.24431823552, 0.54837750842],
      [0.38190391914, 0.041267925624, 0.57682815524]
    ],
    [
      [0.25395049414, 0.05, 0.69604950586],
      [0.38651237647, 0, 0.61348762353]
    ],
    [
      [0.118102016, 0.13190785733, 0.74999012667],
      [0.2028937749, 0.033403943181, 0.76370228192]
    ],
    [
      [0.1729250842, 0.24580672747, 0.58126818834],
      [0.32789449371, 0.043603401288, 0.628502105]
    ],
    [
      [0.16023872048, 0.084766161383, 0.75499511814],
      [0.26593762884, 0.016938644136, 0.71712372702]
    ],
    [
      [0.20947265632, 0.09082533521, 0.69970200847],
      [0.338797433, 0.018217713481, 0.64298485351]
    ],
    [
      [0.20980930869, 0.045454545455, 0.74473614585],
      [0.32543840011, 0, 0.67456159989]
    ],
    [
      [0.19500917448, 0.089265713437, 0.71572511209],
      [0.31818428393, 0.017866128746, 0.66394958732]
    ],
    [
      [0.1889955192, 0.064266328018, 0.74673815278],
      [0.30566793048, 0.0075146254308, 0.68681744409]
    ],
    [
      [0.20543348688, 0.19392916385, 0.60063734927],
      [0.36114162828, 0.039017709037, 0.59984066268]
    ],
    [
      [0.16786247222, 0.16185982067, 0.67027770711],
      [0.2940782637, 0.036024449889, 0.66989728641]
    ],
    [
      [0.29684899389, 0.066269065361, 0.63688194075],
      [0.44007811555, 0.0077006281952, 0.55222125626]
    ],
    [
      [0.21283462372, 0.10571799607, 0.68144738022],
      [0.34679134407, 0.023570500984, 0.62963815495]
    ],
    [
      [0.23076161516, 0.13414923338, 0.63508915146],
      [0.37796949768, 0.030261290936, 0.59176921139]
    ],
    [
      [0.21925391143, 0.074196796638, 0.70654929193],
      [0.34889118081, 0.011058515727, 0.64005030346]
    ],
    [
      [0.23388347128, 0.15585512378, 0.61026140493],
      [0.3889101305, 0.033508149939, 0.57758171956]
    ],
    [
      [0.24133575771, 0.17023643092, 0.58842781137],
      [0.40352119396, 0.035555190741, 0.5609236153]
    ],
    [
      [0.17230083216, 0.0510906129, 0.77660855494],
      [0.27925103684, 0.00098010936341, 0.71976885379]
    ],
    [
      [0.21922155134, 0.097679774363, 0.6830986743],
      [0.35359281622, 0.020773408546, 0.62563377523]
    ],
    [
      [0.15806320942, 0.24843566754, 0.59350112304],
      [0.30343566472, 0.042675060345, 0.65388927494]
    ],
    [
      [0.24932172874, 0.10118740077, 0.64949087049],
      [0.39305974336, 0.021723243926, 0.58521701271]
    ],
    [
      [0.24038182878, 0.11943335692, 0.6401848143],
      [0.38653939041, 0.026855547692, 0.5866050619]
    ]
  ],