{
  "X": [
    [8, 34, 58],
    [9, 37, 54],
    [10, 39, 51],
    [9, 31, 60],
    [10, 39, 51],
    [4, 44, 52],
    [14, 35, 51],
    [12, 37, 51],
    [11, 37, 52],
    [18, 34, 48],
    [7, 37, 56],
    [8, 38, 54],
    [12, 36, 52],
    [10, 34, 56],
    [15, 37, 48],
    [12, 45, 43],
    [11, 26, 63],
    [13, 33, 54],
    [10, 46, 44],
    [9, 40, 51],
    [13, 41, 46],
    [6, 32, 62],
    [13, 42, 45],
    [16, 38, 46],
    [9, 36, 55],
    [6, 18, 76],
    [8, 27, 65],
    [7, 23, 70],
    [9, 33, 58],
    [8, 25, 67],
    [16, 18, 66],
    [9, 22, 69],
    [9, 21, 70],
    [8, 17, 75],
    [14, 21, 65],
    [10, 32, 58],
    [10, 26, 64],
    [5, 17, 78],
    [8, 21, 71],
    [6, 21, 73],
    [10, 18, 72],
    [14, 21, 65],
    [7, 28, 65],
    [8, 30, 62],
    [16, 22, 62],
    [12, 18, 70],
    [5, 22, 73],
    [10, 27, 63],
    [12, 18, 70],
    [12, 27, 61]
  ],
  "W": [
    [77, 23],
    [78, 22],
    [76, 24],
    [72, 28],
    [78, 22],
    [79, 21],
    [71, 29],
    [74, 26],
    [75, 25],
    [80, 20],
    [80, 20],
    [72, 28],
    [68, 32],
    [72, 28],
    [87, 13],
    [78, 22],
    [68, 32],
    [69, 31],
    [76, 24],
    [76, 24],
    [77, 23],
    [74, 26],
    [81, 19],
    [79, 21],
    [78, 22],
    [20, 80],
    [28, 72],
    [28, 72],
    [34, 66],
    [21, 79],
    [23, 77],
    [22, 78],
    [20, 80],
    [21, 79],
    [25, 75],
    [24, 76],
    [22, 78],
    [18, 82],
    [25, 75],
    [24, 76],
    [20, 80],
    [31, 69],
    [21, 79],
    [22, 78],
    [28, 72],
    [20, 80],
    [26, 74],
    [26, 74],
    [27, 73],
    [29, 71]
  ],
  "method": "mvn_pdf",
  "cond_prob": [
    [
      [0.085750811894, 0.40046994267, 0.51377924544],
      [0.060747281919, 0.13755714845, 0.80169556963]
    ],
    [
      [0.095612669708, 0.43065166478, 0.47373566551],
      [0.070100534672, 0.15496227941, 0.77493718592]
    ],
    [
      [0.10604963189, 0.4585726448, 0.43537772331],
      [0.080842832356, 0.17285329147, 0.74630387617]
    ],
    [
      [0.098567407051, 0.38038320229, 0.52104939066],
      [0.067969524726, 0.12901462268, 0.8030158526]
    ],
    [
      [0.10569358991, 0.45231333868, 0.44199307141],
      [0.079813635783, 0.16907089012, 0.7511154741]
    ],
    [
      [0.039892566205, 0.50589777889, 0.4542096549],
      [0.040404155705, 0.19209883178, 0.76749701251]
    ],
    [
      [0.14961273013, 0.42721141792, 0.42317585194],
      [0.11646538485, 0.16096514922, 0.72256946593]
    ],
    [
      [0.12787659449, 0.44167867079, 0.43044473472],
      [0.097582000296, 0.16599147545, 0.73642652425]
    ],
    [
      [0.11733032001, 0.43904860132, 0.44362107867],
      [0.088009039982, 0.16285419604, 0.74913676398]
    ],
    [
      [0.18645875037, 0.38887420355, 0.42466704609],
      [0.15416499853, 0.14450318582, 0.70133181565]
    ],
    [
      [0.073727917556, 0.42527533198, 0.50099675046],
      [0.055088329778, 0.14889867207, 0.79601299815]
    ],
    [
      [0.085576794644, 0.46118700554, 0.45323619982],
      [0.065659670915, 0.17123341433, 0.76310691476]
    ],
    [
      [0.12929748184, 0.44915656673, 0.42154595143],
      [0.1002428511, 0.1705422957, 0.7292148532]
    ],
    [
      [0.10840092111, 0.41473196396, 0.47686711493],
      [0.078397631429, 0.14783209267, 0.77377027591]
    ],
    [
      [0.15469472901, 0.40315632514, 0.44214894586],
      [0.11858142895, 0.14810767023, 0.73331090082]
    ],
    [
      [0.12458119104, 0.51626491305, 0.35915389591],
      [0.10375759541, 0.21506076281, 0.68118164177]
    ],
    [
      [0.12320837704, 0.33152201327, 0.54526960969],
      [0.081932198787, 0.10801572181, 0.8100520794]
    ],
    [
      [0.14093777979, 0.41078656535, 0.44827565486],
      [0.10565461918, 0.15018474164, 0.74416063918]
    ],
    [
      [0.10404707165, 0.53432667922, 0.36162624913],
      [0.087184273107, 0.22463218246, 0.68818354444]
    ],
    [
      [0.095198171294, 0.470029665, 0.43477216371],
      [0.073539124235, 0.17823939417, 0.74822148159]
    ],
    [
      [0.13601978131, 0.47602775863, 0.38795246006],
      [0.1098468191, 0.1889505472, 0.70120263371]
    ],
    [
      [0.064716145016, 0.38713058071, 0.54815327427],
      [0.046577125724, 0.12893603951, 0.82448683477]
    ],
    [
      [0.13504975612, 0.47445483042, 0.39049541346],
      [0.10847209232, 0.18785045979, 0.70367744788]
    ],
    [
      [0.16611814632, 0.4362073945, 0.39767445918],
      [0.13698411622, 0.16855313498, 0.69446274881]
    ],
    [
      [0.095852063988, 0.41955000692, 0.48459792909],
      [0.069251773133, 0.14886815727, 0.7818800696]
    ],
    [
      [0.08129189303, 0.38283876683, 0.53586934014],
      [0.054677026743, 0.12929030829, 0.81603266496]
    ],
    [
      [0.092106233753, 0.48500431625, 0.42288944999],
      [0.075292020207, 0.18638721035, 0.73832076945]
    ],
    [
      [0.086469109782, 0.42673945543, 0.48679143478],
      [0.063595346196, 0.15349021178, 0.78291444203]
    ],
    [
      [0.096305156502, 0.54107185526, 0.36262298824],
      [0.086751889075, 0.22126601396, 0.69198209697]
    ],
    [
      [0.092871949341, 0.48601095484, 0.42111709582],
      [0.07657834258, 0.18726291074, 0.73615874668]
    ],
    [
      [0.21403789129, 0.34883342646, 0.43712868226],
      [0.14385881169, 0.12956923625, 0.72657195205]
    ],
    [
      [0.10814285005, 0.43400105048, 0.45785609947],
      [0.084882785883, 0.15964072935, 0.75547648477]
    ],
    [
      [0.10925519009, 0.4268050939, 0.46393971601],
      [0.085186202478, 0.15579872652, 0.759015071]
    ],
    [
      [0.10292945464, 0.36276195806, 0.53430858731],
      [0.073904828514, 0.1187594795, 0.80733569198]
    ],
    [
      [0.17492202463, 0.3942125409, 0.43086543446],
      [0.12835932512, 0.1485958197, 0.72304485518]
    ],
    [
      [0.10237774815, 0.57082993473, 0.32679231711],
      [0.099249132162, 0.24079054693, 0.65996032091]
    ],
    [
      [0.11278109027, 0.49287084987, 0.39434805986],
      [0.096395077104, 0.19431847824, 0.70928644466]
    ],
    [
      [0.072966120288, 0.37518411321, 0.5518497665],
      [0.044958656522, 0.1249595849, 0.83008175857]
    ],
    [
      [0.098770706117, 0.4079972973, 0.49323199659],
      [0.073743097961, 0.1440009009, 0.78225600114]
    ],
    [
      [0.078463925262, 0.41304146731, 0.50849460743],
      [0.054169286759, 0.1458816419, 0.79994907134]
    ],
    [
      [0.12544643436, 0.37893685024, 0.4956167154],
      [0.09363839141, 0.13026578744, 0.77609582115]
    ],
    [
      [0.17324671784, 0.37457390966, 0.4521793725],
      [0.12506306879, 0.13606099711, 0.7388759341]
    ],
    [
      [0.078894638921, 0.53314966327, 0.38795569781],
      [0.067635602312, 0.21270705154, 0.71965734615]
    ],
    [
      [0.085366781002, 0.55648674558, 0.35814647341],
      [0.078486292538, 0.22765758458, 0.69385612288]
    ],
    [
      [0.20209805036, 0.39016080244, 0.4077411472],
      [0.14362853597, 0.1538263546, 0.70254510942]
    ],
    [
      [0.15217892049, 0.3741221208, 0.47369895872],
      [0.11195526988, 0.1314694698, 0.75657526032]
    ],
    [
      [0.068179434681, 0.42013080705, 0.51168975827],
      [0.043612631058, 0.1496837705, 0.80670359844]
    ],
    [
      [0.11256997699, 0.49025504996, 0.39717497305],
      [0.095583521597, 0.19261309056, 0.71180338785]
    ],
    [
      [0.15088007626, 0.35045037964, 0.4986695441],
      [0.10857860193, 0.1169567089, 0.77446468917]
    ],
    [
      [0.13673506775, 0.47270125822, 0.39056367403],
      [0.11316454979, 0.18720652833, 0.69962892187]
    ]
  ],