{
  "X": [
    [1044, 816, 198],
    [456, 235, 99],
    [816, 479, 142],
    [800, 705, 164],
    [403, 218, 85],
    [517, 901, 83],
    [485, 1154, 117],
    [281, 426, 59],
    [815, 1003, 144],
    [241, 238, 53],
    [544, 432, 128],
    [325, 334, 60],
    [49, 39, 14],
    [18, 20, 12],
    [407, 559, 114],
    [549, 683, 142],
    [270, 387, 67],
    [1121, 1002, 214],
    [596, 812, 109],
    [448, 820, 73],
    [611, 1051, 171],
    [926, 1560, 207],
    [18, 23, 6],
    [39, 46, 13],
    [125, 100, 43],
    [1138, 1415, 248],
    [155, 111, 38],
    [1057, 1039, 274],
    [217, 246, 37]
  ],
  "W": [
    [155, 906, 690, 140, 167],
    [31, 404, 225, 45, 85],
    [66, 759, 442, 83, 87],
    [96, 699, 621, 113, 140],
    [43, 364, 200, 49, 50],
    [97, 487, 759, 58, 100],
    [68, 474, 1004, 56, 154],
    [41, 253, 378, 23, 71],
    [132, 697, 876, 87, 170],
    [20, 221, 221, 28, 42],
    [49, 513, 394, 57, 91],
    [18, 314, 296, 33, 58],
    [5, 44, 36, 3, 14],
    [1, 21, 20, 3, 5],
    [50, 404, 485, 58, 83],
    [41, 524, 605, 94, 110],
    [26, 281, 326, 44, 47],
    [89, 1097, 836, 101, 214],
    [86, 558, 701, 47, 125],
    [98, 392, 707, 62, 82],
    [64, 585, 932, 89, 163],
    [101, 907, 1319, 131, 235],
    [3, 13, 24, 3, 4],
    [6, 38, 42, 3, 9],
    [4, 117, 107, 21, 19],
    [135, 1006, 1284, 153, 223],
    [7, 147, 112, 12, 26],
    [164, 986, 933, 109, 178],
    [47, 182, 237, 11, 23]
  ],
  "method": "mvn_cdf",
  "mvncdf_method": "genz",
  "mvncdf_samples": 5000,
  "mvncdf_error": 1e-06,
  "cond_prob": [
    [
      [0.69497890965, 0.29674522786, 0.0082758624889],
      [0.85332766442, 0.04929899596, 0.097373339621],
      [0.04862968785, 0.91569265179, 0.035677660361],
      [0.46046724537, 0.15735817511, 0.38217457953],
      [0.38680808285, 0.43303187763, 0.18016003951]
    ],
    [
      [0.79725778044, 0.19225931032, 0.010482909246],
      [0.8630337529, 0.028143462317, 0.10882278479],
      [0.079844432215, 0.85531061225, 0.064844955533],
      [0.47316839106, 0.091371041873, 0.43546056707],
      [0.46531703907, 0.29470421318, 0.23997874775]
    ],
    [
      [0.74949785667, 0.24192947121, 0.0085726721198],
      [0.86709120434, 0.037857415193, 0.095051380471],
      [0.062597570271, 0.89326266136, 0.044139768366],
      [0.48630164078, 0.12563659789, 0.38806176133],
      [0.43583059791, 0.36906185109, 0.19510755099]
    ],
    [
      [0.69939401692, 0.29207440113, 0.0085315819484],
      [0.85223572277, 0.048140761635, 0.099623515593],
      [0.049537278114, 0.91321669136, 0.037246030525],
      [0.45767235337, 0.15297349456, 0.38935415207],
      [0.3887148871, 0.42574544269, 0.18553967021]
    ],
    [
      [0.76193266533, 0.22770977561, 0.010357559059],
      [0.85415753286, 0.034489126741, 0.1113533404],
      [0.066111382905, 0.87837849457, 0.055510122524],
      [0.45635217363, 0.10916288153, 0.43448494484],
      [0.43132373896, 0.33863477731, 0.23004148373]
    ],
    [
      [0.52368586996, 0.47028952444, 0.006024605593],
      [0.81201918796, 0.098503921071, 0.089476890972],
      [0.024188309636, 0.95865913237, 0.01715255799],
      [0.39669837376, 0.28499028181, 0.31831134442],
      [0.26273521298, 0.61900095088, 0.11826383614]
    ],
    [
      [0.50446374004, 0.48793996504, 0.0075962949171],
      [0.78434898992, 0.10251313679, 0.11313787329],
      [0.022426360096, 0.95675763615, 0.02081600375],
      [0.35405734313, 0.27401482564, 0.37192783123],
      [0.24234560086, 0.61484695123, 0.14280744791]
    ],
    [
      [0.62210647709, 0.36966141658, 0.008232106328],
      [0.82853418093, 0.066409080302, 0.10505673876],
      [0.035492768164, 0.93548815684, 0.029019074997],
      [0.41628056618, 0.19793019243, 0.38578924139],
      [0.32462485362, 0.50685852543, 0.16851662095]
    ],
    [
      [0.65251016399, 0.34024064105, 0.0072491949614],
      [0.84963533062, 0.059925218591, 0.090439450793],
      [0.040513639073, 0.93174892268, 0.027737438242],
      [0.45624459199, 0.19040295855, 0.35335244946],
      [0.35689304855, 0.48800362207, 0.15510332937]
    ],
    [
      [0.70476923255, 0.28596599773, 0.0092647697211],
      [0.84692712598, 0.046326146565, 0.10674672745],
      [0.050204573185, 0.9089466078, 0.040848819012],
      [0.44486930268, 0.14446643117, 0.41066426615],
      [0.38695520506, 0.41312616341, 0.19991863153]
    ],
    [
      [0.71347695069, 0.27562514714, 0.010897902166],
      [0.83427371794, 0.043564844866, 0.12216143719],
      [0.052517710248, 0.89799298323, 0.049489306526],
      [0.42076324992, 0.13009120825, 0.44914554183],
      [0.3828087044, 0.38810689296, 0.22908440264]
    ],
    [
      [0.65468439713, 0.33767839546, 0.0076372074156],
      [0.84650459209, 0.058880106203, 0.094615301709],
      [0.040592447597, 0.93015398806, 0.029253564342],
      [0.44865357047, 0.18511728827, 0.36622914126],
      [0.35547646, 0.48191627136, 0.16260726864]
    ],
    [
      [0.75046745894, 0.23590909165, 0.013623449403],
      [0.8213831265, 0.034396420086, 0.14422045341],
      [0.058669781621, 0.87373717311, 0.067593045268],
      [0.38520232675, 0.097222108462, 0.51757556479],
      [0.38798972579, 0.3261009958, 0.2859092784]
    ],
    [
      [0.67343083722, 0.28484301775, 0.041726145032],
      [0.59742898936, 0.032803066151, 0.36976794449],
      [0.037435281213, 0.81023725895, 0.15232745984],
      [0.15239822922, 0.051677745458, 0.79592402532],
      [0.20618334192, 0.23636625517, 0.55745040291]
    ],
    [
      [0.58250309268, 0.4069775625, 0.010519344816],
      [0.78900894387, 0.074428392242, 0.13656266389],
      [0.030292863407, 0.93595939597, 0.033747740628],
      [0.35443552492, 0.19810299286, 0.44746148222],
      [0.28237961546, 0.51781712535, 0.19980325918]
    ],
    [
      [0.62610595183, 0.36452777347, 0.009366274698],
      [0.818311459, 0.064384746324, 0.11730379467],
      [0.036172907036, 0.93045934368, 0.03336774928],
      [0.39840210928, 0.18560688666, 0.41599100405],
      [0.32121376439, 0.49066946415, 0.18811677145]
    ],
    [
      [0.52504509126, 0.46657394783, 0.0083809609058],
      [0.78580032318, 0.094028837243, 0.12017083958],
      [0.024159533238, 0.95203019055, 0.023810276211],
      [0.35363894897, 0.25118020182, 0.39518084921],
      [0.25245966173, 0.58951970573, 0.15802063255]
    ],
    [
      [0.63976065895, 0.35202772524, 0.0082116158131],
      [0.83512459374, 0.062165825393, 0.10270958087],
      [0.038392718286, 0.93125139788, 0.030355883834],
      [0.42832116573, 0.18860555608, 0.38307327819],
      [0.339613797, 0.48992049497, 0.17046570803]
    ],
    [
      [0.60102799406, 0.39148244999, 0.0074895559506],
      [0.82820957599, 0.072909088382, 0.098881335628],
      [0.032761159282, 0.9420713151, 0.025167525622],
      [0.41830244772, 0.21801644613, 0.36368110615],
      [0.31285151723, 0.53457477121, 0.15257371155]
    ],
    [
      [0.55261129851, 0.44134486795, 0.0060438335428],
      [0.82465974642, 0.088954645945, 0.086385607635],
      [0.027067174384, 0.95467857019, 0.018254255431],
      [0.41629954422, 0.26599772222, 0.31770273357],
      [0.28378528457, 0.59473889374, 0.12147582169]
    ],
    [
      [0.58037435539, 0.41004020677, 0.0095854378397],
      [0.79759387353, 0.076184442944, 0.12622168353],
      [0.030135345314, 0.93918699728, 0.030677657404],
      [0.36798147395, 0.20805316809, 0.42396535796],
      [0.2857767272, 0.52951787003, 0.18470540277]
    ],
    [
      [0.5348033756, 0.45773531549, 0.0074613089165],
      [0.80036660491, 0.092656781753, 0.10697661334],
      [0.02527620987, 0.9530027693, 0.021721020828],
      [0.37638479254, 0.25778425269, 0.36583095477],
      [0.26390574804, 0.5921280868, 0.14396616517]
    ],
    [
      [0.79576314725, 0.19214988738, 0.012086965376],
      [0.84705480443, 0.027001536118, 0.12594365945],
      [0.067396892656, 0.86368922969, 0.068913877657],
      [0.41055901623, 0.081307260069, 0.5081337237],
