{
  "X": [
    [28, 9, 15, 48],
    [18, 4, 16, 62],
    [20, 10, 17, 53],
    [24, 7, 16, 53],
    [20, 6, 18, 56],
    [15, 12, 11, 62],
    [15, 6, 18, 61],
    [32, 6, 9, 53],
    [22, 11, 16, 51],
    [19, 5, 14, 62],
    [16, 13, 13, 58],
    [16, 13, 13, 58],
    [22, 8, 17, 53],
    [17, 9, 13, 61],
    [23, 8, 20, 49],
    [25, 8, 15, 52],
    [14, 8, 15, 63],
    [15, 12, 18, 55],
    [25, 9, 15, 51],
    [21, 13, 19, 47],
    [21, 8, 16, 55],
    [21, 12, 20, 47],
    [20, 11, 13, 56],
    [26, 8, 20, 46],
    [29, 5, 22, 44],
    [26, 11, 12, 51],
    [27, 9, 3, 61],
    [23, 15, 11, 51],
    [23, 12, 7, 58],
    [18, 12, 6, 64],
    [23, 9, 16, 52],
    [23, 19, 9, 49],
    [21, 11, 10, 58],
    [24, 11, 13, 52],
    [26, 7, 9, 58],
    [14, 3, 16, 67],
    [18, 5, 19, 58],
    [10, 12, 10, 68],
    [15, 10, 10, 65],
    [11, 9, 7, 73],
    [20, 17, 5, 58],
    [22, 11, 11, 56],
    [23, 8, 9, 60],
    [14, 6, 13, 67],
    [17, 12, 9, 62],
    [19, 3, 15, 63],
    [21, 18, 11, 50],
    [14, 11, 14, 61],
    [16, 8, 12, 64],
    [18, 12, 15, 55]
  ],
  "W": [
    [74, 26],
    [74, 26],
    [79, 21],
    [75, 25],
    [71, 29],
    [74, 26],
    [81, 19],
    [71, 29],
    [77, 23],
    [68, 32],
    [72, 28],
    [76, 24],
    [71, 29],
    [75, 25],
    [73, 27],
    [77, 23],
    [75, 25],
    [82, 18],
    [77, 23],
    [74, 26],
    [78, 22],
    [71, 29],
    [81, 19],
    [82, 18],
    [70, 30],
    [23, 77],
    [23, 77],
    [29, 71],
    [24, 76],
    [22, 78],
    [32, 68],
    [30, 70],
    [22, 78],
    [21, 79],
    [30, 70],
    [28, 72],
    [25, 75],
    [21, 79],
    [22, 78],
    [25, 75],
    [32, 68],
    [22, 78],
    [23, 77],
    [29, 71],
    [23, 77],
    [28, 72],
    [22, 78],
    [22, 78],
    [24, 76],
    [20, 80]
  ],
  "method": "mvn_pdf",
  "cond_prob": [
    [
      [0.28755612746, 0.082492261669, 0.17256028209, 0.45739132878],
      [0.25849409878, 0.11136817833, 0.085789966356, 0.54434775654]
    ],
    [
      [0.18708293427, 0.033836057539, 0.18463317724, 0.59444783095],
      [0.15984087939, 0.057543528542, 0.089890187863, 0.69272540421]
    ],
    [
      [0.20591426546, 0.093010391027, 0.19036790525, 0.51070743826],
      [0.17775109659, 0.12629424328, 0.093377880253, 0.60257677988]
    ],
    [
      [0.24748464418, 0.063729701692, 0.18302013021, 0.50576552392],
      [0.21754606746, 0.088810894923, 0.090939609364, 0.60270342825]
    ],
    [
      [0.20728768748, 0.0528566742, 0.21031974853, 0.52953588979],
      [0.18215773066, 0.07748883213, 0.10576889153, 0.63458454568]
    ],
    [
      [0.15702380892, 0.11111527677, 0.12765302429, 0.60420789001],
      [0.13000915921, 0.14528728918, 0.059756777007, 0.6649467746]
    ],
    [
      [0.15340129816, 0.055801129667, 0.19951587101, 0.59128170116],
      [0.13549972891, 0.07790044721, 0.096800760411, 0.68979906347]
    ],
    [
      [0.32998915494, 0.054109196126, 0.10530961764, 0.51059203129],
      [0.29554379307, 0.074422312933, 0.052517832668, 0.57751606133]
    ],
    [
      [0.22730607501, 0.10121122765, 0.18131601642, 0.49016668092],
      [0.19554053149, 0.13942328136, 0.088637684151, 0.57639850301]
    ],
    [
      [0.19963712489, 0.043010055857, 0.16747755329, 0.58987526596],
      [0.1695211096, 0.064853631303, 0.081610199264, 0.68401505983]
    ],
    [
      [0.16781807548, 0.11770470345, 0.15261400517, 0.56186321589],
      [0.13989637733, 0.16161647683, 0.071849700979, 0.62663744486]
    ],
    [
      [0.16673613322, 0.11922716481, 0.14900434018, 0.56503236179],
      [0.13866891147, 0.16411397809, 0.069819589441, 0.62739752099]
    ],
    [
      [0.22801423425, 0.072061341321, 0.19879678942, 0.50112763502],
      [0.20037894374, 0.099436026421, 0.099497515568, 0.60068751427]
    ],
    [
      [0.17706613073, 0.083879495185, 0.14958320892, 0.58947116516],
      [0.1488016078, 0.10836151445, 0.071250373233, 0.67158650452]
    ],
    [
      [0.2363685923, 0.072135985452, 0.22997385824, 0.46152156401],
      [0.21278121341, 0.10126196526, 0.11895956845, 0.56699725287]
    ],
    [
      [0.25726945033, 0.073982791452, 0.1697948581, 0.49895290012],
      [0.22566314455, 0.10014456775, 0.083730257667, 0.59046203004]
    ],
    [
      [0.14465640025, 0.074505302895, 0.17262133432, 0.60821696254],
      [0.12603079925, 0.096484091314, 0.082135997045, 0.69534911239]
    ],
    [
      [0.15342368282, 0.11214172099, 0.19859342716, 0.53584116903],
      [0.13440322271, 0.15579882661, 0.095296609586, 0.61450134109]
    ],
    [
      [0.25735435645, 0.083352195743, 0.16983167084, 0.48946177697],
      [0.22537889364, 0.11225569251, 0.083607015022, 0.57875839883]
    ],
    [
      [0.21757025981, 0.11601346208, 0.21846968425, 0.44794659386],
      [0.18845387594, 0.16980783868, 0.10897089866, 0.53276738672]
    ],
    [
      [0.21653013041, 0.074282223923, 0.18020165977, 0.52898598589],
      [0.18684771945, 0.10027211518, 0.088375933533, 0.62450423184]
    ],
    [
      [0.21741359686, 0.10650203631, 0.23319272018, 0.44289164665],
      [0.19184946975, 0.15304673868, 0.1187350644, 0.53636872717]
    ],
    [
      [0.20659029107, 0.10339789463, 0.14429032622, 0.54572148807],
      [0.17190454861, 0.13814581761, 0.069078082941, 0.62087155084]
    ],
    [
      [0.26429073268, 0.074802631033, 0.2191509018, 0.44175573448],
      [0.2404533289, 0.10367690307, 0.11275700289, 0.54311276514]
    ],
    [
      [0.29415680337, 0.042156985648, 0.25522491255, 0.40846129843],
      [0.28030079214, 0.068300366822, 0.13780853737, 0.51359030367]
    ],
    [
      [0.28916017408, 0.080459165811, 0.18831735283, 0.44206330728],
      [0.25128981813, 0.11882388554, 0.099593517985, 0.53029277834]
    ],
    [
      [0.31188047192, 0.068690876078, 0.075074626433, 0.54435402557],
      [0.25749024865, 0.09636506299, 0.016536150546, 0.62960853782]
    ],
    [
      [0.25443708829, 0.11907853994, 0.16820307619, 0.45828129558],
      [0.22001865408, 0.16262989214, 0.08622691254, 0.53112454124]
    ],
    [
      [0.2612983171, 0.09288682593, 0.12028817427, 0.5255266827],
      [0.22011632092, 0.12856205497, 0.054119523914, 0.5972021002]
    ],
    [
      [0.20606412127, 0.093714606404, 0.11105341651, 0.58916785582],
      [0.17264858118, 0.12741382896, 0.04560031842, 0.65433727144]
    ],
    [
      [0.24340907285, 0.067390741276, 0.24070201634, 0.44849816953],
      [0.22368984807, 0.10063965116, 0.12202258055, 0.55364792022]
    ],
    [
      [0.25455225238, 0.16198304756, 0.1380004682, 0.44546423187],
      [0.21947760612, 0.20200726533, 0.069428370772, 0.50908675777]
    ],
    [
      [0.23521175727, 0.083149344869, 0.16313735789, 0.51850153996],
      [0.20288899154, 0.1175732617, 0.082192027261, 0.5973457195]
    ],
    [
      [0.26305035993, 0.079546647673, 0.2097084866, 0.4476945058],
      [0.23387268913, 0.11809519492, 0.10881166812, 0.53922044783]
    ],
    [
      [0.29012920734, 0.055126137821, 0.13804462268, 0.51670003216],
      [0.24708748257, 0.076374512362, 0.069409447422, 0.60712855765]
    ],
    [
      [0.15063810172, 0.027643531822, 0.24730900393, 0.57440936253],
      [0.13586296044, 0.030916404291, 0.12604649847, 0.70717413679]
    ],
    [
      [0.18046256264, 0.037948971937, 0.31386531232, 0.4677231531],
      [0.17984581245, 0.054017009354, 0.14871156256, 0.61742561563]
    ],
    [
      [0.12761481684, 0.091694738666, 0.16403698945, 0.61665345504],
      [0.092659352485, 0.12752418339, 0.082977509134, 0.69683895499]
    ],
    [
      [0.17204872133, 0.076302622519, 0.16375778727, 0.58789086888],
      [0.14378112988, 0.1066838757, 0.08201703436, 0.66751796006]
    ],
    [
      [0.1347371034, 0.070570764785, 0.11860023308, 0.67609189874],
      [0.10175429887, 0.096476411738, 0.053799922307, 0.74796936709]
    ],
    [
      [0.22472312786, 0.14464391577, 0.090742421712, 0.53989053466],
      [0.18836558689, 0.18193227493, 0.030827095665, 0.59887504251]
    ],
    [
