{
  "X": [
    [56, 4, 25, 15],
    [44, 9, 37, 10],
    [46, 6, 37, 11],
    [44, 6, 40, 10],
    [47, 6, 24, 23],
    [49, 11, 22, 18],
    [51, 10, 24, 15],
    [51, 4, 31, 14],
    [62, 1, 22, 15],
    [56, 2, 31, 11],
    [51, 7, 28, 14],
    [56, 7, 29, 8],
    [46, 5, 37, 12],
    [52, 5, 34, 9],
    [56, 3, 30, 11],
    [51, 5, 28, 16],
    [54, 3, 29, 14],
    [55, 5, 30, 10],
    [55, 7, 26, 12],
    [62, 6, 23, 9],
    [57, 2, 27, 14],
    [54, 2, 29, 15],
    [55, 3, 32, 10],
    [57, 4, 27, 12],
    [51, 6, 31, 12],
    [55, 15, 18, 12],
    [53, 15, 22, 10],
    [52, 14, 25, 9],
    [60, 14, 20, 6],
    [53, 12, 19, 16],
    [55, 12, 20, 13],
    [56, 10, 22, 12],
    [56, 10, 22, 12],
    [58, 12, 18, 12],
    [45, 15, 24, 16],
    [55, 14, 27, 4],
    [58, 17, 16, 9],
    [52, 9, 26, 13],
    [51, 21, 19, 9],
    [50, 8, 29, 13],
    [53, 8, 23, 16],
    [53, 14, 18, 15],
    [53, 15, 20, 12],
    [62, 9, 21, 8],
    [51, 13, 26, 10],
    [44, 16, 24, 16],
    [52, 13, 24, 11],
    [58, 9, 26, 7],
    [51, 16, 18, 15],
    [52, 11, 26, 11]
  ],
  "W": [
    [77, 23],
    [78, 22],
    [74, 26],
    [76, 24],
    [79, 21],
    [80, 20],
    [74, 26],
    [78, 22],
    [75, 25],
    [75, 25],
    [68, 32],
    [76, 24],
    [72, 28],
    [80, 20],
    [73, 27],
    [74, 26],
    [80, 20],
    [74, 26],
    [74, 26],
    [72, 28],
    [69, 31],
    [75, 25],
    [72, 28],
    [68, 32],
    [76, 24],
    [26, 74],
    [23, 77],
    [23, 77],
    [28, 72],
    [18, 82],
    [17, 83],
    [28, 72],
    [20, 80],
    [27, 73],
    [28, 72],
    [31, 69],
    [22, 78],
    [29, 71],
    [17, 83],
    [22, 78],
    [27, 73],
    [24, 76],
    [37, 63],
    [26, 74],
    [25, 75],
    [29, 71],
    [26, 74],
    [26, 74],
    [30, 70],
    [22, 78]
  ],
  "method": "mvn_pdf",
  "cond_prob": [
    [
      [0.54875491702, 0.018261645468, 0.27624086843, 0.15674256908],
      [0.59764658215, 0.11277623039, 0.16215013611, 0.12742705135]
    ],
    [
      [0.44305335886, 0.037587341503, 0.41299445579, 0.10636484384],
      [0.42917445495, 0.27582669831, 0.21756511128, 0.077433735465]
    ],
    [
      [0.44618899876, 0.026774154203, 0.41200345953, 0.1150333875],
      [0.4993082343, 0.15456586881, 0.2504516921, 0.095674204796]
    ],
    [
      [0.42744190675, 0.028185464153, 0.44040721175, 0.10396541734],
      [0.47976729528, 0.16074603018, 0.27204382946, 0.08744284508]
    ],
    [
      [0.46821205575, 0.031828986219, 0.26449468003, 0.235464278],
      [0.47672607598, 0.16597667089, 0.14785334655, 0.20944390658]
    ],
    [
      [0.51418397748, 0.041558468157, 0.24847845292, 0.19577910144],
      [0.39326409008, 0.38376612737, 0.10608618832, 0.11688359423]
    ],
    [
      [0.52259441485, 0.037543101977, 0.27640558756, 0.16345689562],
      [0.47415435775, 0.27776194053, 0.13638409695, 0.11169960477]
    ],
    [
      [0.49652948353, 0.018411775017, 0.33973555424, 0.14532318721],
      [0.55775910384, 0.11654007039, 0.20457394404, 0.12112688172]
    ],
    [
      [0.59865391397, 0, 0.24429384983, 0.1570522362],
      [0.68403825808, 0.04, 0.14711845051, 0.12884329141]
    ],
    [
      [0.54058427473, 0.0022261262864, 0.34298766814, 0.11420193085],
      [0.61824717582, 0.073321621141, 0.21103699559, 0.097394207448]
    ],
    [
      [0.49858109892, 0.027680533896, 0.32419141266, 0.14954695452],
      [0.5342651648, 0.15992886547, 0.18609324809, 0.11971272165]
    ],
    [
      [0.55771190996, 0.032783817759, 0.32550625957, 0.083998012713],
      [0.56724561845, 0.18785124376, 0.17756351138, 0.067339626409]
    ],
    [
      [0.44112814122, 0.02052496714, 0.41320111436, 0.12514577728],
      [0.50852763686, 0.12579294164, 0.25891142022, 0.10676800129]
    ],
    [
      [0.51078686745, 0.025782717828, 0.3705058377, 0.092924577021],
      [0.55685253022, 0.14686912869, 0.21797664918, 0.078301691916]
    ],
    [
      [0.54092444319, 0.0085856401369, 0.33561897252, 0.11487094415],
      [0.61157465359, 0.087898084074, 0.20369685208, 0.09683041025]
    ],
    [
      [0.49720204101, 0.021994741995, 0.31345500071, 0.16734821629],
      [0.5464249602, 0.12970727278, 0.18478192106, 0.13908584595]
    ],
    [
      [0.52699020731, 0.013083904617, 0.31507333913, 0.14485254895],
      [0.59203917077, 0.097664381532, 0.18970664348, 0.12058980421]
    ],
    [
      [0.53691414354, 0.022095858323, 0.33619357625, 0.10479642189],
      [0.58724436069, 0.12941948016, 0.19698751374, 0.086348645403]
    ],
    [
      [0.54626598272, 0.031416504034, 0.29438807445, 0.12792943879],
      [0.56062758763, 0.17981456544, 0.16212624964, 0.097431597288]
    ],
    [
      [0.6142051035, 0.027318766309, 0.26267058283, 0.09580554736],
      [0.63490116243, 0.14403745806, 0.14598992986, 0.075071449647]
    ],
    [
      [0.54596721138, 0, 0.30703549764, 0.14699729097],
      [0.62349233596, 0.064516129032, 0.18756615041, 0.12442538461]
    ],
    [
      [0.52136749445, 0.0021886468731, 0.32087540465, 0.15556845403],
      [0.59589751666, 0.073434059381, 0.19737378604, 0.13329463791]
    ],
    [
      [0.52929538855, 0.0079170907991, 0.35870747895, 0.1040800417],
      [0.60324042944, 0.08678462366, 0.2204664827, 0.089508464191]
    ],
    [
      [0.5504234898, 0.012447164443, 0.31007626275, 0.127053083],
      [0.61160008418, 0.098549775559, 0.18483794165, 0.10501219862]
    ],
    [
      [0.50082031124, 0.028006944371, 0.34505740008, 0.12611534431],
      [0.53906901441, 0.16131134282, 0.19898489976, 0.10063474301]
    ],
    [
      [0.55062708195, 0.031019679754, 0.27498739825, 0.14336584005],
      [0.54977967391, 0.1918038963, 0.14662604926, 0.11179038052]
    ],
    [
      [0.51947260896, 0.029231321495, 0.33281947699, 0.11847659256],
      [0.53314454538, 0.18607376111, 0.1863006757, 0.094481017808]
    ],
    [
      [0.49588218753, 0.0267571486, 0.37226707425, 0.10509358962],
      [0.52720402191, 0.17382578678, 0.21347866613, 0.085491525178]
    ],
    [
      [0.5965066608, 0.030278458858, 0.29495249147, 0.078262388871],
      [0.6013585208, 0.18266948822, 0.1630740311, 0.052897959884]
    ],
    [
      [0.49767996385, 0.021534925364, 0.28685555595, 0.19392955484],
      [0.53709464208, 0.14161428468, 0.1687390243, 0.15255204894]
    ],
    [
      [0.52091648545, 0.02124882839, 0.30592924697, 0.15190543919],
      [0.55595686443, 0.14022614358, 0.17830364821, 0.12551334378]
    ],
    [
      [0.53094451856, 0.019906302177, 0.31330111957, 0.13584805969],
      [0.57129935389, 0.13114754915, 0.18371623128, 0.11383686568]
    ],
    [
      [0.52149210004, 0.017719507119, 0.32488185442, 0.13590653842],
      [0.56962697499, 0.12057012322, 0.1937795364, 0.1160233654]
    ],
    [
      [0.56743632969, 0.025015117545, 0.26771873031, 0.13982982245],
      [0.58464683696, 0.15513139488, 0.14755608605, 0.11266568211]
    ],
    [
      [0.43489942194, 0.030532605243, 0.34463775532, 0.1899302175],
      [0.45587244702, 0.19645954241, 0.1993075396, 0.14836047097]
    ],
    [
      [0.52924097633, 0.030506944395, 0.38301574771, 0.057236331561],
      [0.55932651788, 0.18919253223, 0.219224809, 0.032256140893]
    ],
    [
      [0.59384031923, 0.034544134644, 0.25940063861, 0.11221490752],
      [0.57609632022, 0.20820550048, 0.13196392244, 0.083734256852]
    ],
    [
      [0.47808403286, 0.017131665598, 0.36137630282, 0.14340799873],
      [0.5371206063, 0.1197631225, 0.21859277772, 0.12452349348]
    ],
    [
      [0.52895214813, 0.041160757711, 0.31472747719, 0.11515961697],
      [0.50611823472, 0.24458153155, 0.16445340829, 0.084846825439]
    ],
    [
      [0.4358325517, 0.012971096339, 0.41289879212, 0.13829755984],
      [0.51809851106, 0.098905588212, 0.25533623812, 0.12765966261]
    ],
    [
      [0.48434420573, 0.014286927981, 0.31916174196, 0.18220712433],
      [0.54688638966, 0.10430483486, 0.19702236941, 0.15178640607]
    ],
    [
      [0.5180449294, 0.028020484895, 0.2726941171, 0.18124046861],
