{
  "X": [
    [37, 45, 3, 15],
    [31, 46, 4, 19],
    [35, 47, 4, 14],
    [31, 42, 10, 17],
    [38, 47, 3, 12],
    [36, 42, 2, 20],
    [32, 44, 5, 19],
    [45, 37, 4, 14],
    [36, 45, 4, 15],
    [46, 36, 1, 17],
    [42, 40, 1, 17],
    [43, 37, 5, 15],
    [37, 44, 5, 14],
    [38, 25, 9, 28],
    [37, 43, 3, 17],
    [48, 34, 7, 11],
    [32, 44, 3, 21],
    [40, 37, 4, 19],
    [32, 44, 7, 17],
    [33, 46, 2, 19],
    [41, 39, 2, 18],
    [40, 32, 2, 26],
    [36, 39, 5, 20],
    [44, 40, 2, 14],
    [31, 46, 5, 18],
    [45, 36, 7, 12],
    [47, 39, 5, 9],
    [52, 32, 5, 11],
    [38, 46, 7, 9],
    [47, 31, 7, 15],
    [47, 36, 7, 10],
    [46, 34, 5, 15],
    [43, 31, 2, 24],
    [43, 37, 7, 13],
    [40, 44, 6, 10],
    [49, 37, 5, 9],
    [42, 40, 7, 11],
    [43, 34, 9, 14],
    [40, 45, 9, 6],
    [46, 31, 8, 15],
    [39, 41, 7, 13],
    [49, 36, 5, 10],
    [49, 37, 2, 12],
    [46, 31, 10, 13],
    [39, 40, 9, 12],
    [50, 24, 9, 17],
    [46, 37, 5, 12],
    [49, 27, 7, 17],
    [38, 42, 8, 12],
    [42, 37, 4, 17]
  ],
  "W": [
    [65, 35],
    [80, 20],
    [70, 30],
    [70, 30],
    [75, 25],
    [75, 25],
    [80, 20],
    [77, 23],
    [76, 24],
    [74, 26],
    [72, 28],
    [77, 23],
    [75, 25],
    [72, 28],
    [72, 28],
    [75, 25],
    [75, 25],
    [75, 25],
    [75, 25],
    [75, 25],
    [75, 25],
    [78, 22],
    [70, 30],
    [74, 26],
    [76, 24],
    [25, 75],
    [27, 73],
    [28, 72],
    [29, 71],
    [24, 76],
    [31, 69],
    [21, 79],
    [27, 73],
    [31, 69],
    [23, 77],
    [28, 72],
    [21, 79],
    [26, 74],
    [25, 75],
    [23, 77],
    [21, 79],
    [17, 83],
    [24, 76],
    [33, 67],
    [24, 76],
    [17, 83],
    [33, 67],
    [26, 74],
    [25, 75],
    [33, 67]
  ],
  "method": "mvn_pdf",
  "cond_prob": [
    [
      [0.32048265343, 0.48168809812, 0.020182276708, 0.17764697173],
      [0.46196078648, 0.39115067491, 0.048232914685, 0.098655623923]
    ],
    [
      [0.28268324634, 0.47646967677, 0.032494287762, 0.20835278913],
      [0.41926701465, 0.39412129291, 0.07002284895, 0.11658884349]
    ],
    [
      [0.30981833625, 0.49857727774, 0.029840311375, 0.16176407464],
      [0.44375721542, 0.40331968527, 0.063705940126, 0.08921715918]
    ],
    [
      [0.28639605742, 0.45831033816, 0.055282748456, 0.20001085596],
      [0.36507586602, 0.33060921095, 0.2043402536, 0.09997466943]
    ],
    [
      [0.34584571791, 0.49581258561, 0.023127842735, 0.13521385375],
      [0.48246284628, 0.39256224316, 0.050616471795, 0.074358438764]
    ],
    [
      [0.32255748592, 0.43938810808, 0.013535978982, 0.22451842702],
      [0.47232754225, 0.36183567577, 0.039392063053, 0.12644471893]
    ],
    [
      [0.29352561786, 0.45741348282, 0.040242433623, 0.20881846569],
      [0.42589752855, 0.37034606871, 0.089030265507, 0.11472613723]
    ],
    [
      [0.4165860213, 0.39295257832, 0.032784017436, 0.15767738294],
      [0.56186418956, 0.29315875954, 0.064157854671, 0.080819196232]
    ],
    [
      [0.32713003762, 0.47280373099, 0.031640110712, 0.16842612068],
      [0.46408821421, 0.37778818521, 0.066472982744, 0.091650617838]
    ],
    [
      [0.41859413276, 0.38325052853, 0.0040883350603, 0.19406700365],
      [0.5778474683, 0.2938254188, 0.026825507905, 0.10150160499]
    ],
    [
      [0.37664511326, 0.4248686558, 0.0034013734922, 0.19508485745],
      [0.53148399447, 0.33605202794, 0.026967896734, 0.10549608086]
    ],
    [
      [0.39815995518, 0.39251337815, 0.040374867722, 0.16895179895],
      [0.53659493267, 0.29462912532, 0.08222326893, 0.086552673077]
    ],
    [
      [0.33714898976, 0.46538057171, 0.039086778025, 0.1583836605],
      [0.46855303071, 0.36385828488, 0.082739665924, 0.084849018489]
    ],
    [
      [0.35388866529, 0.26686500077, 0.057146546155, 0.32209978778],
      [0.44714343211, 0.20663285516, 0.17448030989, 0.17174340284]
    ],
    [
      [0.32933569936, 0.45422703039, 0.021986477478, 0.19445079277],
      [0.4745653445, 0.36770192186, 0.050606200772, 0.10712653287]
    ],
    [
      [0.4517974601, 0.36826873847, 0.053746004994, 0.12618779643],
      [0.56460761969, 0.25519378458, 0.11876198502, 0.061436610718]
    ],
    [
      [0.28414303257, 0.45841305694, 0.022508140203, 0.23493577028],
      [0.42757090229, 0.38476082918, 0.052475579392, 0.13519268915]
    ],
    [
      [0.36305805058, 0.39057033938, 0.031474652116, 0.21489695792],
      [0.51082584826, 0.30828898185, 0.065576043653, 0.11530912625]
    ],
    [
      [0.29132090803, 0.46571527102, 0.050357606665, 0.19260621428],
      [0.40603727591, 0.36285418694, 0.12892718001, 0.10218135715]
    ],
    [
      [0.29408169107, 0.47947998823, 0.013476183472, 0.21296213723],
      [0.4377549268, 0.4015600353, 0.039571449583, 0.12111358832]
    ],
    [
      [0.37143599658, 0.41134158042, 0.013823745015, 0.20339867799],
      [0.52569201027, 0.32597525873, 0.038528764955, 0.10980396604]
    ],
    [
      [0.36574408117, 0.33306485101, 0.014549271379, 0.28664179643],
      [0.52145280311, 0.27367916459, 0.039325310567, 0.16554272173]
    ],
    [
      [0.31798491957, 0.41399468304, 0.036954081652, 0.23106631574],
      [0.45803518768, 0.33401240625, 0.080440476146, 0.12751192993]
    ],
    [
      [0.40062278139, 0.42589192356, 0.013871856752, 0.15961343829],
      [0.55207362219, 0.32630760217, 0.037441638475, 0.084177137163]
    ],
    [
      [0.27860503281, 0.48098954739, 0.038826845051, 0.20157857475],
      [0.40941739609, 0.39353309994, 0.085381657339, 0.11166784663]
    ],
    [
      [0.35029819564, 0.43324208352, 0.034269832523, 0.18218988832],
      [0.48323393479, 0.33558597216, 0.081910055826, 0.099270037227]
    ],
    [
      [0.3684949505, 0.46675608905, 0.02510380451, 0.13964515595],
      [0.50754296352, 0.36161076159, 0.059208181894, 0.071638093005]
    ],
    [
      [0.41892153088, 0.38872440911, 0.025862194465, 0.16649186555],
      [0.55930829355, 0.2932738409, 0.059386924375, 0.088030941176]
    ],
    [
      [0.29130710934, 0.53994567375, 0.034718115204, 0.1340291017],
      [0.41622667365, 0.42734613326, 0.084410910691, 0.072016282402]
    ],
    [
      [0.36245655885, 0.37365245092, 0.033766757976, 0.23012423225],
      [0.50396108668, 0.28989922602, 0.081442076429, 0.12469761087]
    ],
    [
      [0.37969782003, 0.43251330627, 0.036975564589, 0.15081330911],
      [0.51057054463, 0.32742155805, 0.084837065185, 0.077170832138]
    ],
    [
      [0.34327019241, 0.40210609497, 0.023160018412, 0.23146369421],
      [0.49102944252, 0.32349078488, 0.05713467865, 0.12834509394]
    ],
    [
      [0.29408594728, 0.32519098721, 0.008965450205, 0.3717576153],
      [0.48026958114, 0.30438141569, 0.024081271842, 0.19126773133]
    ],
    [
      [0.33871621226, 0.43634863534, 0.035965929718, 0.18896922268],
      [0.47101155681, 0.34019119282, 0.085290669257, 0.10350658111]
    ],
    [
      [0.29917448694, 0.52184509785, 0.027911711887, 0.15106870332],
      [0.43011671169, 0.41555276298, 0.069584813332, 0.084745711996]
    ],
    [
      [0.38994710798, 0.44461951266, 0.025605333652, 0.13982804571],
      [0.52890945801, 0.34098130063, 0.059486814691, 0.07062242667]
    ],
    [
      [0.3175534111, 0.48058372408, 0.032486771393, 0.16937609343],
      [0.44723263756, 0.37857901006, 0.079971870896, 0.094216481493]
    ],
    [
      [0.33573420834, 0.40803635635, 0.04491571547, 0.21131371985],
      [0.46312041329, 0.31609533426, 0.10584042429, 0.11494382816]
    ],
    [
      [0.30875102404, 0.54168162464, 0.044516956037, 0.10505039528],
      [0.43041632532, 0.41943945845, 0.10516101465, 0.044983201572]
    ],
    [
      [0.35411775256, 0.37512836018, 0.03851819898, 0.23223568828],
      [0.49162716482, 0.29054607423, 0.092390667837, 0.12543609311]
    ],
    [
      [0.2892447467, 0.48338862815, 0.031746406471, 0.19562021868],
      [0.41678304202, 0.39049163049, 0.080168676761, 0.11255665073]
    ],
    [
