{
  "X": [
    [14, 86],
    [12, 88],
    [9, 91],
    [5, 95],
    [8, 92],
    [9, 91],
    [10, 90],
    [12, 88],
    [11, 89],
    [13, 87],
    [7, 93],
    [11, 89],
    [24, 76],
    [29, 71],
    [40, 60],
    [22, 78],
    [35, 65],
    [35, 65],
    [36, 64],
    [43, 57],
    [39, 61],
    [39, 61],
    [32, 68],
    [32, 68],
    [42, 58],
    [24, 76],
    [25, 75],
    [17, 83],
    [19, 81],
    [24, 76],
    [21, 79],
    [23, 77],
    [24, 76],
    [24, 76],
    [16, 84],
    [19, 81],
    [28, 72],
    [20, 80],
    [15, 85],
    [11, 89],
    [8, 92],
    [11, 89],
    [11, 89],
    [13, 87],
    [13, 87],
    [5, 95],
    [11, 89],
    [10, 90],
    [13, 87],
    [12, 88]
  ],
  "W": [
    [64, 13, 12, 11],
    [74, 10, 6, 10],
    [57, 17, 14, 12],
    [59, 9, 19, 13],
    [63, 11, 12, 14],
    [60, 15, 13, 12],
    [58, 17, 13, 12],
    [59, 14, 14, 13],
    [63, 13, 14, 10],
    [68, 13, 7, 12],
    [61, 12, 9, 18],
    [62, 13, 15, 10],
    [33, 39, 14, 14],
    [10, 67, 8, 15],
    [7, 64, 16, 13],
    [13, 54, 17, 16],
    [20, 60, 8, 12],
    [9, 63, 17, 11],
    [9, 67, 14, 10],
    [15, 64, 9, 12],
    [12, 62, 16, 10],
    [10, 63, 11, 16],
    [14, 62, 14, 10],
    [12, 59, 16, 13],
    [14, 61, 11, 14],
    [8, 14, 61, 17],
    [13, 11, 67, 9],
    [20, 12, 58, 10],
    [13, 13, 58, 16],
    [21, 11, 60, 8],
    [12, 12, 63, 13],
    [14, 12, 61, 13],
    [9, 14, 65, 12],
    [11, 9, 64, 16],
    [11, 17, 63, 9],
    [21, 17, 50, 12],
    [11, 15, 64, 10],
    [10, 21, 37, 32],
    [14, 14, 13, 59],
    [7, 10, 14, 69],
    [9, 11, 15, 65],
    [13, 8, 10, 69],
    [8, 9, 15, 68],
    [9, 12, 20, 59],
    [13, 13, 12, 62],
    [16, 9, 11, 64],
    [15, 15, 10, 60],
    [20, 10, 10, 60],
    [12, 9, 14, 65],
    [14, 10, 16, 60]
  ],
  "method": "mult",
  "cond_prob": [
    [
      [0.037910280928, 0.96208971907],
      [0.5806616077, 0.4193383923],
      [0.29025156277, 0.70974843723],
      [0.049283851566, 0.95071614843]
    ],
    [
      [0.045212522319, 0.95478747768],
      [0.61737605146, 0.38262394854],
      [0.32003215531, 0.67996784469],
      [0.056031990191, 0.94396800981]
    ],
    [
      [0, 1],
      [0.38327780575, 0.61672219425],
      [0.16013627041, 0.83986372959],
      [0.020197459718, 0.97980254028]
    ],
    [
      [0, 1],
      [0.31454802217, 0.68545197783],
      [0.10481046826, 0.89518953174],
      [0.013666838731, 0.98633316127]
    ],
    [
      [0.0068574981199, 0.99314250188],
      [0.4460890527, 0.5539109473],
      [0.19092372058, 0.80907627942],
      [0.026422385129, 0.97357761487]
    ],
    [
      [0.0016310719325, 0.99836892807],
      [0.42162212777, 0.57837787223],
      [0.17652251241, 0.82347748759],
      [0.023584258843, 0.97641574116]
    ],
    [
      [0.0016619243821, 0.99833807562],
      [0.42745192154, 0.57254807846],
      [0.18052744412, 0.81947255588],
      [0.024172412169, 0.97582758783]
    ],
    [
      [0.018498294155, 0.98150170585],
      [0.51026098741, 0.48973901259],
      [0.23537588279, 0.76462411721],
      [0.036129574004, 0.963870426]
    ],
    [
      [0.015844048457, 0.98415595154],
      [0.49869534689, 0.50130465311],
      [0.22680259172, 0.77319740828],
      [0.034354915354, 0.96564508465]
    ],
    [
      [0.039394877138, 0.96060512286],
      [0.58820152805, 0.41179847195],
      [0.29519773053, 0.70480226947],
      [0.050678698023, 0.94932130198]
    ],
    [
      [0.0020409106343, 0.99795908937],
      [0.41258552389, 0.58741447611],
      [0.17092612979, 0.82907387021],
      [0.021452388696, 0.9785476113]
    ],
    [
      [0.014705844511, 0.98529415549],
      [0.49310624945, 0.50689375055],
      [0.22283892597, 0.77716107403],
      [0.033527250783, 0.96647274922]
    ],
    [
      [0.018989939448, 0.98101006055],
      [0.50290111858, 0.49709888142],
      [0.23279554472, 0.76720445528],
      [0.03578933912, 0.96421066088]
    ],
    [
      [0.012247619265, 0.98775238073],
      [0.40476896776, 0.59523103224],
      [0.17711210691, 0.82288789309],
      [0.022740407494, 0.97725959251]
    ],
    [
      [0.024332031173, 0.97566796883],
      [0.5478760065, 0.4521239935],
      [0.26251149061, 0.73748850939],
      [0.043494424321, 0.95650557568]
    ],
    [
      [0.0065814237263, 0.99341857627],
      [0.35504142747, 0.64495857253],
      [0.14706676616, 0.85293323384],
      [0.015129336461, 0.98487066354]
    ],
    [
      [0.024289786077, 0.97571021392],
      [0.53347088195, 0.46652911805],
      [0.25162062466, 0.74837937534],
      [0.041082196999, 0.958917803]
    ],
    [
      [0.018819810008, 0.98118018999],
      [0.48677741747, 0.51322258253],
      [0.22292949097, 0.77707050903],
      [0.033985732998, 0.966014267]
    ],
    [
      [0.018594887696, 0.9814051123],
      [0.48358925587, 0.51641074413],
      [0.22111691333, 0.77888308667],
      [0.033652908104, 0.9663470919]
    ],
    [
      [0.033940436034, 0.96605956397],
      [0.61114920086, 0.38885079914],
      [0.30219476336, 0.69780523664],
      [0.054799311163, 0.94520068884]
    ],
    [
      [0.025170647997, 0.974829352],
      [0.54923572278, 0.45076427722],
      [0.26321877662, 0.73678122338],
      [0.043383698549, 0.95661630145]
    ],
    [
      [0.025720375816, 0.97427962418],
      [0.55675720453, 0.44324279547],
      [0.2670683096, 0.7329316904],
      [0.045583809426, 0.95441619057]
    ],
    [
      [0.015882663809, 0.98411733619],
      [0.4607472714, 0.5392527286],
      [0.20758434451, 0.79241565549],
      [0.030513105697, 0.9694868943]
    ],
    [
      [0.017244624018, 0.98275537598],
      [0.47355391266, 0.52644608734],
      [0.21498429044, 0.78501570956],
      [0.03181807827, 0.96818192173]
    ],
    [
      [0.034144868703, 0.9658551313],
      [0.61297508902, 0.38702491098],
      [0.30397442832, 0.69602557168],
      [0.056198049734, 0.94380195027]
    ],
    [
      [0.022984136968, 0.97701586303],
      [0.53316975537, 0.46683024463],
      [0.25658394435, 0.74341605565],
      [0.041184101383, 0.95881589862]
    ],
    [
      [0.025086063689, 0.97491393631],
      [0.55102066977, 0.44897933023],
      [0.27190801715, 0.72809198285],
      [0.043868517259, 0.95613148274]
    ],
    [
      [0.0141876107, 0.9858123893],
      [0.44939022795, 0.55060977205],
      [0.19035181546, 0.80964818454],
      [0.028315975373, 0.97168402463]
    ],
    [
      [0.017129826506, 0.98287017349],
      [0.47451796985, 0.52548203015],
      [0.20876859937, 0.79123140063],
      [0.03124999276, 0.96875000724]
    ],
    [
      [0.027372286943, 0.97262771306],
      [0.56102566799, 0.43897433201],
      [0.28147060992, 0.71852939008],
      [0.04570787889, 0.95429212111]
    ],
    [
      [0.019518396014, 0.98048160399],
      [0.49825306216, 0.50174693784],
      [0.22745679667, 0.77254320333],
      [0.035151100889, 0.96484889911]
    ],
    [
      [0.023374700305, 0.9766252997],
      [0.5346586737, 0.4653413263],
      [0.25771968574, 0.74228031426],
      [0.041226867773, 0.95877313223]
    ],
    [
      [0.021830425381, 0.97816957462],
      [0.52155510132, 0.47844489868],
      [0.24668015372, 0.75331984628],
      [0.038962063429, 0.96103793657]
    ],
    [
      [0.026040217488, 0.97395978251],
      [0.56029956613, 0.43970043387],
      [0.28019812297, 0.71980187703],
      [0.046136352669, 0.95386364733]
    ],
    [
      [0.010694408929, 0.98930559107],
      [0.38056039459, 0.61943960541],
      [0.14640486009, 0.85359513991],
      [0.021036512028, 0.97896348797]
    ],
    [
      [0.015578554687, 0.98442144531],
      [0.47120925885, 0.52879074115],
      [0.20585684488, 0.79414315512],
      [0.030787558924, 0.96921244108]
    ],
    [
      [0.02758255756, 0.97241744244],
      [0.5714020161, 0.4285979839],
      [0.29134565269, 0.70865434731],
      [0.047943985321, 0.95205601468]
    ],
    [
      [0.019015012239, 0.98098498776],
      [0.49570978002, 0.50429021998],
