{
  "X": [
    [60, 40],
    [66, 34],
    [51, 49],
    [60, 40],
    [67, 33],
    [60, 40],
    [59, 41],
    [56, 44],
    [59, 41],
    [62, 38],
    [65, 35],
    [56, 44],
    [70, 30],
    [79, 21],
    [73, 27],
    [66, 34],
    [70, 30],
    [69, 31],
    [77, 23],
    [66, 34],
    [70, 30],
    [70, 30],
    [66, 34],
    [68, 32],
    [70, 30],
    [53, 47],
    [42, 58],
    [46, 54],
    [50, 50],
    [40, 60],
    [51, 49],
    [42, 58],
    [58, 42],
    [45, 55],
    [42, 58],
    [39, 61],
    [54, 46],
    [43, 57],
    [23, 77],
    [27, 73],
    [22, 78],
    [32, 68],
    [30, 70],
    [29, 71],
    [25, 75],
    [26, 74],
    [21, 79],
    [30, 70],
    [27, 73],
    [22, 78]
  ],
  "W": [
    [68, 10, 14, 8],
    [67, 12, 6, 15],
    [65, 13, 14, 8],
    [67, 17, 7, 9],
    [65, 12, 10, 13],
    [63, 9, 20, 8],
    [55, 18, 14, 13],
    [54, 13, 19, 14],
    [61, 12, 12, 15],
    [61, 14, 12, 13],
    [68, 10, 13, 9],
    [68, 9, 11, 12],
    [33, 40, 12, 15],
    [11, 70, 11, 8],
    [16, 63, 6, 15],
    [12, 67, 12, 9],
    [16, 58, 13, 13],
    [10, 58, 13, 19],
    [11, 62, 17, 10],
    [11, 63, 9, 17],
    [10, 59, 17, 14],
    [9, 67, 12, 12],
    [19, 59, 11, 11],
    [11, 63, 12, 14],
    [11, 62, 13, 14],
    [13, 14, 63, 10],
    [14, 10, 67, 9],
    [7, 12, 67, 14],
    [10, 15, 61, 14],
    [18, 13, 60, 9],
    [14, 10, 63, 13],
    [4, 14, 72, 10],
    [13, 21, 55, 11],
    [15, 12, 63, 10],
    [12, 11, 62, 15],
    [15, 9, 59, 17],
    [14, 16, 64, 6],
    [13, 16, 32, 39],
    [6, 9, 16, 69],
    [11, 10, 17, 62],
    [14, 10, 14, 62],
    [12, 13, 16, 59],
    [8, 19, 11, 62],
    [13, 16, 17, 54],
    [14, 12, 10, 64],
    [12, 8, 12, 68],
    [14, 10, 8, 68],
    [12, 13, 11, 64],
    [17, 8, 11, 64],
    [13, 9, 9, 69]
  ],
  "method": "mult",
  "cond_prob": [
    [
      [0.66319033468, 0.33680966532],
      [0.89670112356, 0.10329887644],
      [0.39752536845, 0.60247463155],
      [0.04633635597, 0.95366364403]
    ],
    [
      [0.76000818408, 0.23999181592],
      [0.92845513546, 0.071544864543],
      [0.48274176658, 0.51725823342],
      [0.069435962797, 0.9305640372]
    ],
    [
      [0.54611418973, 0.45388581027],
      [0.84916817845, 0.15083182155],
      [0.30250122677, 0.69749877323],
      [0.028546771617, 0.97145322838]
    ],
    [
      [0.62768947003, 0.37231052997],
      [0.88263703525, 0.11736296475],
      [0.36849039666, 0.63150960334],
      [0.040060348013, 0.95993965199]
    ],
    [
      [0.76859353792, 0.23140646208],
      [0.93139401921, 0.068605980787],
      [0.49362851939, 0.50637148061],
      [0.071415893115, 0.92858410688]
    ],
    [
      [0.68441302437, 0.31558697563],
      [0.90417742941, 0.095822570586],
      [0.41705237303, 0.58294762697],
      [0.050416892427, 0.94958310757]
    ],
    [
      [0.66599970989, 0.33400029011],
      [0.89729766473, 0.10270233527],
      [0.40101996197, 0.59898003803],
      [0.046490655662, 0.95350934434]
    ],
    [
      [0.66730677117, 0.33269322883],
      [0.89812625782, 0.10187374218],
      [0.40188990604, 0.59811009396],
      [0.046706056466, 0.95329394353]
    ],
    [
      [0.69255380616, 0.30744619384],
      [0.90693721681, 0.093062783186],
      [0.42369829752, 0.57630170248],
      [0.052439443494, 0.94756055651]
    ],
    [
      [0.70882141812, 0.29117858188],
      [0.9126850328, 0.087314967196],
      [0.43798607362, 0.56201392638],
      [0.056036165542, 0.94396383446]
    ],
    [
      [0.72580525919, 0.27419474081],
      [0.91801053668, 0.081989463323],
      [0.45616264243, 0.54383735757],
      [0.059446961901, 0.9405530381]
    ],
    [
      [0.63771000313, 0.36228999687],
      [0.88796591531, 0.11203408469],
      [0.37702541085, 0.62297458915],
      [0.041395585841, 0.95860441416]
    ],
    [
      [0.75726532859, 0.24273467141],
      [0.95192320323, 0.048076796772],
      [0.48532153311, 0.51467846689],
      [0.073963842008, 0.92603615799]
    ],
    [
      [0.72212725367, 0.27787274633],
      [0.93572185, 0.064278149998],
      [0.46094338378, 0.53905661622],
      [0.060711685983, 0.93928831402]
    ],
    [
      [0.70407960811, 0.29592039189],
      [0.92461885689, 0.075381143112],
      [0.43734233768, 0.56265766232],
      [0.057312284015, 0.94268771599]
    ],
    [
      [0.58229718789, 0.41770281211],
      [0.82069442245, 0.17930557755],
      [0.31434966711, 0.68565033289],
      [0.02819015952, 0.97180984048]
    ],
    [
      [0.68828784601, 0.31171215399],
      [0.91088824628, 0.089111753719],
      [0.4214433783, 0.5785566217],
      [0.052085558589, 0.94791444141]
    ],
    [
      [0.7177083632, 0.2822916368],
      [0.94182874034, 0.058171259663],
      [0.4571898352, 0.5428101648],
      [0.065967451094, 0.93403254891]
    ],
    [
      [0.74940327774, 0.25059672226],
      [0.9607915036, 0.039208496404],
      [0.4983541928, 0.5016458072],
      [0.071546944441, 0.92845305556]
    ],
    [
      [0.64618070398, 0.35381929602],
      [0.87063033102, 0.12936966898],
      [0.37717284487, 0.62282715513],
      [0.038102693993, 0.96189730601]
    ],
    [
      [0.70387745842, 0.29612254158],
      [0.92621811866, 0.073781881337],
      [0.4414022186, 0.5585977814],
      [0.057894192749, 0.94210580725]
    ],
    [
      [0.65402168251, 0.34597831749],
      [0.88060087808, 0.11939912192],
      [0.38391010891, 0.61608989109],
      [0.042218726579, 0.95778127342]
    ],
    [
      [0.61415363831, 0.38584636169],
      [0.84970548106, 0.15029451894],
      [0.34821194032, 0.65178805968],
      [0.033466013293, 0.96653398671]
    ],
    [
      [0.65621352705, 0.34378647295],
      [0.8817308479, 0.1182691521],
      [0.38673503975, 0.61326496025],
      [0.042270521959, 0.95772947804]
    ],
    [
      [0.68479676996, 0.31520323004],
      [0.90834136182, 0.091658638176],
      [0.41799419757, 0.58200580243],
      [0.051153323493, 0.94884667651]
    ],
    [
      [0.72492533995, 0.27507466005],
      [0.92212265492, 0.07787734508],
      [0.47688562136, 0.52311437864],
      [0.062245926591, 0.93775407341]
    ],
    [
      [0.63520665738, 0.36479334262],
      [0.8830608895, 0.1169391105],
      [0.35697482033, 0.64302517967],
      [0.039909437753, 0.96009056225]
    ],
    [
      [0.69842110317, 0.30157889683],
      [0.91074785343, 0.089252146566],
      [0.43901957578, 0.56098042422],
      [0.054840461395, 0.94515953861]
    ],
    [
      [0.71411299886, 0.28588700114],
      [0.91831909349, 0.081680906511],
      [0.46297801745, 0.53702198255],
      [0.060173181768, 0.93982681823]
    ],
    [
      [0.58602071174, 0.41397928826],
      [0.8588374952, 0.1411625048],
      [0.30016650451, 0.69983349549],
      [0.03074994225, 0.96925005775]
    ],
    [
      [0.73204881106, 0.26795118894],
      [0.92387912358, 0.076120876425],
      [0.48675301196, 0.51324698804],
      [0.065160435086, 0.93483956491]
    ],
    [
      [0.64691270714, 0.35308729286],
      [0.88727564383, 0.11272435617],
      [0.36905148054, 0.63094851946],
      [0.041878355913, 0.95812164409]
    ],
    [
      [0.74369535912, 0.25630464088],
      [0.93450490937, 0.065495090627],
      [0.50800231681, 0.49199768319],
      [0.06974816455, 0.93025183545]
    ],
    [
      [0.65559520717, 0.34440479283],
      [0.89190543665, 0.10809456335],
      [0.38134412835, 0.61865587165],
      [0.043852656663, 0.95614734334]
    ],
    [
      [0.65666993849, 0.34333006151],
      [0.89226043924, 0.10773956076],
      [0.38155328423, 0.61844671577],
      [0.043252818935, 0.95674718107]
    ],
    [
      [0.63458388405, 0.36541611595],
      [0.88284406727, 0.11715593273],
      [0.35425514344, 0.64574485656],
      [0.037328921817, 0.96267107818]
    ],
    [
      [0.70986768252, 0.29013231748],
      [0.91583237218, 0.084167627819],
      [0.45416369388, 0.54583630612],
      [0.057009680264, 0.94299031974]
    ],
    [
      [0.728826299, 0.271173701],
