{
  "X": [
    [21, 79],
    [20, 80],
    [25, 75],
    [15, 85],
    [17, 83],
    [22, 78],
    [23, 77],
    [23, 77],
    [36, 64],
    [24, 76],
    [25, 75],
    [24, 76],
    [32, 68],
    [43, 57],
    [54, 46],
    [49, 51],
    [47, 53],
    [48, 52],
    [43, 57],
    [51, 49],
    [48, 52],
    [44, 56],
    [48, 52],
    [49, 51],
    [47, 53],
    [36, 64],
    [36, 64],
    [43, 57],
    [45, 55],
    [46, 54],
    [36, 64],
    [42, 58],
    [46, 54],
    [39, 61],
    [42, 58],
    [43, 57],
    [36, 64],
    [47, 53],
    [58, 42],
    [72, 28],
    [62, 38],
    [62, 38],
    [63, 37],
    [61, 39],
    [56, 44],
    [57, 43],
    [62, 38],
    [65, 35],
    [53, 47],
    [57, 43]
  ],
  "W": [
    [64, 13, 7, 16],
    [64, 10, 10, 16],
    [65, 10, 12, 13],
    [74, 5, 13, 8],
    [68, 10, 8, 14],
    [62, 14, 12, 12],
    [64, 10, 8, 18],
    [64, 9, 14, 13],
    [57, 16, 15, 12],
    [60, 17, 10, 13],
    [59, 16, 10, 15],
    [63, 15, 8, 14],
    [42, 35, 8, 15],
    [4, 62, 24, 10],
    [8, 69, 11, 12],
    [12, 55, 18, 15],
    [15, 69, 7, 9],
    [15, 63, 9, 13],
    [10, 68, 14, 8],
    [13, 57, 12, 18],
    [9, 60, 14, 17],
    [12, 63, 14, 11],
    [9, 63, 12, 16],
    [11, 75, 8, 6],
    [9, 64, 13, 14],
    [13, 10, 66, 11],
    [17, 14, 61, 8],
    [11, 12, 65, 12],
    [12, 8, 69, 11],
    [12, 12, 63, 13],
    [13, 12, 64, 11],
    [15, 11, 56, 18],
    [9, 9, 71, 11],
    [17, 7, 56, 20],
    [10, 14, 61, 15],
    [13, 13, 60, 14],
    [10, 9, 66, 15],
    [16, 17, 27, 40],
    [12, 15, 16, 57],
    [7, 11, 15, 67],
    [16, 5, 14, 65],
    [12, 14, 14, 60],
    [10, 14, 16, 60],
    [11, 14, 10, 65],
    [11, 9, 15, 65],
    [15, 14, 16, 55],
    [15, 17, 12, 56],
    [10, 15, 14, 61],
    [17, 15, 14, 54],
    [13, 11, 18, 58]
  ],
  "method": "mult",
  "cond_prob": [
    [
      [0.0069772972511, 0.99302270275],
      [0.45820342187, 0.54179657813],
      [0.33971279614, 0.66028720386],
      [0.76367618241, 0.23632381759]
    ],
    [
      [0.0021644614453, 0.99783553855],
      [0.44850447256, 0.55149552744],
      [0.32893482893, 0.67106517107],
      [0.75544259079, 0.24455740921]
    ],
    [
      [0.056306814637, 0.94369318536],
      [0.54940709928, 0.45059290072],
      [0.42451508344, 0.57548491656],
      [0.82706192727, 0.17293807273]
    ],
    [
      [0.022212314464, 0.97778768554],
      [0.48311443285, 0.51688556715],
      [0.35924163591, 0.64075836409],
      [0.78382191232, 0.21617808768]
    ],
    [
      [0, 1],
      [0.43076663845, 0.56923336155],
      [0.31388751544, 0.68611248456],
      [0.72723096372, 0.27276903628]
    ],
    [
      [0.022307536419, 0.97769246358],
      [0.4868860504, 0.5131139496],
      [0.3644141877, 0.6355858123],
      [0.78562981534, 0.21437018466]
    ],
    [
      [0.018902973089, 0.98109702691],
      [0.48345372184, 0.51654627816],
      [0.36138984323, 0.63861015677],
      [0.78136409767, 0.21863590233]
    ],
    [
      [0.037297606592, 0.96270239341],
      [0.51654916193, 0.48345083807],
      [0.39224463227, 0.60775536773],
      [0.80558352838, 0.19441647162]
    ],
    [
      [0.12459068298, 0.87540931702],
      [0.65037527084, 0.34962472916],
      [0.52629176454, 0.47370823546],
      [0.88316252238, 0.11683747762]
    ],
    [
      [0.026301613978, 0.97369838602],
      [0.49490463985, 0.50509536015],
      [0.37246352666, 0.62753647334],
      [0.79106838594, 0.20893161406]
    ],
    [
      [0.025757331822, 0.97424266818],
      [0.49427110285, 0.50572889715],
      [0.37185708348, 0.62814291652],
      [0.79022726281, 0.20977273719]
    ],
    [
      [0.033212707794, 0.96678729221],
      [0.50855095213, 0.49144904787],
      [0.38473505029, 0.61526494971],
      [0.80010390891, 0.19989609109]
    ],
    [
      [0.020756918239, 0.97924308176],
      [0.47366321983, 0.52633678017],
      [0.35861849447, 0.64138150553],
      [0.7787365856, 0.2212634144]
    ],
    [
      [0.027317384333, 0.97268261567],
      [0.44273190621, 0.55726809379],
      [0.32779325036, 0.67220674964],
      [0.75743142693, 0.24256857307]
    ],
    [
      [0.04295390944, 0.95704609056],
      [0.56434543214, 0.43565456786],
      [0.43256298842, 0.56743701158],
      [0.82986175283, 0.17013824717]
    ],
    [
      [0.03823011122, 0.96176988878],
      [0.52964812405, 0.47035187595],
      [0.40238268959, 0.59761731041],
      [0.81118022866, 0.18881977134]
    ],
    [
      [0.037734828176, 0.96226517182],
      [0.5268391385, 0.4731608615],
      [0.3996605719, 0.6003394281],
      [0.80938366859, 0.19061633141]
    ],
    [
      [0.038113757636, 0.96188624236],
      [0.52841093038, 0.47158906962],
      [0.40059134594, 0.59940865406],
      [0.81023714678, 0.18976285322]
    ],
    [
      [0.029360034758, 0.97063996524],
      [0.4652057601, 0.5347942399],
      [0.3488416537, 0.6511583463],
      [0.77357810177, 0.22642189823]
    ],
    [
      [0.040164429141, 0.95983557086],
      [0.54097513013, 0.45902486987],
      [0.41067604149, 0.58932395851],
      [0.81745375032, 0.18254624968]
    ],
    [
      [0.032032764315, 0.96796723568],
      [0.48674562579, 0.51325437421],
      [0.36694731855, 0.63305268145],
      [0.786453242, 0.213546758]
    ],
    [
      [0.030502544564, 0.96949745544],
      [0.47652855869, 0.52347144131],
      [0.35881110901, 0.64118889099],
      [0.78084679467, 0.21915320533]
    ],
    [
      [0.032149146095, 0.9678508539],
      [0.48744524168, 0.51255475832],
      [0.36756941546, 0.63243058454],
      [0.7869234046, 0.2130765954]
    ],
    [
      [0.039211824843, 0.96078817516],
      [0.53853117969, 0.46146882031],
      [0.41036683024, 0.58963316976],
      [0.81598280135, 0.18401719865]
    ],
    [
      [0.031731391909, 0.96826860809],
      [0.48411212211, 0.51588787789],
      [0.3647287292, 0.6352712708],
      [0.78498344129, 0.21501655871]
    ],
    [
      [0.028433835092, 0.97156616491],
      [0.46757734124, 0.53242265876],
      [0.34041972827, 0.65958027173],
      [0.77153496959, 0.22846503041]
    ],
    [
      [0.031674982559, 0.96832501744],
      [0.49071642259, 0.50928357741],
      [0.36536602229, 0.63463397771],
      [0.78802100255, 0.21197899745]
    ],
    [
      [0.038308079469, 0.96169192053],
      [0.52856590024, 0.47143409976],
      [0.40749509779, 0.59250490221],
      [0.81238658056, 0.18761341944]
    ],
    [
      [0.044587242224, 0.95541275778],
      [0.56217501419, 0.43782498581],
      [0.44645569724, 0.55354430276],
      [0.83291907914, 0.16708092086]
    ],
    [
      [0.044312426395, 0.95568757361],
      [0.55943841515, 0.44056158485],
      [0.44358834613, 0.55641165387],
      [0.83145569964, 0.16854430036]
    ],
    [
      [0.027959072755, 0.97204092724],
      [0.46461438982, 0.53538561018],
      [0.33743716119, 0.66256283881],
      [0.76956191455, 0.23043808545]
    ],
    [
      [0.034816878469, 0.96518312153],
      [0.50760451942, 0.49239548058],
      [0.38416200036, 0.61583799964],
      [0.79894583829, 0.20105416171]
    ],
    [
      [0.043524010612, 0.95647598939],
      [0.55992882164, 0.44007117836],
      [0.44259050476, 0.55740949524],
      [0.83136351559, 0.16863648441]
    ],
    [
      [0.028730613671, 0.97126938633],
      [0.4791440051, 0.5208559949],
      [0.35005514929, 0.64994485071],
      [0.77772415858, 0.22227584142]
    ],
    [
      [0.033315753401, 0.9666842466],
      [0.49818936061, 0.50181063939],
      [0.3738157409, 0.6261842591],
      [0.79262874816, 0.20737125184]
    ],
    [
      [0.038167408782, 0.96183259122],
      [0.52611868987, 0.47388131013],
      [0.405167713, 0.594832287],
      [0.81101556695, 0.18898443305]
    ],
    [
      [0.025005690154, 0.97499430985],
      [0.44027869446, 0.55972130554],
      [0.31108976687, 0.68891023313],
      [0.750367349, 0.249632651]
    ],
    [
      [0.022103125, 0.977896875],
      [0.45449757114, 0.54550242886],
      [0.3299947684, 0.6700052316],
