{
  "X": [
    [31, 69],
    [16, 84],
    [22, 78],
    [26, 74],
    [25, 75],
    [30, 70],
    [34, 66],
    [24, 76],
    [32, 68],
    [29, 71],
    [25, 75],
    [25, 75],
    [31, 69],
    [37, 63],
    [52, 48],
    [40, 60],
    [45, 55],
    [44, 56],
    [39, 61],
    [46, 54],
    [40, 60],
    [47, 53],
    [47, 53],
    [46, 54],
    [47, 53],
    [27, 73],
    [25, 75],
    [31, 69],
    [25, 75],
    [24, 76],
    [23, 77],
    [25, 75],
    [23, 77],
    [28, 72],
    [17, 83],
    [26, 74],
    [28, 72],
    [24, 76],
    [42, 58],
    [30, 70],
    [26, 74],
    [31, 69],
    [25, 75],
    [36, 64],
    [28, 72],
    [35, 65],
    [32, 68],
    [23, 77],
    [25, 75],
    [38, 62]
  ],
  "W": [
    [65, 12, 11, 12],
    [69, 9, 10, 12],
    [60, 16, 12, 12],
    [63, 9, 12, 16],
    [68, 10, 13, 9],
    [64, 15, 9, 12],
    [60, 11, 11, 18],
    [66, 8, 10, 16],
    [64, 11, 11, 14],
    [67, 13, 9, 11],
    [64, 16, 11, 9],
    [56, 16, 10, 18],
    [34, 34, 18, 14],
    [8, 64, 12, 16],
    [13, 74, 5, 8],
    [17, 61, 7, 15],
    [10, 58, 17, 15],
    [14, 55, 21, 10],
    [12, 64, 12, 12],
    [16, 60, 15, 9],
    [16, 61, 14, 9],
    [10, 64, 5, 21],
    [18, 63, 9, 10],
    [11, 68, 11, 10],
    [9, 69, 14, 8],
    [12, 8, 63, 17],
    [19, 9, 63, 9],
    [13, 15, 60, 12],
    [14, 20, 57, 9],
    [11, 10, 67, 12],
    [10, 13, 62, 15],
    [9, 13, 62, 16],
    [11, 9, 71, 9],
    [9, 12, 63, 16],
    [13, 12, 63, 12],
    [11, 13, 66, 10],
    [10, 12, 64, 14],
    [10, 8, 44, 38],
    [10, 15, 12, 63],
    [12, 12, 17, 59],
    [11, 9, 14, 66],
    [16, 15, 7, 62],
    [14, 7, 14, 65],
    [11, 11, 16, 62],
    [14, 14, 11, 61],
    [8, 12, 12, 68],
    [10, 16, 12, 62],
    [14, 12, 18, 56],
    [11, 16, 16, 57],
    [13, 16, 7, 64]
  ],
  "method": "mult",
  "cond_prob": [
    [
      [0.25924013773, 0.74075986227],
      [0.62023914693, 0.37976085307],
      [0.22458678106, 0.77541321894],
      [0.35300555771, 0.64699444229]
    ],
    [
      [0.12675746194, 0.87324253806],
      [0.42058061629, 0.57941938371],
      [0.11337489856, 0.88662510144],
      [0.19456338282, 0.80543661718]
    ],
    [
      [0.16035586281, 0.83964413719],
      [0.48613778234, 0.51386221766],
      [0.14319759742, 0.85680240258],
      [0.24017271205, 0.75982728795]
    ],
    [
      [0.21742344621, 0.78257655379],
      [0.56936355381, 0.43063644619],
      [0.18976176828, 0.81023823172],
      [0.30630685533, 0.69369314467]
    ],
    [
      [0.21059762047, 0.78940237953],
      [0.56018311252, 0.43981688748],
      [0.18400475427, 0.81599524573],
      [0.29838543081, 0.70161456919]
    ],
    [
      [0.23837012613, 0.76162987387],
      [0.59530496065, 0.40469503935],
      [0.20678569495, 0.79321430505],
      [0.32947218864, 0.67052781136]
    ],
    [
      [0.28679029938, 0.71320970062],
      [0.65028315375, 0.34971684625],
      [0.24807337115, 0.75192662885],
      [0.38392557019, 0.61607442981]
    ],
    [
      [0.2011257507, 0.7988742493],
      [0.54676980533, 0.45323019467],
      [0.17595234495, 0.82404765505],
      [0.28700116012, 0.71299883988]
    ],
    [
      [0.27076720054, 0.72923279946],
      [0.63330098114, 0.36669901886],
      [0.23450410667, 0.76549589333],
      [0.36607451424, 0.63392548576]
    ],
    [
      [0.23637873559, 0.76362126441],
      [0.59319645963, 0.40680354037],
      [0.20535487138, 0.79464512862],
      [0.32753426344, 0.67246573656]
    ],
    [
      [0.19016537388, 0.80983462612],
      [0.53180818132, 0.46819181868],
      [0.16752016638, 0.83247983362],
      [0.27530703783, 0.72469296217]
    ],
    [
      [0.18300542839, 0.81699457161],
      [0.52120839748, 0.47879160252],
      [0.16172324756, 0.83827675244],
      [0.26639606526, 0.73360393474]
    ],
    [
      [0.18736936128, 0.81263063872],
      [0.52536044248, 0.47463955752],
      [0.16443891803, 0.83556108197],
      [0.27194901054, 0.72805098946]
    ],
    [
      [0.16305691564, 0.83694308436],
      [0.47253592842, 0.52746407158],
      [0.14042274455, 0.85957725545],
      [0.23551077008, 0.76448922992]
    ],
    [
      [0.24421166379, 0.75578833621],
      [0.60873938904, 0.39126061096],
      [0.21379634806, 0.78620365194],
      [0.33869398022, 0.66130601978]
    ],
    [
      [0.18706844874, 0.81293155126],
      [0.51888134326, 0.48111865674],
      [0.16332554842, 0.83667445158],
      [0.26831970627, 0.73168029373]
    ],
    [
      [0.23207059446, 0.76792940554],
      [0.59219120878, 0.40780879122],
      [0.2037462529, 0.7962537471],
      [0.32456784315, 0.67543215685]
    ],
    [
      [0.23731530991, 0.76268469009],
      [0.59985413973, 0.40014586027],
      [0.20879894572, 0.79120105428],
      [0.33008301161, 0.66991698839]
    ],
    [
      [0.17693867183, 0.82306132817],
      [0.49962406707, 0.50037593293],
      [0.15338925121, 0.84661074879],
      [0.25501038591, 0.74498961409]
    ],
    [
      [0.23842727158, 0.76157272842],
      [0.6011574433, 0.3988425567],
      [0.20900448572, 0.79099551428],
      [0.33118330789, 0.66881669211]
    ],
    [
      [0.19178578464, 0.80821421536],
      [0.52660711521, 0.47339288479],
      [0.16685233575, 0.83314766425],
      [0.2747178575, 0.7252821425]
    ],
    [
      [0.2247364115, 0.7752635885],
      [0.58036932164, 0.41963067836],
      [0.19640845282, 0.80359154718],
      [0.31556938267, 0.68443061733]
    ],
    [
      [0.23595212161, 0.76404787839],
      [0.59705892367, 0.40294107633],
      [0.20617683362, 0.79382316638],
      [0.32825581174, 0.67174418826]
    ],
    [
      [0.2157605959, 0.7842394041],
      [0.56636669858, 0.43363330142],
      [0.18841345704, 0.81158654296],
      [0.30411499144, 0.69588500856]
    ],
    [
      [0.22215401144, 0.77784598856],
      [0.5765759806, 0.4234240194],
      [0.19433086354, 0.80566913646],
      [0.31202989324, 0.68797010676]
    ],
    [
      [0.242503926, 0.757496074],
      [0.60380346185, 0.39619653815],
      [0.21463374965, 0.78536625035],
      [0.33750582148, 0.66249417852]
    ],
    [
      [0.22721100138, 0.77278899862],
      [0.58332810066, 0.41667189934],
      [0.19948043247, 0.80051956753],
      [0.31841898027, 0.68158101973]
    ],
    [
      [0.25903724383, 0.74096275617],
      [0.62459820456, 0.37540179544],
      [0.23300977939, 0.76699022061],
      [0.35691299988, 0.64308700012]
    ],
    [
      [0.19101647249, 0.80898352751],
      [0.52926460848, 0.47073539152],
      [0.162769368, 0.837230632],
      [0.27362480436, 0.72637519564]
    ],
    [
      [0.21280014296, 0.78719985704],
      [0.56303676545, 0.43696323455],
      [0.18537887886, 0.81462112114],
      [0.30070382409, 0.69929617591]
    ],
    [
      [0.19087015657, 0.80912984343],
      [0.52922310537, 0.47077689463],
      [0.16324058793, 0.83675941207],
      [0.2726987742, 0.7273012258]
    ],
    [
      [0.20802434757, 0.79197565243],
      [0.55573390905, 0.44426609095],
      [0.18048654055, 0.81951345945],
      [0.29456715877, 0.70543284123]
    ],
    [
      [0.21014763532, 0.78985236468],
      [0.55924674122, 0.44075325878],
      [0.18279403423, 0.81720596577],
      [0.2974198789, 0.7025801211]
    ],
    [
      [0.2387206072, 0.7612793928],
      [0.59897663381, 0.40102336619],
      [0.21168175956, 0.78831824044],
      [0.33299025481, 0.66700974519]
    ],
    [
      [0.14215655046, 0.85784344954],
      [0.44291658899, 0.55708341101],
      [0.11628027743, 0.88371972257],
      [0.20927569149, 0.79072430851]
    ],
    [
      [0.22291481481, 0.77708518519],
      [0.57740273914, 0.42259726086],
      [0.19559420949, 0.80440579051],
      [0.31324836017, 0.68675163983]
    ],
    [
      [0.24076320283, 0.75923679717],
      [0.60163053416, 0.39836946584],
      [0.21371757906, 0.78628242094],
      [0.33534832156, 0.66465167844]
    ],
    [
      [0.19343040744, 0.80656959256],
      [0.53338625405, 0.46661374595],
      [0.1669171733, 0.8330828267],
