{
  "X": [
    [78, 22],
    [81, 19],
    [78, 22],
    [77, 23],
    [79, 21],
    [80, 20],
    [72, 28],
    [71, 29],
    [80, 20],
    [73, 27],
    [78, 22],
    [75, 25],
    [75, 25],
    [74, 26],
    [87, 13],
    [80, 20],
    [76, 24],
    [81, 19],
    [81, 19],
    [80, 20],
    [82, 18],
    [83, 17],
    [79, 21],
    [79, 21],
    [84, 16],
    [44, 56],
    [44, 56],
    [50, 50],
    [44, 56],
    [48, 52],
    [38, 62],
    [37, 63],
    [47, 53],
    [39, 61],
    [36, 64],
    [44, 56],
    [45, 55],
    [43, 57],
    [44, 56],
    [42, 58],
    [52, 48],
    [51, 49],
    [48, 52],
    [43, 57],
    [49, 51],
    [43, 57],
    [45, 55],
    [45, 55],
    [44, 56],
    [43, 57]
  ],
  "W": [
    [66, 12, 11, 11],
    [62, 16, 12, 10],
    [61, 16, 13, 10],
    [63, 9, 11, 17],
    [63, 12, 13, 12],
    [60, 16, 17, 7],
    [63, 4, 17, 16],
    [69, 4, 13, 14],
    [60, 11, 13, 16],
    [59, 11, 14, 16],
    [58, 18, 11, 13],
    [57, 11, 18, 14],
    [33, 39, 13, 15],
    [15, 54, 13, 18],
    [17, 65, 11, 7],
    [12, 69, 7, 12],
    [10, 61, 14, 15],
    [11, 63, 18, 8],
    [13, 65, 13, 9],
    [9, 65, 13, 13],
    [19, 59, 10, 12],
    [11, 65, 11, 13],
    [9, 70, 9, 12],
    [14, 63, 13, 10],
    [13, 66, 8, 13],
    [19, 10, 57, 14],
    [9, 14, 64, 13],
    [18, 15, 58, 9],
    [16, 8, 57, 19],
    [18, 9, 64, 9],
    [12, 11, 59, 18],
    [15, 10, 59, 16],
    [14, 10, 68, 8],
    [16, 9, 64, 11],
    [12, 13, 65, 10],
    [11, 20, 60, 9],
    [15, 10, 54, 21],
    [7, 14, 39, 40],
    [8, 15, 13, 64],
    [10, 13, 15, 62],
    [14, 14, 10, 62],
    [16, 13, 15, 56],
    [14, 9, 10, 67],
    [16, 17, 17, 50],
    [10, 11, 12, 67],
    [12, 11, 14, 63],
    [8, 16, 15, 61],
    [7, 18, 14, 61],
    [12, 8, 17, 63],
    [14, 8, 14, 64]
  ],
  "method": "mult",
  "cond_prob": [
    [
      [0.92541876566, 0.074581234337],
      [0.96161327766, 0.038386722335],
      [0.20696896902, 0.79303103098],
      [0.28239486137, 0.71760513863]
    ],
    [
      [0.9563228117, 0.043677188298],
      [0.97209355375, 0.027906446248],
      [0.24252187505, 0.75747812495],
      [0.32442263138, 0.67557736862]
    ],
    [
      [0.93237407743, 0.067625922573],
      [0.96340283613, 0.036597163871],
      [0.21466916172, 0.78533083828],
      [0.29200367966, 0.70799632034]
    ],
    [
      [0.95454800201, 0.045451997991],
      [0.97027958717, 0.029720412831],
      [0.24023111562, 0.75976888438],
      [0.32284807747, 0.67715192253]
    ],
    [
      [0.9568100814, 0.043189918598],
      [0.97146109877, 0.028538901226],
      [0.24314932758, 0.75685067242],
      [0.32520753565, 0.67479246435]
    ],
    [
      [0.9631805775, 0.036819422497],
      [0.9745796049, 0.025420395097],
      [0.25204242969, 0.74795757031],
      [0.3330243381, 0.6669756619]
    ],
    [
      [0.942261545, 0.057738454999],
      [0.96687078039, 0.033129219607],
      [0.22732365252, 0.77267634748],
      [0.30659609065, 0.69340390935]
    ],
    [
      [0.8904346383, 0.1095653617],
      [0.95521846862, 0.044781531383],
      [0.17697901557, 0.82302098443],
      [0.24560063432, 0.75439936568]
    ],
    [
      [0.98999077154, 0.010009228457],
      [0.98120825901, 0.018791740989],
      [0.28807036516, 0.71192963484],
      [0.37889675695, 0.62110324305]
    ],
    [
      [0.92876800126, 0.071231998742],
      [0.96291669377, 0.037083306229],
      [0.21293592654, 0.78706407346],
      [0.28934383267, 0.71065616733]
    ],
    [
      [0.93694633392, 0.063053666082],
      [0.96493259791, 0.03506740209],
      [0.21981304325, 0.78018695675],
      [0.29772172266, 0.70227827734]
    ],
    [
      [0.96516253312, 0.034837466881],
      [0.97377260829, 0.026227391706],
      [0.25381889147, 0.74618110853],
      [0.33610691962, 0.66389308038]
    ],
    [
      [0.92996771921, 0.070032280787],
      [0.95576657218, 0.044233427823],
      [0.21059629908, 0.78940370092],
      [0.28656113754, 0.71343886246]
    ],
    [
      [0.93732636347, 0.06267363653],
      [0.95954507117, 0.040454928831],
      [0.2173691204, 0.7826308796],
      [0.29438178553, 0.70561821447]
    ],
    [
      [0.96167498873, 0.038325011272],
      [1, 0],
      [0.2800746705, 0.7199253295],
      [0.36724340231, 0.63275659769]
    ],
    [
      [0.92389472403, 0.076105275965],
      [0.93570639642, 0.064293603577],
      [0.18545167325, 0.81454832675],
      [0.25428002047, 0.74571997953]
    ],
    [
      [0.94068744506, 0.059312554936],
      [0.9658311349, 0.034168865097],
      [0.22400944535, 0.77599055465],
      [0.30275293903, 0.69724706097]
    ],
    [
      [0.95561294304, 0.04438705696],
      [0.99760293884, 0.0023970611576],
      [0.26857332646, 0.73142667354],
      [0.3506190754, 0.6493809246]
    ],
    [
      [0.94253765876, 0.057462341242],
      [0.96970046015, 0.030299539853],
      [0.22738020584, 0.77261979416],
      [0.30672642785, 0.69327357215]
    ],
    [
      [0.94881342744, 0.05118657256],
      [0.98398771221, 0.016012287794],
      [0.24706343078, 0.75293656922],
      [0.32997332766, 0.67002667234]
    ],
    [
      [0.94831794682, 0.05168205318],
      [0.97852842566, 0.021471574344],
      [0.23928021554, 0.76071978446],
      [0.32133164511, 0.67866835489]
    ],
    [
      [0.95650537963, 0.043494620374],
      [0.9980204389, 0.001979561104],
      [0.26953736517, 0.73046263483],
      [0.35709240608, 0.64290759392]
    ],
    [
      [0.92767183727, 0.072328162727],
      [0.93972989859, 0.060270101408],
      [0.19127228902, 0.80872771098],
      [0.26236749683, 0.73763250317]
    ],
    [
      [0.9356760646, 0.064323935401],
      [0.956632171, 0.043367828996],
      [0.21149587859, 0.78850412141],
      [0.28832619007, 0.71167380993]
    ],
    [
      [0.95234524307, 0.047654756927],
      [0.98756863925, 0.012431360748],
      [0.25361250604, 0.74638749396],
      [0.33931396931, 0.66068603069]
    ],
    [
      [0.93768041611, 0.062319583892],
      [0.96470106815, 0.03529893185],
      [0.21662686801, 0.78337313199],
      [0.29923785255, 0.70076214745]
    ],
    [
      [0.95122039995, 0.04877960005],
      [0.97477606587, 0.025223934131],
      [0.27103431378, 0.72896568622],
      [0.34199656895, 0.65800343105]
    ],
    [
      [0.95190710974, 0.048092890265],
      [0.97411030586, 0.02588969414],
      [0.26309239424, 0.73690760576],
      [0.33273984121, 0.66726015879]
    ],
    [
      [0.95002974624, 0.049970253761],
      [0.97150384255, 0.02849615745],
      [0.25791913272, 0.74208086728],
      [0.33295277657, 0.66704722343]
    ],
    [
      [0.95925806912, 0.040741930885],
      [0.97651362004, 0.023486379962],
      [0.29277232821, 0.70722767179],
      [0.35636701891, 0.64363298109]
    ],
    [
      [0.93114347659, 0.068856523413],
      [0.95963781444, 0.040362185561],
      [0.19109464717, 0.80890535283],
      [0.27753767441, 0.72246232559]
    ],
    [
      [0.92072432002, 0.079275679985],
      [0.95401158551, 0.045988414487],
      [0.16200787655, 0.83799212345],
      [0.25565966426, 0.74434033574]
    ],
    [
      [0.96026592495, 0.03973407505],
      [0.97852836953, 0.021471630469],
      [0.30631338535, 0.69368661465],
      [0.36771039392, 0.63228960608]
    ],
    [
      [0.93102838728, 0.068971612721],
      [0.96078617001, 0.039213829987],
      [0.19310654181, 0.80689345819],
      [0.2816046907, 0.7183953093]
    ],
    [
      [0.92047940393, 0.079520596072],
      [0.95136674178, 0.048633258218],
      [0.15461793425, 0.84538206575],
      [0.25363137834, 0.74636862166]
    ],
    [
      [0.93398472294, 0.066015277063],
      [0.95915013706, 0.040849862944],
      [0.19922594438, 0.80077405562],
      [0.28773429373, 0.71226570627]
    ],
    [
      [0.95034514611, 0.049654853895],
      [0.97225715153, 0.027742848472],
      [0.25922122209, 0.74077877791],
      [0.33449072857, 0.66550927143]
    ],
    [
      [0.94633243147, 0.053667568534],
