{
  "X": [
    [41, 59],
    [34, 66],
    [36, 64],
    [46, 54],
    [36, 64],
    [42, 58],
    [41, 59],
    [38, 62],
    [43, 57],
    [45, 55],
    [50, 50],
    [37, 63],
    [36, 64],
    [41, 59],
    [28, 72],
    [43, 57],
    [38, 62],
    [21, 79],
    [23, 77],
    [31, 69],
    [27, 73],
    [29, 71],
    [24, 76],
    [22, 78],
    [21, 79],
    [17, 83],
    [27, 73],
    [32, 68],
    [27, 73],
    [24, 76],
    [21, 79],
    [18, 82],
    [28, 72],
    [43, 57],
    [46, 54],
    [56, 44],
    [50, 50],
    [46, 54],
    [39, 61],
    [50, 50],
    [50, 50],
    [55, 45],
    [44, 56],
    [54, 46],
    [54, 46],
    [57, 43],
    [50, 50],
    [46, 54],
    [52, 48],
    [53, 47]
  ],
  "W": [
    [57, 20, 23],
    [65, 26, 9],
    [58, 23, 19],
    [63, 14, 23],
    [65, 20, 15],
    [68, 20, 12],
    [73, 11, 16],
    [65, 23, 12],
    [65, 22, 13],
    [63, 18, 19],
    [69, 14, 17],
    [68, 17, 15],
    [71, 15, 14],
    [64, 15, 21],
    [66, 15, 19],
    [67, 21, 12],
    [55, 32, 13],
    [17, 65, 18],
    [16, 65, 19],
    [16, 65, 19],
    [22, 58, 20],
    [19, 64, 17],
    [13, 68, 19],
    [17, 66, 17],
    [17, 75, 8],
    [14, 70, 16],
    [18, 65, 17],
    [20, 69, 11],
    [17, 67, 16],
    [17, 64, 19],
    [22, 64, 14],
    [14, 73, 13],
    [18, 65, 17],
    [21, 30, 49],
    [13, 22, 65],
    [18, 15, 67],
    [13, 14, 73],
    [21, 12, 67],
    [15, 18, 67],
    [17, 13, 70],
    [12, 22, 66],
    [12, 13, 75],
    [16, 16, 68],
    [23, 15, 62],
    [18, 13, 69],
    [10, 13, 77],
    [20, 20, 60],
    [16, 19, 65],
    [18, 10, 72],
    [25, 13, 62]
  ],
  "method": "mvn_cdf",
  "mvncdf_method": "genz",
  "mvncdf_samples": 5000,
  "mvncdf_error": 1e-06,
  "cond_prob": [
    [
      [0.43278355042, 0.56721644958],
      [0.11202532525, 0.88797467475],
      [0.61035332759, 0.38964667241]
    ],
    [
      [0.40166797635, 0.59833202365],
      [0.09993922958, 0.90006077042],
      [0.57960088496, 0.42039911504]
    ],
    [
      [0.39402756702, 0.60597243298],
      [0.097148752461, 0.90285124754],
      [0.57177511834, 0.42822488166]
    ],
    [
      [0.46720475631, 0.53279524369],
      [0.12659470469, 0.87340529531],
      [0.64280693844, 0.35719306156]
    ],
    [
      [0.39199767318, 0.60800232682],
      [0.096436280632, 0.90356371937],
      [0.56964626084, 0.43035373916]
    ],
    [
      [0.46672930042, 0.53327069958],
      [0.12632232738, 0.87367767262],
      [0.64243643858, 0.35756356142]
    ],
    [
      [0.41505700474, 0.58494299526],
      [0.10513126043, 0.89486873957],
      [0.59284291551, 0.40715708449]
    ],
    [
      [0.43148862237, 0.56851137763],
      [0.11147935332, 0.88852064668],
      [0.60913246327, 0.39086753673]
    ],
    [
      [0.48452846287, 0.51547153713],
      [0.13432924025, 0.86567075975],
      [0.65868120589, 0.34131879411]
    ],
    [
      [0.47939610016, 0.52060389984],
      [0.13201971383, 0.86798028617],
      [0.65399898543, 0.34600101457]
    ],
    [
      [0.52397728474, 0.47602271526],
      [0.15374696384, 0.84625303616],
      [0.69314065534, 0.30685934466]
    ],
    [
      [0.39326364218, 0.60673635782],
      [0.096920646924, 0.90307935308],
      [0.57090625545, 0.42909374455]
    ],
    [
      [0.378086254, 0.621913746],
      [0.091506004128, 0.90849399587],
      [0.55512347311, 0.44487652689]
    ],
    [
      [0.41896859698, 0.58103140302],
      [0.10660892192, 0.89339107808],
      [0.59677165759, 0.40322834241]
    ],
    [
      [0.28890987973, 0.71109012027],
      [0.063223538975, 0.93677646102],
      [0.45475267461, 0.54524732539]
    ],
    [
      [0.48246558884, 0.51753441116],
      [0.13339158178, 0.86660841822],
      [0.65680887812, 0.34319112188]
    ],
    [
      [0.46540822186, 0.53459177814],
      [0.12558836449, 0.87441163551],
      [0.64138426105, 0.35861573895]
    ],
    [
      [0.35615819872, 0.64384180128],
      [0.083542875403, 0.9164571246],
      [0.53270000469, 0.46729999531]
    ],
    [
      [0.38490689369, 0.61509310631],
      [0.093379024332, 0.90662097567],
      [0.56322124039, 0.43677875961]
    ],
    [
      [0.5181215973, 0.4818784027],
      [0.14968929128, 0.85031070872],
      [0.68896996961, 0.31103003039]
    ],
    [
      [0.41206979485, 0.58793020515],
      [0.10344682472, 0.89655317528],
      [0.59068355121, 0.40931644879]
    ],
    [
      [0.48428973759, 0.51571026241],
      [0.13344272583, 0.86655727417],
      [0.65922907346, 0.34077092654]
    ],
    [
      [0.41622123693, 0.58377876307],
      [0.1048476835, 0.8951523165],
      [0.59508316872, 0.40491683128]
    ],
    [
      [0.37917106161, 0.62082893839],
      [0.091347665351, 0.90865233465],
      [0.55726478516, 0.44273521484]
    ],
    [
      [0.43634475009, 0.56365524991],
      [0.11258836807, 0.88741163193],
      [0.61494459399, 0.38505540601]
    ],
    [
      [0.31989221209, 0.68010778791],
      [0.071984080434, 0.92801591957],
      [0.49237045465, 0.50762954535]
    ],
    [
      [0.45649888814, 0.54350111186],
      [0.12115062246, 0.87884937754],
      [0.63377319172, 0.36622680828]
    ],
    [
      [0.58510296852, 0.41489703148],
      [0.18702533304, 0.81297466696],
      [0.74400074005, 0.25599925995]
    ],
    [
      [0.47092231433, 0.52907768567],
      [0.12735123358, 0.87264876642],
      [0.64717593462, 0.35282406538]
    ],
    [
      [0.39622227754, 0.60377772246],
      [0.09745858245, 0.90254141755],
      [0.57484601832, 0.42515398168]
    ],
    [
      [0.36290090199, 0.63709909801],
      [0.085806410258, 0.91419358974],
      [0.53994486159, 0.46005513841]
    ],
    [
      [0.35730593018, 0.64269406982],
      [0.083807541304, 0.9161924587],
      [0.53419184048, 0.46580815952]
    ],
    [
      [0.47331502306, 0.52668497694],
      [0.12846126455, 0.87153873545],
      [0.64931144632, 0.35068855368]
    ],
    [
      [0.44061755718, 0.55938244282],
      [0.11508525331, 0.88491474669],
      [0.61805747192, 0.38194252808]
    ],
    [
      [0.41235221835, 0.58764778165],
      [0.10397890295, 0.89602109705],
      [0.59032176709, 0.40967823291]
    ],
    [
      [0.49762693439, 0.50237306561],
      [0.14056167172, 0.85943832828],
      [0.67030446103, 0.32969553897]
    ],
    [
      [0.41384016052, 0.58615983948],
      [0.10461792973, 0.89538207027],
      [0.59170034071, 0.40829965929]
    ],
    [
      [0.37553223085, 0.62446776915],
      [0.090616692875, 0.90938330712],
      [0.5524271568, 0.4475728432]
    ],
    [
      [0.31932751483, 0.68067248517],
      [0.072206895896, 0.9277931041],
      [0.49064436353, 0.50935563647]
    ],
    [
      [0.41626902231, 0.58373097769],
      [0.10556235706, 0.89443764294],
      [0.59409988534, 0.40590011466]
    ],
    [
      [0.45763779579, 0.54236220421],
      [0.12231693292, 0.87768306708],
      [0.63405130366, 0.36594869634]
    ],
    [
      [0.46238224197, 0.53761775803],
      [0.12446714813, 0.87553285187],
      [0.63835954869, 0.36164045131]
    ],
    [
      [0.36432578843, 0.63567421157],
      [0.086729843686, 0.91327015631],
      [0.54056837773, 0.45943162227]
    ],
    [
      [0.48466019554, 0.51533980446],
      [0.13445246285, 0.86554753715],
      [0.65873895632, 0.34126104368]
    ],
    [
      [0.46293755497, 0.53706244503],
      [0.12471197254, 0.87528802746],
      [0.63887179739, 0.36112820261]
    ],
    [
      [0.4810925808, 0.5189074192],
      [0.13282563983, 0.86717436017],
      [0.65550460392, 0.34449539608]
    ],
    [
      [0.46214337243, 0.53785662757],
      [0.12429103991, 0.87570896009],
      [0.63821824626, 0.36178175374]
    ],
    [
      [0.40185340621, 0.59814659379],
      [0.10004925444, 0.89995074556],
      [0.57972269957, 0.42027730043]
    ],
    [
      [0.42407985853, 0.57592014147],
      [0.10863342724, 0.89136657276],
      [0.60176911901, 0.39823088099]
    ],
    [
      [0.46546152646, 0.53453847354],
      [0.12581991355, 0.87418008645],
