{
  "X": [
    [75, 25],
    [68, 32],
    [68, 32],
    [75, 25],
    [62, 38],
    [67, 33],
    [65, 35],
    [83, 17],
    [63, 37],
    [68, 32],
    [67, 33],
    [61, 39],
    [72, 28],
    [69, 31],
    [69, 31],
    [67, 33],
    [71, 29],
    [74, 26],
    [86, 14],
    [79, 21],
    [75, 25],
    [74, 26],
    [69, 31],
    [74, 26],
    [81, 19],
    [77, 23],
    [86, 14],
    [85, 15],
    [75, 25],
    [80, 20],
    [75, 25],
    [80, 20],
    [75, 25],
    [61, 39],
    [54, 46],
    [51, 49],
    [48, 52],
    [57, 43],
    [53, 47],
    [49, 51],
    [55, 45],
    [65, 35],
    [61, 39],
    [50, 50],
    [53, 47],
    [50, 50],
    [48, 52],
    [44, 56],
    [60, 40],
    [52, 48]
  ],
  "W": [
    [71, 19, 10],
    [70, 13, 17],
    [69, 18, 13],
    [74, 15, 11],
    [68, 16, 16],
    [65, 19, 16],
    [61, 21, 18],
    [58, 22, 20],
    [64, 19, 17],
    [67, 17, 16],
    [69, 18, 13],
    [73, 12, 15],
    [59, 23, 18],
    [72, 16, 12],
    [70, 13, 17],
    [67, 19, 14],
    [51, 32, 17],
    [13, 63, 24],
    [13, 69, 18],
    [14, 68, 18],
    [13, 68, 19],
    [18, 68, 14],
    [24, 61, 15],
    [14, 63, 23],
    [14, 68, 18],
    [19, 67, 14],
    [18, 68, 14],
    [12, 73, 15],
    [13, 71, 16],
    [20, 68, 12],
    [17, 65, 18],
    [10, 74, 16],
    [24, 62, 14],
    [19, 32, 49],
    [16, 12, 72],
    [18, 13, 69],
    [20, 16, 64],
    [15, 21, 64],
    [8, 18, 74],
    [16, 15, 69],
    [17, 19, 64],
    [20, 15, 65],
    [11, 23, 66],
    [18, 21, 61],
    [17, 15, 68],
    [16, 11, 73],
    [18, 11, 71],
    [15, 16, 69],
    [21, 12, 67],
    [18, 9, 73]
  ],
  "method": "mvn_cdf",
  "mvncdf_method": "genz",
  "mvncdf_samples": 5000,
  "mvncdf_error": 1e-06,
  "cond_prob": [
    [
      [0.7447024429, 0.2552975571],
      [0.91251202844, 0.087487971561],
      [0.4746966639, 0.5253033361]
    ],
    [
      [0.70418175887, 0.29581824113],
      [0.89493774042, 0.10506225958],
      [0.42452110694, 0.57547889306]
    ],
    [
      [0.68177932396, 0.31822067604],
      [0.8847100983, 0.1152899017],
      [0.39886073641, 0.60113926359]
    ],
    [
      [0.75359903495, 0.24640096505],
      [0.91618181846, 0.083818181538],
      [0.48661832786, 0.51338167214]
    ],
    [
      [0.62762659652, 0.37237340348],
      [0.85804010598, 0.14195989402],
      [0.3429321577, 0.6570678423]
    ],
    [
      [0.67772409079, 0.32227590921],
      [0.88280895182, 0.11719104818],
      [0.3943913777, 0.6056086223]
    ],
    [
      [0.65648970828, 0.34351029172],
      [0.87261861006, 0.12738138994],
      [0.37172940184, 0.62827059816]
    ],
    [
      [0.83206873616, 0.16793126384],
      [0.94641486069, 0.053585139309],
      [0.60570173883, 0.39429826117]
    ],
    [
      [0.63477075399, 0.36522924601],
      [0.86173806869, 0.13826193131],
      [0.3498382905, 0.6501617095]
    ],
    [
      [0.6931200512, 0.3068799488],
      [0.88994577442, 0.11005422558],
      [0.41163700449, 0.58836299551]
    ],
    [
      [0.67055898634, 0.32944101366],
      [0.87941068601, 0.12058931399],
      [0.38662094752, 0.61337905248]
    ],
    [
      [0.62335064825, 0.37664935175],
      [0.8557850059, 0.1442149941],
      [0.33889338932, 0.66110661068]
    ],
    [
      [0.72945314055, 0.27054685945],
      [0.90606947925, 0.093930520752],
      [0.45504946954, 0.54495053046]
    ],
    [
      [0.69402157237, 0.30597842763],
      [0.89035834398, 0.10964165602],
      [0.41266561893, 0.58733438107]
    ],
    [
      [0.71438816459, 0.28561183541],
      [0.8994767984, 0.1005232016],
      [0.43667510317, 0.56332489683]
    ],
    [
      [0.67139307389, 0.32860692611],
      [0.87981328631, 0.12018671369],
      [0.38750372551, 0.61249627449]
    ],
    [
      [0.6971182, 0.3028818],
      [0.89185680682, 0.10814319318],
      [0.41590074684, 0.58409925316]
    ],
    [
      [0.68165289091, 0.31834710909],
      [0.88499113806, 0.11500886194],
      [0.39759428917, 0.60240571083]
    ],
    [
      [0.80524976779, 0.19475023221],
      [0.93667704105, 0.06332295895],
      [0.56039626346, 0.43960373654]
    ],
    [
      [0.71647457802, 0.28352542198],
      [0.90075233914, 0.099247660858],
      [0.43769854219, 0.56230145781]
    ],
    [
      [0.65942549038, 0.34057450962],
      [0.87450940493, 0.12549059507],
      [0.37347590564, 0.62652409436]
    ],
    [
      [0.61925856748, 0.38074143252],
      [0.85429394851, 0.14570605149],
      [0.33353178465, 0.66646821535]
    ],
    [
      [0.56868301733, 0.43131698267],
      [0.82627380983, 0.17372619017],
      [0.28875832098, 0.71124167902]
    ],
    [
      [0.67750412753, 0.32249587247],
      [0.88305559715, 0.11694440285],
      [0.39302161061, 0.60697838939]
    ],
    [
      [0.74465728261, 0.25534271739],
      [0.91275344777, 0.087246552233],
      [0.47329326593, 0.52670673407]
    ],
    [
      [0.67218686721, 0.32781313279],
      [0.88062484082, 0.11937515918],
      [0.38700882958, 0.61299117042]
    ],
    [
      [0.79468249055, 0.20531750945],
      [0.93267862995, 0.067321370048],
      [0.5440295059, 0.4559704941]
    ],
    [
      [0.77684428588, 0.22315571412],
      [0.92579747433, 0.074202525669],
      [0.51738107461, 0.48261892539]
    ],
    [
      [0.63436347393, 0.36563652607],
      [0.86212722517, 0.13787277483],
      [0.34797105197, 0.65202894803]
    ],
    [
      [0.70681951842, 0.29318048158],
      [0.89651695142, 0.10348304858],
      [0.42606708109, 0.57393291891]
    ],
    [
      [0.66501946083, 0.33498053917],
      [0.87717166249, 0.12282833751],
      [0.37946260654, 0.62053739346]
    ],
    [
      [0.70641269011, 0.29358730989],
      [0.89638982695, 0.10361017305],
      [0.42537538133, 0.57462461867]
    ],
    [
      [0.6573743645, 0.3426256355],
      [0.87345165705, 0.12654834295],
      [0.3715151766, 0.6284848234]
    ],
    [
      [0.68451523443, 0.31548476557],
      [0.88601462689, 0.11398537311],
      [0.40180220948, 0.59819779052]
    ],
    [
      [0.7172839752, 0.2827160248],
      [0.90068637352, 0.099313626475],
      [0.44045073668, 0.55954926332]
    ],
    [
      [0.67845311952, 0.32154688048],
      [0.88304185402, 0.11695814598],
      [0.39554640863, 0.60445359137]
    ],
    [
      [0.62498773719, 0.37501226281],
      [0.8565751642, 0.1434248358],
      [0.34060916221, 0.65939083779]
    ],
    [
      [0.70896743946, 0.29103256054],
      [0.89705715097, 0.10294284903],
      [0.43025478944, 0.56974521056]
    ],
    [
      [0.70233978606, 0.29766021394],
      [0.8940636082, 0.1059363918],
      [0.42253734989, 0.57746265011]
    ],
    [
      [0.6535611091, 0.3464388909],
      [0.87105316948, 0.12894683052],
      [0.36905109266, 0.63094890734]
    ],
    [
      [0.69266348139, 0.30733651861],
      [0.88968194119, 0.11031805881],
      [0.41131089543, 0.58868910457]
    ],
    [
      [0.79082015741, 0.20917984259],
      [0.93097847639, 0.069021523607],
      [0.53985073705, 0.46014926295]
    ],
    [
      [0.74915397473, 0.25084602527],
      [0.91432489144, 0.085675108561],
      [0.48078482632, 0.51921517368]
    ],
    [
      [0.62483273636, 0.37516726364],
      [0.85653655305, 0.14346344695],
      [0.34036312782, 0.65963687218]
    ],
    [
      [0.69164038748, 0.30835961252],
      [0.88918785954, 0.11081214046],
      [0.41023346018, 0.58976653982]
    ],
    [
      [0.68364287641, 0.31635712359],
      [0.88545971531, 0.11454028469],
      [0.40132902904, 0.59867097096]
    ],
    [
      [0.65799232963, 0.34200767037],
      [0.87320506504, 0.12679493496],
      [0.37371221857, 0.62628778143]
    ],
    [
      [0.59648919501, 0.40351080499],
      [0.84127930784, 0.15872069216],
      [0.31419737862, 0.68580262138]
    ],
    [
      [0.75830193655, 0.24169806345],
      [0.91805341358, 0.081946586424],
      [0.4933086052, 0.5066913948]
    ],
    [
      [0.7064568088, 0.2935431912],
      [0.89587548365, 0.10412451635],
