{
  "X": [
    [65, 35],
    [58, 42],
    [63, 37],
    [61, 39],
    [68, 32],
    [66, 34],
    [67, 33],
    [57, 43],
    [65, 35],
    [67, 33],
    [59, 41],
    [76, 24],
    [60, 40],
    [63, 37],
    [63, 37],
    [69, 31],
    [56, 44],
    [33, 67],
    [42, 58],
    [40, 60],
    [38, 62],
    [45, 55],
    [35, 65],
    [40, 60],
    [42, 58],
    [30, 70],
    [42, 58],
    [43, 57],
    [38, 62],
    [39, 61],
    [45, 55],
    [41, 59],
    [37, 63],
    [52, 48],
    [65, 35],
    [59, 41],
    [59, 41],
    [50, 50],
    [52, 48],
    [60, 40],
    [60, 40],
    [56, 44],
    [51, 49],
    [58, 42],
    [58, 42],
    [54, 46],
    [65, 35],
    [48, 52],
    [54, 46],
    [50, 50]
  ],
  "W": [
    [64, 19, 17],
    [64, 19, 17],
    [68, 20, 12],
    [65, 20, 15],
    [66, 15, 19],
    [62, 23, 15],
    [74, 14, 12],
    [59, 18, 23],
    [70, 17, 13],
    [60, 19, 21],
    [62, 24, 14],
    [69, 17, 14],
    [66, 16, 18],
    [68, 13, 19],
    [67, 14, 19],
    [64, 19, 17],
    [53, 34, 13],
    [15, 77, 8],
    [18, 63, 19],
    [20, 61, 19],
    [14, 73, 13],
    [18, 61, 21],
    [19, 74, 7],
    [16, 72, 12],
    [25, 52, 23],
    [14, 69, 17],
    [17, 70, 13],
    [15, 70, 15],
    [15, 61, 24],
    [13, 70, 17],
    [21, 65, 14],
    [19, 63, 18],
    [18, 64, 18],
    [15, 41, 44],
    [25, 14, 61],
    [17, 18, 65],
    [16, 15, 69],
    [13, 15, 72],
    [14, 17, 69],
    [19, 12, 69],
    [23, 15, 62],
    [14, 16, 70],
    [17, 13, 70],
    [23, 13, 64],
    [14, 15, 71],
    [19, 13, 68],
    [19, 12, 69],
    [16, 14, 70],
    [13, 21, 66],
    [12, 17, 71]
  ],
  "method": "mvn_cdf",
  "mvncdf_method": "genz",
  "mvncdf_samples": 5000,
  "mvncdf_error": 1e-06,
  "cond_prob": [
    [
      [0.77986772297, 0.22013227703],
      [0.2669055324, 0.7330944676],
      [0.59610426686, 0.40389573314]
    ],
    [
      [0.71091972139, 0.28908027861],
      [0.20171355696, 0.79828644304],
      [0.50574812678, 0.49425187322]
    ],
    [
      [0.75725420801, 0.24274579199],
      [0.24266979247, 0.75733020753],
      [0.56499437256, 0.43500562744]
    ],
    [
      [0.74319172928, 0.25680827072],
      [0.22918378458, 0.77081621542],
      [0.5464273003, 0.4535726997]
    ],
    [
      [0.79148887287, 0.20851112713],
      [0.28065892156, 0.71934107844],
      [0.61267249745, 0.38732750255]
    ],
    [
      [0.80294176102, 0.19705823898],
      [0.29514255092, 0.70485744908],
      [0.62938375442, 0.37061624558]
    ],
    [
      [0.76633946001, 0.23366053999],
      [0.25197847227, 0.74802152773],
      [0.5772918929, 0.4227081071]
    ],
    [
      [0.70794898335, 0.29205101665],
      [0.19948341345, 0.80051658655],
      [0.5021851461, 0.4978148539]
    ],
    [
      [0.76362159382, 0.23637840618],
      [0.24916377484, 0.75083622516],
      [0.57359834249, 0.42640165751]
    ],
    [
      [0.8030098505, 0.1969901495],
      [0.29532982037, 0.70467017963],
      [0.62952197789, 0.37047802211]
    ],
    [
      [0.74165935218, 0.25834064782],
      [0.22776488398, 0.77223511602],
      [0.54443078448, 0.45556921552]
    ],
    [
      [0.85353812791, 0.14646187209],
      [0.37456603802, 0.62543396198],
      [0.70859475844, 0.29140524156]
    ],
    [
      [0.71801835076, 0.28198164924],
      [0.2073857645, 0.7926142355],
      [0.5144776021, 0.4855223979]
    ],
    [
      [0.73522618561, 0.26477381439],
      [0.22200604183, 0.77799395817],
      [0.53615769021, 0.46384230979]
    ],
    [
      [0.74036036244, 0.25963963756],
      [0.22662887092, 0.77337112908],
      [0.54277470362, 0.45722529638]
    ],
    [
      [0.81358745167, 0.18641254833],
      [0.30966806377, 0.69033193623],
      [0.64532539862, 0.35467460138]
    ],
    [
      [0.76038453784, 0.23961546216],
      [0.24588396583, 0.75411603417],
      [0.56923495037, 0.43076504963]
    ],
    [
      [0.74057393377, 0.25942606623],
      [0.22681158409, 0.77318841591],
      [0.54304474773, 0.45695525227]
    ],
    [
      [0.77754832223, 0.22245167777],
      [0.26443173271, 0.73556826729],
      [0.59291711539, 0.40708288461]
    ],
    [
      [0.74999740899, 0.25000259101],
      [0.2357712096, 0.7642287904],
      [0.55544420843, 0.44455579157]
    ],
    [
      [0.7774631504, 0.2225368496],
      [0.26426373844, 0.73573626156],
      [0.59276553757, 0.40723446243]
    ],
    [
      [0.79731678786, 0.20268321214],
      [0.28808821197, 0.71191178803],
      [0.62119947799, 0.37880052201]
    ],
    [
      [0.74330437154, 0.25669562846],
      [0.22930012784, 0.77069987216],
      [0.54658053361, 0.45341946639]
    ],
    [
      [0.78891351415, 0.21108648585],
      [0.27757084886, 0.72242915114],
      [0.60898372741, 0.39101627259]
    ],
    [
      [0.73244362443, 0.26755637557],
      [0.21970540656, 0.78029459344],
      [0.53268696785, 0.46731303215]
    ],
    [
      [0.68536790577, 0.31463209423],
      [0.18298084018, 0.81701915982],
      [0.47541432568, 0.52458567432]
    ],
    [
      [0.79869522246, 0.20130477754],
      [0.28973275427, 0.71026724573],
      [0.62317140766, 0.37682859234]
    ],
    [
      [0.80954489469, 0.19045510531],
      [0.30415731644, 0.69584268356],
      [0.63927365222, 0.36072634778]
    ],
    [
      [0.74016789118, 0.25983210882],
      [0.22664102237, 0.77335897763],
      [0.54262782288, 0.45737217712]
    ],
    [
      [0.77925407631, 0.22074592369],
      [0.26634651904, 0.73365348096],
      [0.5953032195, 0.4046967805]
    ],
    [
      [0.80391591156, 0.19608408844],
      [0.29653416449, 0.70346583551],
      [0.6308667334, 0.3691332666]
    ],
    [
      [0.7669914954, 0.2330085046],
      [0.25289886594, 0.74710113406],
      [0.57829458011, 0.42170541989]
    ],
    [
      [0.73385543097, 0.26614456903],
      [0.22090172932, 0.77909827068],
      [0.53446398464, 0.46553601536]
    ],
    [
      [0.80394283856, 0.19605716144],
      [0.29700078083, 0.70299921917],
      [0.63107094586, 0.36892905414]
    ],
    [
      [0.81955271523, 0.18044728477],
      [0.31897432408, 0.68102567592],
      [0.65466616549, 0.34533383451]
    ],
    [
      [0.79646473954, 0.20353526046],
      [0.28756781368, 0.71243218632],
      [0.62017914403, 0.37982085597]
    ],
    [
      [0.79047719044, 0.20952280956],
      [0.28018313658, 0.71981686342],
      [0.61152907895, 0.38847092105]
    ],
    [
      [0.72195011018, 0.27804988982],
      [0.2112875666, 0.7887124334],
      [0.51976539109, 0.48023460891]
    ],
    [
      [0.74301492029, 0.25698507971],
      [0.22974323754, 0.77025676246],
      [0.54658566046, 0.45341433954]
    ],
    [
      [0.78658809487, 0.21341190513],
      [0.27549499945, 0.72450500055],
      [0.60595550406, 0.39404449594]
    ],
    [
      [0.78863979071, 0.21136020929],
      [0.27786475025, 0.72213524975],
      [0.60885254104, 0.39114745896]
    ],
    [
      [0.77296481066, 0.22703518934],
      [0.25995516627, 0.74004483373],
      [0.58681204, 0.41318796]
    ],
    [
      [0.71813095208, 0.28186904792],
      [0.20812145037, 0.79187854963],
      [0.51500631633, 0.48499368367]
    ],
    [
      [0.7679144239, 0.2320855761],
      [0.25441620847, 0.74558379153],
      [0.57981357518, 0.42018642482]
    ],
    [
      [0.7857125067, 0.2142874933],
      [0.27448803546, 0.72551196454],
      [0.60472124291, 0.39527875709]
    ],
    [
      [0.74098927231, 0.25901072769],
      [0.22785634744, 0.77214365256],
      [0.54394425817, 0.45605574183]
    ],
    [
      [0.821615139, 0.178384861],
      [0.32213701687, 0.67786298313],
      [0.65787286572, 0.34212713428]
    ],
    [
      [0.69523964683, 0.30476035317],
      [0.19049368879, 0.80950631121],
      [0.48731609442, 0.51268390558]
    ],
    [
      [0.77144728135, 0.22855271865],
      [0.25825855745, 0.74174144255],
      [0.5846944374, 0.4153055626]
    ],
    [
      [0.72918408207, 0.27081591793],
      [0.21740100755, 0.78259899245],
      [0.52884801703, 0.47115198297]
