{
  "X": [
    [26, 74],
    [20, 80],
    [24, 76],
    [20, 80],
    [32, 68],
    [29, 71],
    [18, 82],
    [20, 80],
    [23, 77],
    [24, 76],
    [26, 74],
    [25, 75],
    [21, 79],
    [19, 81],
    [23, 77],
    [27, 73],
    [37, 63],
    [59, 41],
    [59, 41],
    [52, 48],
    [58, 42],
    [58, 42],
    [55, 45],
    [55, 45],
    [55, 45],
    [55, 45],
    [65, 35],
    [61, 39],
    [65, 35],
    [52, 48],
    [55, 45],
    [60, 40],
    [54, 46],
    [45, 55],
    [42, 58],
    [36, 64],
    [34, 66],
    [38, 62],
    [36, 64],
    [33, 67],
    [30, 70],
    [31, 69],
    [40, 60],
    [29, 71],
    [43, 57],
    [38, 62],
    [29, 71],
    [43, 57],
    [29, 71],
    [41, 59]
  ],
  "W": [
    [68, 14, 18],
    [64, 16, 20],
    [64, 19, 17],
    [67, 20, 13],
    [65, 19, 16],
    [59, 19, 22],
    [76, 6, 18],
    [68, 16, 16],
    [73, 14, 13],
    [67, 18, 15],
    [64, 14, 22],
    [67, 20, 13],
    [69, 15, 16],
    [65, 12, 23],
    [72, 21, 7],
    [56, 24, 20],
    [48, 42, 10],
    [14, 73, 13],
    [13, 65, 22],
    [22, 62, 16],
    [16, 70, 14],
    [15, 66, 19],
    [25, 60, 15],
    [17, 67, 16],
    [21, 63, 16],
    [16, 62, 22],
    [17, 74, 9],
    [22, 66, 12],
    [13, 68, 19],
    [24, 58, 18],
    [17, 63, 20],
    [21, 59, 20],
    [17, 66, 17],
    [16, 39, 45],
    [14, 26, 60],
    [16, 16, 68],
    [17, 23, 60],
    [17, 19, 64],
    [14, 18, 68],
    [17, 18, 65],
    [22, 19, 59],
    [13, 19, 68],
    [11, 14, 75],
    [17, 12, 71],
    [17, 22, 61],
    [15, 10, 75],
    [16, 10, 74],
    [17, 19, 64],
    [16, 17, 67],
    [10, 15, 75]
  ],
  "method": "mvn_cdf",
  "mvncdf_method": "genz",
  "mvncdf_samples": 5000,
  "mvncdf_error": 1e-06,
  "cond_prob": [
    [
      [0.1075360426, 0.8924639574],
      [0.83386580056, 0.16613419944],
      [0.39150202148, 0.60849797852]
    ],
    [
      [0.057825698237, 0.94217430176],
      [0.71713415623, 0.28286584377],
      [0.24513340951, 0.75486659049]
    ],
    [
      [0.070993081757, 0.92900691824],
      [0.75987386209, 0.24012613791],
      [0.2884991431, 0.7115008569]
    ],
    [
      [0.051629745052, 0.94837025495],
      [0.69259087841, 0.30740912159],
      [0.22351011586, 0.77648988414]
    ],
    [
      [0.13426910239, 0.86573089761],
      [0.86607487849, 0.13392512151],
      [0.45365032574, 0.54634967426]
    ],
    [
      [0.094857293511, 0.90514270649],
      [0.81260607166, 0.18739392834],
      [0.3579430658, 0.6420569342]
    ],
    [
      [0.089168605833, 0.91083139417],
      [0.80353537209, 0.19646462791],
      [0.3430839374, 0.6569160626]
    ],
    [
      [0.061448019975, 0.93855198002],
      [0.73072324907, 0.26927675093],
      [0.25759171429, 0.74240828571]
    ],
    [
      [0.09389225604, 0.90610774396],
      [0.81233923474, 0.18766076526],
      [0.35612569428, 0.64387430572]
    ],
    [
      [0.077690843123, 0.92230915688],
      [0.77768543475, 0.22231456525],
      [0.30928986188, 0.69071013812]
    ],
    [
      [0.098931580234, 0.90106841977],
      [0.82001253386, 0.17998746614],
      [0.3690512236, 0.6309487764]
    ],
    [
      [0.078173567945, 0.92182643205],
      [0.7789320997, 0.2210679003],
      [0.31077684176, 0.68922315824]
    ],
    [
      [0.070593559297, 0.9294064407],
      [0.75927539707, 0.24072460293],
      [0.28742295777, 0.71257704223]
    ],
    [
      [0.06299136474, 0.93700863526],
      [0.73536604741, 0.26463395259],
      [0.26257804795, 0.73742195205]
    ],
    [
      [0.069603511162, 0.93039648884],
      [0.75718266558, 0.24281733442],
      [0.28453196526, 0.71546803474]
    ],
    [
      [0.065773422315, 0.93422657768],
      [0.74365825072, 0.25634174928],
      [0.27151772683, 0.72848227317]
    ],
    [
      [0.065466394374, 0.93453360563],
      [0.74238472147, 0.25761527853],
      [0.27042062548, 0.72957937452]
    ],
    [
      [0.067708842848, 0.93229115715],
      [0.74717814645, 0.25282185355],
      [0.27699007314, 0.72300992686]
    ],
    [
      [0.082031247098, 0.9179687529],
      [0.78433027975, 0.21566972025],
      [0.32067028138, 0.67932971862]
    ],
    [
      [0.066922049902, 0.9330779501],
      [0.74512236816, 0.25487763184],
      [0.27457269003, 0.72542730997]
    ],
    [
      [0.070915023673, 0.92908497633],
      [0.75658258584, 0.24341741416],
      [0.28716821347, 0.71283178653]
    ],
    [
      [0.077693928225, 0.92230607177],
      [0.77425322701, 0.22574677299],
      [0.30789878777, 0.69210121223]
    ],
    [
      [0.087640790303, 0.9123592097],
      [0.79701989627, 0.20298010373],
      [0.33706243821, 0.66293756179]
    ],
    [
      [0.065542700868, 0.93445729913],
      [0.74058586298, 0.25941413702],
      [0.27003566791, 0.72996433209]
    ],
    [
      [0.076582858276, 0.92341714172],
      [0.77182838167, 0.22817161833],
      [0.3046857503, 0.6953142497]
    ],
    [
      [0.073834203262, 0.92616579674],
      [0.76440200031, 0.23559799969],
      [0.29617511674, 0.70382488326]
    ],
    [
      [0.09611166772, 0.90388833228],
      [0.81281733565, 0.18718266435],
      [0.36020402703, 0.63979597297]
    ],
    [
      [0.10131447849, 0.89868552151],
      [0.82176687288, 0.17823312712],
      [0.37400726513, 0.62599273487]
    ],
    [
      [0.10504894491, 0.89495105509],
      [0.82717347161, 0.17282652839],
      [0.38329650541, 0.61670349459]
    ],
    [
      [0.076533364782, 0.92346663522],
      [0.77181058592, 0.22818941408],
      [0.30457816518, 0.69542183482]
    ],
    [
      [0.072830827233, 0.92716917277],
      [0.76179840746, 0.23820159254],
      [0.29311046916, 0.70688953084]
    ],
    [
      [0.11241189292, 0.88758810708],
      [0.83811074901, 0.16188925099],
      [0.40176146097, 0.59823853903]
    ],
    [
      [0.0635965567, 0.9364034433],
      [0.73428885786, 0.26571114214],
      [0.2636711214, 0.7363288786]
    ],
    [
      [0.076504882282, 0.92349511772],
      [0.77090282548, 0.22909717452],
      [0.30416210319, 0.69583789681]
    ],
    [
      [0.086889193336, 0.91311080666],
      [0.79429850545, 0.20570149455],
      [0.33437335918, 0.66562664082]
    ],
    [
      [0.082972536791, 0.91702746321],
      [0.78585134655, 0.21414865345],
      [0.32314626328, 0.67685373672]
    ],
    [
      [0.064414988464, 0.93558501154],
      [0.73619258836, 0.26380741164],
      [0.26612385639, 0.73387614361]
    ],
    [
      [0.086601892056, 0.91339810794],
      [0.79374900828, 0.20625099172],
      [0.33358274838, 0.66641725162]
    ],
    [
      [0.077518434204, 0.9224815658],
      [0.77300817676, 0.22699182324],
      [0.30704524335, 0.69295475665]
    ],
    [
      [0.068981057811, 0.93101894219],
      [0.75019268907, 0.24980731093],
      [0.28078789688, 0.71921210312]
    ],
    [
      [0.060684978298, 0.9393150217],
      [0.7238061243, 0.2761938757],
      [0.2538506931, 0.7461493069]
    ],
    [
      [0.058588356514, 0.94141164349],
      [0.71571183301, 0.28428816699],
      [0.24664594815, 0.75335405185]
    ],
    [
      [0.098802876658, 0.90119712334],
      [0.81631747013, 0.18368252987],
      [0.36669121956, 0.63330878044]
    ],
    [
      [0.064978409507, 0.93502159049],
      [0.73783379375, 0.26216620625],
      [0.26790788069, 0.73209211931]
    ],
    [
      [0.10366641664, 0.89633358336],
      [0.82458805004, 0.17541194996],
      [0.37950020823, 0.62049979177]
    ],
    [
      [0.10291616214, 0.89708383786],
      [0.82317127596, 0.17682872404],
      [0.37743611034, 0.62256388966]
    ],
    [
      [0.067398901172, 0.93260109883],
      [0.74529735879, 0.25470264121],
      [0.27569228715, 0.72430771285]
    ],
    [
      [0.11067901354, 0.88932098646],
      [0.83495968754, 0.16504031246],
      [0.39702105276, 0.60297894724]
    ],
    [
      [0.057130804377, 0.94286919562],
      [0.71034307075, 0.28965692925],
      [0.2417069783, 0.7582930217]
    ],
    [
      [0.10010594913, 0.89989405087],
