{
  "X": [
    [56, 44],
    [54, 46],
    [56, 44],
    [51, 49],
    [47, 53],
    [54, 46],
    [65, 35],
    [55, 45],
    [60, 40],
    [73, 27],
    [60, 40],
    [48, 52],
    [53, 47],
    [62, 38],
    [55, 45],
    [58, 42],
    [61, 39],
    [31, 69],
    [37, 63],
    [30, 70],
    [33, 67],
    [31, 69],
    [30, 70],
    [31, 69],
    [35, 65],
    [32, 68],
    [27, 73],
    [31, 69],
    [26, 74],
    [38, 62],
    [26, 74],
    [31, 69],
    [33, 67],
    [16, 84],
    [28, 72],
    [19, 81],
    [15, 85],
    [24, 76],
    [22, 78],
    [22, 78],
    [25, 75],
    [22, 78],
    [32, 68],
    [12, 88],
    [25, 75],
    [20, 80],
    [23, 77],
    [20, 80],
    [18, 82],
    [14, 86]
  ],
  "W": [
    [65, 21, 14],
    [65, 20, 15],
    [69, 18, 13],
    [61, 18, 21],
    [59, 24, 17],
    [67, 17, 16],
    [74, 14, 12],
    [59, 21, 20],
    [68, 16, 16],
    [78, 13, 9],
    [67, 13, 20],
    [58, 19, 23],
    [65, 19, 16],
    [68, 14, 18],
    [71, 14, 15],
    [61, 21, 18],
    [57, 30, 13],
    [18, 69, 13],
    [21, 60, 19],
    [16, 67, 17],
    [22, 65, 13],
    [19, 67, 14],
    [20, 63, 17],
    [13, 75, 12],
    [14, 74, 12],
    [26, 63, 11],
    [18, 61, 21],
    [16, 66, 18],
    [16, 69, 15],
    [13, 71, 16],
    [11, 73, 16],
    [19, 60, 21],
    [22, 64, 14],
    [13, 34, 53],
    [19, 22, 59],
    [13, 17, 70],
    [14, 13, 73],
    [16, 12, 72],
    [12, 18, 70],
    [17, 18, 65],
    [23, 17, 60],
    [15, 19, 66],
    [21, 17, 62],
    [10, 14, 76],
    [21, 14, 65],
    [15, 20, 65],
    [20, 8, 72],
    [13, 15, 72],
    [13, 12, 75],
    [16, 18, 66]
  ],
  "method": "mvn_cdf",
  "mvncdf_method": "genz",
  "mvncdf_samples": 5000,
  "mvncdf_error": 1e-06,
  "cond_prob": [
    [
      [0.77500491768, 0.22499508232],
      [0.23090913667, 0.76909086333],
      [0.063184768014, 0.93681523199]
    ],
    [
      [0.75395506687, 0.24604493313],
      [0.21072973073, 0.78927026927],
      [0.056628433448, 0.94337156655]
    ],
    [
      [0.74836153032, 0.25163846968],
      [0.20585641416, 0.79414358584],
      [0.055087698242, 0.94491230176]
    ],
    [
      [0.75520717726, 0.24479282274],
      [0.21160011299, 0.78839988701],
      [0.056882909085, 0.94311709092]
    ],
    [
      [0.71036694676, 0.28963305324],
      [0.17599211888, 0.82400788112],
      [0.045890505898, 0.9541094941]
    ],
    [
      [0.74273362653, 0.25726637347],
      [0.200925723, 0.799074277],
      [0.053526647, 0.946473353]
    ],
    [
      [0.81415047213, 0.18584952787],
      [0.27641626311, 0.72358373689],
      [0.078906378112, 0.92109362189]
    ],
    [
      [0.81032627818, 0.18967372182],
      [0.27109408358, 0.72890591642],
      [0.076954778841, 0.92304522116]
    ],
    [
      [0.80425726641, 0.19574273359],
      [0.26360341001, 0.73639658999],
      [0.074321879339, 0.92567812066]
    ],
    [
      [0.85846055396, 0.14153944604],
      [0.34614580589, 0.65385419411],
      [0.105910322, 0.894089678]
    ],
    [
      [0.81759557906, 0.18240442094],
      [0.28063781406, 0.71936218594],
      [0.08038236423, 0.91961763577]
    ],
    [
      [0.74163088793, 0.25836911207],
      [0.1997302424, 0.8002697576],
      [0.053130321591, 0.94686967841]
    ],
    [
      [0.74373598796, 0.25626401204],
      [0.20178184591, 0.79821815409],
      [0.053795796281, 0.94620420372]
    ],
    [
      [0.82774573594, 0.17225426406],
      [0.29502394376, 0.70497605624],
      [0.085698141258, 0.91430185874]
    ],
    [
      [0.72627178633, 0.27372821367],
      [0.18771966354, 0.81228033646],
      [0.049441905058, 0.95055809494]
    ],
    [
      [0.82524589996, 0.17475410004],
      [0.29145640633, 0.70854359367],
      [0.084376344703, 0.9156236553]
    ],
    [
      [0.85910301329, 0.14089698671],
      [0.34726528502, 0.65273471498],
      [0.10636073631, 0.89363926369]
    ],
    [
      [0.77628377912, 0.22371622088],
      [0.23251722365, 0.76748277635],
      [0.063748262021, 0.93625173798]
    ],
    [
      [0.83020585192, 0.16979414808],
      [0.29891449621, 0.70108550379],
      [0.087196849338, 0.91280315066]
    ],
    [
      [0.78441082769, 0.21558917231],
      [0.24092625617, 0.75907374383],
      [0.066544107302, 0.9334558927]
    ],
    [
      [0.7746792032, 0.2253207968],
      [0.23085462764, 0.76914537236],
      [0.063194987293, 0.93680501271]
    ],
    [
      [0.77239164461, 0.22760835539],
      [0.22851508031, 0.77148491969],
      [0.062419595828, 0.93758040417]
    ],
    [
      [0.76091152117, 0.23908847883],
      [0.21725617683, 0.78274382317],
      [0.058735303511, 0.94126469649]
    ],
    [
      [0.80128747211, 0.19871252789],
      [0.26049036563, 0.73950963437],
      [0.073292649161, 0.92670735084]
    ],
    [
      [0.83218568153, 0.16781431847],
      [0.30228687737, 0.69771312263],
      [0.088532674287, 0.91146732571]
    ],
    [
      [0.736059243, 0.263940757],
      [0.19581541105, 0.80418458895],
      [0.051966125221, 0.94803387478]
    ],
    [
      [0.74572470361, 0.25427529639],
      [0.20350484708, 0.79649515292],
      [0.054339592691, 0.94566040731]
    ],
    [
      [0.79660360766, 0.20339639234],
      [0.25461448414, 0.74538551586],
      [0.071212968817, 0.92878703118]
    ],
    [
      [0.73599655238, 0.26400344762],
      [0.19565917178, 0.80434082822],
      [0.051909114149, 0.94809088585]
    ],
    [
      [0.86658679457, 0.13341320543],
      [0.36188435187, 0.63811564813],
      [0.11256577744, 0.88743422256]
    ],
    [
      [0.76854804904, 0.23145195096],
      [0.22465894928, 0.77534105072],
      [0.061149108726, 0.93885089127]
    ],
    [
      [0.7854826185, 0.2145173815],
      [0.24188269341, 0.75811730659],
      [0.066844252397, 0.9331557476]
    ],
    [
      [0.77649407319, 0.22350592681],
      [0.2326698945, 0.7673301055],
      [0.063792391062, 0.93620760894]
    ],
    [
      [0.68654054659, 0.31345945341],
      [0.15868761339, 0.84131238661],
      [0.040697643933, 0.95930235607]
    ],
    [
      [0.83785019069, 0.16214980931],
      [0.30746847406, 0.69253152594],
      [0.089968749673, 0.91003125033]
    ],
    [
      [0.78497438401, 0.21502561599],
      [0.23755541407, 0.76244458593],
      [0.064994476412, 0.93500552359]
    ],
    [
      [0.70421162413, 0.29578837587],
      [0.16847165523, 0.83152834477],
      [0.043446169114, 0.95655383089]
    ],
    [
      [0.84434014367, 0.15565985633],
      [0.3162191754, 0.6837808246],
      [0.093058923904, 0.9069410761]
    ],
    [
      [0.83989380495, 0.16010619505],
      [0.30939336868, 0.69060663132],
      [0.090502889017, 0.90949711098]
    ],
    [
      [0.78431893293, 0.21568106707],
      [0.23738393001, 0.76261606999],
      [0.064993208379, 0.93500679162]
    ],
    [
      [0.76639420844, 0.23360579156],
      [0.21965737786, 0.78034262214],
      [0.059247164165, 0.94075283584]
    ],
    [
      [0.80436962102, 0.19563037898],
      [0.260272528, 0.739727472],
      [0.0727405971, 0.9272594029]
    ],
    [
      [0.87887807785, 0.12112192215],
      [0.38372047286, 0.61627952714],
      [0.12128047362, 0.87871952638]
    ],
    [
      [0.69384400236, 0.30615599764],
      [0.16140409367, 0.83859590633],
      [0.041372927119, 0.95862707288]
    ],
    [
      [0.79805203135, 0.20194796865],
      [0.25272925621, 0.74727074379],
      [0.070151185351, 0.92984881465]
    ],
    [
      [0.76876272128, 0.23123727872],
      [0.22153700445, 0.77846299555],
      [0.059813919077, 0.94018608092]
    ],
    [
      [0.79547303798, 0.20452696202],
      [0.24885698353, 0.75114301647],
      [0.068737057158, 0.93126294284]
    ],
    [
      [0.80809182074, 0.19190817926],
      [0.26414149687, 0.73585850313],
      [0.07399398891, 0.92600601109]
    ],
    [
      [0.78294920294, 0.21705079706],
      [0.23473405072, 0.76526594928],
      [0.063994356199, 0.9360056438]
    ],
    [
      [0.64003614973, 0.35996385027],
