{
  "X": [
    [60, 40],
    [67, 33],
    [70, 30],
    [51, 49],
    [69, 31],
    [65, 35],
    [66, 34],
    [64, 36],
    [64, 36],
    [64, 36],
    [62, 38],
    [65, 35],
    [53, 47],
    [63, 37],
    [63, 37],
    [57, 43],
    [57, 43],
    [69, 31],
    [64, 36],
    [66, 34],
    [60, 40],
    [69, 31],
    [65, 35],
    [56, 44],
    [63, 37],
    [35, 65],
    [34, 66],
    [25, 75],
    [29, 71],
    [25, 75],
    [27, 73],
    [20, 80],
    [33, 67],
    [25, 75],
    [30, 70],
    [29, 71],
    [21, 79],
    [29, 71],
    [30, 70],
    [33, 67],
    [28, 72],
    [25, 75],
    [28, 72],
    [26, 74],
    [36, 64],
    [33, 67],
    [25, 75],
    [39, 61],
    [35, 65],
    [36, 64]
  ],
  "W": [
    [69, 31],
    [79, 21],
    [77, 23],
    [63, 37],
    [76, 24],
    [73, 27],
    [79, 21],
    [78, 22],
    [77, 23],
    [69, 31],
    [73, 27],
    [79, 21],
    [65, 35],
    [71, 29],
    [76, 24],
    [75, 25],
    [75, 25],
    [73, 27],
    [80, 20],
    [79, 21],
    [77, 23],
    [78, 22],
    [81, 19],
    [66, 34],
    [72, 28],
    [29, 71],
    [24, 76],
    [25, 75],
    [22, 78],
    [19, 81],
    [24, 76],
    [17, 83],
    [28, 72],
    [25, 75],
    [25, 75],
    [29, 71],
    [19, 81],
    [27, 73],
    [23, 77],
    [28, 72],
    [20, 80],
    [22, 78],
    [31, 69],
    [23, 77],
    [27, 73],
    [29, 71],
    [25, 75],
    [32, 68],
    [32, 68],
    [35, 65]
  ],
  "method": "mult",
  "cond_prob": [
    [
      [0.81224388427, 0.18775611573],
      [0.11841741061, 0.88158258939]
    ],
    [
      [0.81302709498, 0.18697290502],
      [0.11871319835, 0.88128680165]
    ],
    [
      [0.84162035622, 0.15837964378],
      [0.14142032974, 0.85857967026]
    ],
    [
      [0.78067168271, 0.21932831729],
      [0.099583262096, 0.9004167379]
    ],
    [
      [0.8393569067, 0.1606430933],
      [0.13941520623, 0.86058479377]
    ],
    [
      [0.82661194848, 0.17338805152],
      [0.1288581561, 0.8711418439]
    ],
    [
      [0.80610697729, 0.19389302271],
      [0.11409649782, 0.88590350218]
    ],
    [
      [0.79703004442, 0.20296995558],
      [0.10848297609, 0.89151702391]
    ],
    [
      [0.8019299262, 0.1980700738],
      [0.11150330705, 0.88849669295]
    ],
    [
      [0.83679278473, 0.16320721527],
      [0.13733492259, 0.86266507741]
    ],
    [
      [0.80726133062, 0.19273866938],
      [0.11500732317, 0.88499267683]
    ],
    [
      [0.79909615516, 0.20090384484],
      [0.10969908586, 0.89030091414]
    ],
    [
      [0.78471547873, 0.21528452127],
      [0.10171832497, 0.89828167503]
    ],
    [
      [0.82252487301, 0.17747512699],
      [0.1257631317, 0.8742368683]
    ],
    [
      [0.79988062472, 0.20011937528],
      [0.11026294416, 0.88973705584]
    ],
    [
      [0.76228081826, 0.23771918174],
      [0.090452011202, 0.9095479888]
    ],
    [
      [0.76228081826, 0.23771918174],
      [0.090452011202, 0.9095479888]
    ],
    [
      [0.85105292716, 0.14894707284],
      [0.15058598223, 0.84941401777]
    ],
    [
      [0.78681243798, 0.21318756202],
      [0.10257056747, 0.89742943253]
    ],
    [
      [0.80610697729, 0.19389302271],
      [0.11409649782, 0.88590350218]
    ],
    [
      [0.7735561621, 0.2264438379],
      [0.09574909354, 0.90425090646]
    ],
    [
      [0.83098012473, 0.16901987527],
      [0.13220794209, 0.86779205791]
    ],
    [
      [0.78884921294, 0.21115078706],
      [0.10366524432, 0.89633475568]
    ],
    [
      [0.7999613177, 0.2000386823],
      [0.11049485615, 0.88950514385]
    ],
    [
      [0.81822384854, 0.18177615146],
      [0.12256834462, 0.87743165538]
    ],
    [
      [0.83147791353, 0.16852208647],
      [0.13245917848, 0.86754082152]
    ],
    [
      [0.84805202947, 0.15194797053],
      [0.1469955394, 0.8530044606]
    ],
    [
      [0.77723588867, 0.22276411133],
      [0.097296502564, 0.90270349744]
    ],
    [
      [0.8260475429, 0.1739524571],
      [0.12774956433, 0.87225043567]
    ],
    [
      [0.81231917569, 0.18768082431],
      [0.11756700193, 0.88243299807]
    ],
    [
      [0.80028482493, 0.19971517507],
      [0.11010285714, 0.88989714286]
    ],
    [
      [0.77812353276, 0.22187646724],
      [0.097300149742, 0.90269985026]
    ],
    [
      [0.82340683021, 0.17659316979],
      [0.12605280872, 0.87394719128]
    ],
    [
      [0.77723588867, 0.22276411133],
      [0.097296502564, 0.90270349744]
    ],
    [
      [0.81771536339, 0.18228463661],
      [0.12171203047, 0.87828796953]
    ],
    [
      [0.78914727824, 0.21085272176],
      [0.10379671967, 0.89620328033]
    ],
    [
      [0.77536158789, 0.22463841211],
      [0.096042843396, 0.9039571566]
    ],
    [
      [0.79986204076, 0.20013795924],
      [0.10998363381, 0.89001636619]
    ],
    [
      [0.82783955651, 0.17216044349],
      [0.12921573351, 0.87078426649]
    ],
    [
      [0.82340683021, 0.17659316979],
      [0.12605280872, 0.87394719128]
    ],
    [
      [0.82945749453, 0.17054250547],
      [0.13029584341, 0.86970415659]
    ],
    [
      [0.79488751228, 0.20511248772],
      [0.10676371679, 0.89323628321]
    ],
    [
      [0.76970691281, 0.23029308719],
      [0.093795454756, 0.90620454524]
    ],
    [
      [0.79765819633, 0.20234180367],
      [0.1084587688, 0.8915412312]
    ],
    [
      [0.84624548814, 0.15375451186],
      [0.14543188523, 0.85456811477]
    ],
    [
      [0.81861500366, 0.18138499634],
      [0.12254644699, 0.87745355301]
    ],
    [
      [0.77723588867, 0.22276411133],
      [0.097296502564, 0.90270349744]
    ],
    [
      [0.84188380414, 0.15811619586],
      [0.14158761546, 0.85841238454]
    ],
    [
      [0.81766168605, 0.18233831395],
      [0.12197136605, 0.87802863395]
    ],
    [
      [0.81025450817, 0.18974549183],
      [0.11691798682, 0.88308201318]
    ]
  ],