{
  "X": [
    [79, 21],
    [77, 23],
    [79, 21],
    [82, 18],
    [79, 21],
    [76, 24],
    [77, 23],
    [78, 22],
    [87, 13],
    [80, 20],
    [73, 27],
    [83, 17],
    [82, 18],
    [83, 17],
    [73, 27],
    [80, 20],
    [80, 20],
    [78, 22],
    [78, 22],
    [81, 19],
    [77, 23],
    [79, 21],
    [80, 20],
    [78, 22],
    [82, 18],
    [74, 26],
    [71, 29],
    [72, 28],
    [76, 24],
    [76, 24],
    [80, 20],
    [72, 28],
    [71, 29],
    [68, 32],
    [73, 27],
    [70, 30],
    [71, 29],
    [75, 25],
    [75, 25],
    [75, 25],
    [75, 25],
    [72, 28],
    [76, 24],
    [65, 35],
    [72, 28],
    [73, 27],
    [78, 22],
    [75, 25],
    [76, 24],
    [78, 22]
  ],
  "W": [
    [75, 25],
    [72, 28],
    [76, 24],
    [70, 30],
    [70, 30],
    [86, 14],
    [86, 14],
    [78, 22],
    [78, 22],
    [79, 21],
    [74, 26],
    [80, 20],
    [80, 20],
    [81, 19],
    [67, 33],
    [70, 30],
    [82, 18],
    [65, 35],
    [75, 25],
    [77, 23],
    [75, 25],
    [76, 24],
    [72, 28],
    [72, 28],
    [81, 19],
    [24, 76],
    [23, 77],
    [17, 83],
    [19, 81],
    [26, 74],
    [24, 76],
    [19, 81],
    [24, 76],
    [29, 71],
    [25, 75],
    [20, 80],
    [23, 77],
    [35, 65],
    [24, 76],
    [24, 76],
    [20, 80],
    [27, 73],
    [24, 76],
    [27, 73],
    [26, 74],
    [22, 78],
    [19, 81],
    [29, 71],
    [24, 76],
    [29, 71]
  ],
  "method": "mult",
  "cond_prob": [
    [
      [0.81669385847, 0.18330614153],
      [0.7096656232, 0.2903343768]
    ],
    [
      [0.80165867108, 0.19834132892],
      [0.68920790173, 0.31079209827]
    ],
    [
      [0.81572657872, 0.18427342128],
      [0.70833024602, 0.29166975398]
    ],
    [
      [0.84779541615, 0.15220458385],
      [0.75346624884, 0.24653375116]
    ],
    [
      [0.82141909719, 0.17858090281],
      [0.71621494965, 0.28378505035]
    ],
    [
      [0.7772217097, 0.2227782903],
      [0.65676691372, 0.34323308628]
    ],
    [
      [0.78670552528, 0.21329447472],
      [0.66919603826, 0.33080396174]
    ],
    [
      [0.8046210191, 0.1953789809],
      [0.6931761717, 0.3068238283]
    ],
    [
      [0.88602061372, 0.11397938628],
      [0.81004503653, 0.18995496347]
    ],
    [
      [0.82193847347, 0.17806152653],
      [0.71689093172, 0.28310906828]
    ],
    [
      [0.76318619689, 0.23681380311],
      [0.63874145047, 0.36125854953]
    ],
    [
      [0.84842772799, 0.15157227201],
      [0.75433208451, 0.24566791549]
    ],
    [
      [0.83930183941, 0.16069816059],
      [0.74126853389, 0.25873146611]
    ],
    [
      [0.84758059593, 0.15241940407],
      [0.75310730661, 0.24689269339]
    ],
    [
      [0.77110213384, 0.22889786616],
      [0.64894019109, 0.35105980891]
    ],
    [
      [0.83024444255, 0.16975555745],
      [0.72852110431, 0.27147889569]
    ],
    [
      [0.81903437787, 0.18096562213],
      [0.71285626732, 0.28714373268]
    ],
    [
      [0.81728330504, 0.18271669496],
      [0.71052429561, 0.28947570439]
    ],
    [
      [0.80765550594, 0.19234449406],
      [0.69730592353, 0.30269407647]
    ],
    [
      [0.8328930161, 0.1671069839],
      [0.7322123125, 0.2677876875]
    ],
    [
      [0.79858797349, 0.20141202651],
      [0.68506477538, 0.31493522462]
    ],
    [
      [0.81572657872, 0.18427342128],
      [0.70833024602, 0.29166975398]
    ],
    [
      [0.8284492794, 0.1715507206],
      [0.72599602589, 0.27400397411]
    ],
    [
      [0.81062074442, 0.18937925558],
      [0.70135821336, 0.29864178664]
    ],
    [
      [0.83841341706, 0.16158658294],
      [0.74000107571, 0.25999892429]
    ],
    [
      [0.82011401315, 0.17988598685],
      [0.71457860609, 0.28542139391]
    ],
    [
      [0.79770587379, 0.20229412621],
      [0.68409119592, 0.31590880408]
    ],
    [
      [0.81056627543, 0.18943372457],
      [0.701488633, 0.298511367]
    ],
    [
      [0.83903964992, 0.16096035008],
      [0.74111574964, 0.25888425036]
    ],
    [
      [0.83380324439, 0.16619675561],
      [0.73368549429, 0.26631450571]
    ],
    [
      [0.86499897292, 0.13500102708],
      [0.77869061391, 0.22130938609]
    ],
    [
      [0.8089005491, 0.1910994509],
      [0.69921401446, 0.30078598554]
    ],
    [
      [0.79681985403, 0.20318014597],
      [0.68290229126, 0.31709770874]
    ],
    [
      [0.76804402252, 0.23195597748],
      [0.64516027175, 0.35483972825]
    ],
    [
      [0.81157523996, 0.18842476004],
      [0.70284243206, 0.29715756794]
    ],
    [
      [0.79253796964, 0.20746203036],
      [0.67720449649, 0.32279550351]
    ],
    [
      [0.79770587379, 0.20229412621],
      [0.68409119592, 0.31590880408]
    ],
    [
      [0.81883842207, 0.18116157793],
      [0.71278278395, 0.28721721605]
    ],
    [
      [0.82774994213, 0.17225005787],
      [0.72519325583, 0.27480674417]
    ],
    [
      [0.82774994213, 0.17225005787],
      [0.72519325583, 0.27480674417]
    ],
    [
      [0.83084200736, 0.16915799264],
      [0.72953580241, 0.27046419759]
    ],
    [
      [0.80203826295, 0.19796173705],
      [0.68989860797, 0.31010139203]
    ],
    [
      [0.83532280537, 0.16467719463],
      [0.7358360297, 0.2641639703]
    ],
    [
      [0.74529235195, 0.25470764805],
      [0.61638277815, 0.38361722185]
    ],
    [
      [0.80291396298, 0.19708603702],
      [0.69108242171, 0.30891757829]
    ],
    [
      [0.81407714858, 0.18592285142],
      [0.70627439526, 0.29372560474]
    ],
    [
      [0.85372076022, 0.14627923978],
      [0.76219703248, 0.23780296752]
    ],
    [
      [0.82377559384, 0.17622440616],
      [0.71963928222, 0.28036071778]
    ],
    [
      [0.83532280537, 0.16467719463],
      [0.7358360297, 0.2641639703]
    ],
    [
      [0.84673171597, 0.15326828403],
      [0.75207823512, 0.24792176488]
    ]
  ],