{
  "X": [
    [42, 58],
    [39, 61],
    [31, 69],
    [28, 72],
    [39, 61],
    [41, 59],
    [25, 75],
    [42, 58],
    [29, 71],
    [37, 63],
    [27, 73],
    [29, 71],
    [37, 63],
    [30, 70],
    [35, 65],
    [24, 76],
    [36, 64],
    [33, 67],
    [40, 60],
    [27, 73],
    [32, 68],
    [26, 74],
    [37, 63],
    [28, 72],
    [32, 68],
    [47, 53],
    [43, 57],
    [40, 60],
    [37, 63],
    [38, 62],
    [40, 60],
    [34, 66],
    [49, 51],
    [43, 57],
    [46, 54],
    [39, 61],
    [34, 66],
    [36, 64],
    [49, 51],
    [47, 53],
    [40, 60],
    [33, 67],
    [45, 55],
    [43, 57],
    [43, 57],
    [43, 57],
    [41, 59],
    [45, 55],
    [44, 56],
    [39, 61]
  ],
  "W": [
    [71, 29],
    [67, 33],
    [68, 32],
    [67, 33],
    [75, 25],
    [75, 25],
    [77, 23],
    [84, 16],
    [77, 23],
    [71, 29],
    [78, 22],
    [80, 20],
    [72, 28],
    [74, 26],
    [70, 30],
    [83, 17],
    [80, 20],
    [75, 25],
    [76, 24],
    [76, 24],
    [67, 33],
    [74, 26],
    [80, 20],
    [79, 21],
    [79, 21],
    [25, 75],
    [25, 75],
    [29, 71],
    [23, 77],
    [27, 73],
    [22, 78],
    [31, 69],
    [19, 81],
    [26, 74],
    [18, 82],
    [28, 72],
    [22, 78],
    [31, 69],
    [21, 79],
    [22, 78],
    [27, 73],
    [31, 69],
    [24, 76],
    [17, 83],
    [33, 67],
    [18, 82],
    [27, 73],
    [21, 79],
    [33, 67],
    [25, 75]
  ],
  "method": "mult",
  "cond_prob": [
    [
      [0.36525480049, 0.63474519951],
      [0.54620439625, 0.45379560375]
    ],
    [
      [0.33016109048, 0.66983890952],
      [0.50761064101, 0.49238935899]
    ],
    [
      [0.25870341976, 0.74129658024],
      [0.4219437702, 0.5780562298]
    ],
    [
      [0.23065685678, 0.76934314322],
      [0.3853965461, 0.6146034539]
    ],
    [
      [0.34376116982, 0.65623883018],
      [0.52285287002, 0.47714712998]
    ],
    [
      [0.36280024274, 0.63719975726],
      [0.5435945393, 0.4564054607]
    ],
    [
      [0.2171310275, 0.7828689725],
      [0.36717144365, 0.63282855635]
    ],
    [
      [0.38888208953, 0.61111791047],
      [0.57107367271, 0.42892632729]
    ],
    [
      [0.25365060196, 0.74634939804],
      [0.41553199802, 0.58446800198]
    ],
    [
      [0.31819660652, 0.68180339348],
      [0.49397602941, 0.50602397059]
    ],
    [
      [0.23672174787, 0.76327825213],
      [0.39350023814, 0.60649976186]
    ],
    [
      [0.25808207656, 0.74191792344],
      [0.42121111356, 0.57878888644]
    ],
    [
      [0.31985171082, 0.68014828918],
      [0.49588522673, 0.50411477327]
    ],
    [
      [0.25841175784, 0.74158824216],
      [0.42160041318, 0.57839958682]
    ],
    [
      [0.29807236219, 0.70192763781],
      [0.47040015979, 0.52959984021]
    ],
    [
      [0.21588878873, 0.78411121127],
      [0.36550173234, 0.63449826766]
    ],
    [
      [0.32389235928, 0.67610764072],
      [0.50055406827, 0.49944593173]
    ],
    [
      [0.28752182893, 0.71247817107],
      [0.45775157357, 0.54224842643]
    ],
    [
      [0.3550225628, 0.6449774372],
      [0.53520145127, 0.46479854873]
    ],
    [
      [0.23394078243, 0.76605921757],
      [0.38980824304, 0.61019175696]
    ],
    [
      [0.26621415441, 0.73378584559],
      [0.43143110266, 0.56856889734]
    ],
    [
      [0.22219671002, 0.77780328998],
      [0.3740507828, 0.6259492172]
    ],
    [
      [0.333411883, 0.666588117],
      [0.51133895686, 0.48866104314]
    ],
    [
      [0.24734589773, 0.75265410227],
      [0.40741012108, 0.59258987892]
    ],
    [
      [0.28452445667, 0.71547554333],
      [0.45413122676, 0.54586877324]
    ],
    [
      [0.33530093198, 0.66469906802],
      [0.51326205843, 0.48673794157]
    ],
    [
      [0.30026992861, 0.69973007139],
      [0.47286514613, 0.52713485387]
    ],
    [
      [0.2805905486, 0.7194094514],
      [0.4491432907, 0.5508567093]
    ],
    [
      [0.24780104423, 0.75219895577],
      [0.40781045114, 0.59218954886]
    ],
    [
      [0.26121158939, 0.73878841061],
      [0.42499602705, 0.57500397295]
    ],
    [
      [0.2707917671, 0.7292082329],
      [0.43701962791, 0.56298037209]
    ],
    [
      [0.23410705709, 0.76589294291],
      [0.38987351899, 0.61012648101]
    ],
    [
      [0.34387732286, 0.65612267714],
      [0.52279849761, 0.47720150239]
    ],
    [
      [0.30174491594, 0.69825508406],
      [0.47461499245, 0.52538500755]
    ],
    [
      [0.31575342052, 0.68424657948],
      [0.4909900237, 0.5090099763]
    ],
    [
      [0.27082963413, 0.72917036587],
      [0.43707908876, 0.56292091124]
    ],
    [
      [0.22297059296, 0.77702940704],
      [0.37493668789, 0.62506331211]
    ],
    [
      [0.250239792, 0.749760208],
      [0.41098042474, 0.58901957526]
    ],
    [
      [0.34702818227, 0.65297181773],
      [0.52627748993, 0.47372251007]
    ],
    [
      [0.33064076651, 0.66935923349],
      [0.50801284918, 0.49198715082]
    ],
    [
      [0.27776047828, 0.72223952172],
      [0.44566194555, 0.55433805445]
    ],
    [
      [0.22615434733, 0.77384565267],
      [0.37924954336, 0.62075045664]
    ],
    [
      [0.31608240571, 0.68391759429],
      [0.49138184215, 0.50861815785]
    ],
    [
      [0.28867766879, 0.71132233121],
      [0.45896526673, 0.54103473327]
    ],
    [
      [0.31223653933, 0.68776346067],
      [0.48694181038, 0.51305818962]
    ],
    [
      [0.29010683054, 0.70989316946],
      [0.46069319765, 0.53930680235]
    ],
    [
      [0.286162003, 0.713837997],
      [0.45593603891, 0.54406396109]
    ],
    [
      [0.31156920061, 0.68843079939],
      [0.48613893538, 0.51386106462]
    ],
    [
      [0.32104036027, 0.67895963973],
      [0.49711114629, 0.50288885371]
    ],
    [
      [0.26669150874, 0.73330849126],
      [0.43189905602, 0.56810094398]
    ]
  ],