{
  "X": [
    [50, 50],
    [50, 50],
    [58, 42],
    [55, 45],
    [59, 41],
    [62, 38],
    [56, 44],
    [45, 55],
    [64, 36],
    [52, 48],
    [60, 40],
    [55, 45],
    [50, 50],
    [44, 56],
    [48, 52],
    [62, 38],
    [61, 39],
    [55, 45],
    [57, 43],
    [59, 41],
    [51, 49],
    [68, 32],
    [47, 53],
    [61, 39],
    [56, 44],
    [26, 74],
    [28, 72],
    [23, 77],
    [23, 77],
    [22, 78],
    [18, 82],
    [21, 79],
    [29, 71],
    [37, 63],
    [18, 82],
    [26, 74],
    [29, 71],
    [30, 70],
    [23, 77],
    [34, 66],
    [23, 77],
    [23, 77],
    [24, 76],
    [31, 69],
    [24, 76],
    [28, 72],
    [31, 69],
    [23, 77],
    [28, 72],
    [20, 80]
  ],
  "W": [
    [79, 21],
    [75, 25],
    [75, 25],
    [83, 17],
    [75, 25],
    [76, 24],
    [67, 33],
    [79, 21],
    [78, 22],
    [77, 23],
    [81, 19],
    [74, 26],
    [66, 34],
    [71, 29],
    [68, 32],
    [76, 24],
    [75, 25],
    [74, 26],
    [75, 25],
    [78, 22],
    [70, 30],
    [81, 19],
    [59, 41],
    [80, 20],
    [76, 24],
    [27, 73],
    [25, 75],
    [20, 80],
    [23, 77],
    [28, 72],
    [23, 77],
    [17, 83],
    [27, 73],
    [27, 73],
    [20, 80],
    [27, 73],
    [25, 75],
    [29, 71],
    [25, 75],
    [34, 66],
    [23, 77],
    [29, 71],
    [21, 79],
    [28, 72],
    [19, 81],
    [27, 73],
    [31, 69],
    [23, 77],
    [28, 72],
    [26, 74]
  ],
  "method": "exact",
  "cond_prob": [
    [
      [0.61352583514, 0.38647416486],
      [0.072926620185, 0.92707337982]
    ],
    [
      [0.63976401586, 0.36023598414],
      [0.080707952412, 0.91929204759]
    ],
    [
      [0.73361352884, 0.26638647116],
      [0.11915941347, 0.88084058653]
    ],
    [
      [0.64570034019, 0.35429965981],
      [0.082757162617, 0.91724283738]
    ],
    [
      [0.7448874899, 0.2551125101],
      [0.12533753029, 0.87466246971]
    ],
    [
      [0.77107374257, 0.22892625743],
      [0.14159981521, 0.85840018479]
    ],
    [
      [0.76737644462, 0.23262355538],
      [0.13896297608, 0.86103702392]
    ],
    [
      [0.55415732205, 0.44584267795],
      [0.058170074181, 0.94182992582]
    ],
    [
      [0.77900586558, 0.22099413442],
      [0.14716102203, 0.85283897797]
    ],
    [
      [0.65019152256, 0.34980847744],
      [0.084141424474, 0.91585857553]
    ],
    [
      [0.7149500435, 0.2850499565],
      [0.10994981456, 0.89005018544]
    ],
    [
      [0.70609422643, 0.29390577357],
      [0.10573181708, 0.89426818292]
    ],
    [
      [0.70373909954, 0.29626090046],
      [0.10450645383, 0.89549354617]
    ],
    [
      [0.59231057988, 0.40768942012],
      [0.06710168375, 0.93289831625]
    ],
    [
      [0.66410497988, 0.33589502012],
      [0.088776917763, 0.91122308224]
    ],
    [
      [0.77107374257, 0.22892625743],
      [0.14159981521, 0.85840018479]
    ],
    [
      [0.76703802248, 0.23296197752],
      [0.13888593257, 0.86111406743]
    ],
    [
      [0.70609422643, 0.29390577357],
      [0.10573181708, 0.89426818292]
    ],
    [
      [0.72221986234, 0.27778013766],
      [0.11334041299, 0.88665958701]
    ],
    [
      [0.72415461007, 0.27584538993],
      [0.11436092795, 0.88563907205]
    ],
    [
      [0.6868099661, 0.3131900339],
      [0.097443412441, 0.90255658756]
    ],
    [
      [0.80096616098, 0.19903383902],
      [0.16430215583, 0.83569784417]
    ],
    [
      [0.71914593751, 0.28085406249],
      [0.11147291919, 0.88852708081]
    ],
    [
      [0.73279348306, 0.26720651694],
      [0.11882606777, 0.88117393223]
    ],
    [
      [0.70376778817, 0.29623221183],
      [0.10473533745, 0.89526466255]
    ],
    [
      [0.69454682327, 0.30545317673],
      [0.099277202353, 0.90072279765]
    ],
    [
      [0.74598520691, 0.25401479309],
      [0.1246715977, 0.8753284023]
    ],
    [
      [0.7158290294, 0.2841709706],
      [0.10854274265, 0.89145725735]
    ],
    [
      [0.68347098391, 0.31652901609],
      [0.094547628182, 0.90545237182]
    ],
    [
      [0.60663515941, 0.39336484059],
      [0.069641882452, 0.93035811755]
    ],
    [
      [0.57613515182, 0.42386484818],
      [0.06167391569, 0.93832608431]
    ],
    [
      [0.71288861995, 0.28711138005],
      [0.10699871639, 0.89300128361]
    ],
    [
      [0.74239172796, 0.25760827204],
      [0.12267703213, 0.87732296787]
    ],
    [
      [0.83493006827, 0.16506993173],
      [0.19803956379, 0.80196043621]
    ],
    [
      [0.61453311915, 0.38546688085],
      [0.071366720212, 0.92863327979]
    ],
    [
      [0.69454682327, 0.30545317673],
      [0.099277202353, 0.90072279765]
    ],
    [
      [0.76012540494, 0.23987459506],
      [0.13329153169, 0.86670846831]
    ],
    [
      [0.73883828929, 0.26116171071],
      [0.1207561917, 0.8792438083]
    ],
    [
      [0.66112526796, 0.33887473204],
      [0.086291577348, 0.91370842265]
    ],
    [
      [0.75133201408, 0.24866798592],
      [0.12810168972, 0.87189831028]
    ],
    [
      [0.68347098391, 0.31652901609],
      [0.094547628182, 0.90545237182]
    ],
    [
      [0.61609115665, 0.38390884335],
      [0.07230079517, 0.92769920483]
    ],
    [
      [0.72234572896, 0.27765427104],
      [0.11178151509, 0.88821848491]
    ],
    [
      [0.76165593676, 0.23834406324],
      [0.13435602459, 0.86564397541]
    ],
    [
      [0.74208982877, 0.25791017123],
      [0.12222584263, 0.87777415737]
    ],
    [
      [0.72732873158, 0.27267126842],
      [0.11454964722, 0.88545035278]
    ],
    [
      [0.73533184856, 0.26466815144],
      [0.11890887963, 0.88109112037]
    ],
    [
      [0.68347098391, 0.31652901609],
      [0.094547628182, 0.90545237182]
    ],
    [
      [0.71769634852, 0.28230365148],
      [0.10978475335, 0.89021524665]
    ],
    [
      [0.58627070344, 0.41372929656],
      [0.064283266359, 0.93571673364]
    ]
  ],