{
  "X": [
    [96, 4],
    [96, 4],
    [95, 5],
    [97, 3],
    [93, 7],
    [92, 8],
    [97, 3],
    [97, 3],
    [93, 7],
    [94, 6],
    [97, 3],
    [96, 4],
    [97, 3],
    [96, 4],
    [95, 5],
    [96, 4],
    [97, 3],
    [94, 6],
    [99, 1],
    [96, 4],
    [95, 5],
    [99, 1],
    [95, 5],
    [94, 6],
    [99, 1],
    [95, 5],
    [97, 3],
    [98, 2],
    [96, 4],
    [96, 4],
    [93, 7],
    [94, 6],
    [95, 5],
    [99, 1],
    [98, 2],
    [96, 4],
    [97, 3],
    [97, 3],
    [96, 4],
    [94, 6],
    [97, 3],
    [96, 4],
    [97, 3],
    [96, 4],
    [97, 3],
    [95, 5],
    [98, 2],
    [97, 3],
    [97, 3],
    [95, 5]
  ],
  "W": [
    [78, 22],
    [78, 22],
    [77, 23],
    [72, 28],
    [75, 25],
    [76, 24],
    [67, 33],
    [73, 27],
    [71, 29],
    [70, 30],
    [76, 24],
    [68, 32],
    [72, 28],
    [69, 31],
    [82, 18],
    [81, 19],
    [71, 29],
    [74, 26],
    [78, 22],
    [74, 26],
    [78, 22],
    [76, 24],
    [79, 21],
    [77, 23],
    [79, 21],
    [29, 71],
    [23, 77],
    [33, 67],
    [24, 76],
    [27, 73],
    [23, 77],
    [25, 75],
    [24, 76],
    [25, 75],
    [25, 75],
    [31, 69],
    [25, 75],
    [21, 79],
    [23, 77],
    [23, 77],
    [28, 72],
    [29, 71],
    [23, 77],
    [33, 67],
    [21, 79],
    [23, 77],
    [24, 76],
    [25, 75],
    [20, 80],
    [22, 78]
  ],
  "method": "exact",
  "cond_prob": [
    [
      [0.95896894646, 0.041031053541],
      [0.96365555346, 0.036344446536]
    ],
    [
      [0.95896894646, 0.041031053541],
      [0.96365555346, 0.036344446536]
    ],
    [
      [0.94866419567, 0.051335804335],
      [0.9544720406, 0.045527959401]
    ],
    [
      [0.96899930728, 0.031000692722],
      [0.97257320986, 0.027426790144]
    ],
    [
      [0.92800302981, 0.071996970188],
      [0.93599091056, 0.064009089437]
    ],
    [
      [0.91783346936, 0.082166530644],
      [0.92686068037, 0.073139319628]
    ],
    [
      [0.96881368696, 0.031186313042],
      [0.97240857496, 0.027591425037]
    ],
    [
      [0.96903617176, 0.030963828244],
      [0.97260590599, 0.027394094008]
    ],
    [
      [0.92767355504, 0.072326444963],
      [0.93569577905, 0.064304220953]
    ],
    [
      [0.93791381726, 0.062086182735],
      [0.94486775972, 0.055132240285]
    ],
    [
      [0.96914625133, 0.030853748669],
      [0.97270353745, 0.02729646255]
    ],
    [
      [0.95848304596, 0.041516954041],
      [0.96322352734, 0.036776472663]
    ],
    [
      [0.96899930728, 0.031000692722],
      [0.97257320986, 0.027426790144]
    ],
    [
      [0.95853213756, 0.041467862436],
      [0.96326717768, 0.03673282232]
    ],
    [
      [0.94896038521, 0.051039614794],
      [0.95473602295, 0.04526397705]
    ],
    [
      [0.95911257175, 0.040887428247],
      [0.96378324674, 0.036216753264]
    ],
    [
      [0.96896235667, 0.031037643333],
      [0.97254043713, 0.027459562874]
    ],
    [
      [0.93819989214, 0.06180010786],
      [0.94512338391, 0.054876616091]
    ],
    [
      [0.98973475025, 0.010265249752],
      [0.99094043094, 0.0090595690609]
    ],
    [
      [0.95877591636, 0.041224083635],
      [0.96348393035, 0.036516069653]
    ],
    [
      [0.94872369726, 0.051276302737],
      [0.95452507334, 0.04547492666]
    ],
    [
      [0.98970993719, 0.010290062812],
      [0.99091853224, 0.0090814677615]
    ],
    [
      [0.9487830666, 0.051216933404],
      [0.95457798757, 0.045422012434]
    ],
    [
      [0.93841281185, 0.061587188152],
      [0.9453136299, 0.054686370101]
    ],
    [
      [0.98974711196, 0.010252888043],
      [0.99095134073, 0.0090486592671]
    ],
    [
      [0.94564388377, 0.054356116233],
      [0.95177925874, 0.048220741257]
    ],
    [
      [0.96708131767, 0.03291868233],
      [0.9708718142, 0.029128185798]
    ],
    [
      [0.97830964526, 0.021690354743],
      [0.98083256278, 0.019167437216]
    ],
    [
      [0.95620573503, 0.043794264967],
      [0.96119818894, 0.038801811063]
    ],
    [
      [0.95636864604, 0.043631353955],
      [0.96134310352, 0.038656896482]
    ],
    [
      [0.92348837986, 0.07651162014],
      [0.93194502939, 0.068054970608]
    ],
    [
      [0.93451400634, 0.065485993665],
      [0.94182866455, 0.058171335445]
    ],
    [
      [0.94530964456, 0.054690355442],
      [0.95148116488, 0.048518835123]
    ],
    [
      [0.9890340118, 0.010965988205],
      [0.99032199607, 0.0096780039318]
    ],
    [
      [0.9780887352, 0.0219112648],
      [0.98063708827, 0.019362911733]
    ],
    [
      [0.95658404757, 0.04341595243],
      [0.96153470327, 0.038465296734]
    ],
    [
      [0.96716413328, 0.032835866719],
      [0.97094528891, 0.029054711094]
    ],
    [
      [0.96699809276, 0.033001907237],
      [0.97079797534, 0.029202024659]
    ],
    [
      [0.95615116994, 0.04384883006],
      [0.96114965054, 0.038850349463]
    ],
    [
      [0.93435474285, 0.065645257146],
      [0.94168624564, 0.058313754359]
    ],
    [
      [0.96728759569, 0.032712404309],
      [0.9710548239, 0.028945176102]
    ],
    [
      [0.95647660434, 0.04352339566],
      [0.96143913344, 0.038560866561]
    ],
    [
      [0.96708131767, 0.03291868233],
      [0.9708718142, 0.029128185798]
    ],
    [
      [0.95669097928, 0.043309020723],
      [0.96162981618, 0.038370183823]
    ],
    [
      [0.96699809276, 0.033001907237],
      [0.97079797534, 0.029202024659]
    ],
    [
      [0.94524232561, 0.054757674388],
      [0.95142112352, 0.048578876481]
    ],
    [
      [0.97806080817, 0.021939191828],
      [0.98061237637, 0.019387623633]
    ],
    [
      [0.96716413328, 0.032835866719],
      [0.97094528891, 0.029054711094]
    ],
    [
      [0.9669563259, 0.033043674102],
      [0.97076091853, 0.029239081474]
    ],
    [
      [0.94517484841, 0.054825151593],
      [0.95136094019, 0.048639059807]
    ]
  ],