{
  "X": [
    [60, 40],
    [67, 33],
    [70, 30],
    [51, 49],
    [69, 31],
    [65, 35],
    [66, 34],
    [64, 36],
    [64, 36],
    [64, 36],
    [62, 38],
    [65, 35],
    [53, 47],
    [63, 37],
    [63, 37],
    [57, 43],
    [57, 43],
    [69, 31],
    [64, 36],
    [66, 34],
    [60, 40],
    [69, 31],
    [65, 35],
    [56, 44],
    [63, 37],
    [35, 65],
    [34, 66],
    [25, 75],
    [29, 71],
    [25, 75],
    [27, 73],
    [20, 80],
    [33, 67],
    [25, 75],
    [30, 70],
    [29, 71],
    [21, 79],
    [29, 71],
    [30, 70],
    [33, 67],
    [28, 72],
    [25, 75],
    [28, 72],
    [26, 74],
    [36, 64],
    [33, 67],
    [25, 75],
    [39, 61],
    [35, 65],
    [36, 64]
  ],
  "W": [
    [69, 31],
    [79, 21],
    [77, 23],
    [63, 37],
    [76, 24],
    [73, 27],
    [79, 21],
    [78, 22],
    [77, 23],
    [69, 31],
    [73, 27],
    [79, 21],
    [65, 35],
    [71, 29],
    [76, 24],
    [75, 25],
    [75, 25],
    [73, 27],
    [80, 20],
    [79, 21],
    [77, 23],
    [78, 22],
    [81, 19],
    [66, 34],
    [72, 28],
    [29, 71],
    [24, 76],
    [25, 75],
    [22, 78],
    [19, 81],
    [24, 76],
    [17, 83],
    [28, 72],
    [25, 75],
    [25, 75],
    [29, 71],
    [19, 81],
    [27, 73],
    [23, 77],
    [28, 72],
    [20, 80],
    [22, 78],
    [31, 69],
    [23, 77],
    [27, 73],
    [29, 71],
    [25, 75],
    [32, 68],
    [32, 68],
    [35, 65]
  ],
  "method": "exact",
  "cond_prob": [
    [
      [0.81532350504, 0.18467649496],
      [0.12073155329, 0.87926844671]
    ],
    [
      [0.81585925953, 0.18414074047],
      [0.12129135701, 0.87870864299]
    ],
    [
      [0.86106596459, 0.13893403541],
      [0.16077916204, 0.83922083796]
    ],
    [
      [0.75732756817, 0.24267243183],
      [0.088874681232, 0.91112531877]
    ],
    [
      [0.8581284693, 0.1418715307],
      [0.15759318056, 0.84240681944]
    ],
    [
      [0.83895830672, 0.16104169328],
      [0.13911272629, 0.86088727371]
    ],
    [
      [0.80509071139, 0.19490928861],
      [0.1141825619, 0.8858174381]
    ],
    [
      [0.79071571434, 0.20928428566],
      [0.10564428551, 0.89435571449]
    ],
    [
      [0.7983127663, 0.2016872337],
      [0.10999639108, 0.89000360892]
    ],
    [
      [0.85717776863, 0.14282223137],
      [0.15660432143, 0.84339567857]
    ],
    [
      [0.80674145905, 0.19325854095],
      [0.11510642554, 0.88489357446]
    ],
    [
      [0.79417599874, 0.20582400126],
      [0.1076236238, 0.8923763762]
    ],
    [
      [0.76553167659, 0.23446832341],
      [0.092584029195, 0.9074159708]
    ],
    [
      [0.83267402966, 0.16732597034],
      [0.13379806532, 0.86620193468]
    ],
    [
      [0.79485754347, 0.20514245653],
      [0.10795111235, 0.89204888765]
    ],
    [
      [0.733448189, 0.266551811],
      [0.079655432996, 0.920344567]
    ],
    [
      [0.733448189, 0.266551811],
      [0.079655432996, 0.920344567]
    ],
    [
      [0.87801132261, 0.12198867739],
      [0.18167309072, 0.81832690928]
    ],
    [
      [0.77556793285, 0.22443206715],
      [0.097728268605, 0.90227173139]
    ],
    [
      [0.80509071139, 0.19490928861],
      [0.1141825619, 0.8858174381]
    ],
    [
      [0.75310779093, 0.24689220907],
      [0.087421743403, 0.9125782566]
    ],
    [
      [0.84407919317, 0.15592080683],
      [0.1437192242, 0.8562807758]
    ],
    [
      [0.77912181253, 0.22087818747],
      [0.09953332554, 0.90046667446]
    ],
    [
      [0.79341835511, 0.20658164489],
      [0.10689378126, 0.89310621874]
    ],
    [
      [0.82523652347, 0.17476347653],
      [0.12796322536, 0.87203677464]
    ],
    [
      [0.84751803988, 0.15248196012],
      [0.14678840625, 0.85321159375]
    ],
    [
      [0.87027524746, 0.12972475254],
      [0.1725446587, 0.8274553413]
    ],
    [
      [0.74866892515, 0.25133107485],
      [0.083777024951, 0.91622297505]
    ],
    [
      [0.83594940511, 0.16405059489],
      [0.13601427035, 0.86398572965]
    ],
    [
      [0.8129377599, 0.1870622401],
      [0.11795287113, 0.88204712887]
    ],
    [
      [0.79239678534, 0.20760321466],
      [0.1050325941, 0.8949674059]
    ],
    [
      [0.75553857432, 0.24446142568],
      [0.086214990803, 0.9137850092]
    ],
    [
      [0.83369107068, 0.16630892932],
      [0.13412013918, 0.86587986082]
    ],
    [
      [0.74866892515, 0.25133107485],
      [0.083777024951, 0.91622297505]
    ],
    [
      [0.82320028475, 0.17679971525],
      [0.12559990508, 0.87440009492]
    ],
    [
      [0.77057453041, 0.22942546959],
      [0.093708994621, 0.90629100538]
    ],
    [
      [0.74899947759, 0.25100052241],
      [0.083568023775, 0.91643197623]
    ],
    [
      [0.7913807518, 0.2086192482],
      [0.10455780413, 0.89544219587]
    ],
    [
      [0.83922083796, 0.16077916204],
      [0.13893403541, 0.86106596459]
    ],
    [
      [0.83369107068, 0.16630892932],
      [0.13412013918, 0.86587986082]
    ],
    [
      [0.8403187808, 0.1596812192],
      [0.1399203048, 0.8600796952]
    ],
    [
      [0.78293721084, 0.21706278916],
      [0.099684376431, 0.90031562357]
    ],
    [
      [0.73109540967, 0.26890459033],
      [0.07733394638, 0.92266605362]
    ],
    [
      [0.78775640377, 0.21224359623],
      [0.10235847679, 0.89764152321]
    ],
    [
      [0.86953958581, 0.13046041419],
      [0.1715401532, 0.8284598468]
    ],
    [
      [0.82563654366, 0.17436345634],
      [0.1275569047, 0.8724430953]
    ],
    [
      [0.74866892515, 0.25133107485],
      [0.083777024951, 0.91622297505]
    ],
    [
      [0.86538848857, 0.13461151143],
      [0.16628777008, 0.83371222992]
    ],
    [
      [0.82448658474, 0.17551341526],
      [0.12671219542, 0.87328780458]
    ],
    [
      [0.81111039707, 0.18888960293],
      [0.11709440158, 0.88290559842]
    ]
  ],