{
  "X": [
    [0, 7, 14, 16],
    [42, 97, 749, 197],
    [19, 28, 302, 29],
    [39, 388, 778, 264],
    [13, 370, 434, 245],
    [19, 445, 487, 243],
    [38, 84, 836, 137],
    [44, 63, 837, 133],
    [20, 113, 639, 119],
    [25, 57, 659, 101],
    [73, 9, 860, 106],
    [46, 43, 795, 133],
    [9, 17, 228, 25],
    [32, 26, 889, 117],
    [10, 6, 232, 39],
    [27, 6, 759, 103],
    [22, 93, 533, 123],
    [30, 131, 550, 133],
    [27, 39, 747, 106],
    [26, 40, 888, 125],
    [35, 118, 662, 179],
    [25, 25, 613, 103],
    [14, 72, 530, 92],
    [6, 51, 245, 59],
    [18, 225, 379, 75],
    [17, 125, 363, 92],
    [12, 156, 447, 116],
    [30, 200, 731, 186],
    [2, 27, 153, 29],
    [39, 195, 813, 194],
    [14, 59, 264, 59],
    [115, 273, 2127, 408],
    [4, 25, 90, 22]
  ],
  "W": [
    [21, 6, 0, 10],
    [808, 111, 30, 136],
    [299, 29, 16, 34],
    [816, 383, 83, 187],
    [457, 371, 82, 152],
    [498, 458, 91, 147],
    [863, 103, 36, 93],
    [872, 79, 26, 100],
    [676, 97, 42, 76],
    [684, 51, 33, 74],
    [875, 48, 28, 97],
    [835, 54, 30, 98],
    [240, 17, 1, 21],
    [910, 38, 23, 93],
    [247, 6, 9, 25],
    [759, 30, 25, 81],
    [558, 109, 26, 78],
    [565, 129, 51, 99],
    [756, 42, 27, 94],
    [927, 36, 33, 83],
    [696, 116, 54, 128],
    [655, 32, 13, 66],
    [543, 84, 18, 63],
    [246, 55, 18, 42],
    [384, 213, 36, 64],
    [362, 142, 41, 52],
    [454, 154, 41, 82],
    [770, 219, 51, 107],
    [150, 29, 10, 22],
    [816, 211, 90, 124],
    [279, 63, 20, 34],
    [2256, 302, 80, 285],
    [81, 26, 7, 27]
  ],
  "method": "mult",
  "cond_prob": [
    [
      [0, 0.11762316726, 0.66666666667, 0.21571016608],
      [0, 0.75498558127, 0, 0.24501441873],
      [0, 0.10599417727, 0.42879905982, 0.46520676291],
      [0, 0, 0, 1]
    ],
    [
      [0.034086953691, 0.012710715787, 0.90343061757, 0.049771712951],
      [0.018309423118, 0.73981901896, 0, 0.24187155792],
      [8.3524732474e-05, 0.07245868296, 0.5786230823, 0.34883471001],
      [0.091344777278, 0.017912279782, 0.012274768631, 0.87846817431]
    ],
    [
      [0.026838656716, 0.0051381767619, 0.96802316652, 0],
      [0.02897250992, 0.83229857037, 0.0050905649358, 0.13363835477],
      [0, 0.083322861304, 0.71108747082, 0.20558966788],
      [0.29808937807, 0.02923120078, 0.030471979222, 0.64220744193]
    ],
    [
      [0.028711887584, 0.061239781366, 0.88978528217, 0.020263048876],
      [0, 0.84055985161, 0, 0.15944014839],
      [0, 0.10562642868, 0.60019346482, 0.2941801065],
      [0.083267913002, 0.039181399244, 0.011332364524, 0.86621832323]
    ],
    [
      [0.015974777144, 0.10477847242, 0.84824582133, 0.0310009291],
      [0, 0.82439206046, 0, 0.17560793954],
      [0, 0.11194750746, 0.56526414208, 0.32278835046],
      [0.037496887139, 0.046625579347, 0, 0.91587753351]
    ],
    [
      [0.021981204833, 0.089066765035, 0.8679660037, 0.020986026436],
      [0, 0.83904649657, 0, 0.16095350343],
      [0, 0.10966424358, 0.5892910519, 0.30104470451],
      [0.054784761859, 0.043415030037, 0.0076696900385, 0.89413051806]
    ],
    [
      [0.030849362595, 0.0037223449629, 0.94057747731, 0.024850815135],
      [0.020834756734, 0.74457963377, 0.0025135326983, 0.2320720768],
      [4.249246749e-05, 0.0674330492, 0.61872053565, 0.31380392268],
      [0.099241832347, 0.017938970405, 0.018804343358, 0.86401485389]
    ],
    [
      [0.035140880851, 0.0022882241637, 0.93883614824, 0.023734746743],
      [0.025222212104, 0.7306955905, 0.0022727663953, 0.241809431],
      [4.2474686714e-05, 0.063067380856, 0.62515920212, 0.31173094233],
      [0.113634928, 0.016399649778, 0.019011909323, 0.8509535129]
    ],
    [
      [0.020984679081, 0.040415625718, 0.90714083367, 0.031458861527],
      [0.0079657213973, 0.81646800542, 0, 0.17556627319],
      [8.2398351311e-06, 0.099245443417, 0.58693972441, 0.31380659234],
      [0.066333367005, 0.030438577183, 0.014754315938, 0.88847373987]
    ],
    [
      [0.025998704601, 0.018099179127, 0.93181960473, 0.024082511546],
      [0.015309633879, 0.78728286031, 0.0010449730662, 0.19636253275],
      [2.1715984553e-05, 0.081831876306, 0.61323435878, 0.30491204893],
      [0.086964568887, 0.023895725447, 0.018180579751, 0.87095912591]
    ],
    [
      [0.042350194002, 0, 0.957649806, 0],
      [0.29877437751, 0.1796660651, 0.0048101215471, 0.51674943585],
      [0, 0.013429602689, 0.69865571253, 0.28791468478],
      [0.22270525905, 0, 0.023331690376, 0.75396305057]
    ],
    [
      [0.039275409414, 0.0026474352419, 0.92783871654, 0.030238438801],
      [0.029412514011, 0.69872625629, 0.0015035148794, 0.27035771482],
      [6.5354347772e-05, 0.056403584421, 0.6164883693, 0.32704269194],
      [0.11851833421, 0.013939451026, 0.017130926571, 0.85041128819]
    ],
    [
      [0.027434878213, 0.012261953362, 0.94540920905, 0.014893959375],
      [0.017465643247, 0.79349289551, 0.001864806871, 0.18717665438],
      [2.1958963376e-05, 0.078014362551, 0.63849695411, 0.28346672438],
      [0.10089006356, 0.023320838428, 0.020551959859, 0.85523713815]
    ],
    [
      [0.02420747935, 0, 0.95837775483, 0.017414765819],
      [0.02471755749, 0.65430751541, 0.0021916087902, 0.31878331831],
      [1.8966593751e-05, 0.04242154533, 0.64683009654, 0.31072939154],
      [0.097112799737, 0.0017270846426, 0.020600749989, 0.88055936563]
    ],
    [
      [0.031552552075, 0.0060611858776, 0.9165106237, 0.045875638349],
      [0.024307012725, 0.64027023714, 0.00089623094346, 0.33452651919],
      [6.7512332916e-05, 0.044455212331, 0.58714166176, 0.36833561358],
      [0.082402798004, 0.010446750177, 0.013288944202, 0.89386150762]
    ],
    [
      [0.017960217057, 0, 0.97544041096, 0.0065993719873],
      [0.20260458433, 0.19007426926, 0.0038414121228, 0.60347973429],
      [2.8173452507e-07, 0.011910876892, 0.66960219793, 0.31848664344],
      [0.090000625687, 0, 0.022042355215, 0.8879570191]
    ],
    [
      [0.025778593042, 0.012327332843, 0.92528564269, 0.036608431426],
      [0.015215963578, 0.75797035867, 0.00032854273923, 0.22648513502],
      [5.171969563e-05, 0.075080504293, 0.59304295152, 0.33182482449],
      [0.076354619751, 0.019878026507, 0.015842095914, 0.88792525783]
    ],
    [
      [0.030879331662, 0.032531875352, 0.91527019293, 0.021318600056],
      [0.015839809495, 0.8129609077, 0, 0.17119928281],
      [0, 0.094452160411, 0.61183009805, 0.29371774154],
      [0.10616002208, 0.029600738911, 0.016858646407, 0.8473805926]
    ],
    [
      [0.02345378551, 0.0050846367024, 0.9617995146, 0.0096620631914],
      [0.018312336602, 0.75414678613, 0.0023822883938, 0.22515858887],
      [0, 0.063406685614, 0.65198257148, 0.2846107429],
      [0.090423617203, 0.018828394934, 0.023148738539, 0.86759924932]
    ],
    [
      [0.021599365257, 0.011049914322, 0.93494553303, 0.032405187387],
      [0.014569785033, 0.72861064355, 0.00099869724448, 0.25582087418],
      [2.8773377526e-05, 0.063474222749, 0.60269632758, 0.33380067629],
      [0.065685862944, 0.017254179578, 0.016633240564, 0.90042671691]
    ],
    [
      [0.0310525262, 0.027042078253, 0.90319554526, 0.038709850283],
      [0.014215659768, 0.78661393968, 0, 0.19917040056],
      [7.2848094133e-05, 0.087487726184, 0.58730813452, 0.32513129121],
      [0.091675714332, 0.025055932184, 0.012978603381, 0.8702897501]
    ],
    [
      [0.02924728105, 0.0039887233651, 0.9227600429, 0.044003952687],
      [0.021872628245, 0.65550719046, 0.00085776556277, 0.32176241573],
      [4.2856823433e-05, 0.049331997344, 0.58671968471, 0.36390546112],
      [0.077917419236, 0.011664244479, 0.014202537918, 0.89621579837]
    ],
    [
      [0.017260975435, 0.0083152924751, 0.95278500224, 0.021638729852],
      [0.010972809992, 0.77157481833, 0.0029990040698, 0.21445336761],
      [1.5018515007e-05, 0.074082418907, 0.61811124679, 0.30779131579],
      [0.058814348671, 0.021254411212, 0.019997222232, 0.89993401789]
    ],
    [
