{
  "X": [
    [59, 7, 34],
    [56, 8, 36],
    [51, 12, 37],
    [56, 4, 40],
    [48, 10, 42],
    [47, 8, 45],
    [54, 11, 35],
    [58, 10, 32],
    [50, 7, 43],
    [55, 9, 36],
    [59, 7, 34],
    [49, 9, 42],
    [54, 9, 37],
    [57, 8, 35],
    [50, 8, 42],
    [46, 7, 47],
    [59, 8, 33],
    [52, 16, 32],
    [54, 5, 41],
    [50, 8, 42],
    [54, 10, 36],
    [59, 8, 33],
    [51, 13, 36],
    [42, 11, 47],
    [59, 6, 35],
    [43, 8, 49],
    [55, 2, 43],
    [49, 3, 48],
    [51, 8, 41],
    [57, 5, 38],
    [48, 4, 48],
    [47, 6, 47],
    [50, 7, 43],
    [54, 3, 43],
    [57, 4, 39],
    [49, 2, 49],
    [53, 4, 43],
    [47, 7, 46],
    [53, 5, 42],
    [47, 4, 49],
    [46, 7, 47],
    [57, 6, 37],
    [52, 9, 39],
    [49, 5, 46],
    [45, 7, 48],
    [61, 6, 33],
    [39, 2, 59],
    [46, 2, 52],
    [49, 3, 48],
    [54, 5, 41]
  ],
  "W": [
    [79, 21],
    [75, 25],
    [74, 26],
    [71, 29],
    [72, 28],
    [77, 23],
    [80, 20],
    [68, 32],
    [79, 21],
    [86, 14],
    [73, 27],
    [71, 29],
    [73, 27],
    [75, 25],
    [82, 18],
    [69, 31],
    [81, 19],
    [78, 22],
    [69, 31],
    [73, 27],
    [77, 23],
    [79, 21],
    [74, 26],
    [75, 25],
    [77, 23],
    [33, 67],
    [26, 74],
    [22, 78],
    [26, 74],
    [19, 81],
    [23, 77],
    [26, 74],
    [33, 67],
    [21, 79],
    [32, 68],
    [21, 79],
    [18, 82],
    [22, 78],
    [20, 80],
    [23, 77],
    [32, 68],
    [25, 75],
    [28, 72],
    [15, 85],
    [28, 72],
    [26, 74],
    [27, 73],
    [22, 78],
    [21, 79],
    [24, 76]
  ],
  "method": "mcmc",
  "mcmc_stepsize": 3000,
  "mcmc_samples": 100,
  "burn_in": 10000,
  "cond_prob": [
    [
      [0.59190845133, 0.082731067727, 0.32536048094],
      [0.58282058785, 0.022106935694, 0.39507247645]
    ],
    [
      [0.5641336739, 0.10182642668, 0.33403989942],
      [0.54759897829, 0.014520719967, 0.43788030174]
    ],
    [
      [0.50583087783, 0.15227863722, 0.34189048496],
      [0.52186596311, 0.028130032537, 0.45000400435]
    ],
    [
      [0.58185411861, 0.050023880471, 0.36812200092],
      [0.50649508893, 0.015458775398, 0.47804613567]
    ],
    [
      [0.48225765195, 0.12993588914, 0.3878064589],
      [0.47419460926, 0.023021999346, 0.50278339139]
    ],
    [
      [0.47438418433, 0.09459836538, 0.43101745028],
      [0.45532251331, 0.031127211553, 0.51355027513]
    ],
    [
      [0.54036496424, 0.12616594061, 0.33346909515],
      [0.53854014304, 0.045336237571, 0.41612361939]
    ],
    [
      [0.58176855192, 0.13324753869, 0.28498390939],
      [0.57624182718, 0.029348980283, 0.39440919254]
    ],
    [
      [0.50238358459, 0.080975843346, 0.41664057207],
      [0.49103318179, 0.028709922651, 0.48025689556]
    ],
    [
      [0.55398994367, 0.098456406755, 0.34755364958],
      [0.52549034605, 0.038053501364, 0.43645615258]
    ],
    [
      [0.59716110906, 0.09009349298, 0.31274539796],
      [0.5706384829, 0.01567314861, 0.41368836849]
    ],
    [
      [0.49021672483, 0.11931161695, 0.39047165823],
      [0.48946939784, 0.018237075755, 0.49229352641]
    ],
    [
      [0.54380472765, 0.11768617688, 0.33850909548],
      [0.52971314377, 0.015144781035, 0.45514207519]
    ],
    [
      [0.57499836672, 0.1018779794, 0.32312365388],
      [0.55500489983, 0.014366061803, 0.43062903837]
    ],
    [
      [0.50700678063, 0.088242610253, 0.40475060911],
      [0.46808022156, 0.042450331072, 0.48946944737]
    ],
    [
      [0.47537610361, 0.092666421323, 0.43195747506],
      [0.42577576937, 0.019548933185, 0.55467529744]
    ],
    [
      [0.58731103461, 0.092111413609, 0.32057755178],
      [0.60146348404, 0.028367131456, 0.3701693845]
    ],
    [
      [0.51541415619, 0.18210034658, 0.30248549723],
      [0.53625890078, 0.08164422576, 0.38209687346]
    ],
    [
      [0.55804378333, 0.065973091844, 0.37598312483],
      [0.49983803066, 0.014446989122, 0.48571498022]
    ],
    [
      [0.50303591137, 0.10347574269, 0.39348834594],
      [0.49179179519, 0.016528547535, 0.49167965727]
    ],
    [
      [0.53689885989, 0.12074251705, 0.34235862306],
      [0.55038207776, 0.030557660328, 0.41906026192]
    ],
    [
      [0.58635585608, 0.095712040903, 0.31793210302],
      [0.60370892238, 0.020892798507, 0.37539827911]
    ],
    [
      [0.50336531346, 0.16213045103, 0.33450423551],
      [0.52888333861, 0.03855179323, 0.43256486816]
    ],
    [
      [0.42260921154, 0.1318107357, 0.44558005276],
      [0.41217236537, 0.0445677929, 0.54325984173]
    ],
    [
      [0.59359720075, 0.072192838477, 0.33420996078],
      [0.5779571975, 0.019180497272, 0.40286230523]
    ],
    [
      [0.4783573148, 0.13678633004, 0.38485635516],
      [0.40618221808, 0.052030613564, 0.54178716835]
    ],
    [
      [0.58820729018, 0.046274395615, 0.3655183142],
      [0.53657581696, 0.010768455595, 0.45265572744]
    ],
    [
      [0.52161162745, 0.067044953333, 0.41134341922],
      [0.48108389995, 0.019551423419, 0.49936467663]
    ],
    [
      [0.51097701336, 0.15339371704, 0.3356292696],
      [0.50965672503, 0.054213018337, 0.43613025663]
    ],
    [
      [0.58789727411, 0.11194761882, 0.30015510707],
      [0.56580187398, 0.035469077067, 0.39872904896]
    ],
    [
      [0.50781551977, 0.085528649858, 0.40665583037],
      [0.47169146812, 0.026400533159, 0.50190799872]
    ],
    [
      [0.51329775098, 0.10721393516, 0.37948831386],
      [0.45478727668, 0.043411320078, 0.50180140324]
    ],
    [
      [0.53639019129, 0.12049268619, 0.34311712252],
      [0.48207647295, 0.045130467997, 0.47279305906]
    ],
    [
      [0.57053642701, 0.067449918486, 0.3620136545],
      [0.53188272193, 0.020044958377, 0.44807231969]
    ],
    [
      [0.59499807318, 0.08192587108, 0.32307605574],
      [0.55823620086, 0.020270178315, 0.42149362083]
    ],
    [
      [0.53709584624, 0.045427310192, 0.41747684357],
      [0.477480851, 0.013240841594, 0.50927830741]
    ],
    [
      [0.55426610672, 0.08648029156, 0.35925360172],
      [0.52467329365, 0.02979700917, 0.44552969718]
    ],
    [
      [0.45757271804, 0.14713819616, 0.3952890858],
      [0.47350513081, 0.048243072878, 0.47825179631]
    ],
    [
      [0.54950439459, 0.10318192616, 0.34731367925],
      [0.52512390135, 0.03670451846, 0.43817158019]
    ],
    [
      [0.49807603672, 0.085599590486, 0.4163243728],
      [0.46161365137, 0.026379343102, 0.51200700553]
    ],
    [
      [0.5121773716, 0.12064742977, 0.36717519863],
      [0.43544594278, 0.046165915401, 0.51838814182]
    ],
    [
      [0.58011477518, 0.11434409279, 0.30554113203],
      [0.56662840827, 0.041885302404, 0.39148628932]
    ],
    [
      [0.51254678095, 0.16452620432, 0.32292701474],
      [0.52289847408, 0.061017587211, 0.41608393871]
    ],
    [
      [0.53299705127, 0.118427045, 0.34857590373],
      [0.48241228507, 0.037924639118, 0.47966307581]
    ],
    [
      [0.50186920456, 0.12423866555, 0.37389212989],
      [0.42982864267, 0.048907185621, 0.52126417171]
    ],
    [
      [0.61619754098, 0.11450232632, 0.26930013269],
      [0.6078224856, 0.040850533994, 0.35132698041]
    ],
    [
      [0.43561032766, 0.045395042491, 0.51899462984],
      [0.37313042675, 0.010607313051, 0.61626226019]
    ],
    [
      [0.50137137973, 0.045909271897, 0.45271934838],
      [0.44833114931, 0.012692256645, 0.53897659405]
    ],
    [
      [0.51990314116, 0.065906378791, 0.41419048005],
      [0.48205106374, 0.020455266397, 0.49749366986]
    ],
    [
      [0.56257151051, 0.097200345009, 0.34022814448],
      [0.53287215458, 0.035094627892, 0.43203321753]
    ]
  ],