{
  "X": [
    [18, 60, 22],
    [27, 45, 28],
    [19, 54, 27],
    [20, 57, 23],
    [17, 62, 21],
    [28, 55, 17],
    [16, 54, 30],
    [25, 53, 22],
    [28, 54, 18],
    [14, 59, 27],
    [26, 51, 23],
    [26, 60, 14],
    [19, 60, 21],
    [24, 60, 16],
    [17, 56, 27],
    [27, 52, 21],
    [20, 56, 24],
    [21, 57, 22],
    [19, 53, 28],
    [18, 66, 16],
    [24, 54, 22],
    [13, 58, 29],
    [14, 58, 28],
    [21, 57, 22],
    [17, 60, 23],
    [13, 51, 36],
    [20, 39, 41],
    [23, 46, 31],
    [23, 52, 25],
    [20, 39, 41],
    [17, 50, 33],
    [18, 51, 31],
    [19, 44, 37],
    [17, 51, 32],
    [19, 51, 30],
    [25, 46, 29],
    [18, 43, 39],
    [22, 38, 40],
    [23, 39, 38],
    [22, 45, 33],
    [17, 53, 30],
    [11, 55, 34],
    [19, 41, 40],
    [26, 40, 34],
    [22, 48, 30],
    [21, 39, 40],
    [17, 50, 33],
    [13, 50, 37],
    [18, 50, 32],
    [15, 46, 39]
  ],
  "W": [
    [71, 29],
    [67, 33],
    [68, 32],
    [67, 33],
    [75, 25],
    [75, 25],
    [77, 23],
    [84, 16],
    [77, 23],
    [71, 29],
    [78, 22],
    [80, 20],
    [72, 28],
    [74, 26],
    [70, 30],
    [83, 17],
    [80, 20],
    [75, 25],
    [76, 24],
    [76, 24],
    [67, 33],
    [74, 26],
    [80, 20],
    [79, 21],
    [79, 21],
    [25, 75],
    [25, 75],
    [29, 71],
    [23, 77],
    [27, 73],
    [22, 78],
    [31, 69],
    [19, 81],
    [26, 74],
    [18, 82],
    [28, 72],
    [22, 78],
    [31, 69],
    [21, 79],
    [22, 78],
    [27, 73],
    [31, 69],
    [24, 76],
    [17, 83],
    [33, 67],
    [18, 82],
    [27, 73],
    [21, 79],
    [33, 67],
    [25, 75]
  ],
  "method": "mcmc",
  "mcmc_stepsize": 3000,
  "mcmc_samples": 100,
  "burn_in": 10000,
  "cond_prob": [
    [
      [0.1953036713, 0.65835432768, 0.14634200102],
      [0.14253239095, 0.45713250809, 0.40033510096]
    ],
    [
      [0.30060394803, 0.50424848803, 0.19514756393],
      [0.20786471157, 0.33985913035, 0.45227615807]
    ],
    [
      [0.20782029191, 0.60689161303, 0.18528809506],
      [0.15213187969, 0.39785532232, 0.45001279799]
    ],
    [
      [0.21531467746, 0.63665055014, 0.1480347724],
      [0.16890656394, 0.43467918609, 0.39641424997]
    ],
    [
      [0.18146134497, 0.67173577296, 0.14680288208],
      [0.1356159651, 0.46479268113, 0.39959135377]
    ],
    [
      [0.29435181802, 0.59296342169, 0.11268476029],
      [0.23694454594, 0.42110973493, 0.34194571913]
    ],
    [
      [0.17199744377, 0.59039225158, 0.23761030465],
      [0.11983464476, 0.37129550557, 0.50886984967]
    ],
    [
      [0.26124974678, 0.55802328849, 0.18072696473],
      [0.19093882942, 0.38287773542, 0.42618343515]
    ],
    [
      [0.29505985774, 0.5791504366, 0.12578970567],
      [0.2295822154, 0.40893114705, 0.36148663755]
    ],
    [
      [0.15575101752, 0.66107997345, 0.18316900903],
      [0.10143716401, 0.41597661673, 0.48258621926]
    ],
    [
      [0.27784692851, 0.54822921749, 0.173923854],
      [0.19672452618, 0.37446004709, 0.42881542673]
    ],
    [
      [0.27043728399, 0.63311744909, 0.096445266923],
      [0.21825086403, 0.46753020366, 0.31421893231]
    ],
    [
      [0.20521028916, 0.65573361509, 0.13905609575],
      [0.15088782787, 0.45668498977, 0.39242718236]
    ],
    [
      [0.25085783116, 0.64469883554, 0.1044433333],
      [0.2090969421, 0.4727802373, 0.3181228206]
    ],
    [
      [0.18738436596, 0.62739297157, 0.18522266247],
      [0.12943647943, 0.402749733, 0.46781378757]
    ],
    [
      [0.28230081609, 0.54997446214, 0.16772472177],
      [0.20994307439, 0.37365409663, 0.41640282899]
    ],
    [
      [0.21307107801, 0.59975199788, 0.1871769241],
      [0.14771568795, 0.40099200847, 0.45129230358]
    ],
    [
      [0.22587324545, 0.61759945827, 0.15652729627],
      [0.16238026364, 0.42720162518, 0.41041811118]
    ],
    [
      [0.20503086623, 0.57838762611, 0.21658150766],
      [0.14240225693, 0.37677251733, 0.48082522574]
    ],
    [
      [0.18786143336, 0.70894571538, 0.10319285126],
      [0.15510546101, 0.50500523464, 0.33988930434]
    ],
    [
      [0.26239719432, 0.60201626036, 0.13558654532],
      [0.19452690851, 0.41408819866, 0.39138489283]
    ],
    [
      [0.14445168599, 0.64475208642, 0.21079622758],
      [0.088868278327, 0.39570560018, 0.51542612149]
    ],
    [
      [0.15122668931, 0.62586296815, 0.22291034254],
      [0.095093242742, 0.39654812741, 0.50835862985]
    ],
    [
      [0.22198940254, 0.61190965372, 0.16610094375],
      [0.16489700951, 0.41233987411, 0.42276311639]
    ],
    [
      [0.17991794982, 0.64515991407, 0.17492213611],
      [0.13268961734, 0.43011270421, 0.43719767845]
    ],
    [
      [0.18101681078, 0.6420614668, 0.17692172242],
      [0.11299439641, 0.46597951107, 0.42102609253]
    ],
    [
      [0.29579303785, 0.50284406727, 0.20136289488],
      [0.16806898738, 0.35238531091, 0.47954570171]
    ],
    [
      [0.30163751834, 0.53944442158, 0.15891806008],
      [0.20073960519, 0.42755087006, 0.37170952476]
    ],
    [
      [0.29499624512, 0.58219677799, 0.12280697689],
      [0.21058553717, 0.50142174164, 0.28799272119]
    ],
    [
      [0.30155296689, 0.5020629052, 0.19638412791],
      [0.16243931362, 0.34855207616, 0.48900861023]
    ],
    [
      [0.22446746182, 0.59348885164, 0.18204368653],
      [0.15463738256, 0.47363134954, 0.3717312679]
    ],
    [
      [0.25704380273, 0.59207921152, 0.15087698575],
      [0.14538611762, 0.47312383251, 0.38149004988]
    ],
    [
      [0.26525286234, 0.54463664385, 0.19011049381],
      [0.17234809402, 0.41545560206, 0.41219630392]
    ],
    [
      [0.26215316804, 0.5907776434, 0.14706918856],
      [0.13762185988, 0.48161866583, 0.38075947429]
    ],
    [
      [0.24196408854, 0.62355657715, 0.13447933431],
      [0.17859324886, 0.48507294648, 0.33633380466]
    ],
    [
      [0.31106094342, 0.54746607557, 0.14147298101],
      [0.22625407756, 0.42598541505, 0.34776050738]
    ],
    [
      [0.24309184462, 0.55169417991, 0.20521397547],
      [0.16220486434, 0.39567600054, 0.44211913512]
    ],
    [
      [0.30114309506, 0.48922510698, 0.20963179796],
      [0.18354440657, 0.33092785049, 0.48552774295]
    ],
    [
      [0.32577116553, 0.48520047487, 0.1890283596],
      [0.20454184207, 0.36469354465, 0.43076461327]
    ],
    [
      [0.30037418822, 0.53889044145, 0.16073537033],
      [0.19733035717, 0.42492833703, 0.37774130581]
    ],
    [
      [0.25620953411, 0.60082589713, 0.14296456877],
      [0.13811428191, 0.50380412024, 0.35808159785]
    ],
    [
      [0.14601210526, 0.66129986364, 0.1926880311],
      [0.093820648362, 0.49999571344, 0.4061836382]
    ],
    [
      [0.27654757052, 0.52055399681, 0.20289843268],
      [0.16266918826, 0.37508821153, 0.46224260021]
    ],
    [
      [0.33309741991, 0.50930890785, 0.15759367224],
      [0.2450282393, 0.37761142851, 0.37736033219]
    ],
    [
      [0.28332824161, 0.56735823088, 0.14931352751],
      [0.18880847801, 0.43697281166, 0.37421871033]
    ],
    [
      [0.30523814564, 0.50024442249, 0.19451743186],
      [0.18909406559, 0.36580000482, 0.44510592959]
    ],
    [
      [0.25545523097, 0.5866077342, 0.15793703483],
      [0.13839327074, 0.46796700242, 0.39363972684]
    ],
    [
      [0.16305686172, 0.64641045739, 0.19053268089],
      [0.12121273296, 0.46108076449, 0.41770650255]
    ],
    [
      [0.24993694928, 0.59039010821, 0.15967294251],
      [0.14555344289, 0.45547949894, 0.39896705817]
    ],
    [
      [0.22010979151, 0.58352545728, 0.19636475121],
      [0.1266300695, 0.41882484757, 0.45454508293]
    ]
  ],