{
  "X": [
    [15, 11, 74],
    [27, 8, 65],
    [24, 9, 67],
    [19, 9, 72],
    [21, 13, 66],
    [10, 10, 80],
    [17, 9, 74],
    [18, 7, 75],
    [20, 9, 71],
    [18, 9, 73],
    [23, 8, 69],
    [15, 8, 77],
    [20, 7, 73],
    [17, 7, 76],
    [23, 8, 69],
    [21, 8, 71],
    [14, 7, 79],
    [27, 12, 61],
    [17, 10, 73],
    [18, 7, 75],
    [21, 4, 75],
    [19, 9, 72],
    [21, 8, 71],
    [21, 11, 68],
    [17, 9, 74],
    [33, 19, 48],
    [45, 21, 34],
    [41, 23, 36],
    [48, 19, 33],
    [33, 29, 38],
    [39, 23, 38],
    [40, 27, 33],
    [41, 21, 38],
    [40, 21, 39],
    [39, 25, 36],
    [45, 20, 35],
    [39, 25, 36],
    [43, 21, 36],
    [42, 24, 34],
    [40, 31, 29],
    [44, 25, 31],
    [49, 16, 35],
    [40, 18, 42],
    [40, 25, 35],
    [39, 19, 42],
    [42, 16, 42],
    [49, 23, 28],
    [39, 23, 38],
    [32, 27, 41],
    [36, 20, 44]
  ],
  "W": [
    [75, 25],
    [72, 28],
    [76, 24],
    [70, 30],
    [70, 30],
    [86, 14],
    [86, 14],
    [78, 22],
    [78, 22],
    [79, 21],
    [74, 26],
    [80, 20],
    [80, 20],
    [81, 19],
    [67, 33],
    [70, 30],
    [82, 18],
    [65, 35],
    [75, 25],
    [77, 23],
    [75, 25],
    [76, 24],
    [72, 28],
    [72, 28],
    [81, 19],
    [24, 76],
    [23, 77],
    [17, 83],
    [19, 81],
    [26, 74],
    [24, 76],
    [19, 81],
    [24, 76],
    [29, 71],
    [25, 75],
    [20, 80],
    [23, 77],
    [35, 65],
    [24, 76],
    [24, 76],
    [20, 80],
    [27, 73],
    [24, 76],
    [27, 73],
    [26, 74],
    [22, 78],
    [19, 81],
    [29, 71],
    [24, 76],
    [29, 71]
  ],
  "method": "mcmc",
  "mcmc_stepsize": 3000,
  "mcmc_samples": 100,
  "burn_in": 10000,
  "cond_prob": [
    [
      [0.071856182563, 0.00089430508715, 0.92724951235],
      [0.38443145231, 0.43731708474, 0.17825146295]
    ],
    [
      [0.14453812344, 0.0005365065964, 0.85492536996],
      [0.592616254, 0.28433469732, 0.12304904867]
    ],
    [
      [0.15036095461, 0.00058472935112, 0.84905431604],
      [0.52385697708, 0.37314835705, 0.10299466587]
    ],
    [
      [0.079328759419, 0.00054396726203, 0.92012727332],
      [0.44823289469, 0.29873074306, 0.25303636225]
    ],
    [
      [0.11118773518, 0.0013776324862, 0.88743463233],
      [0.44056195124, 0.43011885753, 0.12931919123]
    ],
    [
      [0.083197211402, 0.0020305289279, 0.91477225967],
      [0.20321712996, 0.70181246516, 0.094970404884]
    ],
    [
      [0.15235142447, 0.0020628734843, 0.84558570205],
      [0.27841267828, 0.63018520574, 0.091402115981]
    ],
    [
      [0.092543653001, 0.00055554230089, 0.9069008047],
      [0.490072503, 0.31621216821, 0.1937153288]
    ],
    [
      [0.12428121549, 0.00071479671472, 0.8750039878],
      [0.46845750872, 0.40655662983, 0.12498586145]
    ],
    [
      [0.11007294949, 0.00098986212918, 0.88893718838],
      [0.44305890431, 0.42484766151, 0.13209343418]
    ],
    [
      [0.121101577, 0.00072049262676, 0.87817793037],
      [0.53994166545, 0.30564167483, 0.15441665972]
    ],
    [
      [0.084400029751, 0.00071423833649, 0.91488573191],
      [0.412399881, 0.39714304665, 0.19045707235]
    ],
    [
      [0.12324839563, 0.00075983642029, 0.87599176795],
      [0.50700641747, 0.34696065432, 0.14603292821]
    ],
    [
      [0.10152695666, 0.00095590004942, 0.89751714329],
      [0.46191139528, 0.36434589979, 0.17374270493]
    ],
    [
      [0.082492871052, 0.00049278656982, 0.91701434238],
      [0.52948417089, 0.24142373636, 0.22909209275]
    ],
    [
      [0.080147649303, 0.0005616709527, 0.91929067974],
      [0.51298881829, 0.26535610111, 0.2216550806]
    ],
    [
      [0.079195642794, 0.00084159597415, 0.91996276123],
      [0.41699762727, 0.38505495167, 0.19794742106]
    ],
    [
      [0.13161932258, 0.0015307860021, 0.86684989142],
      [0.52699268665, 0.34001425457, 0.13299305879]
    ],
    [
      [0.08228641815, 0.00069854803414, 0.91701503382],
      [0.43314074555, 0.3979043559, 0.16895489855]
    ],
    [
      [0.088281704471, 0.00060021595975, 0.91111807957],
      [0.48705690242, 0.30233840744, 0.21060469014]
    ],
    [
      [0.093028997142, 0.00029101288791, 0.90667998997],
      [0.56091300858, 0.15912696134, 0.27996003009]
    ],
    [
      [0.10174765174, 0.00083174610838, 0.89742060215],
      [0.46946576948, 0.37236613732, 0.1581680932]
    ],
    [
      [0.087050851559, 0.0006446349756, 0.91230451347],
      [0.52615495313, 0.28405665292, 0.18978839395]
    ],
    [
      [0.1002475018, 0.001409290102, 0.8983432081],
      [0.49222070966, 0.38923325402, 0.11854603632]
    ],
    [
      [0.11645014972, 0.0010095451541, 0.88254030513],
      [0.398291467, 0.46938036013, 0.13232817287]
    ],
    [
      [0.089507995684, 9.9322276176e-06, 0.91048207209],
      [0.40594484347, 0.24999686351, 0.34405829302]
    ],
    [
      [0.14527542762, 0.00019786691839, 0.85452670546],
      [0.54102162552, 0.27266816962, 0.18631020486]
    ],
    [
      [0.14275731598, 0.00056831652947, 0.85667436749],
      [0.46473645335, 0.27699203155, 0.25827151509]
    ],
    [
      [0.14879374091, 0.00036953258945, 0.8508367265],
      [0.55769035707, 0.23448122075, 0.20782842218]
    ],
    [
      [0.10812117287, 0.00015255800167, 0.89172626912],
      [0.40795742575, 0.39183829043, 0.20020428382]
    ],
    [
      [0.11506732322, 0.00010370302814, 0.88482897375],
      [0.4768208453, 0.30259883062, 0.22058032408]
    ],
    [
      [0.13679728988, 0.00047055856119, 0.86273215155],
      [0.46173890731, 0.3332229554, 0.20503813729]
    ],
    [
      [0.11903867477, 0.00010830993132, 0.8808530153],
      [0.50188252376, 0.27628158634, 0.22183588991]
    ],
    [
      [0.12144916968, 0.0002444305866, 0.87830639973],
      [0.51377428281, 0.29567481004, 0.19055090715]
    ],
    [
      [0.1286202176, 0.0002261902808, 0.87115359212],
      [0.47712659413, 0.33325793657, 0.18961546929]
    ],
    [
      [0.1304309659, 0.00021797217244, 0.86935106193],
      [0.52989225853, 0.24994550696, 0.22016223452]
    ],
    [
      [0.12071982817, 0.00011920809953, 0.87916096373],
      [0.47043433704, 0.32463971706, 0.2049259459]
    ],
    [
      [0.18335587937, 0.002634914339, 0.81400920629],
      [0.56280837265, 0.32165812305, 0.11553350431]
    ],
    [
      [0.14349533211, 0.00027926941958, 0.85622539847],
      [0.50731726354, 0.31570128334, 0.17698145311]
    ],
    [
      [0.17795999362, 0.00091003953661, 0.82112996684],
      [0.47011789675, 0.40760735594, 0.12227474731]
    ],
    [
      [0.14965955047, 0.0004753976019, 0.84986505192],
      [0.51258511238, 0.3123811506, 0.17503373702]
    ],
    [
      [0.17630077029, 0.00042232443786, 0.82327690527],
      [0.6060257425, 0.21902188, 0.1749523775]
    ],
    [
      [0.1049336116, 4.2037941516e-05, 0.89502435046],
      [0.49317885949, 0.23682883012, 0.26999231038]
    ],
    [
      [0.18552482641, 0.00070873633297, 0.81376643725],
      [0.47932643407, 0.34220361807, 0.17846994787]
    ],
    [
      [0.10545869443, 7.4347393314e-05, 0.89446695817],
      [0.48997397223, 0.2567306347, 0.25329539307]
    ],
    [
      [0.10755648276, 9.9492969095e-05, 0.89234402427],
      [0.50812509461, 0.20510014301, 0.28677476238]
    ],
    [
      [0.17671216413, 0.00070371382836, 0.82258412204],
      [0.56348727014, 0.28378554861, 0.15272718125]
    ],
    [
      [0.12587912074, 0.00020769155829, 0.8739131877],
      [0.49788035913, 0.32385883021, 0.17826081066]
    ],
    [
      [0.095895781873, 3.8696233592e-05, 0.90406552189],
      [0.39076975309, 0.35525093803, 0.25397930888]
    ],
    [
      [0.089094111078, 0.00011997787751, 0.91078591104],
      [0.47065170111, 0.2816411358, 0.24770716309]
    ]
  ],