{
  "X": [
    [10, 28, 62],
    [11, 21, 68],
    [13, 25, 62],
    [6, 36, 58],
    [9, 24, 67],
    [11, 28, 61],
    [15, 26, 59],
    [14, 32, 54],
    [13, 30, 57],
    [4, 41, 55],
    [12, 27, 61],
    [13, 26, 61],
    [7, 23, 70],
    [13, 25, 62],
    [15, 28, 57],
    [16, 21, 63],
    [8, 27, 65],
    [8, 27, 65],
    [12, 26, 62],
    [16, 28, 56],
    [9, 20, 71],
    [8, 28, 64],
    [11, 27, 62],
    [4, 31, 65],
    [10, 33, 57],
    [34, 23, 43],
    [26, 23, 51],
    [24, 29, 47],
    [35, 23, 42],
    [27, 22, 51],
    [29, 27, 44],
    [29, 29, 42],
    [37, 26, 37],
    [23, 27, 50],
    [30, 28, 42],
    [33, 22, 45],
    [27, 33, 40],
    [23, 25, 52],
    [39, 19, 42],
    [31, 29, 40],
    [32, 21, 47],
    [31, 30, 39],
    [35, 22, 43],
    [34, 18, 48],
    [36, 17, 47],
    [34, 26, 40],
    [26, 18, 56],
    [27, 24, 49],
    [24, 32, 44],
    [35, 29, 36]
  ],
  "W": [
    [77, 23],
    [74, 26],
    [75, 25],
    [79, 21],
    [78, 22],
    [76, 24],
    [74, 26],
    [73, 27],
    [73, 27],
    [77, 23],
    [75, 25],
    [78, 22],
    [77, 23],
    [66, 34],
    [77, 23],
    [67, 33],
    [84, 16],
    [78, 22],
    [78, 22],
    [70, 30],
    [69, 31],
    [75, 25],
    [72, 28],
    [86, 14],
    [73, 27],
    [23, 77],
    [31, 69],
    [23, 77],
    [20, 80],
    [24, 76],
    [25, 75],
    [26, 74],
    [18, 82],
    [24, 76],
    [24, 76],
    [26, 74],
    [19, 81],
    [33, 67],
    [27, 73],
    [18, 82],
    [21, 79],
    [26, 74],
    [24, 76],
    [25, 75],
    [20, 80],
    [29, 71],
    [32, 68],
    [25, 75],
    [32, 68],
    [24, 76]
  ],
  "method": "mcmc",
  "mcmc_stepsize": 3000,
  "mcmc_samples": 100,
  "burn_in": 10000,
  "cond_prob": [
    [
      [0.0015703696584, 0.30962878118, 0.68880084917],
      [0.42952528419, 0.18080799346, 0.38966672236]
    ],
    [
      [0.002025630178, 0.23178513881, 0.76618923101],
      [0.41731166795, 0.14799614339, 0.43469218866]
    ],
    [
      [0.0029063764318, 0.28547261975, 0.71162100382],
      [0.5112808707, 0.14358214076, 0.34513698854]
    ],
    [
      [0.0021075918127, 0.37095423099, 0.6269381772],
      [0.27778572604, 0.31879122629, 0.40342304767]
    ],
    [
      [0.0019675333345, 0.2612061123, 0.73682635437],
      [0.40211510909, 0.16481469276, 0.43307019816]
    ],
    [
      [0.0018173500991, 0.30756978263, 0.69061286727],
      [0.45257839135, 0.19269568835, 0.3547259203]
    ],
    [
      [0.0029998599376, 0.30230602692, 0.69469411314],
      [0.56838501402, 0.13959053877, 0.29202444721]
    ],
    [
      [0.0028537821263, 0.36935441373, 0.62779180415],
      [0.51080273721, 0.18656028881, 0.30263697398]
    ],
    [
      [0.0037200491873, 0.34021000175, 0.65606994906],
      [0.47142357072, 0.19128406935, 0.33729235994]
    ],
    [
      [0.00060992203991, 0.41901184118, 0.58037823678],
      [0.17187113056, 0.379829923, 0.44829894644]
    ],
    [
      [0.0030717186136, 0.30144236086, 0.69548592053],
      [0.47078484416, 0.17567291743, 0.35354223841]
    ],
    [
      [0.0023274537849, 0.29478541108, 0.70288713513],
      [0.58265720931, 0.13666990617, 0.28067288453]
    ],
    [
      [0.0022363092729, 0.24969104014, 0.74807265058],
      [0.29686105156, 0.16407782212, 0.53906112631]
    ],
    [
      [0.0020984274847, 0.28794229827, 0.70995927424],
      [0.37827952312, 0.17634730335, 0.44537317353]
    ],
    [
      [0.0030675155495, 0.32379363441, 0.67313885004],
      [0.64190440446, 0.13338652829, 0.22470906724]
    ],
    [
      [0.0023770053625, 0.25512223435, 0.74250076028],
      [0.48002244366, 0.11838819086, 0.40158936549]
    ],
    [
      [0.0023573653459, 0.29409454119, 0.70354809347],
      [0.48762383193, 0.14350365877, 0.36887250929]
    ],
    [
      [0.001883797781, 0.29332414502, 0.7047920572],
      [0.35695744423, 0.18730530401, 0.45573725175]
    ],
    [
      [0.0028430646372, 0.28930040678, 0.70785652859],
      [0.53537458901, 0.15611673961, 0.30850867137]
    ],
    [
      [0.0015622261825, 0.3410197951, 0.65741797871],
      [0.52968813891, 0.13762047809, 0.332691383]
    ],
    [
      [0.0013666004362, 0.21893610267, 0.7796972969],
      [0.28728079258, 0.15785190051, 0.55486730691]
    ],
    [
      [0.0025859070037, 0.30666785033, 0.69074624267],
      [0.31224227899, 0.19999644902, 0.48776127199]
    ],
    [
      [0.0015365236066, 0.29928821029, 0.69917526611],
      [0.38890608215, 0.19468745926, 0.41640645858]
    ],
    [
      [0.0011413209982, 0.32395110325, 0.67490757575],
      [0.27870331387, 0.22430036575, 0.49699632038]
    ],
    [
      [0.0020430567138, 0.36795191795, 0.63000502534],
      [0.36484655037, 0.22738925887, 0.40776419076]
    ],
    [
      [0.0022064103097, 0.40712990671, 0.59066368298],
      [0.44089938393, 0.17709106683, 0.38200954924]
    ],
    [
      [0.00056750704963, 0.32641908837, 0.67301340458],
      [0.37655662727, 0.18668127914, 0.43676209359]
    ],
    [
      [0.0010355138322, 0.42234332543, 0.57662116074],
      [0.31137900236, 0.25046887682, 0.43815212082]
    ],
    [
      [0.0029865393856, 0.40784356823, 0.58916989239],
      [0.43675336515, 0.18553910794, 0.3777075269]
    ],
    [
      [0.0023080167755, 0.3958573653, 0.60183461792],
      [0.35453431049, 0.16446609517, 0.48099959434]
    ],
    [
      [0.0018403105659, 0.40428892007, 0.59387076937],
      [0.38605322981, 0.22523702664, 0.38870974354]
    ],
    [
      [0.0028966095279, 0.40058751247, 0.596515878],
      [0.39087416422, 0.25114492805, 0.35798090773]
    ],
    [
      [0.0037246754275, 0.4473950244, 0.54888030017],
      [0.45040190052, 0.21886450684, 0.33073359265]
    ],
    [
      [0.0014975182939, 0.40749830938, 0.59100417232],
      [0.30215867843, 0.22657948125, 0.47126184032]
    ],
    [
      [0.0018509150357, 0.42787457396, 0.57027451101],
      [0.39415234262, 0.23330276612, 0.37254489126]
    ],
    [
      [0.0016557768732, 0.37697808187, 0.62136614126],
      [0.4453641865, 0.1648455388, 0.38979027469]
    ],
    [
      [0.0013936485111, 0.47078081419, 0.5278255373],
      [0.33300642813, 0.29697733988, 0.37001623199]
    ],
    [
      [0.00057423829391, 0.33272780124, 0.66669796047],
      [0.3430007483, 0.20925347103, 0.44774578067]
    ],
    [
      [0.0028282292983, 0.35809091505, 0.63908085565],
      [0.53320051793, 0.12782938758, 0.33897009449]
    ],
    [
      [0.0026759175314, 0.45274880212, 0.54457528035],
      [0.37746138396, 0.25427465319, 0.36826396285]
    ],
    [
      [0.0029223560888, 0.40430729936, 0.59277034455],
      [0.40428646231, 0.15834869257, 0.43736484512]
    ],
    [
      [0.0048009807375, 0.45023485537, 0.54496416389],
      [0.41723208785, 0.24721478055, 0.33555313161]
    ],
    [
      [0.0030394317034, 0.39869467415, 0.59826589415],
      [0.45956649525, 0.1635701029, 0.37686340185]
    ],
    [
      [0.0029151647917, 0.37525289633, 0.62183193888],
      [0.45236161174, 0.11491570122, 0.43272268704]
    ],
    [
      [0.0020900518307, 0.35727721189, 0.64063273628],
      [0.44947748704, 0.12318069703, 0.42734181593]
    ],
    [
      [0.0026363641028, 0.37671198202, 0.62065165388],
      [0.47779641466, 0.21232890875, 0.30987467659]
    ],
    [
      [0.0020142244682, 0.28895786293, 0.7090279126],
      [0.38140507084, 0.12872571156, 0.4898692176]
    ],
    [
      [0.0015142280856, 0.38493463537, 0.61355113654],
      [0.3594952573, 0.19168845488, 0.44881628782]
    ],
    [
      [0.0025241121855, 0.37073880116, 0.62673708665],
      [0.35175335897, 0.2961229171, 0.35212372393]
    ],
    [
      [0.0024127288839, 0.44209665978, 0.55549061133],
      [0.45976440141, 0.24196947586, 0.29826612274]
    ]
  ],