{
  "X": [
    [73, 13, 14],
    [62, 22, 16],
    [74, 14, 12],
    [64, 17, 19],
    [64, 16, 20],
    [63, 26, 11],
    [71, 19, 10],
    [64, 15, 21],
    [68, 19, 13],
    [77, 10, 13],
    [65, 23, 12],
    [65, 19, 16],
    [66, 18, 16],
    [66, 21, 13],
    [62, 23, 15],
    [70, 15, 15],
    [71, 15, 14],
    [67, 20, 13],
    [70, 14, 16],
    [65, 20, 15],
    [70, 19, 11],
    [70, 14, 16],
    [76, 14, 10],
    [64, 18, 18],
    [66, 25, 9],
    [55, 39, 6],
    [55, 31, 14],
    [56, 41, 3],
    [42, 50, 8],
    [48, 49, 3],
    [42, 49, 9],
    [45, 45, 10],
    [43, 52, 5],
    [45, 50, 5],
    [57, 36, 7],
    [50, 43, 7],
    [47, 44, 9],
    [55, 39, 6],
    [51, 43, 6],
    [58, 39, 3],
    [53, 41, 6],
    [52, 35, 13],
    [47, 46, 7],
    [51, 42, 7],
    [49, 36, 15],
    [49, 45, 6],
    [49, 40, 11],
    [58, 34, 8],
    [49, 44, 7],
    [51, 44, 5]
  ],
  "W": [
    [76, 24],
    [73, 27],
    [83, 17],
    [74, 26],
    [80, 20],
    [72, 28],
    [72, 28],
    [72, 28],
    [83, 17],
    [80, 20],
    [72, 28],
    [83, 17],
    [74, 26],
    [74, 26],
    [67, 33],
    [77, 23],
    [75, 25],
    [72, 28],
    [70, 30],
    [71, 29],
    [79, 21],
    [85, 15],
    [76, 24],
    [71, 29],
    [69, 31],
    [29, 71],
    [27, 73],
    [20, 80],
    [21, 79],
    [20, 80],
    [22, 78],
    [30, 70],
    [19, 81],
    [21, 79],
    [29, 71],
    [19, 81],
    [21, 79],
    [26, 74],
    [30, 70],
    [23, 77],
    [27, 73],
    [26, 74],
    [25, 75],
    [21, 79],
    [22, 78],
    [21, 79],
    [36, 64],
    [34, 66],
    [23, 77],
    [28, 72]
  ],
  "method": "mcmc",
  "mcmc_stepsize": 3000,
  "mcmc_samples": 100,
  "burn_in": 10000,
  "cond_prob": [
    [
      [0.80732032622, 0.022489755978, 0.17018991781],
      [0.48515230032, 0.47044910607, 0.044398593611]
    ],
    [
      [0.73908005357, 0.048549776501, 0.21237016993],
      [0.29804281812, 0.68355060427, 0.018406577604]
    ],
    [
      [0.82095000546, 0.040326934668, 0.13872305987],
      [0.34477350273, 0.62663908368, 0.028587413588]
    ],
    [
      [0.73475788849, 0.018955226565, 0.24628688495],
      [0.37030447123, 0.59989666285, 0.029798865915]
    ],
    [
      [0.71059015712, 0.045191639157, 0.24421820372],
      [0.35763937151, 0.61923344337, 0.023127185116]
    ],
    [
      [0.77958726595, 0.074226738915, 0.14618599513],
      [0.24534703041, 0.73770267136, 0.016950298226]
    ],
    [
      [0.82611439652, 0.041567240717, 0.13231836277],
      [0.41142012325, 0.57168423816, 0.016895638598]
    ],
    [
      [0.71860737071, 0.013038701809, 0.26835392748],
      [0.43786676104, 0.50218619535, 0.059947043614]
    ],
    [
      [0.76955626258, 0.076353405177, 0.15409033225],
      [0.24275471801, 0.74486278649, 0.0123824955]
    ],
    [
      [0.83543731871, 0.014959385223, 0.14960329606],
      [0.50825072514, 0.44016245911, 0.051586815747]
    ],
    [
      [0.78408589869, 0.057233044587, 0.15868105672],
      [0.30520768908, 0.67425788535, 0.020534425569]
    ],
    [
      [0.73361542852, 0.076349645618, 0.19003492587],
      [0.24175996665, 0.74488114198, 0.013358891364]
    ],
    [
      [0.76831316443, 0.021664170633, 0.21002266494],
      [0.35172407048, 0.63064812974, 0.017627799781]
    ],
    [
      [0.77799557811, 0.051272802477, 0.17073161941],
      [0.32416643153, 0.66176202372, 0.014071544754]
    ],
    [
      [0.74358509542, 0.044622414228, 0.21179249035],
      [0.36908480627, 0.60637267414, 0.024542519588]
    ],
    [
      [0.78489224768, 0.025985109358, 0.18912264296],
      [0.41579551863, 0.56518028606, 0.019024195314]
    ],
    [
      [0.80137420059, 0.020371767006, 0.1782540324],
      [0.43587739823, 0.53888469898, 0.025237902787]
    ],
    [
      [0.78939051532, 0.037551084194, 0.17305840048],
      [0.36299581774, 0.6177257835, 0.019278398754]
    ],
    [
      [0.7869243582, 0.0096828530359, 0.20339278876],
      [0.49717649752, 0.44407334292, 0.058750159559]
    ],
    [
      [0.76286652809, 0.036488459482, 0.20064501243],
      [0.37367160364, 0.60032135782, 0.026007038542]
    ],
    [
      [0.81001222277, 0.052046037804, 0.13794173943],
      [0.2861444953, 0.70896966731, 0.0048858373887]
    ],
    [
      [0.77233135866, 0.045726607876, 0.18194203346],
      [0.29012230092, 0.6742158887, 0.035661810379]
    ],
    [
      [0.84614189875, 0.02657299562, 0.12728510563],
      [0.48721732062, 0.49918551387, 0.013597165509]
    ],
    [
      [0.74562042157, 0.016132315954, 0.23824726247],
      [0.38141207132, 0.58119329542, 0.037394633256]
    ],
    [
      [0.81033980951, 0.065128217931, 0.12453197256],
      [0.32537268206, 0.66148880525, 0.013138512688]
    ],
    [
      [0.84591850822, 0.031576176083, 0.1225053157],
      [0.42913187693, 0.53639846329, 0.034469659784]
    ],
    [
      [0.73015268674, 0.012693968041, 0.25715334522],
      [0.48336818436, 0.41996250497, 0.096669310673]
    ],
    [
      [0.89507137931, 0.026760178071, 0.078168442616],
      [0.47623215517, 0.50580995548, 0.017957889346]
    ],
    [
      [0.73743461076, 0.041058336567, 0.22150705268],
      [0.33561864777, 0.62199715104, 0.042384201187]
    ],
    [
      [0.88589439926, 0.034651655299, 0.079453945441],
      [0.37852640019, 0.60383708618, 0.01763651364]
    ],
    [
      [0.70274481786, 0.049164635282, 0.24809054686],
      [0.34025146163, 0.61433817979, 0.045410358578]
    ],
    [
      [0.74317798857, 0.047200494476, 0.20962151695],
      [0.32435229061, 0.62262835951, 0.053019349877]
    ],
    [
      [0.80232752498, 0.038079258178, 0.15959321684],
      [0.34266391389, 0.63304313697, 0.024292949136]
    ],
    [
      [0.81545231956, 0.04211679589, 0.14243088455],
      [0.3528544467, 0.62171578843, 0.025429764865]
    ],
    [
      [0.84408791346, 0.025654499379, 0.13025758716],
      [0.45804859873, 0.49656365518, 0.045387746091]
    ],
    [
      [0.78670620649, 0.026079601907, 0.1872141916],
      [0.43274792687, 0.52474676005, 0.042505313081]
    ],
    [
      [0.73157229499, 0.033820474124, 0.23460723088],
      [0.40046812412, 0.5479717727, 0.051560103183]
    ],
    [
      [0.83221927395, 0.030449964977, 0.13733076107],
      [0.45084187672, 0.51632839068, 0.032829732596]
    ],
    [
      [0.83194731159, 0.041090093912, 0.1269625945],
      [0.37202258075, 0.59667567404, 0.031301745213]
    ],
    [
      [0.90391730816, 0.019955848763, 0.07612684308],
      [0.48324547938, 0.50053266855, 0.016221852067]
    ],
    [
      [0.83068305546, 0.036145024805, 0.13317191974],
      [0.41878845894, 0.54827512781, 0.032936413249]
    ],
    [
      [0.70105694981, 0.038940380677, 0.26000266951],
      [0.45638539601, 0.4592912176, 0.084323386387]
    ],
    [
      [0.78577220567, 0.04075575466, 0.17347203967],
      [0.36474259811, 0.59974808178, 0.035509320111]
    ],
    [
      [0.79650598504, 0.023722246315, 0.17977176864],
      [0.43384018119, 0.52533965604, 0.040820162766]
    ],
    [
      [0.63748770661, 0.009578879732, 0.35293341365],
      [0.44840090326, 0.45883672623, 0.092762370508]
    ],
    [
      [0.80286386032, 0.033601756882, 0.1635343828],
      [0.40683365738, 0.56068814058, 0.03247820204]
    ],
    [
      [0.7423252406, 0.041170811701, 0.21650394769],
      [0.34806705216, 0.60184141842, 0.050091529422]
    ],
    [
      [0.84018745091, 0.03291150133, 0.12690104776],
      [0.44596404044, 0.49819710538, 0.055838854182]
    ],
    [
      [0.79123743233, 0.035609703096, 0.17315286457],
      [0.40001998774, 0.56079190687, 0.039188105388]
    ],
    [
      [0.83816383375, 0.040213083124, 0.12162308312],
      [0.38238073132, 0.5954726899, 0.022146578785]
    ]
  ],