{
  "X": [
    [23, 11, 66],
    [29, 10, 61],
    [27, 9, 64],
    [25, 13, 62],
    [25, 9, 66],
    [28, 12, 60],
    [21, 11, 68],
    [23, 9, 68],
    [17, 17, 66],
    [29, 5, 66],
    [26, 9, 65],
    [20, 10, 70],
    [21, 10, 69],
    [25, 14, 61],
    [18, 14, 68],
    [24, 12, 64],
    [21, 12, 67],
    [23, 10, 67],
    [27, 8, 65],
    [25, 9, 66],
    [29, 10, 61],
    [19, 7, 74],
    [18, 14, 68],
    [15, 14, 71],
    [33, 11, 56],
    [28, 5, 67],
    [25, 5, 70],
    [35, 5, 60],
    [34, 9, 57],
    [36, 1, 63],
    [18, 6, 76],
    [30, 8, 62],
    [23, 4, 73],
    [30, 4, 66],
    [30, 1, 69],
    [28, 4, 68],
    [28, 2, 70],
    [33, 7, 60],
    [26, 7, 67],
    [41, 2, 57],
    [32, 4, 64],
    [35, 5, 60],
    [31, 3, 66],
    [33, 8, 59],
    [35, 8, 57],
    [26, 1, 73],
    [32, 4, 64],
    [27, 9, 64],
    [36, 4, 60],
    [35, 5, 60]
  ],
  "W": [
    [77, 23],
    [72, 28],
    [74, 26],
    [68, 32],
    [74, 26],
    [73, 27],
    [71, 29],
    [73, 27],
    [70, 30],
    [81, 19],
    [74, 26],
    [78, 22],
    [81, 19],
    [71, 29],
    [84, 16],
    [69, 31],
    [76, 24],
    [83, 17],
    [77, 23],
    [70, 30],
    [77, 23],
    [73, 27],
    [76, 24],
    [80, 20],
    [75, 25],
    [28, 72],
    [26, 74],
    [19, 81],
    [24, 76],
    [20, 80],
    [27, 73],
    [18, 82],
    [34, 66],
    [30, 70],
    [22, 78],
    [31, 69],
    [22, 78],
    [20, 80],
    [27, 73],
    [21, 79],
    [20, 80],
    [19, 81],
    [30, 70],
    [38, 62],
    [33, 67],
    [18, 82],
    [25, 75],
    [23, 77],
    [23, 77],
    [25, 75]
  ],
  "method": "mcmc",
  "mcmc_stepsize": 3000,
  "mcmc_samples": 100,
  "burn_in": 10000,
  "cond_prob": [
    [
      [0.21706231162, 0.13393027686, 0.64900741152],
      [0.27331313066, 0.029885594857, 0.69680127448]
    ],
    [
      [0.26126002052, 0.12589302486, 0.61284695462],
      [0.36390280438, 0.033417936078, 0.60267925955]
    ],
    [
      [0.24667134996, 0.1115674574, 0.64176119264],
      [0.33639692705, 0.028615698158, 0.6349873748]
    ],
    [
      [0.22691882035, 0.16623232817, 0.60684885147],
      [0.29904750675, 0.053006302637, 0.64794619062]
    ],
    [
      [0.23344932819, 0.11142572081, 0.655124951],
      [0.29710575824, 0.029019102306, 0.67387513946]
    ],
    [
      [0.25100123999, 0.149884033, 0.59911472701],
      [0.35840405484, 0.039202429304, 0.60239351586]
    ],
    [
      [0.19466892858, 0.13871171153, 0.66661935989],
      [0.24753469209, 0.039705809706, 0.7127594982]
    ],
    [
      [0.2165137314, 0.11154342173, 0.67194284687],
      [0.26646287437, 0.031752970881, 0.70178415475]
    ],
    [
      [0.1487294344, 0.22060314828, 0.63066741732],
      [0.21963131972, 0.051925987347, 0.72844269293]
    ],
    [
      [0.28412036141, 0.057487009342, 0.65839262925],
      [0.31506582767, 0.018081697015, 0.66685247531]
    ],
    [
      [0.24034095061, 0.11112850484, 0.64853054455],
      [0.31595267903, 0.029865024695, 0.65418229627]
    ],
    [
      [0.18717031563, 0.12297842624, 0.68985125813],
      [0.24548706277, 0.018531034226, 0.73598190301]
    ],
    [
      [0.20009026055, 0.11974652572, 0.68016321373],
      [0.25224678397, 0.015817442977, 0.73193577305]
    ],
    [
      [0.22637698574, 0.17589507456, 0.5977279397],
      [0.30783565561, 0.052118955386, 0.640045389]
    ],
    [
      [0.1641427341, 0.16192198821, 0.67393527769],
      [0.26325064598, 0.024909561907, 0.71183979211]
    ],
    [
      [0.21641773036, 0.15481943444, 0.62876283519],
      [0.2924895679, 0.042498678173, 0.66501175392]
    ],
    [
      [0.19706384934, 0.1488898549, 0.65404629576],
      [0.2509644771, 0.028515459475, 0.72052006342]
    ],
    [
      [0.21890889574, 0.1166141328, 0.66447697146],
      [0.28415068552, 0.018883939861, 0.69696537462]
    ],
    [
      [0.25572041821, 0.096988768739, 0.64729081305],
      [0.31780555644, 0.023124556831, 0.65906988673]
    ],
    [
      [0.2258469933, 0.11329779647, 0.66085521023],
      [0.30635701564, 0.035638474906, 0.65800450946]
    ],
    [
      [0.27316233615, 0.12082221228, 0.60601545157],
      [0.34636957027, 0.030290854534, 0.62333957519]
    ],
    [
      [0.18570633624, 0.089672270323, 0.72462139343],
      [0.2016087946, 0.016812009868, 0.78157919553]
    ],
    [
      [0.16667354985, 0.17167302265, 0.6616534275],
      [0.22220042547, 0.039702094948, 0.73809747958]
    ],
    [
      [0.13181662327, 0.16495740098, 0.70322597574],
      [0.2227335069, 0.040170396064, 0.73709609703]
    ],
    [
      [0.29265779257, 0.13717407732, 0.57016813011],
      [0.44202662229, 0.028477768045, 0.52949560966]
    ],
    [
      [0.22909507853, 0.11670200405, 0.65420291741],
      [0.29979635835, 0.024060331757, 0.6761433099]
    ],
    [
      [0.1938333048, 0.12233870545, 0.68382798975],
      [0.26973424426, 0.024583698086, 0.70568205766]
    ],
    [
      [0.27656533825, 0.1402785345, 0.58315612725],
      [0.36722541448, 0.028823553636, 0.60395103188]
    ],
    [
      [0.28250036221, 0.21667394431, 0.50082569348],
      [0.35815778036, 0.049997701796, 0.59184451785]
    ],
    [
      [0.31707312972, 0.023403745443, 0.65952312484],
      [0.37073171757, 0.0066490636392, 0.62261921879]
    ],
    [
      [0.1284478724, 0.14589886448, 0.72565326313],
      [0.19906722528, 0.028229187111, 0.77270358761]
    ],
    [
      [0.2155584891, 0.21524872066, 0.56919279024],
      [0.31853594142, 0.050311256442, 0.63115280214]
    ],
    [
      [0.18737791978, 0.084044452024, 0.7285776282],
      [0.25195682921, 0.017310433806, 0.73073273699]
    ],
    [
      [0.23971195451, 0.089763331691, 0.6705247138],
      [0.32583773378, 0.018672857847, 0.65548940837]
    ],
    [
      [0.26660662296, 0.019068256724, 0.71432512032],
      [0.30941864481, 0.0074422865649, 0.68313906863]
    ],
    [
      [0.22282049273, 0.088686444196, 0.68849306307],
      [0.30568934384, 0.018126380144, 0.67618427601]
    ],
    [
      [0.22319756909, 0.049726582728, 0.72707584818],
      [0.29602119846, 0.011615579231, 0.69236322231]
    ],
    [
      [0.27836483071, 0.18031119949, 0.5413239698],
      [0.34290879232, 0.042422200127, 0.61466900755]
    ],
    [
      [0.18088525465, 0.17720848077, 0.64190626458],
      [0.28926161814, 0.03034754821, 0.68039083365]
    ],
    [
      [0.33428436686, 0.057652060185, 0.60806357296],
      [0.43012694046, 0.0099912245078, 0.55988183504]
    ],
    [
      [0.24820881363, 0.11413787058, 0.63765331579],
      [0.33794779659, 0.021465532355, 0.64058667105]
    ],
    [
      [0.261935287, 0.13279639825, 0.60526831475],
      [0.3706571549, 0.030578622632, 0.59876422247]
    ],
    [
      [0.26426647868, 0.060833652781, 0.67489986854],
      [0.32960008057, 0.01678557738, 0.65361434205]
    ],
    [
      [0.26407462612, 0.16029021989, 0.575635154],
      [0.37040587432, 0.030789865232, 0.59880426045]
    ],
    [
      [0.25632363355, 0.18302695759, 0.56064940886],
      [0.39613910587, 0.029255379095, 0.57460551504]
    ],
    [
      [0.22375627082, 0.025276956754, 0.75096677242],
      [0.26795594055, 0.0066465216881, 0.72539753776]
    ],
    [
      [0.24775006251, 0.10328580979, 0.64896412771],
      [0.3440833125, 0.018904730071, 0.63701195743]
    ],
    [
      [0.19842116, 0.22957187446, 0.57200696553],
      [0.29138069247, 0.048309699836, 0.6603096077]
    ],
    [
      [0.28692906951, 0.10719307406, 0.60587785643],
      [0.38182638184, 0.019929341514, 0.59824427665]
    ],
    [
      [0.28078248851, 0.1342760432, 0.5849414683],
      [0.37307250383, 0.021907985601, 0.60501951057]
    ]
  ],