{
  "X": [
    [0, 7, 14, 16],
    [42, 97, 749, 197],
    [19, 28, 302, 29],
    [39, 388, 778, 264],
    [13, 370, 434, 245],
    [19, 445, 487, 243],
    [38, 84, 836, 137],
    [44, 63, 837, 133],
    [20, 113, 639, 119],
    [25, 57, 659, 101],
    [73, 9, 860, 106],
    [46, 43, 795, 133],
    [9, 17, 228, 25],
    [32, 26, 889, 117],
    [10, 6, 232, 39],
    [27, 6, 759, 103],
    [22, 93, 533, 123],
    [30, 131, 550, 133],
    [27, 39, 747, 106],
    [26, 40, 888, 125],
    [35, 118, 662, 179],
    [25, 25, 613, 103],
    [14, 72, 530, 92],
    [6, 51, 245, 59],
    [18, 225, 379, 75],
    [17, 125, 363, 92],
    [12, 156, 447, 116],
    [30, 200, 731, 186],
    [2, 27, 153, 29],
    [39, 195, 813, 194],
    [14, 59, 264, 59],
    [115, 273, 2127, 408],
    [4, 25, 90, 22]
  ],
  "W": [
    [21, 6, 0, 10],
    [808, 111, 30, 136],
    [299, 29, 16, 34],
    [816, 383, 83, 187],
    [457, 371, 82, 152],
    [498, 458, 91, 147],
    [863, 103, 36, 93],
    [872, 79, 26, 100],
    [676, 97, 42, 76],
    [684, 51, 33, 74],
    [875, 48, 28, 97],
    [835, 54, 30, 98],
    [240, 17, 1, 21],
    [910, 38, 23, 93],
    [247, 6, 9, 25],
    [759, 30, 25, 81],
    [558, 109, 26, 78],
    [565, 129, 51, 99],
    [756, 42, 27, 94],
    [927, 36, 33, 83],
    [696, 116, 54, 128],
    [655, 32, 13, 66],
    [543, 84, 18, 63],
    [246, 55, 18, 42],
    [384, 213, 36, 64],
    [362, 142, 41, 52],
    [454, 154, 41, 82],
    [770, 219, 51, 107],
    [150, 29, 10, 22],
    [816, 211, 90, 124],
    [279, 63, 20, 34],
    [2256, 302, 80, 285],
    [81, 26, 7, 27]
  ],
  "method": "mult",
  "cond_prob": [
    [
      [0, 0.09363771619, 0.66666666667, 0.23969561714],
      [0, 0.80282049148, 0, 0.19717950852],
      [1.1102230246e-16, 0.26372431597, 0.19905552388, 0.53722016015],
      [0, 0.021668501115, 0, 0.97833149889]
    ],
    [
      [0.047266387432, 0, 0.88567240019, 0.067061212377],
      [0.0010128735821, 0.81607327955, 0.00079037280867, 0.18212347406],
      [0.00041419620026, 0.213862199, 0.34664109341, 0.43908251139],
      [0.027087530157, 0, 0.16830688575, 0.8046055841]
    ],
    [
      [0.049155728072, 0, 0.95015370331, 0.00069056861946],
      [0.084736037042, 0.81702566127, 0.0062826320217, 0.091955669664],
      [0.00071153331245, 0.26914098894, 0.46424209317, 0.26590538457],
      [0.053932579386, 0, 0.30276390857, 0.64330351204]
    ],
    [
      [0.041557055028, 0.040740714281, 0.8740379356, 0.043664295093],
      [0, 0.86461862735, 0, 0.13538137265],
      [0.00023001580214, 0.26499706919, 0.35458264332, 0.38019027169],
      [0.027114180672, 0.0086197119274, 0.18906248747, 0.77520361994]
    ],
    [
      [0.023769481828, 0.075191126629, 0.8390550914, 0.061984300141],
      [0, 0.84118378053, 0, 0.15881621947],
      [0, 0.25993800223, 0.32364570748, 0.41641629029],
      [0.014061492136, 0.014760239285, 0.15797944221, 0.81319882637]
    ],
    [
      [0.032104299214, 0.057992285216, 0.86143706768, 0.04846634789],
      [0, 0.85396460078, 0, 0.14603539922],
      [7.9629526785e-05, 0.25855551154, 0.34646083951, 0.39490401943],
      [0.020440902752, 0.010037437096, 0.18011159116, 0.789410069]
    ],
    [
      [0.031101376665, 0, 0.92955241843, 0.039346204905],
      [0.084669320419, 0.74241951568, 0.0048012745913, 0.16810988931],
      [0.00042836687406, 0.20918860791, 0.39339163542, 0.3969913898],
      [0.026055384169, 0, 0.20580250254, 0.76814211329]
    ],
    [
      [0.038033311768, 0, 0.92395652087, 0.038010167364],
      [0.098800036955, 0.72888147291, 0.0044537105058, 0.16786477963],
      [0.00048611563854, 0.20839860154, 0.39577394562, 0.3953413372],
      [0.030171102124, 0, 0.20667948087, 0.76314941701]
    ],
    [
      [0.027576848221, 0.024635038384, 0.9014014278, 0.046386685597],
      [0, 0.87175963331, 0, 0.12824036669],
      [0.00020066311626, 0.27419857546, 0.3515867406, 0.37401402082],
      [0.017758194098, 0.00354854542, 0.19586831189, 0.78282494859]
    ],
    [
      [0.03405700895, 0.0060721394149, 0.92230255463, 0.037568297009],
      [0, 0.86687777892, 0.002515803366, 0.13060641772],
      [0.00031564178144, 0.25852358157, 0.37571604613, 0.36544473052],
      [0.022899860807, 0.001413671941, 0.21105563705, 0.76463083021]
    ],
    [
      [0.055033172117, 0, 0.93901199253, 0.0059548353516],
      [0.40693452556, 0.15347244901, 0.013241697875, 0.42635132756],
      [0.0011100475323, 0.058332944549, 0.51925495948, 0.42130204844],
      [0.054453977735, 0, 0.23906975434, 0.70647626792]
    ],
    [
      [0.043080319808, 0, 0.91456952722, 0.042350152969],
      [0.12752707297, 0.68692372245, 0.0040513244228, 0.18149788016],
      [0.00053011792266, 0.19687063293, 0.39113398257, 0.41146526658],
      [0.031893545737, 0, 0.19777197728, 0.77033447699]
    ],
    [
      [0.035277582226, 0.0067841942021, 0.92835308436, 0.029585139216],
      [0, 0.88624271092, 0.0026070991153, 0.11115018997],
      [0.00034311041783, 0.27566181784, 0.38599711016, 0.33799796158],
      [0.025382721686, 0.0014288327627, 0.22690199807, 0.74628644748]
    ],
    [
      [0.023531532032, 0, 0.94356152786, 0.032906940105],
      [0.22497771873, 0.57765128404, 0.0048388020866, 0.19253219514],
      [0.00035847823773, 0.17605440028, 0.42522732056, 0.39835980092],
      [0.021816210106, 0, 0.21930007304, 0.75888371686]
    ],
    [
      [0.03555875599, 0, 0.90802331519, 0.056417928823],
      [4.7422230051e-06, 0.8171914728, 0.002953155544, 0.17985062943],
      [0.074054378696, 0.12187235147, 0.36462441681, 0.43944885303],
      [0.022018776359, 0, 0.17675609857, 0.80122512507]
    ],
    [
      [0.018538578071, 0, 0.95965779364, 0.02180362829],
      [0.37431379185, 0.1543150128, 0.011368605809, 0.46000258954],
      [0.00043094755134, 0.054821984643, 0.49028454031, 0.4544625275],
      [0.020852244445, 0, 0.22248843143, 0.75665932412]
    ],
    [
      [0.032565692351, 0, 0.91214512053, 0.055289187123],
      [0.019694872716, 0.80224736546, 0.0022931645964, 0.17576459723],
      [0.00033729213253, 0.2135745419, 0.36377216189, 0.42231600408],
      [0.021446576236, 2.6911231065e-05, 0.18352553329, 0.79500097924]
    ],
    [
      [0.047505940127, 0.011382697927, 0.90367874561, 0.037432616341],
      [0, 0.8632616279, 0.0010375222256, 0.13570084988],
      [0.00041423697991, 0.25370861968, 0.373517585, 0.37235955834],
      [0.031697148912, 0.0027160208924, 0.20442698516, 0.76115984503]
    ],
    [
      [0.028729156433, 0, 0.94436800608, 0.026902837486],
      [0.07250591753, 0.78144183961, 0.0040798838972, 0.14197235896],
      [0.00034624250496, 0.2288682495, 0.4119941386, 0.35879136939],
      [0.023682560137, 0, 0.2315169206, 0.74480051926]
    ],
    [
      [0.026537423297, 0.0016245418924, 0.92672579246, 0.045112242352],
      [7.1952945596e-07, 0.84916937307, 0.0027713948857, 0.14805851251],
      [0.0002455256228, 0.23807557561, 0.37107839922, 0.39060049955],
      [0.016767233189, 0.00081274987844, 0.19975702411, 0.78266299282]
    ],
    [
      [0.045233368308, 0.0094996268401, 0.89034915751, 0.054917847341],
      [0, 0.84547466751, 0, 0.15452533249],
      [0.00036145221894, 0.24086402408, 0.35270622051, 0.40606830319],
      [0.027328572172, 0.0023948514656, 0.18180351926, 0.78847305711]
    ],
    [
      [0.03148528564, 0, 0.91064102305, 0.057873691305],
      [0.094349532352, 0.70425841331, 0.0031609310224, 0.19823112332],
      [0.00033749710032, 0.18951775186, 0.36567160881, 0.44447314223],
      [0.020508566789, 0, 0.17689771503, 0.80259371818]
    ],
    [
      [0.019634700833, 0, 0.93872267733, 0.041642621834],
      [0.028133011106, 0.80952783559, 0.0039570421133, 0.15838211119],
      [0.00023447290612, 0.22180735819, 0.38591150024, 0.39204666866],
      [0.015412127023, 0.00011316449216, 0.20626647089, 0.77820823759]
    ],
    [
      [0.021982306573, 0.001367940808, 0.93308101423, 0.043568738386],
      [0, 0.84496737836, 0.0025818195328, 0.1524508021],
