{
  "X": [
    [10, 54, 36],
    [5, 37, 58],
    [12, 48, 40],
    [8, 42, 50],
    [7, 47, 46],
    [8, 51, 41],
    [12, 51, 37],
    [7, 43, 50],
    [9, 56, 35],
    [8, 42, 50],
    [10, 32, 58],
    [7, 50, 43],
    [6, 53, 41],
    [2, 47, 51],
    [9, 53, 38],
    [8, 52, 40],
    [11, 54, 35],
    [20, 40, 40],
    [17, 46, 37],
    [23, 33, 44],
    [22, 39, 39],
    [20, 35, 45],
    [26, 38, 36],
    [21, 38, 41],
    [22, 34, 44],
    [17, 31, 52],
    [19, 33, 48],
    [18, 40, 42],
    [26, 40, 34],
    [20, 36, 44],
    [28, 35, 37],
    [20, 34, 46],
    [21, 33, 46],
    [24, 47, 29],
    [15, 58, 27],
    [11, 58, 31],
    [16, 58, 26],
    [12, 62, 26],
    [15, 55, 30],
    [15, 59, 26],
    [13, 62, 25],
    [13, 62, 25],
    [9, 69, 22],
    [13, 68, 19],
    [13, 55, 32],
    [15, 56, 29],
    [19, 60, 21],
    [17, 60, 23],
    [12, 57, 31],
    [17, 62, 21]
  ],
  "W": [
    [56, 18, 26],
    [78, 17, 5],
    [62, 21, 17],
    [75, 11, 14],
    [68, 12, 20],
    [74, 14, 12],
    [66, 16, 18],
    [68, 20, 12],
    [64, 18, 18],
    [65, 16, 19],
    [69, 19, 12],
    [67, 14, 19],
    [58, 20, 22],
    [69, 13, 18],
    [61, 19, 20],
    [62, 15, 23],
    [50, 27, 23],
    [20, 61, 19],
    [21, 59, 20],
    [16, 65, 19],
    [15, 66, 19],
    [12, 71, 17],
    [15, 66, 19],
    [10, 72, 18],
    [19, 64, 17],
    [11, 74, 15],
    [15, 73, 12],
    [19, 62, 19],
    [14, 72, 14],
    [16, 68, 16],
    [18, 68, 14],
    [17, 67, 16],
    [21, 65, 14],
    [18, 36, 46],
    [16, 12, 72],
    [21, 17, 62],
    [20, 17, 63],
    [16, 19, 65],
    [17, 18, 65],
    [16, 20, 64],
    [19, 18, 63],
    [14, 16, 70],
    [13, 16, 71],
    [16, 16, 68],
    [26, 16, 58],
    [22, 12, 66],
    [14, 23, 63],
    [20, 11, 69],
    [19, 17, 64],
    [9, 20, 71]
  ],
  "method": "mvn_cdf",
  "mvncdf_method": "genz",
  "mvncdf_samples": 5000,
  "mvncdf_error": 1e-06,
  "cond_prob": [
    [
      [0.019742670903, 0.52028565042, 0.45997167868],
      [0.29417431763, 0.28681831946, 0.4190073629],
      [0.12595999572, 0.76876737216, 0.10527263212]
    ],
    [
      [0.012793780106, 0.38007256935, 0.60713365055],
      [0.20011442089, 0.22052777527, 0.57935780384],
      [0.1046549208, 0.71848784044, 0.17685723876]
    ],
    [
      [0.026091601533, 0.49169024472, 0.48221815375],
      [0.35633765796, 0.24635341814, 0.3973089239],
      [0.16685472214, 0.7235644704, 0.10958080746]
    ],
    [
      [0.023580532441, 0.40530327111, 0.57111619645],
      [0.32637216899, 0.20326723689, 0.47036059412],
      [0.17309464136, 0.67944358187, 0.14746177677]
    ],
    [
      [0.016974608233, 0.43493008793, 0.54809530384],
      [0.25639411781, 0.24231784272, 0.50128803947],
      [0.12419708646, 0.73347582807, 0.14232708547]
    ],
    [
      [0.021619699689, 0.51588912465, 0.46249117566],
      [0.31711659949, 0.27601200601, 0.4068713945],
      [0.13781234479, 0.75732919158, 0.10485846362]
    ],
    [
      [0.032245279208, 0.51600399475, 0.45175072604],
      [0.41425129786, 0.24009189936, 0.34565680278],
      [0.19397642072, 0.70983018512, 0.096193394166]
    ],
    [
      [0.014676650281, 0.42900909326, 0.55631425646],
      [0.22716023844, 0.24681288977, 0.52602687179],
      [0.10946311762, 0.74229722454, 0.14823965783]
    ],
    [
      [0.019122287333, 0.56461828322, 0.41625942944],
      [0.29319611217, 0.31867432171, 0.38812956612],
      [0.11630449629, 0.79325360487, 0.090441898845]
    ],
    [
      [0.017079684757, 0.38997543532, 0.59294487993],
      [0.25278841053, 0.21423290972, 0.53297867975],
      [0.13338412977, 0.70246903964, 0.16414683059]
    ],
    [
      [0.023672471815, 0.29353934056, 0.68278818763],
      [0.30673906207, 0.15896129692, 0.53429964102],
      [0.18898263689, 0.61800674715, 0.19301061597]
    ],
    [
      [0.016277657956, 0.47577991471, 0.50794242733],
      [0.25152332779, 0.27190636232, 0.47657030988],
      [0.11278790509, 0.76185789094, 0.12535420397]
    ],
    [
      [0.01169071135, 0.50197040103, 0.48633888762],
      [0.19309520945, 0.3109177524, 0.49598703815],
      [0.079982430775, 0.80053502038, 0.11948254885]
    ],
    [
      [0.0074405414459, 0.41575602191, 0.57680343664],
      [0.12826995942, 0.25963870904, 0.61209133154],
      [0.059444545826, 0.77571136338, 0.16484409079]
    ],
    [
      [0.018091543929, 0.52422795094, 0.45768050513],
      [0.2768619358, 0.29655124881, 0.42658681538],
      [0.11597249623, 0.77901227855, 0.10501522523]
    ],
    [
      [0.017294108998, 0.49105462925, 0.49165126176],
      [0.2645306344, 0.27798073625, 0.45748862934],
      [0.11663483692, 0.76517634587, 0.11818881721]
    ],
    [
      [0.017433227632, 0.54815400378, 0.43441276859],
      [0.2703670552, 0.31641040059, 0.41322254421],
      [0.10883713445, 0.79385310187, 0.097309763674]
    ],
    [
      [0.019005818006, 0.47991354335, 0.50108063865],
      [0.27898903761, 0.2651166447, 0.45589431769],
      [0.12742273045, 0.75181701099, 0.12076025856]
    ],
    [
      [0.015227399977, 0.54140059883, 0.44337200119],
      [0.24586225396, 0.32052244932, 0.43361529672],
      [0.098859224484, 0.80026634329, 0.10087443223]
    ],
    [
      [0.021708291553, 0.40277214272, 0.57551956573],
      [0.29937762239, 0.20912943786, 0.49149293975],
      [0.15912915065, 0.68970669829, 0.15116415106]
    ],
    [
      [0.019848382526, 0.48474294814, 0.49540866934],
      [0.28833413367, 0.26509865115, 0.44656721518],
      [0.13142324377, 0.75061190123, 0.117964855]
    ],
    [
      [0.016731976288, 0.43287975427, 0.55038826945],
      [0.2486462668, 0.24288649822, 0.50846723498],
      [0.12130569846, 0.73523291875, 0.14346138279]
    ],
    [
      [0.025303963749, 0.49188101904, 0.48281501721],
      [0.34378069947, 0.25069621165, 0.40552308888],
      [0.16080341681, 0.72897502242, 0.11022156077]
    ],
    [
      [0.017226997399, 0.47938570279, 0.50338729981],
      [0.2585806263, 0.27141740435, 0.47000196935],
      [0.11668224764, 0.76056433808, 0.12275341428]
    ],
    [
      [0.021064829749, 0.41957266466, 0.55936250559],
      [0.29490474881, 0.22075108993, 0.48434416126],
      [0.15137730178, 0.70439307468, 0.14422962353]
    ],
    [
      [0.01368599037, 0.37393082044, 0.61238318919],
      [0.20753369867, 0.21445471057, 0.57801159077],
      [0.11099903447, 0.71075611268, 0.17824485285]
    ],
    [
      [0.015828296063, 0.42632133772, 0.55785036622],
      [0.23763539788, 0.24172300109, 0.52064160104],
      [0.11664224675, 0.73557503253, 0.14778272072]
    ],
    [
      [0.016463369034, 0.47066112424, 0.51287550672],
      [0.24918346452, 0.26857059551, 0.48224593996],
      [0.11353866965, 0.75922449101, 0.12723683934]
    ],
    [
      [0.022811057337, 0.55220276234, 0.42498618032],
      [0.32655996798, 0.2965544082, 0.37688562382],
      [0.13684812492, 0.77160450825, 0.091547366826]
    ],
    [
      [0.017564885193, 0.44760833471, 0.53482678009],
      [0.25911189241, 0.24967720891, 0.49121089868],
      [0.1237752596, 0.74028155712, 0.13594318328]
    ],
    [
      [0.028792896363, 0.48275637045, 0.48845073319],
      [0.37393919183, 0.23495448308, 0.39110632508],
      [0.18171222443, 0.71028076061, 0.10800701496]
    ],
    [
      [0.017829398048, 0.41787795383, 0.56429264812],
      [0.25996816202, 0.2296579889, 0.51037384908],
      [0.13127710133, 0.71960929442, 0.14911360425]
    ],
    [
      [0.019910911146, 0.41581285463, 0.56427623422],
      [0.28241565905, 0.22212676352, 0.49545757743],
      [0.14505512336, 0.70746595107, 0.14747892557]
    ],
    [
      [0.033054622373, 0.45153983538, 0.51540554224],
      [0.40552742745, 0.20825092425, 0.38622164831],
      [0.21169401824, 0.67115493206, 0.1171510497]
    ],
    [
      [0.020108333902, 0.3894148733, 0.59047679279],
      [0.28330716435, 0.20601899604, 0.51067383961],
      [0.15277238996, 0.68841054923, 0.15881706081]
    ],
    [
      [0.01444356166, 0.41086402491, 0.57469241342],
