{
  "X": [
    [19, 23, 58],
    [15, 17, 68],
    [13, 18, 69],
    [17, 16, 67],
    [17, 18, 65],
    [18, 15, 67],
    [15, 13, 72],
    [18, 18, 64],
    [19, 11, 70],
    [14, 15, 71],
    [16, 21, 63],
    [15, 14, 71],
    [20, 10, 70],
    [16, 16, 68],
    [17, 23, 60],
    [16, 22, 62],
    [23, 17, 60],
    [29, 39, 32],
    [43, 36, 21],
    [40, 26, 34],
    [30, 32, 38],
    [39, 34, 27],
    [30, 30, 40],
    [36, 32, 32],
    [35, 29, 36],
    [41, 32, 27],
    [31, 26, 43],
    [45, 32, 23],
    [38, 32, 30],
    [37, 36, 27],
    [42, 26, 32],
    [40, 31, 29],
    [32, 28, 40],
    [29, 31, 40],
    [19, 40, 41],
    [19, 51, 30],
    [14, 56, 30],
    [23, 42, 35],
    [17, 50, 33],
    [18, 49, 33],
    [17, 53, 30],
    [11, 46, 43],
    [13, 52, 35],
    [15, 45, 40],
    [21, 46, 33],
    [13, 46, 41],
    [22, 51, 27],
    [13, 46, 41],
    [17, 54, 29],
    [19, 42, 39]
  ],
  "W": [
    [66, 16, 18],
    [66, 13, 21],
    [65, 19, 16],
    [64, 18, 18],
    [62, 16, 22],
    [74, 18, 8],
    [72, 20, 8],
    [66, 20, 14],
    [68, 22, 10],
    [71, 16, 13],
    [63, 17, 20],
    [70, 16, 14],
    [67, 21, 12],
    [71, 18, 11],
    [58, 15, 27],
    [61, 19, 20],
    [59, 29, 12],
    [16, 58, 26],
    [9, 72, 19],
    [20, 66, 14],
    [21, 60, 19],
    [13, 69, 18],
    [20, 58, 22],
    [22, 57, 21],
    [19, 67, 14],
    [18, 68, 14],
    [15, 68, 17],
    [6, 80, 14],
    [13, 67, 20],
    [16, 67, 17],
    [18, 72, 10],
    [12, 69, 19],
    [20, 65, 15],
    [23, 31, 46],
    [20, 18, 62],
    [11, 19, 70],
    [15, 11, 74],
    [19, 25, 56],
    [19, 8, 73],
    [16, 21, 63],
    [14, 16, 70],
    [23, 9, 68],
    [15, 15, 70],
    [20, 12, 68],
    [12, 22, 66],
    [16, 16, 68],
    [9, 20, 71],
    [21, 12, 67],
    [13, 19, 68],
    [20, 17, 63]
  ],
  "method": "mvn_cdf",
  "mvncdf_method": "genz",
  "mvncdf_samples": 5000,
  "mvncdf_error": 1e-06,
  "cond_prob": [
    [
      [0.1266637433, 0.05903611048, 0.81430014622],
      [0.55447535582, 0.34292057549, 0.10260406869],
      [0.10483196273, 0.7575608725, 0.13760716477]
    ],
    [
      [0.076089540272, 0.024536526903, 0.89937393283],
      [0.55550037934, 0.23464610705, 0.20985351361],
      [0.12015373943, 0.58937475338, 0.29047150719]
    ],
    [
      [0.053165927084, 0.027777992346, 0.91905608057],
      [0.44481432018, 0.30910264364, 0.24608303618],
      [0.079968898901, 0.63800333194, 0.28202776916]
    ],
    [
      [0.073460498713, 0.023333545462, 0.90320595583],
      [0.55215226928, 0.23049198366, 0.21735574706],
      [0.12005814877, 0.57833014922, 0.30161170201]
    ],
    [
      [0.079963789126, 0.024553790581, 0.89548242029],
      [0.56798423443, 0.22841101076, 0.20360475482],
      [0.12598106156, 0.58530044267, 0.28871849578]
    ],
    [
      [0.10064770116, 0.045409256795, 0.85394304204],
      [0.53353676306, 0.3215294698, 0.14493376714],
      [0.1022914018, 0.72083374565, 0.17687485255]
    ],
    [
      [0.062750750467, 0.027936037651, 0.90931321188],
      [0.48552279102, 0.28829505047, 0.22618215851],
      [0.092417874855, 0.63454388272, 0.27303824243]
    ],
    [
      [0.087055634759, 0.036833848405, 0.87611051684],
      [0.53100318439, 0.29770064553, 0.17129617008],
      [0.10485684486, 0.68019889921, 0.21494425593]
    ],
    [
      [0.072698797096, 0.019742978213, 0.90755822469],
      [0.56908504936, 0.2034720871, 0.22744286354],
      [0.13035142631, 0.53768092445, 0.33196764924]
    ],
    [
      [0.066186598273, 0.028748709885, 0.90506469184],
      [0.49621249594, 0.2859773027, 0.21781020136],
      [0.095465747859, 0.63786970784, 0.2666645443]
    ],
    [
      [0.080277967991, 0.035913250323, 0.88380878169],
      [0.51429503334, 0.30405271506, 0.18165225161],
      [0.099209957439, 0.67766231169, 0.22312773087]
    ],
    [
      [0.068830820719, 0.024362029242, 0.90680715004],
      [0.52950044681, 0.24694615257, 0.22355340062],
      [0.10986447858, 0.59432417695, 0.29581134447]
    ],
    [
      [0.07692454478, 0.01655398114, 0.90652147408],
      [0.60371067247, 0.16944479647, 0.22684453106],
      [0.15037392784, 0.48851123996, 0.3611148322]
    ],
    [
      [0.079679804583, 0.03736552043, 0.88295467499],
      [0.50493053603, 0.31540758922, 0.17966187475],
      [0.095128054792, 0.6897435473, 0.21512839791]
    ],
    [
      [0.089317961443, 0.031554158277, 0.87912788028],
      [0.56253315086, 0.2602978425, 0.17716900664],
      [0.11957348982, 0.63975176783, 0.24067474235]
    ],
    [
      [0.075197820198, 0.036684821754, 0.88811735805],
      [0.493489388, 0.31892702062, 0.18758359139],
      [0.092178625371, 0.6857488616, 0.22207251303]
    ],
    [
      [0.08839552246, 0.030578050371, 0.88102642717],
      [0.56241831908, 0.25749084629, 0.18009083463],
      [0.12067501128, 0.63427775248, 0.24504723624]
    ],
    [
      [0.065221495254, 0.038623740614, 0.89615476413],
      [0.4477104561, 0.35233502005, 0.19995452385],
      [0.079237948374, 0.69879868703, 0.2219633646]
    ],
    [
      [0.10609088433, 0.044255735466, 0.8496533802],
      [0.5512770167, 0.30517571825, 0.14354726505],
      [0.11312611819, 0.70255212972, 0.18432175209]
    ],
    [
      [0.084525848068, 0.029014503236, 0.8864596487],
      [0.55695226302, 0.25359677478, 0.1894509622],
      [0.12107693003, 0.6198670348, 0.25905603517]
    ],
    [
      [0.058953638274, 0.030691068656, 0.91035529307],
      [0.45560202459, 0.31559658058, 0.22880139483],
      [0.083887052897, 0.65193273494, 0.26418021216]
    ],
    [
      [0.086714861672, 0.03840570206, 0.87487943627],
      [0.52180046415, 0.30693884763, 0.17126068821],
      [0.10342444414, 0.68357128676, 0.21300426911]
    ],
    [
      [0.05418583283, 0.024394736501, 0.92141943067],
      [0.46534766439, 0.27778539669, 0.25686693892],
      [0.089697240629, 0.59944622827, 0.3108565311]
    ],
    [
      [0.098423162364, 0.039364921139, 0.8622119165],
      [0.55119009732, 0.29206450825, 0.15674539443],
      [0.1139135758, 0.68203172252, 0.20405470168]
    ],
    [
      [0.064459251306, 0.029002902825, 0.90653784587],
      [0.48636252531, 0.2912295118, 0.2224079629],
      [0.094524482191, 0.63443486168, 0.27104065613]
    ],
    [
      [0.10638700242, 0.045116952154, 0.84849604542],
      [0.5481139066, 0.30985087714, 0.14203521626],
      [0.11146618497, 0.70799298015, 0.18054083488]
    ],
    [
      [0.037363892592, 0.015697336736, 0.94693877067],
      [0.41312108853, 0.23877366408, 0.34810524739],
      [0.079826907744, 0.50631408558, 0.41385900668]
    ],
    [
      [0.085978381966, 0.03387917483, 0.8801424432],
      [0.53854465384, 0.28201818333, 0.17943716284],
      [0.1117070842, 0.65497534799, 0.23331756781]
    ],
    [
      [0.076807860638, 0.031061305725, 0.89213083364],
      [0.52241073188, 0.2803103396, 0.19727892852],
      [0.10645987713, 0.64106221098, 0.2524779119]
    ],
    [
      [0.090889426073, 0.046811476892, 0.86229909704],
      [0.50191046172, 0.3439793943, 0.15411014399],
      [0.09435502822, 0.72416930998, 0.1814756618]
    ],
    [
      [0.084350536476, 0.030617982084, 0.88503148144],
      [0.54849025468, 0.26462869427, 0.18688105106],
      [0.11686191747, 0.63313281746, 0.25000526507]
    ],
    [
      [0.080229470419, 0.030369601866, 0.88940092772],
      [0.53696069678, 0.26961525865, 0.19342404457],
      [0.112398741, 0.63325026041, 0.25435099859]
    ],
    [
      [0.052470002152, 0.024221863257, 0.92330813459],
      [0.46485859174, 0.27665776141, 0.25848364685],
      [0.087243887628, 0.5991861952, 0.31356991717]
    ],
    [
      [0.097648125612, 0.020551627261, 0.88180024713],
      [0.63066599703, 0.18677982543, 0.18255417754],
      [0.16122827804, 0.54134209666, 0.2974296253]
    ],
    [
      [0.072448041032, 0.023454394072, 0.9040975649],
      [0.54983854084, 0.23046706978, 0.21969438939],
      [0.12000020877, 0.5730700595, 0.30692973173]
    ],
    [
