{
  "X": [
    [28, 9, 63],
    [24, 12, 64],
    [18, 6, 76],
    [30, 8, 62],
    [28, 8, 64],
    [32, 8, 60],
    [29, 8, 63],
    [30, 10, 60],
    [35, 13, 52],
    [38, 9, 53],
    [32, 8, 60],
    [32, 11, 57],
    [29, 12, 59],
    [29, 8, 63],
    [26, 12, 62],
    [29, 9, 62],
    [30, 16, 54],
    [32, 27, 41],
    [32, 31, 37],
    [29, 21, 50],
    [20, 40, 40],
    [27, 27, 46],
    [29, 30, 41],
    [28, 34, 38],
    [22, 28, 50],
    [20, 36, 44],
    [27, 23, 50],
    [23, 26, 51],
    [23, 27, 50],
    [26, 26, 48],
    [26, 30, 44],
    [25, 31, 44],
    [28, 32, 40],
    [27, 26, 47],
    [39, 12, 49],
    [37, 10, 53],
    [33, 15, 52],
    [44, 14, 42],
    [36, 11, 53],
    [36, 10, 54],
    [42, 9, 49],
    [33, 12, 55],
    [49, 9, 42],
    [38, 11, 51],
    [38, 9, 53],
    [32, 15, 53],
    [45, 12, 43],
    [34, 11, 55],
    [44, 7, 49],
    [30, 9, 61]
  ],
  "W": [
    [64, 19, 17],
    [70, 16, 14],
    [60, 16, 24],
    [67, 14, 19],
    [67, 19, 14],
    [67, 18, 15],
    [68, 18, 14],
    [63, 20, 17],
    [58, 19, 23],
    [67, 12, 21],
    [65, 14, 21],
    [70, 16, 14],
    [58, 21, 21],
    [62, 16, 22],
    [74, 11, 15],
    [70, 17, 13],
    [52, 34, 14],
    [16, 66, 18],
    [19, 67, 14],
    [15, 67, 18],
    [17, 74, 9],
    [14, 74, 12],
    [22, 61, 17],
    [18, 65, 17],
    [14, 60, 26],
    [13, 73, 14],
    [19, 59, 22],
    [15, 64, 21],
    [15, 56, 29],
    [18, 56, 26],
    [20, 67, 13],
    [19, 68, 13],
    [15, 71, 14],
    [13, 36, 51],
    [15, 19, 66],
    [18, 9, 73],
    [13, 24, 63],
    [23, 13, 64],
    [18, 16, 66],
    [19, 14, 67],
    [13, 16, 71],
    [16, 20, 64],
    [18, 18, 64],
    [14, 28, 58],
    [16, 16, 68],
    [18, 22, 60],
    [16, 22, 62],
    [24, 18, 58],
    [17, 13, 70],
    [25, 15, 60]
  ],
  "method": "mvn_cdf",
  "mvncdf_method": "genz",
  "mvncdf_samples": 5000,
  "mvncdf_error": 1e-06,
  "cond_prob": [
    [
      [0.25663732187, 0.020819644238, 0.7225430339],
      [0.21452323045, 0.36640227719, 0.41907449236],
      [0.4325161177, 0.037102222624, 0.53038165968]
    ],
    [
      [0.23144740054, 0.03766242038, 0.73089017908],
      [0.14912696671, 0.52438523576, 0.32648779753],
      [0.39241623417, 0.067678709262, 0.53990505657]
    ],
    [
      [0.15420834724, 0.013801693841, 0.83198995892],
      [0.15644676361, 0.28555068276, 0.55800255363],
      [0.28866292389, 0.029095028587, 0.68224204752]
    ],
    [
      [0.27267245067, 0.023160056072, 0.70416749326],
      [0.21736589931, 0.39327135709, 0.3893627436],
      [0.45160459493, 0.040582246523, 0.50781315854]
    ],
    [
      [0.25920057733, 0.018279489674, 0.722519933],
      [0.22656040281, 0.33520434336, 0.43823525382],
      [0.43697559199, 0.0325970747, 0.53042733331]
    ],
    [
      [0.29968628592, 0.019302114615, 0.68101159946],
      [0.25658254557, 0.34339178468, 0.40002566975],
      [0.48619710834, 0.033071277697, 0.48073161397]
    ],
    [
      [0.26990989496, 0.019176809615, 0.71091329542],
      [0.23147682118, 0.34568402456, 0.42283915426],
      [0.45014155384, 0.033792877506, 0.51606556865]
    ],
    [
      [0.27921806677, 0.022928691473, 0.69785324175],
      [0.22393479634, 0.38774276247, 0.38832244119],
      [0.45984002758, 0.039940165069, 0.50021980735]
    ],
    [
      [0.32969070807, 0.035659428936, 0.63464986299],
      [0.21502002451, 0.49754514636, 0.28743482913],
      [0.51217928076, 0.058633174351, 0.42918754489]
    ],
    [
      [0.35735937335, 0.031024568401, 0.61161605825],
      [0.24595974736, 0.46210254358, 0.29193770906],
      [0.54588964995, 0.050449935544, 0.40366041451]
    ],
    [
      [0.28940994905, 0.02315754924, 0.68743250171],
      [0.22979311559, 0.39148628953, 0.37872059488],
      [0.47196922166, 0.039951728082, 0.48807905026]
    ],
    [
      [0.31004078772, 0.033298071951, 0.65666114033],
      [0.20919224581, 0.48329550387, 0.30751225032],
      [0.49128307183, 0.055869481143, 0.45284744703]
    ],
    [
      [0.26655649461, 0.027875373105, 0.70556813229],
      [0.19805436673, 0.43823409588, 0.36371153739],
      [0.44225137978, 0.048854800302, 0.50889381992]
    ],
    [
      [0.25653527019, 0.020570161764, 0.72289456805],
      [0.21521833219, 0.36436681312, 0.42041485469],
      [0.43250072339, 0.036692912661, 0.53080636395]
    ],
    [
      [0.24704310446, 0.05701717353, 0.69593972201],
      [0.12327960639, 0.63561167031, 0.24110872331],
      [0.40448317805, 0.09913111346, 0.49638570849]
    ],
    [
      [0.27481129788, 0.023296266222, 0.7018924359],
      [0.21889002371, 0.39346897853, 0.38764099776],
      [0.45439636336, 0.040748182464, 0.50485545417]
    ],
    [
      [0.29704446713, 0.025628947432, 0.67732658543],
      [0.22822798581, 0.41008072694, 0.36169128725],
      [0.48008799412, 0.043759353495, 0.47615265239]
    ],
    [
      [0.33720156514, 0.024212086782, 0.63858634807],
      [0.26368654995, 0.39016077473, 0.34615267532],
      [0.52649366079, 0.040416011256, 0.43309032796]
    ],
    [
      [0.36591499873, 0.029862694125, 0.60422230714],
      [0.26166178914, 0.43893127102, 0.29940693984],
      [0.55453741556, 0.047750778159, 0.39771180628]
    ],
    [
      [0.27115470629, 0.016848095627, 0.71199719808],
      [0.24503790082, 0.30968790993, 0.44527418925],
      [0.4537516069, 0.02960188089, 0.51664651221]
    ],
    [
      [0.25195763465, 0.040155807093, 0.70788655826],
      [0.16056152944, 0.52654588171, 0.31289258885],
      [0.41822412164, 0.070455233591, 0.51132064477]
    ],
    [
      [0.27929124188, 0.02083120197, 0.69987755615],
      [0.23495477135, 0.35743224892, 0.40761297973],
      [0.46165101095, 0.036295138379, 0.50205385067]
    ],
    [
      [0.31566986493, 0.032343856152, 0.65198627892],
      [0.22012612939, 0.46457978268, 0.31529408792],
      [0.49858682514, 0.053901823206, 0.44751135166]
    ],
    [
      [0.31662240783, 0.036824109752, 0.64655348242],
      [0.20786915139, 0.49810889549, 0.29402195311],
      [0.49760232387, 0.060980613895, 0.44141706223]
    ],
    [
      [0.21083156182, 0.027619272283, 0.76154916589],
      [0.16158368195, 0.43469573853, 0.40372057952],
      [0.36941338127, 0.051074577491, 0.57951204124]
    ],
    [
      [0.22769354734, 0.032780324473, 0.73952612819],
      [0.16120194075, 0.47624356064, 0.3625544986],
      [0.38992726815, 0.059262916761, 0.55080981509]
    ],
    [
      [0.25415073657, 0.021618367075, 0.72423089635],
      [0.21204963226, 0.36960501329, 0.41834535445],
      [0.43069380684, 0.038491508131, 0.53081468503]
    ],
    [
      [0.21923583994, 0.02279596739, 0.75796819267],
      [0.18127062802, 0.38524246785, 0.43348690414],
      [0.38276284728, 0.04193915322, 0.5752979995]
    ],
    [
      [0.21592002062, 0.028692721523, 0.75538725786],
      [0.16223121598, 0.44421616092, 0.39355262311],
      [0.37565047386, 0.052738728573, 0.57161079757]
    ],
    [
      [0.24873428286, 0.027691958086, 0.72357375905],
      [0.18841803019, 0.43181456405, 0.37976740576],
      [0.41962239406, 0.049338251742, 0.53103935419]
    ],
    [
      [0.28279866122, 0.028001287912, 0.68920005087],
      [0.21179741905, 0.43037313513, 0.35782944583],
      [0.46229296927, 0.048287843005, 0.48941918773]
    ],
    [
      [0.27361584447, 0.028853409268, 0.69753074626],
      [0.20280920008, 0.43884986718, 0.35834093273],
      [0.45059636056, 0.050146835013, 0.49925680443]
    ],
    [
      [0.31222091655, 0.028820045053, 0.65895903839],
      [0.22950826194, 0.43465256679, 0.33583917128],
      [0.49657448187, 0.048324273328, 0.4551012448]
    ],
    [
      [0.22857768632, 0.050837102538, 0.72058521114],
      [0.12705601924, 0.5943485784, 0.27859540236],
      [0.38324840227, 0.090046928687, 0.52670466904]
    ],
    [
      [0.28619647606, 0.027715314203, 0.68608820974],
      [0.21134826348, 0.43440287881, 0.35424885771],
      [0.4652945144, 0.047669446659, 0.48703603894]
    ],
    [
