{
  "X": [
    [32, 18, 5, 45],
    [26, 26, 5, 43],
    [34, 10, 4, 52],
    [27, 18, 5, 50],
    [27, 12, 5, 56],
    [30, 13, 6, 51],
    [32, 17, 2, 49],
    [36, 19, 5, 40],
    [25, 14, 2, 59],
    [36, 14, 5, 45],
    [30, 13, 6, 51],
    [29, 18, 6, 47],
    [33, 20, 6, 41],
    [29, 21, 5, 45],
    [30, 15, 6, 49],
    [41, 12, 5, 42],
    [34, 12, 6, 48],
    [30, 12, 6, 52],
    [43, 14, 6, 37],
    [35, 10, 9, 46],
    [30, 16, 2, 52],
    [32, 16, 4, 48],
    [27, 15, 2, 56],
    [23, 15, 6, 56],
    [25, 20, 3, 52],
    [37, 33, 9, 21],
    [29, 38, 15, 18],
    [35, 31, 15, 19],
    [33, 34, 13, 20],
    [33, 26, 20, 21],
    [30, 42, 11, 17],
    [30, 40, 14, 16],
    [40, 33, 8, 19],
    [30, 37, 21, 12],
    [27, 38, 13, 22],
    [28, 43, 13, 16],
    [41, 29, 17, 13],
    [27, 41, 15, 17],
    [34, 32, 16, 18],
    [32, 36, 12, 20],
    [30, 42, 12, 16],
    [36, 38, 7, 19],
    [28, 29, 16, 27],
    [23, 38, 13, 26],
    [31, 41, 11, 17],
    [36, 31, 9, 24],
    [30, 31, 16, 23],
    [32, 31, 14, 23],
    [34, 35, 10, 21],
    [29, 38, 17, 16]
  ],
  "W": [
    [76, 24],
    [67, 33],
    [72, 28],
    [74, 26],
    [78, 22],
    [77, 23],
    [78, 22],
    [67, 33],
    [76, 24],
    [73, 27],
    [76, 24],
    [74, 26],
    [64, 36],
    [77, 23],
    [71, 29],
    [76, 24],
    [83, 17],
    [83, 17],
    [81, 19],
    [78, 22],
    [77, 23],
    [77, 23],
    [84, 16],
    [77, 23],
    [79, 21],
    [19, 81],
    [20, 80],
    [26, 74],
    [22, 78],
    [30, 70],
    [24, 76],
    [22, 78],
    [30, 70],
    [16, 84],
    [30, 70],
    [20, 80],
    [26, 74],
    [18, 82],
    [24, 76],
    [29, 71],
    [21, 79],
    [22, 78],
    [21, 79],
    [28, 72],
    [24, 76],
    [27, 73],
    [26, 74],
    [25, 75],
    [29, 71],
    [26, 74]
  ],
  "method": "exact",
  "cond_prob": [
    [
      [0.32974801856, 0.079769922728, 0.014236702758, 0.57624535595],
      [0.28913127455, 0.49739524469, 0.16325044127, 0.050223039487]
    ],
    [
      [0.27390531738, 0.098119757507, 0.011625502628, 0.61634942248],
      [0.23176799198, 0.58866594688, 0.1279118583, 0.051654202836]
    ],
    [
      [0.28890735414, 0.025315041847, 0.0060313751679, 0.67974622885],
      [0.47138108936, 0.29204703525, 0.12734789243, 0.10922398297]
    ],
    [
      [0.26791180534, 0.068000642094, 0.011784663272, 0.6523028893],
      [0.27594332326, 0.49876740327, 0.15876672761, 0.066522545852]
    ],
    [
      [0.25347198751, 0.04256838202, 0.011042708456, 0.69291692201],
      [0.328599317, 0.39453028193, 0.18812130638, 0.088749094681]
    ],
    [
      [0.29331748921, 0.050518479941, 0.014686840715, 0.64147719014],
      [0.32237188396, 0.39609030628, 0.21170057674, 0.069837233014]
    ],
    [
      [0.31542713926, 0.06937311521, 0.0051924158348, 0.61000732969],
      [0.33621286988, 0.52676804607, 0.072499616586, 0.06451946746]
    ],
    [
      [0.35843082744, 0.062645807708, 0.010004795249, 0.5689185696],
      [0.3631858958, 0.44856760253, 0.1312023854, 0.057044116269]
    ],
    [
      [0.21771383154, 0.039698457251, 0.0034284256761, 0.73915928553],
      [0.35223953345, 0.45762155204, 0.072476652026, 0.11766226249]
    ],
    [
      [0.3485373544, 0.048642619558, 0.010707479136, 0.59211254691],
      [0.39099159737, 0.38700328786, 0.15623533419, 0.065769780576]
    ],
    [
      [0.29024897093, 0.047967718432, 0.01381627159, 0.64796703905],
      [0.33087825873, 0.38976889163, 0.2062484733, 0.073104376345]
    ],
    [
      [0.29579008159, 0.0734541454, 0.015451792596, 0.61530398041],
      [0.27352053701, 0.48324589386, 0.18679105184, 0.05644251729]
    ],
    [
      [0.32371698453, 0.06025405127, 0.010822982493, 0.60520598171],
      [0.34116980529, 0.44843724219, 0.1474258089, 0.062967143623]
    ],
    [
      [0.30727813252, 0.10473089349, 0.01642456982, 0.57156640417],
      [0.23215581721, 0.56242266092, 0.16240470104, 0.043016820826]
    ],
    [
      [0.28329382102, 0.0470708893, 0.011429336464, 0.65820595321],
      [0.34090133474, 0.40199885723, 0.17891438314, 0.078185424891]
    ],
    [
      [0.40538393258, 0.047166198987, 0.012388022145, 0.53506184629],
      [0.42461754682, 0.35064036987, 0.16910459654, 0.055637486763]
    ],
    [
      [0.34718007981, 0.063265348904, 0.021423838198, 0.56813073309],
      [0.30494431621, 0.39699859064, 0.24834243703, 0.049714656112]
    ],
    [
      [0.3035406552, 0.061109659403, 0.020515290516, 0.61483439488],
      [0.28271327168, 0.40752342762, 0.25277828748, 0.056985013219]
    ],
    [
      [0.4516393834, 0.076964596588, 0.022467051428, 0.44892896858],
      [0.33774789181, 0.4087298777, 0.22000888602, 0.033513344468]
    ],
    [
      [0.35499648834, 0.044485258692, 0.025847704799, 0.57467054817],
      [0.33228517769, 0.29682499191, 0.31744904662, 0.053440783775]
    ],
    [
      [0.28573910033, 0.057877642477, 0.0045110057128, 0.65187225148],
      [0.34774301192, 0.50188789258, 0.071854459136, 0.078514636362]
    ],
    [
      [0.31874676609, 0.065683987516, 0.010436051591, 0.60513319481],
      [0.32419560919, 0.47575360701, 0.13897495772, 0.06107582608]
    ],
    [
      [0.26726771011, 0.0727693922, 0.0064584718881, 0.6535044258],
      [0.2843445219, 0.55546069095, 0.091093022588, 0.069101764563]
    ],
    [
      [0.22398650151, 0.057514380069, 0.014453492838, 0.70404562558],
      [0.2501321471, 0.45962577107, 0.21248178485, 0.077760296974]
    ],
    [
      [0.25499786874, 0.093067654663, 0.0091075610072, 0.64282691559],
      [0.23119849377, 0.60226929912, 0.10859536573, 0.057936841368]
    ],
    [
      [0.26696063437, 0.039005178641, 0.0058986903455, 0.68813549664],
      [0.39416972774, 0.39825804452, 0.1097274677, 0.097844760048]
    ],
    [
      [0.28000182625, 0.063238255199, 0.013903358983, 0.64285655957],
      [0.29249954344, 0.4591904362, 0.18402416025, 0.064285860108]
    ],
    [
      [0.35233041883, 0.057765434054, 0.015672466804, 0.57423168032],
      [0.3491812042, 0.3986229556, 0.19719616031, 0.054999679889]
    ],
    [
      [0.28934763834, 0.051438970937, 0.010955690792, 0.64825769994],
      [0.34146605073, 0.4213890082, 0.16357660003, 0.073568341044]
    ],
    [
      [0.34566696387, 0.053392363913, 0.023161596885, 0.57777907533],
      [0.32328558691, 0.34854612975, 0.27578788705, 0.052380396285]
    ],
    [
      [0.33722786018, 0.088021457505, 0.012934821188, 0.56181586112],
      [0.28824383363, 0.52483532921, 0.14065216173, 0.046268675434]
    ],
    [
      [0.33840585506, 0.082188690701, 0.016103896845, 0.5633015574],
      [0.28916757934, 0.48963908724, 0.17494505474, 0.046248278683]
    ],
    [
      [0.40716092429, 0.065306609379, 0.0089209895806, 0.51861147675],
      [0.39693103245, 0.44344002455, 0.11046243304, 0.049166509966]
    ],
    [
      [0.36215873091, 0.076844289943, 0.024287144797, 0.53670983435],
      [0.28816024173, 0.42583918287, 0.24537387718, 0.04062669822]
    ],
    [
      [0.29225380812, 0.08151390492, 0.01574329026, 0.6104889967],
      [0.26046265366, 0.50792261218, 0.17896716132, 0.052647572842]
    ],
    [
      [0.30645189415, 0.083149009669, 0.014032577575, 0.59636651861],
      [0.27338702646, 0.51671274758, 0.15899185561, 0.050908370348]
    ],
    [
      [0.49581616049, 0.068830231633, 0.022757368251, 0.41259623962],
      [0.37984837604, 0.36770829699, 0.22173389764, 0.030709429322]
    ],
    [
      [0.26459609042, 0.068101123231, 0.013856089436, 0.65344669691],
      [0.27118622405, 0.48505097295, 0.17988524866, 0.063877554337]
    ],
    [
      [0.34634778533, 0.059227828204, 0.016575037137, 0.57784934933],
      [0.33799543621, 0.40234910688, 0.20529209354, 0.054363363368]
    ],
    [
      [0.34288078438, 0.075316165041, 0.014151937879, 0.5676511127],
      [0.31065432751, 0.47627931287, 0.16323371551, 0.04983264411]
    ],
    [
      [0.32824632357, 0.082134572583, 0.01311391495, 0.5765051889],
      [0.29249148361, 0.50981232881, 0.14841275679, 0.0492834308]
    ],
    [
