{
  "X": [
    [67, 2, 6, 25],
    [60, 7, 11, 22],
    [53, 7, 16, 24],
    [69, 5, 9, 17],
    [65, 1, 18, 16],
    [58, 3, 16, 23],
    [62, 1, 6, 31],
    [60, 5, 15, 20],
    [58, 5, 15, 22],
    [59, 4, 13, 24],
    [57, 6, 14, 23],
    [66, 3, 12, 19],
    [58, 5, 18, 19],
    [66, 6, 8, 20],
    [64, 2, 11, 23],
    [66, 11, 7, 16],
    [61, 2, 9, 28],
    [57, 6, 7, 30],
    [63, 4, 15, 18],
    [57, 3, 13, 27],
    [65, 4, 11, 20],
    [66, 4, 13, 17],
    [65, 4, 14, 17],
    [55, 11, 9, 25],
    [68, 1, 8, 23],
    [72, 4, 5, 19],
    [64, 5, 5, 26],
    [54, 4, 7, 35],
    [53, 4, 7, 36],
    [64, 6, 6, 24],
    [66, 5, 5, 24],
    [66, 7, 7, 20],
    [61, 8, 2, 29],
    [64, 2, 8, 26],
    [69, 1, 5, 25],
    [64, 10, 6, 20],
    [71, 4, 4, 21],
    [57, 4, 8, 31],
    [63, 2, 10, 25],
    [63, 4, 2, 31],
    [65, 2, 12, 21],
    [66, 5, 2, 27],
    [62, 3, 6, 29],
    [59, 5, 9, 27],
    [59, 1, 7, 33],
    [52, 11, 7, 30],
    [59, 3, 7, 31],
    [65, 3, 7, 25],
    [59, 5, 8, 28],
    [56, 5, 8, 31]
  ],
  "W": [
    [76, 24],
    [73, 27],
    [83, 17],
    [74, 26],
    [80, 20],
    [72, 28],
    [72, 28],
    [72, 28],
    [83, 17],
    [80, 20],
    [72, 28],
    [83, 17],
    [74, 26],
    [74, 26],
    [67, 33],
    [77, 23],
    [75, 25],
    [72, 28],
    [70, 30],
    [71, 29],
    [79, 21],
    [85, 15],
    [76, 24],
    [71, 29],
    [69, 31],
    [29, 71],
    [27, 73],
    [20, 80],
    [21, 79],
    [20, 80],
    [22, 78],
    [30, 70],
    [19, 81],
    [21, 79],
    [29, 71],
    [19, 81],
    [21, 79],
    [26, 74],
    [30, 70],
    [23, 77],
    [27, 73],
    [26, 74],
    [25, 75],
    [21, 79],
    [22, 78],
    [21, 79],
    [36, 64],
    [34, 66],
    [23, 77],
    [28, 72]
  ],
  "method": "exact",
  "cond_prob": [
    [
      [0.68015665811, 0.01995479555, 0.072744857616, 0.22714368873],
      [0.63783724933, 0.020143147424, 0.019641284215, 0.32237831903]
    ],
    [
      [0.60123728191, 0.068733596581, 0.13629136243, 0.19373775908],
      [0.59665475632, 0.073423979615, 0.038915946036, 0.29100531803]
    ],
    [
      [0.52898780905, 0.068961612993, 0.18192233958, 0.22012823837],
      [0.53494187344, 0.075069771857, 0.052967400865, 0.33702095384]
    ],
    [
      [0.69038466299, 0.049054462104, 0.11047604541, 0.1500848295],
      [0.68890518996, 0.052691146318, 0.031722024598, 0.22668163913]
    ],
    [
      [0.63962932035, 0.0096828648013, 0.20876612988, 0.14192168497],
      [0.6914827186, 0.011268540795, 0.064935480472, 0.23231326013]
    ],
    [
      [0.57369229439, 0.029034677166, 0.19908174845, 0.19819128],
      [0.59621981443, 0.032482258717, 0.059504075425, 0.31179385143]
    ],
    [
      [0.63474803135, 0.010036282103, 0.075575328405, 0.27964035814],
      [0.58207649081, 0.0099067031628, 0.01994915553, 0.3880676505]
    ],
    [
      [0.59294037912, 0.048345253167, 0.18657812367, 0.17213624405],
      [0.61815331084, 0.054255063285, 0.055941967711, 0.27164965816]
    ],
    [
      [0.57860101965, 0.049231956449, 0.17052409981, 0.20164292409],
      [0.58683031582, 0.05374985969, 0.049794100942, 0.30962572355]
    ],
    [
      [0.5908275401, 0.039456238493, 0.15166110432, 0.21805511709],
      [0.5866898396, 0.042175046029, 0.043355582727, 0.32777953165]
    ],
    [
      [0.56720920235, 0.058439381838, 0.17457319694, 0.19977821887],
      [0.57717633681, 0.06401301813, 0.051097493588, 0.30771315147]
    ],
    [
      [0.65940964874, 0.02958696323, 0.13648661171, 0.17451677632],
      [0.66288230322, 0.032016591287, 0.039506542822, 0.26559456267]
    ],
    [
      [0.56909056568, 0.048052793273, 0.21943566643, 0.16342097461],
      [0.61104992845, 0.055542049915, 0.067760026301, 0.26564799534]
    ],
    [
      [0.66435242125, 0.059240516747, 0.098408019672, 0.17799904233],
      [0.64761233951, 0.062161606182, 0.02760794401, 0.26261811029]
    ],
    [
      [0.64000421249, 0.019507991303, 0.14381136394, 0.19667643226],
      [0.63999144736, 0.020998926749, 0.041352685326, 0.29765694056]
    ],
    [
      [0.66337074751, 0.10868389641, 0.083857703187, 0.14408765289],
      [0.64871532354, 0.11440608592, 0.023606819766, 0.21327177077]
    ],
    [
      [0.61774554967, 0.01988843798, 0.10997671256, 0.25238929979],
      [0.586763351, 0.02033468606, 0.030069862306, 0.36283210064]
    ],
    [
      [0.58211762514, 0.060060726691, 0.088094531362, 0.26972711681],
      [0.5388403925, 0.059843845651, 0.023471205068, 0.37784455678]
    ],
    [
      [0.61943870947, 0.038413707691, 0.1895947334, 0.15255284944],
      [0.65464301124, 0.043701348721, 0.057612288743, 0.2440433513]
    ],
    [
      [0.57106013821, 0.029406802419, 0.1639577137, 0.23557534567],
      [0.56740448921, 0.03145231132, 0.046862149207, 0.35428105027]
    ],
    [
      [0.6505066189, 0.039400521506, 0.12937707031, 0.18071578928],
      [0.64809414793, 0.042255181, 0.037105306926, 0.27254536414]
    ],
    [
      [0.65801325006, 0.039419784677, 0.14540379156, 0.15716317371],
      [0.67125824966, 0.04328788683, 0.042711847852, 0.24274201566]
    ],
    [
      [0.64353649218, 0.038866500021, 0.16828140116, 0.14931560664],
      [0.67046777477, 0.0435894166, 0.050442229659, 0.23550057897]
    ],
    [
      [0.55629671276, 0.10891294734, 0.11389713258, 0.22089320733],
      [0.53458391015, 0.1126614048, 0.03149322714, 0.32126145791]
    ],
    [
      [0.68629167419, 0.009863624873, 0.10302091115, 0.20082378979],
      [0.665995951, 0.010303544637, 0.028759907436, 0.29494059693]
    ],
    [
      [0.72099522452, 0.037994846588, 0.10148381046, 0.13952611843],
      [0.71959349985, 0.040819006323, 0.02897140136, 0.21061609247]
    ],
    [
      [0.65266768711, 0.048313677598, 0.10567670494, 0.19334193036],
      [0.63531469107, 0.050623708286, 0.029407246118, 0.28465435453]
    ],
    [
      [0.54600379253, 0.03812027198, 0.16466798516, 0.25120795033],
      [0.53849905187, 0.040469932005, 0.04633300371, 0.37469801242]
    ],
    [
      [0.53851902795, 0.038337780303, 0.16244125082, 0.26070194093],
      [0.52773544827, 0.040441855869, 0.045427009276, 0.38639568659]
    ],
    [
      [0.63548250574, 0.056138528864, 0.13942957019, 0.1689493952],
      [0.64112937356, 0.060965367784, 0.040142607452, 0.2577626512]
    ],
    [
      [0.66573705776, 0.047603887736, 0.11357264048, 0.17308641403],
      [0.6583818555, 0.050675826536, 0.032069255249, 0.25887306271]
    ],
    [
      [0.65078331156, 0.06549763451, 0.13880655801, 0.14491249592],
      [0.66395000933, 0.07192958521, 0.040511475138, 0.22360893032]
    ],
    [
      [0.65046987796, 0.0804061131, 0.049593043029, 0.21953096591],
      [0.60050706566, 0.079904738902, 0.013058422005, 0.30652977343]
    ],
    [
      [0.6219311081, 0.018321106323, 0.18026195704, 0.17948582853],
      [0.64480312316, 0.020446288193, 0.053348087369, 0.28140250128]
    ],
    [
      [0.70134321232, 0.0096445325255, 0.10236561714, 0.18664663802],
      [0.68536685694, 0.01014519094, 0.028611226803, 0.27587672532]
    ],
    [
      [0.62827888576, 0.092423939166, 0.14070261466, 0.13859456041],
      [0.64274939717, 0.10177710069, 0.041069757054, 0.21440374509]
    ],
    [
      [0.71800988912, 0.038154689686, 0.092521603484, 0.15131381771],
      [0.70787078897, 0.040490525526, 0.026038561099, 0.22560012441]
    ],
    [
      [0.568627368, 0.037765821149, 0.16943645019, 0.22417036066],
      [0.57048227611, 0.040784981758, 0.048576382365, 0.34015635977]
    ],
    [
      [0.60862219029, 0.018326661902, 0.19597801752, 0.17707313029],
      [0.63916191845, 0.020717144899, 0.058866563921, 0.28125437273]
    ],
    [
      [0.67396684919, 0.040459525689, 0.046375416423, 0.2391982087],
      [0.61686704505, 0.03986273908, 0.012121628861, 0.33114858701]
    ],
    [
      [0.60243897817, 0.017532282498, 0.23940200977, 0.14062672956],
      [0.66759106287, 0.020912717432, 0.075837612823, 0.23565860687]
    ],
    [
