{
  "X": [
    [56, 4, 25, 15],
    [44, 9, 37, 10],
    [46, 6, 37, 11],
    [44, 6, 40, 10],
    [47, 6, 24, 23],
    [49, 11, 22, 18],
    [51, 10, 24, 15],
    [51, 4, 31, 14],
    [62, 1, 22, 15],
    [56, 2, 31, 11],
    [51, 7, 28, 14],
    [56, 7, 29, 8],
    [46, 5, 37, 12],
    [52, 5, 34, 9],
    [56, 3, 30, 11],
    [51, 5, 28, 16],
    [54, 3, 29, 14],
    [55, 5, 30, 10],
    [55, 7, 26, 12],
    [62, 6, 23, 9],
    [57, 2, 27, 14],
    [54, 2, 29, 15],
    [55, 3, 32, 10],
    [57, 4, 27, 12],
    [51, 6, 31, 12],
    [55, 15, 18, 12],
    [53, 15, 22, 10],
    [52, 14, 25, 9],
    [60, 14, 20, 6],
    [53, 12, 19, 16],
    [55, 12, 20, 13],
    [56, 10, 22, 12],
    [56, 10, 22, 12],
    [58, 12, 18, 12],
    [45, 15, 24, 16],
    [55, 14, 27, 4],
    [58, 17, 16, 9],
    [52, 9, 26, 13],
    [51, 21, 19, 9],
    [50, 8, 29, 13],
    [53, 8, 23, 16],
    [53, 14, 18, 15],
    [53, 15, 20, 12],
    [62, 9, 21, 8],
    [51, 13, 26, 10],
    [44, 16, 24, 16],
    [52, 13, 24, 11],
    [58, 9, 26, 7],
    [51, 16, 18, 15],
    [52, 11, 26, 11]
  ],
  "W": [
    [77, 23],
    [78, 22],
    [74, 26],
    [76, 24],
    [79, 21],
    [80, 20],
    [74, 26],
    [78, 22],
    [75, 25],
    [75, 25],
    [68, 32],
    [76, 24],
    [72, 28],
    [80, 20],
    [73, 27],
    [74, 26],
    [80, 20],
    [74, 26],
    [74, 26],
    [72, 28],
    [69, 31],
    [75, 25],
    [72, 28],
    [68, 32],
    [76, 24],
    [26, 74],
    [23, 77],
    [23, 77],
    [28, 72],
    [18, 82],
    [17, 83],
    [28, 72],
    [20, 80],
    [27, 73],
    [28, 72],
    [31, 69],
    [22, 78],
    [29, 71],
    [17, 83],
    [22, 78],
    [27, 73],
    [24, 76],
    [37, 63],
    [26, 74],
    [25, 75],
    [29, 71],
    [26, 74],
    [26, 74],
    [30, 70],
    [22, 78]
  ],
  "method": "exact",
  "cond_prob": [
    [
      [0.55094585502, 0.01610736054, 0.27640262964, 0.15654415481],
      [0.59031170277, 0.11998840167, 0.16160858773, 0.12809130782]
    ],
    [
      [0.44223014706, 0.039506332725, 0.41234854211, 0.10591497811],
      [0.43209311497, 0.26902300216, 0.2198551689, 0.079028713978]
    ],
    [
      [0.44935373732, 0.022142196019, 0.41351644762, 0.11498761904],
      [0.49030090149, 0.16774913441, 0.24614549522, 0.095804468885]
    ],
    [
      [0.43005906205, 0.02316974593, 0.44270313255, 0.10406805948],
      [0.47147963685, 0.17662913789, 0.2647734136, 0.08711781166]
    ],
    [
      [0.46795317656, 0.026273687398, 0.26461104506, 0.24116209098],
      [0.47769995486, 0.18687517598, 0.14741559238, 0.18800927678]
    ],
    [
      [0.50488530955, 0.055284579944, 0.24633332683, 0.19349678367],
      [0.4304587618, 0.32886168022, 0.11466669267, 0.12601286531]
    ],
    [
      [0.52043307299, 0.041537038731, 0.27556099087, 0.16246889742],
      [0.48030586919, 0.26639458207, 0.13878794907, 0.11451159966]
    ],
    [
      [0.49887363907, 0.016219683624, 0.33983375892, 0.14507291838],
      [0.54944800693, 0.12431203079, 0.20422576382, 0.12201419846]
    ],
    [
      [0.59858070808, 0.0036599799216, 0.24284035549, 0.15491895651],
      [0.68425787577, 0.029020060235, 0.15147893352, 0.13524313048]
    ],
    [
      [0.5382994192, 0.0072347597816, 0.3412613386, 0.11320448243],
      [0.62510174241, 0.058295720655, 0.21621598421, 0.10038655272]
    ],
    [
      [0.50248857777, 0.02334919038, 0.32455319975, 0.1496090321],
      [0.52596177224, 0.16913297044, 0.18532445053, 0.11958080678]
    ],
    [
      [0.56054248813, 0.028900189675, 0.32568080891, 0.084876513286],
      [0.55828212092, 0.20014939936, 0.17701077179, 0.064557707928]
    ],
    [
      [0.44367688522, 0.017146851621, 0.41442253198, 0.12475373118],
      [0.50197372373, 0.1344795244, 0.25577063206, 0.10777611981]
    ],
    [
      [0.51345340211, 0.021896711908, 0.37114029216, 0.09350959383],
      [0.54618639157, 0.16241315237, 0.21543883138, 0.075961624678]
    ],
    [
      [0.54074167925, 0.010531908754, 0.33454493926, 0.11418147274],
      [0.61206879315, 0.082635950406, 0.20660071977, 0.098694536672]
    ],
    [
      [0.49999416451, 0.018632989587, 0.31362777127, 0.16774507463],
      [0.53847814716, 0.13927533733, 0.18429018946, 0.13795632605]
    ],
    [
      [0.52814311419, 0.012765742129, 0.31474272872, 0.14434841496],
      [0.58742754324, 0.098937031485, 0.19102908511, 0.12260634017]
    ],
    [
      [0.53999575715, 0.018704696137, 0.33633420375, 0.10496534296],
      [0.57847361428, 0.13907124945, 0.19658726624, 0.085867870024]
    ],
    [
      [0.5498903974, 0.027484927196, 0.29478944095, 0.12783523445],
      [0.55031194585, 0.19100443798, 0.16098389882, 0.097699717346]
    ],
    [
      [0.61835667028, 0.022389984105, 0.26308541575, 0.096167929867],
      [0.62422570499, 0.15671146945, 0.14492321666, 0.074139608913]
    ],
    [
      [0.5435766438, 0.0063102353759, 0.30486258056, 0.14525054027],
      [0.62881327671, 0.050470766421, 0.19240264327, 0.12831331359]
    ],
    [
      [0.51912061503, 0.0072365238328, 0.31926196384, 0.1543808973],
      [0.60263815492, 0.058290428502, 0.20221410849, 0.13685730809]
    ],
    [
      [0.52856119068, 0.01020150233, 0.35758761557, 0.10364969142],
      [0.60512836682, 0.080910422579, 0.22334613139, 0.090615079206]
    ],
    [
      [0.55153644167, 0.012803506539, 0.30933483553, 0.12632521626],
      [0.60923506145, 0.097792548604, 0.18641347451, 0.10655891544]
    ],
    [
      [0.50438885662, 0.023943562358, 0.34558678816, 0.12608079286],
      [0.5277686207, 0.1741787192, 0.19730850416, 0.10074415594]
    ],
    [
      [0.55288539639, 0.028345597781, 0.27260236921, 0.14616663662],
      [0.54898621208, 0.19274343862, 0.14746403244, 0.11080631686]
    ],
    [
      [0.51994308696, 0.026634492794, 0.33332503417, 0.12009738607],
      [0.53300401298, 0.18684943722, 0.18614966512, 0.093996884681]
    ],
    [
      [0.49855215977, 0.024169547924, 0.37149138435, 0.10578690795],
      [0.52640649773, 0.17459870646, 0.21371036571, 0.085284430092]
    ],
    [
      [0.60211993074, 0.026986398682, 0.29834367042, 0.072550000164],
      [0.59917558249, 0.18394973385, 0.16175523928, 0.055119444381]
    ],
    [
      [0.5024638935, 0.019479820817, 0.28936987457, 0.18868641111],
      [0.53604451118, 0.14206540519, 0.1681871007, 0.15370298293]
    ],
    [
      [0.52077693855, 0.019271531, 0.30639718949, 0.15355434096],
      [0.55598544632, 0.1406311322, 0.17820780456, 0.12517561691]
    ],
    [
      [0.53103815086, 0.017916314373, 0.31333930739, 0.13770622738],
      [0.57126294133, 0.1319214333, 0.18370138046, 0.11311424491]
    ],
    [
      [0.52071435222, 0.016168801191, 0.32494658938, 0.13817025721],
      [0.56982141194, 0.1209577997, 0.19376335266, 0.1154574357]
    ],
    [
      [0.56955072289, 0.022248414214, 0.26557778969, 0.14262307321],
      [0.58386480112, 0.15615469611, 0.1483479408, 0.11163256196]
    ],
    [
      [0.43654245734, 0.027667914424, 0.34827441511, 0.18751521312],
      [0.45523348881, 0.19757358884, 0.19789328301, 0.14929963934]
    ],
    [
      [0.53883846266, 0.027029251775, 0.38721869721, 0.046913588356],
      [0.55501460373, 0.19075497384, 0.21733652734, 0.036893895087]
    ],
    [
      [0.59929462841, 0.031836467547, 0.25507130513, 0.11379759891],
      [0.57455792532, 0.20896920146, 0.1331850165, 0.083287856717]
    ],
    [
      [0.47960584837, 0.015719586501, 0.35966342737, 0.14501113776],
      [0.53649901968, 0.1203398872, 0.21929240291, 0.12386869021]
    ],
    [
      [0.53017839137, 0.037572951738, 0.31604958967, 0.11619906723],
      [0.50586707647, 0.24531638338, 0.16418261416, 0.08463392599]
    ],
    [
      [0.44153395587, 0.012392078776, 0.4042768121, 0.14179715324],
      [0.5164904227, 0.099068900858, 0.25776807864, 0.1266725978]
    ],
    [
      [0.48666204418, 0.013621222945, 0.32103663369, 0.17868009919],
      [0.54602910695, 0.10455105453, 0.19632891631, 0.15309092222]
    ],
    [
