{
  "X": [
    [24, 11, 44, 21],
    [22, 10, 51, 17],
    [21, 15, 49, 15],
    [17, 7, 54, 22],
    [23, 12, 42, 23],
    [22, 10, 45, 23],
    [26, 10, 41, 23],
    [22, 12, 44, 22],
    [34, 11, 37, 18],
    [28, 10, 39, 23],
    [35, 5, 43, 17],
    [22, 8, 46, 24],
    [25, 14, 44, 17],
    [19, 11, 50, 20],
    [25, 8, 50, 17],
    [27, 8, 45, 20],
    [27, 9, 42, 22],
    [17, 9, 52, 22],
    [22, 9, 50, 19],
    [27, 8, 46, 19],
    [27, 5, 48, 20],
    [23, 9, 46, 22],
    [16, 11, 45, 28],
    [31, 6, 43, 20],
    [31, 12, 40, 17],
    [37, 23, 33, 7],
    [29, 34, 26, 11],
    [36, 27, 31, 6],
    [36, 28, 31, 5],
    [37, 27, 26, 10],
    [30, 35, 26, 9],
    [31, 32, 30, 7],
    [33, 28, 33, 6],
    [34, 28, 31, 7],
    [34, 29, 34, 3],
    [39, 29, 28, 4],
    [24, 31, 37, 8],
    [32, 35, 26, 7],
    [33, 26, 29, 12],
    [47, 26, 17, 10],
    [32, 41, 20, 7],
    [27, 28, 36, 9],
    [29, 35, 30, 6],
    [35, 33, 25, 7],
    [37, 28, 28, 7],
    [27, 30, 31, 12],
    [37, 24, 29, 10],
    [38, 19, 31, 12],
    [42, 25, 23, 10],
    [36, 21, 32, 11]
  ],
  "W": [
    [71, 29],
    [77, 23],
    [68, 32],
    [74, 26],
    [73, 27],
    [76, 24],
    [77, 23],
    [73, 27],
    [62, 38],
    [74, 26],
    [74, 26],
    [79, 21],
    [68, 32],
    [71, 29],
    [82, 18],
    [79, 21],
    [77, 23],
    [80, 20],
    [77, 23],
    [75, 25],
    [80, 20],
    [73, 27],
    [76, 24],
    [74, 26],
    [69, 31],
    [26, 74],
    [24, 76],
    [25, 75],
    [19, 81],
    [24, 76],
    [27, 73],
    [27, 73],
    [21, 79],
    [17, 83],
    [26, 74],
    [23, 77],
    [27, 73],
    [29, 71],
    [26, 74],
    [28, 72],
    [21, 79],
    [28, 72],
    [26, 74],
    [29, 71],
    [23, 77],
    [27, 73],
    [26, 74],
    [32, 68],
    [26, 74],
    [34, 66]
  ],
  "method": "exact",
  "cond_prob": [
    [
      [0.17420727354, 0.008451953066, 0.53135508642, 0.28598568698],
      [0.4010787441, 0.35861763215, 0.21633754705, 0.023966076705]
    ],
    [
      [0.17664226173, 0.010367032673, 0.59707670023, 0.21591400536],
      [0.36515416725, 0.40007558627, 0.2184823514, 0.016287895086]
    ],
    [
      [0.15817105962, 0.011889464425, 0.61673930718, 0.21320016877],
      [0.32013649831, 0.4434848881, 0.22067897223, 0.015699641366]
    ],
    [
      [0.10586495692, 0.004211549028, 0.6047415606, 0.28518193345],
      [0.35253819954, 0.25724405277, 0.35573555829, 0.034482189408]
    ],
    [
      [0.17718696251, 0.010648221532, 0.50577522345, 0.30638959251],
      [0.37279080508, 0.41565480845, 0.18808921068, 0.023465175793]
    ],
    [
      [0.16946549086, 0.0092783328036, 0.52623246179, 0.29502371454],
      [0.3800259456, 0.38728527946, 0.20859720432, 0.02409157062]
    ],
    [
      [0.21368869384, 0.010963633916, 0.48284562467, 0.29250204758],
      [0.4150421989, 0.39807826907, 0.16612551741, 0.02075401463]
    ],
    [
      [0.16802507129, 0.010458454059, 0.52860547645, 0.2929109982],
      [0.36052480725, 0.41616788347, 0.20043704516, 0.022870264122]
    ],
    [
      [0.23414741643, 0.0069661606699, 0.48210321968, 0.27678320322],
      [0.51270684687, 0.27810784312, 0.18709474684, 0.02209056317]
    ],
    [
      [0.22017582276, 0.0094329528141, 0.4675250737, 0.30286615073],
      [0.45026881216, 0.35776774968, 0.16935171333, 0.022611724831]
    ],
    [
      [0.26335869359, 0.0043176452457, 0.50910199209, 0.22322166907],
      [0.59659448747, 0.18001900969, 0.20486356096, 0.018522941881]
    ],
    [
      [0.17100998977, 0.0079437665137, 0.5240496608, 0.29699658291],
      [0.40429575277, 0.35106868788, 0.21905127602, 0.025584283336]
    ],
    [
      [0.1908436996, 0.011394802761, 0.55592374956, 0.24183774808],
      [0.37570713835, 0.41328604413, 0.19366203218, 0.017344785339]
    ],
    [
      [0.12919907836, 0.0074854958345, 0.59217526795, 0.27114015786],
      [0.33885742884, 0.36098378606, 0.2743295164, 0.025829268697]
    ],
    [
      [0.21621595109, 0.011137833086, 0.56839731773, 0.2042488981],
      [0.40390511172, 0.39370542705, 0.18841221923, 0.013977241997]
    ],
    [
      [0.2224156567, 0.0091705252707, 0.52012403831, 0.24828977972],
      [0.44900776767, 0.34645373827, 0.18620004635, 0.018338447719]
    ],
    [
      [0.21838060258, 0.0095067533737, 0.49258542604, 0.279527218],
      [0.44281276526, 0.35947739088, 0.17699661718, 0.020713226684]
    ],
    [
      [0.13328516793, 0.0092441147943, 0.58828837875, 0.26918233853],
      [0.31685932828, 0.41302354082, 0.246846485, 0.023270645892]
    ],
    [
      [0.17053176944, 0.0086099483358, 0.5800357496, 0.24082253263],
      [0.38561103276, 0.36247973818, 0.2320542296, 0.01985499946]
    ],
    [
      [0.20526007105, 0.0071351690939, 0.54105899543, 0.24654576443],
      [0.46421978685, 0.29859449272, 0.21682301371, 0.02036270672]
    ],
    [
      [0.20924790571, 0.005034321977, 0.54119705703, 0.24452071529],
      [0.51300837716, 0.22986271209, 0.23521177189, 0.021917138855]
    ],
    [
      [0.16200820192, 0.0066960071568, 0.53994258719, 0.29135320373],
      [0.41382967629, 0.31522931398, 0.24385893092, 0.027082078801]
    ],
    [
      [0.11576306939, 0.0089124051895, 0.51751149267, 0.35781303276],
      [0.30008361361, 0.4301107169, 0.23621360655, 0.033592062937]
    ],
    [
      [0.22735643703, 0.0049086668847, 0.50553887494, 0.26219602114],
      [0.54521629461, 0.21679840964, 0.21500474055, 0.022980555203]
    ],
    [
      [0.24514004505, 0.010639587024, 0.50511993551, 0.23910043241],
      [0.45436570617, 0.36341511275, 0.16602336934, 0.016195811733]
    ],
    [
      [0.1881836608, 0.0074502477694, 0.58648554125, 0.21788055018],
      [0.43388141647, 0.30819315619, 0.23988345848, 0.018041968856]
    ],
    [
      [0.1474404457, 0.010880842322, 0.47679972307, 0.36487898891],
      [0.33501880662, 0.44393236558, 0.19153692956, 0.02951189824]
    ],
    [
      [0.20098286591, 0.0096686318613, 0.59277769053, 0.1965708117],
      [0.41300571136, 0.35677712271, 0.21574076982, 0.014476396099]
    ],
    [
      [0.18227134986, 0.0087009630269, 0.61189854302, 0.1971291441],
      [0.40168943645, 0.34363804571, 0.23918429238, 0.015488225458]
    ],
    [
      [0.1866011004, 0.008566627784, 0.47395183803, 0.33088043378],
      [0.42791544198, 0.35255790702, 0.19243626168, 0.027090389331]
    ],
    [
      [0.18723043775, 0.014425171032, 0.51491667595, 0.28342771527],
      [0.34170929015, 0.47411671756, 0.16571574999, 0.018458242297]
    ],
    [
      [0.18670921066, 0.012658215736, 0.58172809515, 0.21890447846],
      [0.35560070291, 0.43367435856, 0.19579919769, 0.014925740845]
    ],
    [
      [0.16046278142, 0.0084076520307, 0.6137369454, 0.21739262115],
      [0.37506685557, 0.35219543427, 0.25457625502, 0.018161455136]
    ],
    [
      [0.14672052851, 0.007253378514, 0.56195730302, 0.28406878995],
      [0.37958736163, 0.33586376585, 0.25839428733, 0.02615458519]
    ],
    [
      [0.21064136575, 0.011788501784, 0.68036655115, 0.09720358131],
      [0.38545033095, 0.38774998586, 0.2204117523, 0.006387930891]
    ],
    [
      [0.24692089998, 0.011845370748, 0.59748433358, 0.14374939569],
      [0.43273791299, 0.373085149, 0.18516701724, 0.0090099207673]
    ],
    [
      [0.11745916813, 0.0096604630281, 0.63308815196, 0.23979221688],
      [0.28532332138, 0.42108448628, 0.27269342325, 0.020898769098]
    ],
    [
      [0.23126380656, 0.017471231477, 0.53859961102, 0.21266535095],
      [0.3562443607, 0.48582160968, 0.14620579268, 0.011728236935]
    ],
    [
      [0.14951600096, 0.0073902430996, 0.47912053486, 0.36397322108],
      [0.39341329696, 0.34875477945, 0.22355224451, 0.034279679082]
    ],
    [
      [0.32614326827, 0.012255981953, 0.35064354862, 0.31095720116],
      [0.52594428456, 0.35634489591, 0.099749731093, 0.017961088438]
    ],
    [
      [0.22761855229, 0.018845164651, 0.47605708645, 0.27747919661],
      [0.34455709369, 0.51397786762, 0.12661773651, 0.014847302167]
    ],
    [
