{
  "X": [
    [19, 55, 17, 9],
    [35, 39, 13, 13],
    [21, 59, 12, 8],
    [26, 58, 11, 5],
    [23, 50, 11, 16],
    [20, 46, 14, 20],
    [27, 43, 17, 13],
    [22, 54, 12, 12],
    [30, 44, 17, 9],
    [25, 44, 16, 15],
    [19, 58, 15, 8],
    [28, 45, 14, 13],
    [27, 49, 12, 12],
    [29, 49, 9, 13],
    [25, 39, 23, 13],
    [26, 48, 12, 14],
    [19, 46, 17, 18],
    [23, 50, 18, 9],
    [22, 47, 14, 17],
    [15, 54, 17, 14],
    [39, 36, 10, 15],
    [33, 45, 10, 12],
    [27, 38, 25, 10],
    [25, 48, 18, 9],
    [24, 50, 11, 15],
    [33, 48, 13, 6],
    [29, 42, 21, 8],
    [32, 42, 17, 9],
    [36, 42, 14, 8],
    [38, 43, 10, 9],
    [43, 42, 9, 6],
    [42, 30, 19, 9],
    [41, 39, 12, 8],
    [45, 38, 9, 8],
    [42, 35, 16, 7],
    [39, 45, 10, 6],
    [30, 54, 11, 5],
    [35, 40, 19, 6],
    [39, 46, 13, 2],
    [30, 45, 19, 6],
    [34, 48, 11, 7],
    [34, 43, 17, 6],
    [41, 40, 10, 9],
    [42, 43, 8, 7],
    [41, 33, 14, 12],
    [37, 38, 18, 7],
    [37, 43, 12, 8],
    [39, 40, 16, 5],
    [43, 38, 13, 6],
    [32, 45, 17, 6]
  ],
  "W": [
    [71, 29],
    [67, 33],
    [68, 32],
    [67, 33],
    [75, 25],
    [75, 25],
    [77, 23],
    [84, 16],
    [77, 23],
    [71, 29],
    [78, 22],
    [80, 20],
    [72, 28],
    [74, 26],
    [70, 30],
    [83, 17],
    [80, 20],
    [75, 25],
    [76, 24],
    [76, 24],
    [67, 33],
    [74, 26],
    [80, 20],
    [79, 21],
    [79, 21],
    [25, 75],
    [25, 75],
    [29, 71],
    [23, 77],
    [27, 73],
    [22, 78],
    [31, 69],
    [19, 81],
    [26, 74],
    [18, 82],
    [28, 72],
    [22, 78],
    [31, 69],
    [21, 79],
    [22, 78],
    [27, 73],
    [31, 69],
    [24, 76],
    [17, 83],
    [33, 67],
    [18, 82],
    [27, 73],
    [21, 79],
    [33, 67],
    [25, 75]
  ],
  "method": "exact",
  "cond_prob": [
    [
      [0.13528080499, 0.57908306975, 0.17283884719, 0.11279727807],
      [0.32396768433, 0.47879662235, 0.16304971895, 0.034185974375]
    ],
    [
      [0.25891509879, 0.43070819154, 0.13849380088, 0.17188290879],
      [0.53492995093, 0.30735003536, 0.11275501034, 0.044965003361]
    ],
    [
      [0.14649083837, 0.62749874093, 0.1228344151, 0.1031760056],
      [0.34495696847, 0.51031517552, 0.11397686792, 0.030750988093]
    ],
    [
      [0.18724431611, 0.63165221924, 0.11539998944, 0.065703475214],
      [0.40771608548, 0.47513034276, 0.099036385072, 0.018117186687]
    ],
    [
      [0.17099346991, 0.52337681939, 0.11175706642, 0.19387264428],
      [0.40701959028, 0.42986954182, 0.10472880074, 0.058382067158]
    ],
    [
      [0.14440587133, 0.4746999783, 0.14001119227, 0.2408829581],
      [0.366782386, 0.4159000651, 0.1399664232, 0.077351125695]
    ],
    [
      [0.21235856799, 0.45595379765, 0.17571824069, 0.15596939367],
      [0.46297348978, 0.34311119916, 0.15085632465, 0.043058986413]
    ],
    [
      [0.18291796733, 0.55952070287, 0.12210861149, 0.13545271832],
      [0.41468067154, 0.43751630994, 0.10892978968, 0.038873228844]
    ],
    [
      [0.24178141437, 0.47181531637, 0.1779252136, 0.10847805566],
      [0.49490569973, 0.33348785388, 0.14346776315, 0.028138683231]
    ],
    [
      [0.18062501849, 0.46674680803, 0.16401897889, 0.1886091946],
      [0.41984909267, 0.37451643551, 0.150160431, 0.055474040815]
    ],
    [
      [0.14682597802, 0.60581631072, 0.15269065067, 0.094667060591],
      [0.34307153249, 0.4884694438, 0.14046042036, 0.027998603359]
    ],
    [
      [0.22819334644, 0.47499089029, 0.14460704209, 0.15220872119],
      [0.48722661424, 0.35003643886, 0.12157183165, 0.041165115258]
    ],
    [
      [0.20119696071, 0.52421295039, 0.1243530607, 0.15023702821],
      [0.44692210104, 0.40202384186, 0.10880641535, 0.042247641747]
    ],
    [
      [0.22224159751, 0.52405811758, 0.093507900962, 0.16019238395],
      [0.48285083787, 0.39306535765, 0.080015974185, 0.044067830296]
    ],
    [
      [0.18071652265, 0.41668676496, 0.23730613168, 0.16529058071],
      [0.41166144715, 0.32773088177, 0.21295235942, 0.047655311669]
    ],
    [
      [0.2164390343, 0.50099453984, 0.12293427657, 0.15963214929],
      [0.47268000902, 0.37749724669, 0.10567382614, 0.044148918154]
    ],
    [
      [0.14666424065, 0.47381167959, 0.17086589102, 0.20865818874],
      [0.3633430374, 0.40475328162, 0.16653643594, 0.065367245041]
    ],
    [
      [0.17534466037, 0.5297153022, 0.18533355135, 0.10960648607],
      [0.39396601888, 0.41085409339, 0.16399934594, 0.031180541784]
    ],
    [
      [0.16438267839, 0.48982404561, 0.14175007601, 0.2040432],
      [0.39612151844, 0.40722385558, 0.13445809265, 0.06219653333]
    ],
    [
      [0.10880748944, 0.55476153358, 0.16941079346, 0.16702018351],
      [0.2804429501, 0.49325514365, 0.1718658207, 0.054436085546]
    ],
    [
      [0.29288746367, 0.40066791346, 0.10744627529, 0.19899834759],
      [0.5871678768, 0.27743181207, 0.084881804721, 0.050518506409]
    ],
    [
      [0.25919258365, 0.48695142334, 0.10525785155, 0.14859814146],
      [0.53152880039, 0.34483056433, 0.085035345588, 0.038605289692]
    ],
    [
      [0.22147452522, 0.40225247644, 0.2590539899, 0.11721900844],
      [0.4641018991, 0.29099009423, 0.21378404041, 0.031123966259]
    ],
    [
      [0.20097234438, 0.50702828452, 0.18580472627, 0.10619464483],
      [0.43443737115, 0.37832216775, 0.15816317262, 0.029077288483]
    ],
    [
      [0.18865328659, 0.52281956329, 0.11226884046, 0.17625830966],
      [0.4331614457, 0.41415497619, 0.10146483827, 0.051218739848]
    ],
    [
      [0.1667950407, 0.56567717655, 0.1393298591, 0.12819792365],
      [0.3844016531, 0.45144094115, 0.12689004697, 0.037267358782]
    ],
    [
      [0.13999768026, 0.47677695024, 0.21650407404, 0.16672129546],
      [0.34000077325, 0.40107434992, 0.20783197532, 0.051092901513]
    ],
    [
      [0.16206156509, 0.4809689271, 0.17790525948, 0.17906424834],
      [0.38451006496, 0.39509719879, 0.1667710912, 0.053621645046]
    ],
    [
      [0.17880399672, 0.49553323012, 0.1497695929, 0.17589318026],
      [0.4141234815, 0.39743812607, 0.13708180991, 0.051356582519]
    ],
    [
      [0.19644900196, 0.50819396453, 0.10781828984, 0.18753874367],
      [0.4478887253, 0.40107894462, 0.097108303758, 0.053924026314]
    ],
    [
      [0.22874632195, 0.52862674639, 0.1027778572, 0.13984907445],
      [0.48676385791, 0.38936168691, 0.086395988994, 0.037478466181]
    ],
    [
      [0.23672305137, 0.36740166018, 0.21394305841, 0.18193223004],
      [0.5023418175, 0.2697180947, 0.17924297376, 0.048697114042]
    ],
    [
      [0.20342519966, 0.4743669701, 0.13166056486, 0.19054726539],
      [0.45845581736, 0.37021021689, 0.11726480577, 0.054069159971]
    ],
    [
      [0.247147356, 0.47497194394, 0.10269958789, 0.17518111217],
      [0.52127255059, 0.34663147916, 0.085537982635, 0.046557987615]
    ],
    [
      [0.21223418042, 0.43592236104, 0.17959530994, 0.1722481486],
      [0.46560713113, 0.33113899392, 0.1556985905, 0.047555284453]
    ],
    [
      [0.21242539697, 0.54979756659, 0.1117910863, 0.12598595013],
      [0.45905679007, 0.41118983521, 0.095414577549, 0.034338797172]
    ],
    [
      [0.14525479964, 0.62845314563, 0.11585283604, 0.1104392187],
      [0.34364608215, 0.51505167687, 0.10834920009, 0.032953040881]
    ],
    [
      [0.19175605013, 0.47939011772, 0.20915273899, 0.11970109316],
      [0.42109510791, 0.3643319761, 0.18139514625, 0.03317776974]
    ],
    [
      [0.21036024501, 0.59043068694, 0.15125374347, 0.047955324582],
      [0.43775233993, 0.42532855157, 0.12435027072, 0.012568837769]
    ],
    [
      [0.14497179575, 0.52286885349, 0.19977659818, 0.13238275259],
      [0.34372590376, 0.42944724645, 0.18724249795, 0.039584351834]
    ],
    [
      [0.17413785626, 0.56303707603, 0.11767778321, 0.1451472845],
      [0.40134627234, 0.44928765681, 0.10716027196, 0.042205798882]
    ],
    [
      [0.18426978467, 0.51110496097, 0.18552461684, 0.11910063752],
