{
  "X": [
    [2, 59, 22, 7, 10],
    [0, 76, 11, 7, 6],
    [1, 64, 18, 7, 10],
    [4, 56, 18, 12, 10],
    [1, 58, 21, 9, 11],
    [1, 63, 18, 12, 6],
    [1, 71, 17, 5, 6],
    [2, 61, 23, 9, 5],
    [3, 67, 16, 2, 12],
    [2, 69, 9, 6, 14],
    [1, 64, 14, 5, 16],
    [3, 62, 17, 9, 9],
    [2, 61, 19, 6, 12],
    [5, 59, 19, 10, 7],
    [1, 66, 24, 4, 5],
    [5, 58, 18, 9, 10],
    [2, 67, 14, 7, 10],
    [1, 60, 17, 6, 16],
    [3, 67, 15, 6, 9],
    [2, 70, 17, 4, 7],
    [1, 63, 19, 6, 11],
    [1, 63, 14, 11, 11],
    [1, 64, 15, 9, 11],
    [4, 60, 20, 3, 13],
    [4, 65, 13, 8, 10],
    [4, 23, 43, 8, 22],
    [4, 21, 39, 10, 26],
    [3, 27, 37, 19, 14],
    [6, 22, 45, 8, 19],
    [6, 26, 29, 15, 24],
    [6, 22, 38, 12, 22],
    [1, 24, 45, 12, 18],
    [3, 21, 46, 10, 20],
    [4, 18, 44, 13, 21],
    [1, 25, 44, 13, 17],
    [2, 32, 39, 15, 12],
    [4, 23, 37, 18, 18],
    [3, 27, 42, 14, 14],
    [3, 26, 43, 10, 18],
    [9, 16, 43, 9, 23],
    [2, 17, 43, 9, 29],
    [4, 19, 42, 16, 19],
    [7, 15, 47, 10, 21],
    [3, 21, 37, 15, 24],
    [4, 26, 40, 14, 16],
    [5, 27, 39, 11, 18],
    [3, 30, 31, 17, 19],
    [6, 27, 35, 8, 24],
    [7, 20, 34, 18, 21],
    [3, 20, 36, 14, 27]
  ],
  "W": [
    [77, 23],
    [84, 16],
    [74, 26],
    [68, 32],
    [74, 26],
    [75, 25],
    [75, 25],
    [73, 27],
    [76, 24],
    [81, 19],
    [73, 27],
    [75, 25],
    [72, 28],
    [77, 23],
    [71, 29],
    [67, 33],
    [80, 20],
    [72, 28],
    [76, 24],
    [79, 21],
    [74, 26],
    [73, 27],
    [76, 24],
    [71, 29],
    [75, 25],
    [22, 78],
    [24, 76],
    [32, 68],
    [26, 74],
    [32, 68],
    [24, 76],
    [26, 74],
    [23, 77],
    [20, 80],
    [28, 72],
    [38, 62],
    [26, 74],
    [31, 69],
    [28, 72],
    [17, 83],
    [20, 80],
    [21, 79],
    [17, 83],
    [21, 79],
    [26, 74],
    [25, 75],
    [30, 70],
    [30, 70],
    [21, 79],
    [24, 76]
  ],
  "method": "mcmc",
  "mcmc_stepsize": 3000,
  "mcmc_samples": 1000,
  "burn_in": 10000,
  "cond_prob": [
    [
      [0.01569866077, 0.7634343555, 0.098527134006, 0.055530093349, 0.066809756374],
      [0.034400135683, 0.0093719402804, 0.62667002963, 0.11844273096, 0.21111516344]
    ],
    [
      [0, 0.90183561995, 0.026950798332, 0.042208155535, 0.029005426182],
      [0, 0.015362995257, 0.54600830876, 0.21590718344, 0.22272151255]
    ],
    [
      [0.0071647180126, 0.86104342168, 0.041534864842, 0.047344726833, 0.04291226863],
      [0.018069648733, 0.010876415212, 0.57409307699, 0.13448039286, 0.26248046621]
    ],
    [
      [0.02125258215, 0.81901298642, 0.045782628553, 0.069110173329, 0.044841629548],
      [0.079838262932, 0.0095974038577, 0.46521191433, 0.22814088168, 0.21721153721]
    ],
    [
      [0.0080964063074, 0.78057006376, 0.07828972894, 0.070303365264, 0.062740435731],
      [0.01541792051, 0.0091467416135, 0.58486769456, 0.14605965271, 0.24450799061]
    ],
    [
      [0.0064139789644, 0.8364811352, 0.049350982912, 0.076844674796, 0.030909228124],
      [0.020758063107, 0.01055659439, 0.57194705126, 0.24946597561, 0.14727231563]
    ],
    [
      [0.0047173372385, 0.93809909106, 0.020906300327, 0.020838477274, 0.015438794102],
      [0.025847988284, 0.025702726821, 0.61728109902, 0.13748456818, 0.19368361769]
    ],
    [
      [0.013640157622, 0.83251346958, 0.066428380408, 0.059101751556, 0.028316240837],
      [0.037195129392, 0.0083895081786, 0.67224919371, 0.17353970876, 0.10862645996]
    ],
    [
      [0.016087672462, 0.87763483784, 0.03788282168, 0.012092922795, 0.056301745228],
      [0.074055703872, 0.012489680189, 0.54670439801, 0.045039077815, 0.32171114011]
    ],
    [
      [0.015320583936, 0.84851734395, 0.027061487866, 0.039560774058, 0.069539810185],
      [0.039949089534, 0.014215533669, 0.35831681489, 0.14713564744, 0.44038291447]
    ],
    [
      [0.0051557841867, 0.87080783789, 0.030505317571, 0.028889014379, 0.064642045975],
      [0.023097324236, 0.015963993858, 0.43604117842, 0.10707785001, 0.41781965347]
    ],
    [
      [0.022495188781, 0.82307445968, 0.053502092079, 0.059087479074, 0.041840780383],
      [0.052514433657, 0.010776620952, 0.51949372376, 0.18273756278, 0.23447765885]
    ],
    [
      [0.013645966845, 0.8423697094, 0.049027075498, 0.040290249491, 0.054666998764],
      [0.036338942398, 0.012477890109, 0.55250180586, 0.11068221559, 0.28799914604]
    ],
    [
      [0.039700511123, 0.76184889718, 0.079357300992, 0.078949721401, 0.040143569309],
      [0.084480897546, 0.01467977902, 0.56041251407, 0.17047267183, 0.16995413753]
    ],
    [
      [0.0056710294092, 0.92254853945, 0.03534658106, 0.01856592755, 0.01786792253],
      [0.020598514205, 0.017208748241, 0.74104802568, 0.092476522206, 0.12866818967]
    ],
    [
      [0.025407439894, 0.85870244515, 0.033026586651, 0.045773690084, 0.037089838225],
      [0.099930349307, 0.014149581065, 0.4784005665, 0.17979281104, 0.22772669209]
    ],
    [
      [0.014998922314, 0.83486454849, 0.049447466481, 0.049712093556, 0.050976969161],
      [0.040004310742, 0.010541806049, 0.50221013408, 0.15115162577, 0.29609212336]
    ],
    [
      [0.0065714490476, 0.82930809415, 0.044347001157, 0.042368458358, 0.077404997292],
      [0.018816273878, 0.010350615055, 0.49310771131, 0.10533824994, 0.37238714982]
    ],
    [
      [0.016297536598, 0.87685609175, 0.034187885833, 0.033891092768, 0.038767393051],
      [0.073391134105, 0.01495570946, 0.51673836153, 0.14267820623, 0.25223658867]
    ],
    [
      [0.012495667745, 0.88270940777, 0.04567056194, 0.025600315746, 0.033524046802],
      [0.048230583245, 0.012664608878, 0.63771550508, 0.094170240767, 0.20721906203]
    ],
    [
      [0.008616290162, 0.84812215293, 0.048024488694, 0.043105170279, 0.052131897937],
      [0.013938251077, 0.0091907955138, 0.59408414756, 0.10808528459, 0.27470152126]
    ],
    [
      [0.0046169361724, 0.85894942429, 0.031327951503, 0.06180292933, 0.043302758701],
      [0.024554209608, 0.010988593576, 0.43381702001, 0.24031059848, 0.29032957833]
    ],
    [
      [0.0066958661267, 0.8397785924, 0.0400727454, 0.061079579097, 0.052373216972],
      [0.020463090599, 0.0073677907216, 0.4981029729, 0.18158133286, 0.29248481292]
    ],
    [
      [0.020556125102, 0.84116480629, 0.049855687103, 0.022345986713, 0.066077394791],
      [0.087603969579, 0.0095620259751, 0.56759469709, 0.048739135979, 0.28650017137]
    ],
    [
      [0.02027985289, 0.86205177098, 0.030328881626, 0.043657476788, 0.043682017717],
      [0.099160441331, 0.013844687062, 0.42901335512, 0.18902756964, 0.26895394685]
    ],
    [
      [0.0031064273148, 0.94397066901, 0.030122206148, 0.0035945123957, 0.019206185135],
      [0.050405879475, 0.02862365746, 0.54278604442, 0.10155026573, 0.27663415291]
    ],
    [
      [0.017599512728, 0.85168378341, 0.032401507189, 0.034154480785, 0.064160715885],
      [0.047073838086, 0.0073630157645, 0.50292583984, 0.12079332186, 0.32184398446]
    ],
    [
      [0.020134767344, 0.81248812889, 0.039936547674, 0.084054567481, 0.043385988615],
      [0.034642462426, 0.014711468759, 0.52532397757, 0.23985667413, 0.18546541712]
    ],
    [
      [0.028680717575, 0.82077121549, 0.056881848535, 0.045342697357, 0.048323521041],
      [0.071004072203, 0.0089182215841, 0.58812259376, 0.092176890118, 0.23977822234]
    ],
    [
      [0.03275291927, 0.79859694568, 0.024343220662, 0.067435217786, 0.076871696598],
      [0.072822155638, 0.0065426137955, 0.41501495498, 0.18885401516, 0.31676626042]
    ],
    [
      [0.018866573101, 0.87757877387, 0.026337978272, 0.036371320342, 0.040845354415],
      [0.072989503231, 0.012343545094, 0.4916827437, 0.14640905673, 0.27657515124]
    ],
    [
      [0.0090358424815, 0.88211518372, 0.027238761501, 0.035812319698, 0.045797892595],
      [0.010338758047, 0.014391962475, 0.59853773245, 0.14957945524, 0.22715209179]
    ],
    [
