{
  "X": [
    [16, 12, 36, 20, 16],
    [17, 16, 26, 24, 17],
    [17, 18, 34, 24, 7],
    [16, 11, 30, 27, 16],
    [19, 13, 39, 18, 11],
    [15, 18, 34, 22, 11],
    [19, 19, 35, 17, 10],
    [17, 12, 36, 22, 13],
    [21, 19, 28, 20, 12],
    [20, 10, 39, 21, 10],
    [10, 21, 40, 16, 13],
    [21, 16, 32, 20, 11],
    [12, 16, 29, 37, 6],
    [21, 12, 25, 29, 13],
    [8, 15, 46, 24, 7],
    [14, 15, 34, 22, 15],
    [17, 8, 38, 23, 14],
    [16, 16, 36, 21, 11],
    [17, 10, 30, 29, 14],
    [21, 21, 31, 19, 8],
    [20, 16, 39, 19, 6],
    [19, 9, 32, 21, 19],
    [18, 22, 37, 15, 8],
    [22, 13, 39, 19, 7],
    [20, 15, 39, 19, 7],
    [23, 30, 13, 12, 22],
    [19, 23, 15, 8, 35],
    [25, 25, 7, 8, 35],
    [18, 39, 12, 10, 21],
    [18, 28, 15, 9, 30],
    [24, 33, 10, 7, 26],
    [23, 25, 11, 5, 36],
    [20, 21, 22, 8, 29],
    [19, 25, 8, 16, 32],
    [18, 27, 15, 7, 33],
    [25, 23, 14, 8, 30],
    [19, 31, 11, 5, 34],
    [29, 25, 5, 6, 35],
    [19, 24, 14, 11, 32],
    [23, 30, 14, 4, 29],
    [25, 23, 11, 7, 34],
    [27, 29, 7, 9, 28],
    [20, 22, 19, 8, 31],
    [13, 24, 19, 12, 32],
    [23, 23, 18, 6, 30],
    [28, 27, 7, 9, 29],
    [25, 20, 7, 10, 38],
    [19, 34, 14, 5, 28],
    [24, 25, 14, 7, 30],
    [16, 27, 7, 13, 37]
  ],
  "W": [
    [77, 23],
    [72, 28],
    [74, 26],
    [68, 32],
    [74, 26],
    [73, 27],
    [71, 29],
    [73, 27],
    [70, 30],
    [81, 19],
    [74, 26],
    [78, 22],
    [81, 19],
    [71, 29],
    [84, 16],
    [69, 31],
    [76, 24],
    [83, 17],
    [77, 23],
    [70, 30],
    [77, 23],
    [73, 27],
    [76, 24],
    [80, 20],
    [75, 25],
    [28, 72],
    [26, 74],
    [19, 81],
    [24, 76],
    [20, 80],
    [27, 73],
    [18, 82],
    [34, 66],
    [30, 70],
    [22, 78],
    [31, 69],
    [22, 78],
    [20, 80],
    [27, 73],
    [21, 79],
    [20, 80],
    [19, 81],
    [30, 70],
    [38, 62],
    [33, 67],
    [18, 82],
    [25, 75],
    [23, 77],
    [23, 77],
    [25, 75]
  ],
  "method": "mcmc",
  "mcmc_stepsize": 3000,
  "mcmc_samples": 1000,
  "burn_in": 10000,
  "cond_prob": [
    [
      [0.15801508108, 0.081297171034, 0.46551893388, 0.25764558066, 0.037523233343],
      [0.16664516334, 0.24957034045, 0.0067409604927, 0.0070126212566, 0.57003091446]
    ],
    [
      [0.15889187328, 0.12827936501, 0.3585894984, 0.32181666281, 0.032422600502],
      [0.19856375443, 0.24156734712, 0.0064841469738, 0.029614295624, 0.52377045585]
    ],
    [
      [0.13248173555, 0.09997306087, 0.44959858721, 0.31081794489, 0.007128671471],
      [0.27678275265, 0.4077689806, 0.028065559471, 0.038441233771, 0.24894147351]
    ],
    [
      [0.11993595965, 0.048379088239, 0.43269117576, 0.37857531663, 0.020418459717],
      [0.24513608574, 0.24094443749, 0.018031251501, 0.03927745217, 0.4566107731]
    ],
    [
      [0.159289423, 0.072134766129, 0.51959708415, 0.23683107085, 0.012147655866],
      [0.27740702684, 0.29469335794, 0.021146760482, 0.018250029127, 0.38850282561]
    ],
    [
      [0.12586184505, 0.10685655969, 0.45846836493, 0.29422889627, 0.014584334056],
      [0.21526241894, 0.37775819047, 0.019696642962, 0.019307058228, 0.3679756894]
    ],
    [
      [0.15996373419, 0.11914073062, 0.48259239585, 0.2297947049, 0.008508434439],
      [0.26353706457, 0.36348303882, 0.025377237753, 0.02360606731, 0.32399659155]
    ],
    [
      [0.14094428917, 0.061247973305, 0.48744881901, 0.29344720942, 0.016911709105],
      [0.248558033, 0.27884807218, 0.015416156017, 0.021420507872, 0.43575723094]
    ],
    [
      [0.18612709465, 0.13048261533, 0.39360461383, 0.27530478464, 0.014480891558],
      [0.26570344583, 0.32887389755, 0.014922567741, 0.024288835846, 0.36621125303]
    ],
    [
      [0.18769633681, 0.065596263262, 0.47462843129, 0.25433126478, 0.017747703855],
      [0.25245245886, 0.24666856188, 0.029215635034, 0.021008818556, 0.45065452567]
    ],
    [
      [0.090194431431, 0.14045884308, 0.53742252987, 0.21307528492, 0.01884891069],
      [0.1279081567, 0.40792483122, 0.0088743380607, 0.0089395736779, 0.44635310034]
    ],
    [
      [0.20742693809, 0.11036182524, 0.40719881932, 0.25267830528, 0.022334112066],
      [0.21912267405, 0.33598989232, 0.010840549673, 0.013231463105, 0.42081542086]
    ],
    [
      [0.096907382538, 0.091606799621, 0.35474172774, 0.44858965658, 0.0081544335204],
      [0.21844747444, 0.45157101214, 0.013995792276, 0.034959885097, 0.28102583604]
    ],
    [
      [0.18310837037, 0.06311040505, 0.34677697153, 0.39052181124, 0.016482441807],
      [0.27583812771, 0.25928142212, 0.013063276603, 0.043894875922, 0.40792229764]
    ],
    [
      [0.069012518301, 0.099536310655, 0.54156666055, 0.28027090747, 0.009613603019],
      [0.13768427892, 0.41493436906, 0.031775032094, 0.028577735771, 0.38702858415]
    ],
    [
      [0.10743121113, 0.083463751078, 0.48636802618, 0.30616313968, 0.016573871928],
      [0.21249182038, 0.29809681212, 0.014213103012, 0.028217527818, 0.44698073668]
    ],
    [
      [0.14806201782, 0.039342556378, 0.49482731357, 0.29399822757, 0.023769884658],
      [0.23947027689, 0.20874857147, 0.0163801737, 0.027338946023, 0.50806203192]
    ],
    [
      [0.15616943584, 0.12835515006, 0.43116609689, 0.24951067228, 0.034798644922],
      [0.17870216618, 0.31450132618, 0.012541997521, 0.017094952978, 0.47715955715]
    ],
    [
      [0.15775437053, 0.060583556788, 0.38585801602, 0.36777527403, 0.028028782638],
      [0.2109962378, 0.23195939684, 0.012562294208, 0.029621908681, 0.51486016247]
    ],
    [
      [0.18534606511, 0.11307445041, 0.43172622987, 0.26337967872, 0.0064735758848],
      [0.26752584808, 0.43615961571, 0.025972130293, 0.018780749645, 0.25156165627]
    ],
    [
      [0.16183156931, 0.097776210484, 0.4937410041, 0.24000371208, 0.0066475040191],
      [0.32778126795, 0.36831442577, 0.042693160174, 0.02259626826, 0.23861487785]
    ],
    [
      [0.17407726705, 0.058461142708, 0.43307075397, 0.28340327335, 0.050987562925],
      [0.23305035204, 0.17527172527, 0.014290183719, 0.011539297992, 0.56584844098]
    ],
    [
      [0.16360431108, 0.15174506004, 0.47967677992, 0.19144499274, 0.013528856231],
      [0.2319196816, 0.43614064321, 0.022690196924, 0.018757523004, 0.29049195527]
    ],
    [
      [0.193922165, 0.08387845329, 0.48155792099, 0.23341188192, 0.0072295788004],
      [0.32431133998, 0.31448618684, 0.023768316048, 0.016352472331, 0.3210816848]
    ],
    [
      [0.15503054049, 0.087094532079, 0.50459940087, 0.24568140312, 0.0075941234426],
      [0.33490837852, 0.33871640376, 0.046201797397, 0.022955790652, 0.25721762967]
    ],
    [
      [0.14740487479, 0.12464805651, 0.3929155376, 0.32437291088, 0.010658620223],
      [0.26212032647, 0.36819242247, 0.027755068713, 0.04052164577, 0.30141053658]
    ],
    [
      [0.16600974532, 0.073859466052, 0.5021441859, 0.23812328724, 0.019863315493],
      [0.1984290084, 0.2848601876, 0.026273664412, 0.02444316935, 0.46599397023]
    ],
    [
      [0.22863238827, 0.11466416657, 0.31301864912, 0.32634437855, 0.017340417493],
      [0.25501215584, 0.28174544241, 0.012995625515, 0.022215516143, 0.42803126009]
    ],
    [
      [0.10405051371, 0.17057452418, 0.41440697798, 0.29899417473, 0.011973809397],
      [0.2039840483, 0.45929225552, 0.027029375374, 0.037159734296, 0.27253458651]
    ],
    [
      [0.073623113794, 0.043281083158, 0.57102175424, 0.30707540233, 0.0049986464809],
      [0.20659422155, 0.33917972921, 0.044744561441, 0.035731149417, 0.37375033838]
    ],
    [
      [0.25943086066, 0.15845594626, 0.34224393696, 0.22029256975, 0.019576686365],
      [0.23281324332, 0.3934478007, 0.010402927426, 0.014412337215, 0.34892369134]
    ],
    [
      [0.17281265293, 0.10826360439, 0.50516775132, 0.19720452172, 0.016551469644],
      [0.24255332009, 0.28111286733, 0.023255859466, 0.017686812306, 0.43539114081]
    ],
    [
      [0.15557683214, 0.069485607069, 0.58574812792, 0.17875680407, 0.010432628809],
