{
  "X": [
    [48, 3, 17, 10, 22],
    [36, 3, 22, 11, 28],
    [42, 3, 20, 13, 22],
    [35, 7, 22, 16, 20],
    [42, 5, 20, 18, 15],
    [40, 5, 17, 16, 22],
    [37, 9, 25, 11, 18],
    [35, 9, 19, 16, 21],
    [37, 11, 20, 14, 18],
    [44, 5, 23, 9, 19],
    [35, 8, 24, 12, 21],
    [45, 2, 22, 13, 18],
    [45, 3, 19, 15, 18],
    [38, 4, 19, 12, 27],
    [38, 3, 28, 8, 23],
    [45, 2, 16, 12, 25],
    [39, 11, 15, 12, 23],
    [31, 4, 24, 18, 23],
    [39, 4, 29, 14, 14],
    [35, 7, 24, 13, 21],
    [42, 1, 22, 21, 14],
    [36, 7, 13, 21, 23],
    [45, 4, 21, 13, 17],
    [32, 7, 22, 15, 24],
    [41, 3, 25, 9, 22],
    [15, 7, 40, 21, 17],
    [12, 10, 29, 12, 37],
    [17, 6, 34, 15, 28],
    [13, 7, 36, 20, 24],
    [16, 7, 38, 13, 26],
    [11, 10, 39, 17, 23],
    [19, 3, 38, 11, 29],
    [16, 4, 38, 14, 28],
    [14, 6, 49, 11, 20],
    [19, 4, 40, 16, 21],
    [17, 4, 27, 11, 41],
    [13, 1, 39, 17, 30],
    [18, 4, 32, 17, 29],
    [18, 10, 38, 10, 24],
    [15, 15, 34, 15, 21],
    [20, 5, 29, 17, 29],
    [20, 3, 36, 12, 29],
    [13, 7, 41, 10, 29],
    [18, 7, 28, 19, 28],
    [18, 7, 36, 15, 24],
    [18, 11, 30, 12, 29],
    [21, 4, 38, 16, 21],
    [19, 4, 31, 15, 31],
    [13, 9, 39, 9, 30],
    [21, 5, 34, 12, 28]
  ],
  "W": [
    [76, 24],
    [73, 27],
    [83, 17],
    [74, 26],
    [80, 20],
    [72, 28],
    [72, 28],
    [72, 28],
    [83, 17],
    [80, 20],
    [72, 28],
    [83, 17],
    [74, 26],
    [74, 26],
    [67, 33],
    [77, 23],
    [75, 25],
    [72, 28],
    [70, 30],
    [71, 29],
    [79, 21],
    [85, 15],
    [76, 24],
    [71, 29],
    [69, 31],
    [29, 71],
    [27, 73],
    [20, 80],
    [21, 79],
    [20, 80],
    [22, 78],
    [30, 70],
    [19, 81],
    [21, 79],
    [29, 71],
    [19, 81],
    [21, 79],
    [26, 74],
    [30, 70],
    [23, 77],
    [27, 73],
    [26, 74],
    [25, 75],
    [21, 79],
    [22, 78],
    [21, 79],
    [36, 64],
    [34, 66],
    [23, 77],
    [28, 72]
  ],
  "method": "mcmc",
  "mcmc_stepsize": 3000,
  "mcmc_samples": 1000,
  "burn_in": 10000,
  "cond_prob": [
    [
      [0.60440868186, 0.026986477467, 0.10793325695, 0.090814595514, 0.1698569882],
      [0.086039174099, 0.039542821355, 0.36654468631, 0.12908711421, 0.37878620403]
    ],
    [
      [0.47597247585, 0.031065493842, 0.14684803109, 0.10975457087, 0.23635942834],
      [0.046444787504, 0.027119220354, 0.41778124926, 0.11066356765, 0.39799117523]
    ],
    [
      [0.49515788033, 0.029592812183, 0.15351164809, 0.12955741528, 0.19218024412],
      [0.053052701924, 0.031988034635, 0.42697254169, 0.1321608548, 0.35582586695]
    ],
    [
      [0.45769230272, 0.069935677885, 0.14895025526, 0.15857109497, 0.16485066916],
      [0.043491138402, 0.070183070636, 0.42221850425, 0.16406688354, 0.30004040317]
    ],
    [
      [0.51168724228, 0.04774774298, 0.13962898605, 0.17408126921, 0.12685475947],
      [0.053251030877, 0.059009028079, 0.44148405578, 0.20367492316, 0.2425809621]
    ],
    [
      [0.53245178377, 0.047008441975, 0.097767140577, 0.15221186309, 0.17056077059],
      [0.059409698876, 0.057692577778, 0.35574163852, 0.18002663777, 0.34712944706]
    ],
    [
      [0.49883198588, 0.083746381236, 0.16392483678, 0.10971235049, 0.14378444562],
      [0.038717750592, 0.10608073396, 0.47133613401, 0.11073967016, 0.27312571128]
    ],
    [
      [0.47134179215, 0.086460666538, 0.11686310916, 0.1545325576, 0.17080187455],
      [0.037978248754, 0.099101143188, 0.37806629073, 0.1740591376, 0.31079517973]
    ],
    [
      [0.43610915486, 0.10887759153, 0.1528355788, 0.13836440955, 0.16381326526],
      [0.047231773346, 0.11547999428, 0.43027335055, 0.14798552986, 0.25902935196]
    ],
    [
      [0.53449419769, 0.047716589315, 0.1667302087, 0.085885082149, 0.16517392215],
      [0.062023209236, 0.05913364274, 0.48307916522, 0.1064596714, 0.2893043114]
    ],
    [
      [0.47216757861, 0.078264688895, 0.16009848583, 0.11770785729, 0.17176138938],
      [0.035854797871, 0.084462228555, 0.44546103643, 0.12589408125, 0.30832785589]
    ],
    [
      [0.52914617091, 0.018718280392, 0.16493284007, 0.12779802792, 0.15940468071],
      [0.063580459697, 0.026257807498, 0.48885731026, 0.14075080486, 0.28055361769]
    ],
    [
      [0.58258488119, 0.027653200446, 0.11220123558, 0.13978331637, 0.13777736642],
      [0.072643030468, 0.036679352576, 0.41142725258, 0.17907825342, 0.30017211096]
    ],
    [
      [0.49571606231, 0.038996043334, 0.12340092655, 0.11624872197, 0.22563824584],
      [0.050654284208, 0.042857415126, 0.37955120906, 0.13067671438, 0.39626037722]
    ],
    [
      [0.53738707514, 0.031536053055, 0.16970022783, 0.081309989804, 0.18006665417],
      [0.060456544412, 0.026881346827, 0.50394196167, 0.077340323732, 0.33137982336]
    ],
    [
      [0.56340443546, 0.020249544656, 0.10228391271, 0.11135501135, 0.20270709583],
      [0.070341672585, 0.01916456789, 0.35322342267, 0.14894191854, 0.40832841832]
    ],
    [
      [0.50227778984, 0.10252427619, 0.093189431973, 0.11976247309, 0.18224602891],
      [0.053166630471, 0.13242717142, 0.32043170408, 0.12071258074, 0.37326191328]
    ],
    [
      [0.41507951413, 0.039445946177, 0.16379141941, 0.18822623456, 0.19345688573],
      [0.039795535093, 0.041424709831, 0.43596492153, 0.15884682542, 0.32396800813]
    ],
    [
      [0.53441068749, 0.038352256043, 0.18194863494, 0.13720087669, 0.10808754485],
      [0.053041729195, 0.043844735899, 0.54211985182, 0.14653128773, 0.21446239536]
    ],
    [
      [0.47718830261, 0.069608044871, 0.15670864391, 0.1272294088, 0.1692655998],
      [0.038607948777, 0.070959614282, 0.44392021662, 0.13678317156, 0.30972904875]
    ],
    [
      [0.51617148897, 0.00930608733, 0.15132754139, 0.20456678716, 0.11862809516],
      [0.058212017691, 0.012610433378, 0.47833924906, 0.23043922927, 0.2203990706]
    ],
    [
      [0.41588782423, 0.070702096578, 0.10112877698, 0.20908162665, 0.20319967556],
      [0.043302329363, 0.066021452723, 0.29360359711, 0.21520411566, 0.38186850514]
    ],
    [
      [0.57024047204, 0.0379368513, 0.13278643789, 0.12405873339, 0.13497750539],
      [0.06923850521, 0.046533304216, 0.45450961335, 0.14881401095, 0.28090456628]
    ],
    [
      [0.43623480647, 0.072042912361, 0.14573877855, 0.14651822283, 0.19946527978],
      [0.035425128983, 0.064998386979, 0.40181195596, 0.158524351, 0.33924017708]
    ],
    [
      [0.5612114867, 0.031657562173, 0.1506105812, 0.088870052237, 0.16765031769],
      [0.073432497348, 0.026310587421, 0.47122160959, 0.092515045021, 0.33652026062]
    ],
    [
      [0.4245905431, 0.069961304669, 0.1779086226, 0.22371915427, 0.10382037536],
      [0.037843299298, 0.070015805135, 0.4907133795, 0.20439640178, 0.19703111429]
    ],
    [
      [0.36281965463, 0.098507877423, 0.15045106869, 0.13592293151, 0.25229846775],
      [0.030189990754, 0.10055188095, 0.34161398829, 0.11411069657, 0.41353344343]
    ],
    [
      [0.55027970851, 0.054075858978, 0.10907396565, 0.13794274242, 0.14862772444],
      [0.074930072873, 0.061481035256, 0.39773150859, 0.1530143144, 0.31284306889]
    ],
    [
      [0.46416870819, 0.069906571416, 0.14413786964, 0.19057757443, 0.13120927633],
      [0.041170343392, 0.070024835446, 0.41738107263, 0.2025046954, 0.26891905313]
    ],
    [
      [0.54209412884, 0.059313608739, 0.14721374101, 0.12139284454, 0.12998567688],
      [0.064476467791, 0.072671597815, 0.43819656475, 0.13215178887, 0.29250358078]
    ],
    [
      [0.3834653293, 0.10709850035, 0.18418129066, 0.17929220739, 0.14596267231],
      [0.032868753275, 0.097997858876, 0.44805143084, 0.16737912099, 0.25370283602]
    ],
    [
      [0.51650366603, 0.035430971269, 0.14538996841, 0.12454845569, 0.1781269386],
      [0.050069857415, 0.027672440885, 0.48054715639, 0.10376494756, 0.33794559774]
    ],
    [
      [0.55499532199, 0.044232796982, 0.12896222261, 0.12902415277, 0.14278550565],
