{
  "X": [
    [34, 8, 0, 35, 23],
    [28, 9, 1, 30, 32],
    [28, 7, 1, 43, 21],
    [31, 10, 3, 38, 18],
    [23, 8, 3, 37, 29],
    [22, 8, 2, 40, 28],
    [26, 10, 2, 45, 17],
    [29, 5, 3, 38, 25],
    [27, 6, 3, 42, 22],
    [28, 5, 2, 37, 28],
    [28, 6, 3, 41, 22],
    [23, 13, 2, 45, 17],
    [40, 6, 1, 42, 11],
    [39, 8, 5, 33, 15],
    [19, 9, 5, 44, 23],
    [28, 9, 1, 40, 22],
    [25, 9, 0, 49, 17],
    [17, 9, 2, 51, 21],
    [24, 10, 0, 45, 21],
    [26, 9, 3, 44, 18],
    [27, 7, 1, 47, 18],
    [29, 10, 3, 43, 15],
    [28, 11, 1, 41, 19],
    [32, 6, 0, 43, 19],
    [30, 7, 1, 47, 15],
    [38, 14, 4, 32, 12],
    [29, 13, 10, 29, 19],
    [40, 15, 3, 27, 15],
    [34, 16, 4, 34, 12],
    [35, 15, 2, 25, 23],
    [40, 11, 1, 31, 17],
    [32, 13, 6, 35, 14],
    [31, 14, 4, 30, 21],
    [37, 13, 9, 25, 16],
    [28, 12, 11, 33, 16],
    [31, 17, 4, 31, 17],
    [41, 12, 5, 28, 14],
    [32, 14, 8, 32, 14],
    [32, 14, 10, 37, 7],
    [41, 17, 2, 18, 22],
    [29, 14, 9, 31, 17],
    [39, 11, 2, 31, 17],
    [31, 19, 6, 29, 15],
    [42, 17, 3, 23, 15],
    [38, 11, 3, 29, 19],
    [38, 6, 7, 32, 17],
    [34, 17, 5, 26, 18],
    [34, 13, 4, 33, 16],
    [36, 14, 3, 28, 19],
    [46, 11, 5, 28, 10]
  ],
  "W": [
    [76, 24],
    [67, 33],
    [72, 28],
    [74, 26],
    [78, 22],
    [77, 23],
    [78, 22],
    [67, 33],
    [76, 24],
    [73, 27],
    [76, 24],
    [74, 26],
    [64, 36],
    [77, 23],
    [71, 29],
    [76, 24],
    [83, 17],
    [83, 17],
    [81, 19],
    [78, 22],
    [77, 23],
    [77, 23],
    [84, 16],
    [77, 23],
    [79, 21],
    [19, 81],
    [20, 80],
    [26, 74],
    [22, 78],
    [30, 70],
    [24, 76],
    [22, 78],
    [30, 70],
    [16, 84],
    [30, 70],
    [20, 80],
    [26, 74],
    [18, 82],
    [24, 76],
    [29, 71],
    [21, 79],
    [22, 78],
    [21, 79],
    [28, 72],
    [24, 76],
    [27, 73],
    [26, 74],
    [25, 75],
    [29, 71],
    [26, 74]
  ],
  "method": "mcmc",
  "mcmc_stepsize": 3000,
  "mcmc_samples": 1000,
  "burn_in": 10000,
  "cond_prob": [
    [
      [0.29599033261, 0.057112652415, 0, 0.39794958771, 0.24894742726],
      [0.47936394672, 0.15247660069, 0, 0.19815963892, 0.16999981367]
    ],
    [
      [0.2102464015, 0.062532333391, 0.0041791006307, 0.360069142, 0.36297302248],
      [0.42162094241, 0.14576768675, 0.021818189629, 0.17804143898, 0.23275174223]
    ],
    [
      [0.22440662839, 0.048384659213, 0.0042635105888, 0.49320317291, 0.22974202889],
      [0.42295438413, 0.12558230488, 0.024750972772, 0.26747755537, 0.15923478285]
    ],
    [
      [0.26601923834, 0.076977428419, 0.012670093928, 0.44339649515, 0.20093674416],
      [0.43517601395, 0.16552578065, 0.079323578821, 0.1995638215, 0.12041080509]
    ],
    [
      [0.19584885131, 0.061187192555, 0.013575482232, 0.41930858614, 0.31007988777],
      [0.35108134537, 0.14669995367, 0.088232381177, 0.19517864915, 0.21880767064]
    ],
    [
      [0.18339414059, 0.058362044878, 0.0082782688963, 0.45273885708, 0.29722668856],
      [0.34255005108, 0.15244011063, 0.059242317173, 0.22343947848, 0.22232804264]
    ],
    [
      [0.22106012371, 0.076815340748, 0.0089114764411, 0.50759939398, 0.18561366513],
      [0.39805956141, 0.18220015553, 0.059313856254, 0.2457839668, 0.11464246001]
    ],
    [
      [0.2299733808, 0.031836177525, 0.0086944397326, 0.45116481932, 0.27833118263],
      [0.41187222687, 0.086878063813, 0.073256743573, 0.23551385169, 0.19247911406]
    ],
    [
      [0.22763010557, 0.045263575676, 0.012012835401, 0.47951366655, 0.2355798168],
      [0.40417133235, 0.10666534369, 0.086959354563, 0.23154005594, 0.17066391346]
    ],
    [
      [0.22679843998, 0.036026164498, 0.0064358441988, 0.4249190704, 0.30582048092],
      [0.42384125487, 0.0877811108, 0.056673458277, 0.22151510595, 0.2101890701]
    ],
    [
      [0.23710111611, 0.045252358029, 0.012148973618, 0.46890805112, 0.23658950112],
      [0.41584646564, 0.10670086624, 0.08652825021, 0.22345783812, 0.16746657978]
    ],
    [
      [0.19429102924, 0.089631139363, 0.0083574414723, 0.51680523968, 0.19091515025],
      [0.33163322448, 0.24489598797, 0.053136512733, 0.25986201014, 0.11047226467]
    ],
    [
      [0.3224674043, 0.038319202813, 0.0031259394492, 0.51164299052, 0.12444446292],
      [0.53783572569, 0.098543639444, 0.02222055209, 0.25707912796, 0.084320954811]
    ],
    [
      [0.3641863088, 0.065603505039, 0.020322958818, 0.38378687838, 0.16610034896],
      [0.4764197488, 0.12819696139, 0.14935357265, 0.14993088543, 0.096098831728]
    ],
    [
      [0.15777256077, 0.061593231469, 0.016397567193, 0.51407431646, 0.25016232411],
      [0.26890166157, 0.15954760571, 0.13226802515, 0.258645639, 0.18063706856]
    ],
    [
      [0.23583738315, 0.065688031195, 0.0045359864902, 0.45521529475, 0.23872330441],
      [0.4198482867, 0.16698790122, 0.027302709448, 0.22515156662, 0.16070953603]
    ],
    [
      [0.22144219904, 0.070487412061, 0, 0.5291086593, 0.1789617296],
      [0.38942926351, 0.18526734111, 0, 0.29905772223, 0.12624567314]
    ],
    [
      [0.14676406071, 0.070425429392, 0.009738996143, 0.55282446207, 0.22024705168],
      [0.28344605655, 0.18556996238, 0.070097842361, 0.30091586164, 0.15997027708]
    ],
    [
      [0.20925484114, 0.074001808991, 0, 0.49407207824, 0.22267127163],
      [0.37107146673, 0.21083439325, 0, 0.26211377172, 0.1559803683]
    ],
    [
      [0.22299626457, 0.070449627684, 0.013279548473, 0.49728239992, 0.19599215936],
      [0.391195062, 0.15931495639, 0.08928160087, 0.23690785482, 0.12330052592]
    ],
    [
      [0.22261613535, 0.052365266905, 0.0047814567527, 0.5270192644, 0.19321787659],
      [0.42863293818, 0.12903801949, 0.027470775219, 0.27910941917, 0.13574884794]
    ],
    [
      [0.25216355369, 0.078004262364, 0.012127522619, 0.493332488, 0.16437217333],
      [0.41666984198, 0.17363790426, 0.089833946016, 0.21797384453, 0.10188446321]
    ],
    [
      [0.25425742696, 0.089223047729, 0.0045105297072, 0.44785466993, 0.20415432567],
      [0.41514850848, 0.21907899942, 0.038819719037, 0.21126298285, 0.11568979021]
    ],
    [
      [0.27502506583, 0.042183928544, 0, 0.48073765614, 0.20205334949],
      [0.47056825787, 0.11964510879, 0, 0.26013915119, 0.14964748215]
    ],
    [
      [0.25512218361, 0.054045744015, 0.0046048678907, 0.52490882526, 0.16131837923],
      [0.4688260712, 0.13001839156, 0.030295973173, 0.26343822878, 0.10742133528]
    ],
    [
      [0.26164227948, 0.058386281415, 0.0054697428561, 0.5042170315, 0.17028466475],
      [0.4077629221, 0.15914395868, 0.048099689947, 0.27678859755, 0.10820483173]
    ],
    [
      [0.21192759362, 0.05574396536, 0.022529738104, 0.46230763884, 0.24749106407],
      [0.30951810159, 0.14856400866, 0.11936756547, 0.24692309029, 0.17562723398]
    ],
    [
      [0.29188066154, 0.06468075229, 0.0066766643567, 0.44180344521, 0.19495847661],
      [0.43798787568, 0.17997703298, 0.038194685496, 0.20963662736, 0.13420377849]
    ],
    [
      [0.21411389517, 0.067814626069, 0.0067535681105, 0.54034830928, 0.17096960137],
      [0.37550633726, 0.1860010029, 0.049377198738, 0.28349150251, 0.10562395859]
    ],
    [
      [0.24382172996, 0.065188707856, 0.0049025120045, 0.38761569619, 0.29847135399],
      [0.39550497288, 0.18634769663, 0.026470351998, 0.19102184449, 0.200655134]
    ],
    [
      [0.25758306213, 0.043448471048, 0.0016082083865, 0.4675837737, 0.22977648474],
      [0.44497376985, 0.1310162723, 0.012650039457, 0.26023670304, 0.15112321534]
    ],
    [
      [0.21451524526, 0.059967585752, 0.012656914507, 0.53448261783, 0.17837763665],
      [0.34975211031, 0.14975273222, 0.07335317796, 0.29796644112, 0.12917553838]
    ],
    [
      [0.21650473251, 0.06083316954, 0.0079535210635, 0.43804098894, 0.27666758794],
      [0.35006940035, 0.17392864163, 0.053734205259, 0.24083957617, 0.1814281766]
    ],
    [
