{
  "X": [
    [2, 12, 30, 37, 19],
    [4, 19, 28, 31, 18],
    [0, 25, 27, 30, 18],
    [3, 19, 26, 38, 14],
    [1, 9, 27, 42, 21],
    [2, 16, 35, 37, 10],
    [2, 11, 32, 39, 16],
    [4, 16, 21, 42, 17],
    [0, 11, 30, 44, 15],
    [0, 15, 30, 37, 18],
    [1, 26, 24, 33, 16],
    [0, 13, 30, 39, 18],
    [1, 17, 33, 39, 10],
    [1, 10, 28, 44, 17],
    [1, 17, 27, 38, 17],
    [3, 16, 22, 43, 16],
    [1, 14, 30, 38, 17],
    [0, 18, 29, 37, 16],
    [2, 13, 28, 36, 21],
    [1, 20, 35, 37, 7],
    [5, 16, 27, 42, 10],
    [0, 9, 36, 44, 11],
    [0, 14, 28, 38, 20],
    [1, 13, 37, 35, 14],
    [0, 15, 27, 38, 20],
    [7, 15, 11, 59, 8],
    [2, 20, 22, 47, 9],
    [3, 15, 12, 63, 7],
    [2, 14, 11, 63, 10],
    [3, 27, 9, 48, 13],
    [6, 13, 13, 56, 12],
    [3, 26, 15, 49, 7],
    [3, 31, 8, 52, 6],
    [5, 20, 12, 53, 10],
    [1, 20, 16, 55, 8],
    [1, 19, 11, 59, 10],
    [3, 17, 9, 64, 7],
    [6, 17, 15, 52, 10],
    [2, 15, 18, 52, 13],
    [6, 16, 8, 60, 10],
    [1, 21, 14, 55, 9],
    [4, 18, 9, 58, 11],
    [7, 23, 12, 43, 15],
    [4, 22, 14, 48, 12],
    [3, 18, 13, 58, 8],
    [5, 16, 14, 56, 9],
    [8, 18, 12, 51, 11],
    [5, 14, 13, 56, 12],
    [2, 14, 16, 55, 13],
    [2, 16, 11, 53, 18]
  ],
  "W": [
    [77, 23],
    [74, 26],
    [75, 25],
    [79, 21],
    [78, 22],
    [76, 24],
    [74, 26],
    [73, 27],
    [73, 27],
    [77, 23],
    [75, 25],
    [78, 22],
    [77, 23],
    [66, 34],
    [77, 23],
    [67, 33],
    [84, 16],
    [78, 22],
    [78, 22],
    [70, 30],
    [69, 31],
    [75, 25],
    [72, 28],
    [86, 14],
    [73, 27],
    [23, 77],
    [31, 69],
    [23, 77],
    [20, 80],
    [24, 76],
    [25, 75],
    [26, 74],
    [18, 82],
    [24, 76],
    [24, 76],
    [26, 74],
    [19, 81],
    [33, 67],
    [27, 73],
    [18, 82],
    [21, 79],
    [26, 74],
    [24, 76],
    [25, 75],
    [20, 80],
    [29, 71],
    [32, 68],
    [25, 75],
    [32, 68],
    [24, 76]
  ],
  "method": "mcmc",
  "mcmc_stepsize": 3000,
  "mcmc_samples": 1000,
  "burn_in": 10000,
  "cond_prob": [
    [
      [0.00023358092587, 0.10663222542, 0.38300090055, 0.29166475967, 0.21846853344],
      [0.086174533422, 0.16475298447, 0.022127419889, 0.63225276112, 0.094692301103]
    ],
    [
      [0.00031875098771, 0.16052805169, 0.37513662591, 0.25278481486, 0.21123175656],
      [0.1529389395, 0.27388169904, 0.0092265262592, 0.47284321925, 0.091109615953]
    ],
    [
      [0, 0.21010982003, 0.34982112083, 0.23356130572, 0.20650775342],
      [0, 0.36967053991, 0.030536637504, 0.49931608283, 0.10047673975]
    ],
    [
      [0.0002235037779, 0.17412493303, 0.32648405026, 0.33558079984, 0.16358671309],
      [0.14201634293, 0.24972049002, 0.0098933347267, 0.54710080062, 0.051269031703]
    ],
    [
      [0.00023939790145, 0.076884246121, 0.33788900824, 0.34483235374, 0.24015499399],
      [0.044605771077, 0.13650130921, 0.029302607141, 0.68650347309, 0.10308683948]
    ],
    [
      [0.00019920769197, 0.14815633833, 0.45171340183, 0.28272279193, 0.11720826021],
      [0.082702508975, 0.19750492862, 0.027907560859, 0.64637782555, 0.045507175996]
    ],
    [
      [0.00026729868881, 0.097557345655, 0.42501979944, 0.28978828255, 0.18736727366],
      [0.076162303732, 0.14541370852, 0.021097493908, 0.67521796504, 0.082108528804]
    ],
    [
      [0.00031911139327, 0.1516710755, 0.28611370112, 0.3524817792, 0.20941433278],
      [0.14728536549, 0.18251894401, 0.0042111043666, 0.60254926365, 0.063435322485]
    ],
    [
      [0, 0.094349643287, 0.39969802551, 0.32868510527, 0.17726722593],
      [0, 0.15231392741, 0.030446079183, 0.74096249316, 0.07627750025]
    ],
    [
      [0, 0.13152263873, 0.37929176474, 0.28427282675, 0.20491276978],
      [0, 0.21185899207, 0.034544961517, 0.65699966698, 0.096596379434]
    ],
    [
      [9.4830271971e-05, 0.23760519988, 0.31168698956, 0.27018375218, 0.1804292281],
      [0.039715509184, 0.32718440036, 0.024939031316, 0.50944874345, 0.098712315695]
    ],
    [
      [0, 0.11307418104, 0.37535877549, 0.30624065307, 0.2053263904],
      [0, 0.19000972175, 0.032818886893, 0.68696495731, 0.090206434048]
    ],
    [
      [0.0001303907096, 0.15381436258, 0.42168913603, 0.31283942074, 0.11152668993],
      [0.04304173545, 0.22418669917, 0.023040718505, 0.64832020012, 0.061410646754]
    ],
    [
      [0.00012899333677, 0.076776206428, 0.40665954541, 0.31535023218, 0.20108502265],
      [0.029161365876, 0.14508148164, 0.034131470682, 0.68196719636, 0.10965848544]
    ],
    [
      [0.00010242513268, 0.15055916053, 0.34487620667, 0.31240790285, 0.19205430483],
      [0.043135359338, 0.23508454954, 0.019327482031, 0.60628658612, 0.096166022969]
    ],
    [
      [0.00041156633367, 0.14757774657, 0.32263768164, 0.336004867, 0.19336813846],
      [0.090073486535, 0.18522093879, 0.011614403943, 0.62083860336, 0.09225256737]
    ],
    [
      [0.000289388362, 0.12704800139, 0.35213388103, 0.33286673635, 0.18766199287],
      [0.060980711099, 0.20799799271, 0.026297124596, 0.62744963418, 0.077274537418]
    ],
    [
      [0, 0.16119445837, 0.36194998917, 0.29369204687, 0.18316350559],
      [0, 0.24667419305, 0.034904583837, 0.64054637929, 0.077874843817]
    ],
    [
      [0.00023384998848, 0.11609430227, 0.35278489478, 0.28973683234, 0.24115012062],
      [0.090079986404, 0.17930201922, 0.021944463966, 0.60911486714, 0.099558663273]
    ],
    [
      [0.00020864918121, 0.16900065496, 0.47827680011, 0.27338393057, 0.079129965184],
      [0.032846485244, 0.2723318051, 0.050687466408, 0.59543749535, 0.048696747903]
    ],
    [
      [0.00036499002311, 0.16432998342, 0.38802790416, 0.32286920079, 0.12440792161],
      [0.16047792543, 0.15036229496, 0.0072927294605, 0.63619435954, 0.045672690608]
    ],
    [
      [0, 0.077433744989, 0.46672175692, 0.32931093172, 0.12653356637],
      [0, 0.12769876503, 0.039834729239, 0.77206720484, 0.060399300886]
    ],
    [
      [0, 0.12074375881, 0.37326159664, 0.27323626431, 0.23275838024],
      [0, 0.18951604877, 0.040184465787, 0.65453532035, 0.11576416509]
    ],
    [
      [0.00022857324402, 0.12042094218, 0.42573979785, 0.30312990197, 0.15048078476],
      [0.070024478644, 0.18884278378, 0.027598384611, 0.63791631648, 0.075618036483]
    ],
    [
      [0, 0.12892843603, 0.35689749028, 0.28131800468, 0.23285606901],
      [0, 0.20697126556, 0.035054933683, 0.64680687624, 0.11116692452]
    ],
    [
      [0.00056238471272, 0.10535703567, 0.40695258293, 0.34305080055, 0.14407719614],
      [0.090741105865, 0.16333491142, 0.021299877826, 0.66376404659, 0.060860058297]
    ],
    [
      [7.7900849873e-05, 0.12590821603, 0.56401157592, 0.19064845167, 0.11935385552],
      [0.028950508314, 0.23328761309, 0.065444074587, 0.59550576809, 0.076812035924]
    ],
    [
      [0.00022800863722, 0.1097439928, 0.43104560645, 0.3469496094, 0.11203278271],
      [0.038892932485, 0.16202452163, 0.027090273399, 0.71454751927, 0.057444753215]
    ],
    [
      [9.815224826e-05, 0.09609742876, 0.42797977952, 0.31743814177, 0.15838649771],
      [0.024975461938, 0.15097564281, 0.030505055121, 0.70814046456, 0.085403375573]
    ],
    [
      [0.00012263244415, 0.21145408823, 0.29589963091, 0.27534920596, 0.21717444245],
      [0.039434958176, 0.28848818266, 0.024979063922, 0.54462656654, 0.1024712287]
    ],
    [
      [0.00018533258229, 0.086006854162, 0.44461667419, 0.29492880669, 0.17426233238],
      [0.079938222473, 0.14466438195, 0.02512777527, 0.64835706444, 0.10191255587]
    ],
    [
      [0.00027340735424, 0.18601002344, 0.45723892281, 0.24616800042, 0.11030964598],
      [0.040444478497, 0.28599647825, 0.042051189283, 0.57567070256, 0.055837151414]
    ],
    [
      [0.00021518012811, 0.25260361182, 0.35471990346, 0.28435813723, 0.10810316736],
      [0.036538131191, 0.32259920716, 0.019695630949, 0.57172626256, 0.04944076814]
    ],
    [
      [0.00020491797475, 0.15184429719, 0.41324539784, 0.28625778379, 0.14844760321],
