{
  "X": [
    [14, 32, 9, 6, 39],
    [20, 35, 3, 4, 38],
    [18, 25, 5, 11, 41],
    [14, 26, 10, 9, 41],
    [20, 25, 8, 10, 37],
    [26, 21, 9, 8, 36],
    [15, 33, 8, 4, 40],
    [17, 20, 13, 12, 38],
    [22, 22, 8, 10, 38],
    [13, 32, 12, 9, 34],
    [18, 26, 14, 8, 34],
    [14, 34, 6, 7, 39],
    [23, 26, 4, 8, 39],
    [19, 22, 7, 9, 43],
    [25, 28, 6, 11, 30],
    [16, 35, 12, 11, 26],
    [20, 29, 7, 10, 34],
    [14, 24, 7, 11, 44],
    [18, 26, 9, 9, 38],
    [22, 35, 10, 8, 25],
    [21, 24, 8, 11, 36],
    [13, 27, 9, 8, 43],
    [13, 27, 12, 17, 31],
    [15, 33, 8, 11, 33],
    [17, 31, 4, 10, 38],
    [27, 11, 4, 8, 50],
    [23, 20, 6, 5, 46],
    [26, 16, 3, 7, 48],
    [26, 15, 7, 7, 45],
    [21, 15, 9, 7, 48],
    [25, 17, 2, 6, 50],
    [19, 19, 14, 7, 41],
    [31, 15, 8, 7, 39],
    [24, 16, 1, 5, 54],
    [26, 14, 4, 5, 51],
    [20, 26, 4, 5, 45],
    [27, 15, 4, 5, 49],
    [30, 20, 8, 3, 39],
    [30, 13, 2, 4, 51],
    [26, 12, 7, 5, 50],
    [24, 13, 6, 6, 51],
    [20, 19, 5, 3, 53],
    [33, 18, 2, 4, 43],
    [32, 15, 5, 4, 44],
    [18, 22, 5, 7, 48],
    [22, 15, 6, 7, 50],
    [30, 17, 4, 8, 41],
    [28, 15, 5, 7, 45],
    [24, 18, 6, 4, 48],
    [29, 15, 8, 5, 43]
  ],
  "W": [
    [71, 29],
    [67, 33],
    [68, 32],
    [67, 33],
    [75, 25],
    [75, 25],
    [77, 23],
    [84, 16],
    [77, 23],
    [71, 29],
    [78, 22],
    [80, 20],
    [72, 28],
    [74, 26],
    [70, 30],
    [83, 17],
    [80, 20],
    [75, 25],
    [76, 24],
    [76, 24],
    [67, 33],
    [74, 26],
    [80, 20],
    [79, 21],
    [79, 21],
    [25, 75],
    [25, 75],
    [29, 71],
    [23, 77],
    [27, 73],
    [22, 78],
    [31, 69],
    [19, 81],
    [26, 74],
    [18, 82],
    [28, 72],
    [22, 78],
    [31, 69],
    [21, 79],
    [22, 78],
    [27, 73],
    [31, 69],
    [24, 76],
    [17, 83],
    [33, 67],
    [18, 82],
    [27, 73],
    [21, 79],
    [33, 67],
    [25, 75]
  ],
  "method": "mcmc",
  "mcmc_stepsize": 3000,
  "mcmc_samples": 1000,
  "burn_in": 10000,
  "cond_prob": [
    [
      [0.094800130971, 0.39599988436, 0.10442390186, 0.074704881764, 0.33007120104],
      [0.25066174831, 0.1339313176, 0.054686309238, 0.023998392923, 0.53672223193]
    ],
    [
      [0.13566749096, 0.45744983893, 0.036815256128, 0.051360809166, 0.31870660481],
      [0.33061448805, 0.13184426641, 0.01616296483, 0.016934114723, 0.50444416599]
    ],
    [
      [0.12361033957, 0.32716897784, 0.060843740499, 0.1401089007, 0.34826804139],
      [0.29982802842, 0.086015922085, 0.02695705144, 0.046018586014, 0.54118041204]
    ],
    [
      [0.092439342961, 0.33431857948, 0.12106584655, 0.11652334423, 0.33565288678],
      [0.23656254611, 0.10911076287, 0.057229947918, 0.036149573845, 0.56094716926]
    ],
    [
      [0.14906088556, 0.30803138655, 0.092891168897, 0.12125221396, 0.32876434504],
      [0.35281734333, 0.07590584035, 0.041326493308, 0.03624335813, 0.49370696488]
    ],
    [
      [0.20881086038, 0.25725888355, 0.10483454241, 0.094227905264, 0.33486780839],
      [0.41356741885, 0.068223349341, 0.045496372774, 0.037316284207, 0.43539657483]
    ],
    [
      [0.11180590584, 0.39883214446, 0.089752926252, 0.046315057449, 0.353293966],
      [0.27786718479, 0.099561951166, 0.047348899068, 0.018858285933, 0.55636367904]
    ],
    [
      [0.14216501409, 0.22428945625, 0.14225976419, 0.1347705104, 0.35651525507],
      [0.31613367603, 0.072480354675, 0.065636237979, 0.042454820423, 0.50329491089]
    ],
    [
      [0.1762614024, 0.2664734225, 0.092155219491, 0.11741593928, 0.34769401634],
      [0.36642921807, 0.064415063802, 0.039306439096, 0.041694464165, 0.48815481487]
    ],
    [
      [0.07814657558, 0.39568975932, 0.13737071308, 0.11258876418, 0.27620418784],
      [0.25695148737, 0.13469058926, 0.077471702451, 0.034696473911, 0.496189747]
    ],
    [
      [0.13584504759, 0.31008988274, 0.15668508857, 0.095482856517, 0.30189712459],
      [0.33654937674, 0.082408597548, 0.080843776897, 0.025106235986, 0.47509201283]
    ],
    [
      [0.11063877695, 0.39779187857, 0.065232661819, 0.080001716402, 0.34633496625],
      [0.25744489218, 0.10883248571, 0.039069352722, 0.029993134393, 0.56466013499]
    ],
    [
      [0.17356593245, 0.32951555547, 0.04830848265, 0.099016916143, 0.34959311329],
      [0.3751161737, 0.08124571451, 0.018635330328, 0.03109935849, 0.49390342298]
    ],
    [
      [0.14202522108, 0.27230527684, 0.079799296755, 0.10994344463, 0.39592676069],
      [0.32654360154, 0.071131135145, 0.042109693851, 0.033237888349, 0.52697768112]
    ],
    [
      [0.17786909442, 0.35955470637, 0.072310080347, 0.13638672092, 0.25387939794],
      [0.41830544635, 0.0943723518, 0.03127647919, 0.048430984527, 0.40761473813]
    ],
    [
      [0.12561981934, 0.39408378571, 0.127689136, 0.12342414533, 0.22918311361],
      [0.32785617615, 0.13476739916, 0.082458924226, 0.04445858456, 0.4104589159]
    ],
    [
      [0.1590051228, 0.3404608955, 0.077824816244, 0.11422720172, 0.30848196374],
      [0.36397950879, 0.088156418007, 0.038700735026, 0.043091193124, 0.46607214505]
    ],
    [
      [0.1037387684, 0.29237842084, 0.080940496008, 0.13231330711, 0.39062900764],
      [0.24878369481, 0.082864737471, 0.037178511976, 0.043060078659, 0.58811297708]
    ],
    [
      [0.13538630741, 0.31842631915, 0.10170112785, 0.10756863281, 0.33691761278],
      [0.32127669321, 0.074983322678, 0.052946428475, 0.034365996096, 0.51642755954]
    ],
    [
      [0.16027349346, 0.42137057661, 0.11365223857, 0.092432775702, 0.21227091566],
      [0.40913393736, 0.12399317407, 0.056767911201, 0.040629543612, 0.36947543375]
    ],
    [
      [0.14518320326, 0.31471881581, 0.096841429739, 0.14063356768, 0.30262298351],
      [0.34159773883, 0.088298161835, 0.045806794166, 0.04780457472, 0.47649273045]
    ],
    [
      [0.092058763573, 0.32903257971, 0.10205290678, 0.099378794307, 0.37747695564],
      [0.23798659599, 0.10198419622, 0.055695573019, 0.02484497005, 0.57948866473]
    ],
    [
      [0.0962350515, 0.31165234192, 0.1316662673, 0.19341567416, 0.26703066513],
      [0.265059794, 0.10339063233, 0.073334930801, 0.076337303377, 0.48187733949]
    ],
    [
      [0.10966431489, 0.38890332762, 0.088650416377, 0.12716083745, 0.28562110366],
      [0.3017390059, 0.10841129133, 0.047457957439, 0.045442563864, 0.49694918147]
    ],
    [
      [0.12447007299, 0.36608936809, 0.044845104146, 0.11484304938, 0.34975240539],
      [0.34127924922, 0.098997139093, 0.021773179639, 0.044161861852, 0.4937885702]
    ],
    [
      [0.13751679243, 0.24393744918, 0.072686184381, 0.16691094253, 0.37894863148],
      [0.31416106919, 0.065354183606, 0.029104605206, 0.051029685824, 0.54035045617]
    ],
    [
      [0.1037513595, 0.41126446913, 0.10057389644, 0.093053090045, 0.29135718489],
      [0.27208288017, 0.12957851029, 0.046475367853, 0.035648969985, 0.5162142717]
    ],
    [
      [0.14267740211, 0.328566761, 0.052215824879, 0.13220152536, 0.34433848666],
      [0.30792049773, 0.09114878776, 0.020925930683, 0.044593743164, 0.53541104066]
    ],
    [
      [0.12129249061, 0.32633889374, 0.11598888904, 0.13361095647, 0.30276877014],
      [0.30143211319, 0.097327343428, 0.056263059118, 0.050999324692, 0.49397815957]
    ],
    [
      [0.099858423803, 0.30358311668, 0.13693237678, 0.13151823965, 0.3281078431],
      [0.25073729531, 0.093195285612, 0.072641449685, 0.047246678487, 0.53617929091]
    ],
    [
      [0.11728173792, 0.38439370078, 0.036848529927, 0.12278720023, 0.33868883115],
      [0.28743335597, 0.10952998183, 0.015247850533, 0.04229078968, 0.54549802198]
    ],
    [
      [0.073114971483, 0.3612156779, 0.2126154528, 0.12174450199, 0.23130939583],
      [0.24251356354, 0.11307701428, 0.10737566613, 0.046752470121, 0.49028128593]
    ],
    [
      [0.13658001311, 0.33708227375, 0.13379691432, 0.1331949423, 0.25934585651],
      [0.35067876236, 0.10611650369, 0.067380970715, 0.055176495015, 0.42064726823]
    ],
