{
  "X": [
    [29, 71],
    [24, 76],
    [32, 68],
    [35, 65],
    [25, 75],
    [29, 71],
    [22, 78],
    [29, 71],
    [23, 77],
    [23, 77],
    [35, 65],
    [29, 71],
    [27, 73],
    [27, 73],
    [28, 72],
    [30, 70],
    [27, 73],
    [46, 54],
    [49, 51],
    [39, 61],
    [34, 66],
    [46, 54],
    [41, 59],
    [54, 46],
    [49, 51],
    [40, 60],
    [47, 53],
    [43, 57],
    [47, 53],
    [40, 60],
    [47, 53],
    [46, 54],
    [51, 49],
    [24, 76],
    [24, 76],
    [25, 75],
    [27, 73],
    [19, 81],
    [25, 75],
    [26, 74],
    [26, 74],
    [26, 74],
    [18, 82],
    [21, 79],
    [21, 79],
    [20, 80],
    [29, 71],
    [21, 79],
    [24, 76],
    [15, 85]
  ],
  "W": [
    [69, 17, 14],
    [74, 11, 15],
    [64, 19, 17],
    [64, 17, 19],
    [70, 15, 15],
    [69, 16, 15],
    [67, 11, 22],
    [72, 8, 20],
    [68, 14, 18],
    [72, 15, 13],
    [69, 16, 15],
    [61, 16, 23],
    [59, 22, 19],
    [65, 15, 20],
    [78, 13, 9],
    [69, 14, 17],
    [44, 35, 21],
    [18, 64, 18],
    [12, 74, 14],
    [23, 67, 10],
    [19, 67, 14],
    [17, 60, 23],
    [19, 69, 12],
    [14, 74, 12],
    [11, 76, 13],
    [15, 63, 22],
    [23, 62, 15],
    [21, 59, 20],
    [20, 65, 15],
    [14, 69, 17],
    [13, 70, 17],
    [11, 68, 21],
    [16, 71, 13],
    [13, 32, 55],
    [18, 14, 68],
    [15, 20, 65],
    [11, 21, 68],
    [14, 13, 73],
    [17, 17, 66],
    [18, 17, 65],
    [13, 16, 71],
    [21, 15, 64],
    [14, 17, 69],
    [14, 19, 67],
    [20, 19, 61],
    [12, 16, 72],
    [13, 24, 63],
    [16, 19, 65],
    [17, 22, 61],
    [21, 14, 65]
  ],
  "method": "mvn_pdf",
  "cond_prob": [
    [
      [0.24793593416, 0.75206406584],
      [0.57833216021, 0.42166783979],
      [0.13379917652, 0.86620082348]
    ],
    [
      [0.21875932302, 0.78124067698],
      [0.53806410389, 0.46193589611],
      [0.11603256337, 0.88396743663]
    ],
    [
      [0.27634858385, 0.72365141615],
      [0.61384528493, 0.38615471507],
      [0.15169572848, 0.84830427152]
    ],
    [
      [0.32183422669, 0.67816577331],
      [0.66413672682, 0.33586327318],
      [0.18167989918, 0.81832010082]
    ],
    [
      [0.21627714995, 0.78372285005],
      [0.53436743153, 0.46563256847],
      [0.11455826951, 0.88544173049]
    ],
    [
      [0.25245419615, 0.74754580385],
      [0.58424441611, 0.41575558389],
      [0.13659932328, 0.86340067672]
    ],
    [
      [0.20643197138, 0.79356802862],
      [0.5197744152, 0.4802255848],
      [0.10870178687, 0.89129821313]
    ],
    [
      [0.28861514927, 0.71138485073],
      [0.62835301585, 0.37164698415],
      [0.15957263501, 0.84042736499]
    ],
    [
      [0.20349311435, 0.79650688565],
      [0.51514104327, 0.48485895673],
      [0.10698688434, 0.89301311566]
    ],
    [
      [0.19660589026, 0.80339410974],
      [0.50425272113, 0.49574727887],
      [0.10296980019, 0.89703019981]
    ],
    [
      [0.31935417313, 0.68064582687],
      [0.6615314131, 0.3384685869],
      [0.18001324272, 0.81998675728]
    ],
    [
      [0.26240544691, 0.73759455309],
      [0.59701237624, 0.40298762376],
      [0.14280717785, 0.85719282215]
    ],
    [
      [0.21809445292, 0.78190554708],
      [0.53700197529, 0.46299802471],
      [0.11564708611, 0.88435291389]
    ],
    [
      [0.24102577593, 0.75897422407],
      [0.56928429607, 0.43071570393],
      [0.12951784655, 0.87048215345]
    ],
    [
      [0.24529412087, 0.75470587913],
      [0.57482344943, 0.42517655057],
      [0.13217015488, 0.86782984512]
    ],
    [
      [0.27274116558, 0.72725883442],
      [0.60960164028, 0.39039835972],
      [0.14937436764, 0.85062563236]
    ],
    [
      [0.1850094075, 0.8149905925],
      [0.4852745523, 0.5147254477],
      [0.096273342608, 0.90372665739]
    ],
    [
      [0.26740845486, 0.73259154514],
      [0.60250266006, 0.39749733994],
      [0.14609844694, 0.85390155306]
    ],
    [
      [0.26024309497, 0.73975690503],
      [0.59345448037, 0.40654551963],
      [0.14159794552, 0.85840205448]
    ],
    [
      [0.1943726371, 0.8056273629],
      [0.50004489552, 0.49995510448],
      [0.10173995735, 0.89826004265]
    ],
    [
      [0.16263594466, 0.83736405534],
      [0.44592678299, 0.55407321701],
      [0.083609348622, 0.91639065138]
    ],
    [
      [0.28643815752, 0.71356184248],
      [0.62520765582, 0.37479234418],
      [0.15829587382, 0.84170412618]
    ],
    [
      [0.20598324218, 0.79401675782],
      [0.51822402521, 0.48177597479],
      [0.10853989967, 0.89146010033]
    ],
    [
      [0.30420035146, 0.69579964854],
      [0.64476158603, 0.35523841397],
      [0.17003102436, 0.82996897564]
    ],
    [
      [0.25348530424, 0.74651469576],
      [0.584829921, 0.415170079],
      [0.13736782453, 0.86263217547]
    ],
    [
      [0.22097796344, 0.77902203656],
      [0.54072650835, 0.45927349165],
      [0.11743571383, 0.88256428617]
    ],
    [
      [0.27973769017, 0.72026230983],
      [0.61728967454, 0.38271032546],
      [0.15398672572, 0.84601327428]
    ],
    [
      [0.25702826725, 0.74297173275],
      [0.58962812391, 0.41037187609],
      [0.13953756303, 0.86046243697]
    ],
    [
      [0.27025124334, 0.72974875666],
      [0.60592241348, 0.39407758652],
      [0.14791517216, 0.85208482784]
    ],
    [
      [0.20203910495, 0.79796089505],
      [0.51220001044, 0.48779998956],
      [0.10621263418, 0.89378736582]
    ],
    [
      [0.25730868713, 0.74269131287],
      [0.58982536122, 0.41017463878],
      [0.13974101485, 0.86025898515]
    ],
    [
      [0.25845718776, 0.74154281224],
      [0.5913520759, 0.4086479241],
      [0.14044905504, 0.85955094496]
    ],
    [
      [0.28655197772, 0.71344802228],
      [0.62509323552, 0.37490676448],
      [0.15842172198, 0.84157827802]
    ],
    [
      [0.19323999319, 0.80676000681],
      [0.49936687068, 0.50063312932],
      [0.10096039372, 0.89903960628]
    ],
    [
      [0.2761122772, 0.7238877228],
      [0.6147354445, 0.3852645555],
      [0.15131347697, 0.84868652303]
    ],
    [
      [0.2581017688, 0.7418982312],
      [0.59241963597, 0.40758036403],
      [0.13996069645, 0.86003930355]
    ],
    [
      [0.28504327456, 0.71495672544],
      [0.62504763107, 0.37495236893],
      [0.15708794972, 0.84291205028]
    ],
    [
      [0.22223954541, 0.77776045459],
      [0.54435190601, 0.45564809399],
      [0.11795041265, 0.88204958735]
    ],
    [
      [0.27271446534, 0.72728553466],
      [0.61054903369, 0.38945096631],
      [0.14916857565, 0.85083142435]
    ],
    [
      [0.28462395823, 0.71537604177],
      [0.62457370039, 0.37542629961],
      [0.15681465617, 0.84318534383]
    ],
    [
      [0.30045898882, 0.69954101118],
      [0.64258962906, 0.35741037094],
      [0.16710982426, 0.83289017574]
    ],
    [
      [0.29224338786, 0.70775661214],
      [0.63329095644, 0.36670904356],
      [0.1617588075, 0.8382411925]
    ],
    [
      [0.19195454457, 0.80804545543],
      [0.49790006698, 0.50209993302],
      [0.10015211794, 0.89984788206]
    ],
    [
      [0.21615712308, 0.78384287692],
      [0.5351889504, 0.4648110496],
      [0.11435864782, 0.88564135218]
    ],
    [
      [0.20948680356, 0.79051319644],
      [0.52508401318, 0.47491598682],
      [0.11042351607, 0.88957648393]
    ],
    [
      [0.22156184471, 0.77843815529],
      [0.54327505112, 0.45672494888],
      [0.11755789995, 0.88244210005]
    ],
    [
      [0.28976338363, 0.71023661637],
      [0.63027055442, 0.36972944558],
      [0.16018899202, 0.83981100798]
    ],
    [
      [0.21387492244, 0.78612507756],
      [0.53176010148, 0.46823989852],
      [0.11300896887, 0.88699103113]
    ],
    [
      [0.23252734963, 0.76747265037],
      [0.55838920742, 0.44161079258],
      [0.12422365888, 0.87577634112]
    ],
    [
      [0.16738104736, 0.83261895264],
      [0.45607015326, 0.54392984674],
      [0.086144800695, 0.91385519931]
    ]
  ],