{
  "X": [
    [56, 44],
    [54, 46],
    [56, 44],
    [51, 49],
    [47, 53],
    [54, 46],
    [65, 35],
    [55, 45],
    [60, 40],
    [73, 27],
    [60, 40],
    [48, 52],
    [53, 47],
    [62, 38],
    [55, 45],
    [58, 42],
    [61, 39],
    [31, 69],
    [37, 63],
    [30, 70],
    [33, 67],
    [31, 69],
    [30, 70],
    [31, 69],
    [35, 65],
    [32, 68],
    [27, 73],
    [31, 69],
    [26, 74],
    [38, 62],
    [26, 74],
    [31, 69],
    [33, 67],
    [16, 84],
    [28, 72],
    [19, 81],
    [15, 85],
    [24, 76],
    [22, 78],
    [22, 78],
    [25, 75],
    [22, 78],
    [32, 68],
    [12, 88],
    [25, 75],
    [20, 80],
    [23, 77],
    [20, 80],
    [18, 82],
    [14, 86]
  ],
  "W": [
    [65, 21, 14],
    [65, 20, 15],
    [69, 18, 13],
    [61, 18, 21],
    [59, 24, 17],
    [67, 17, 16],
    [74, 14, 12],
    [59, 21, 20],
    [68, 16, 16],
    [78, 13, 9],
    [67, 13, 20],
    [58, 19, 23],
    [65, 19, 16],
    [68, 14, 18],
    [71, 14, 15],
    [61, 21, 18],
    [57, 30, 13],
    [18, 69, 13],
    [21, 60, 19],
    [16, 67, 17],
    [22, 65, 13],
    [19, 67, 14],
    [20, 63, 17],
    [13, 75, 12],
    [14, 74, 12],
    [26, 63, 11],
    [18, 61, 21],
    [16, 66, 18],
    [16, 69, 15],
    [13, 71, 16],
    [11, 73, 16],
    [19, 60, 21],
    [22, 64, 14],
    [13, 34, 53],
    [19, 22, 59],
    [13, 17, 70],
    [14, 13, 73],
    [16, 12, 72],
    [12, 18, 70],
    [17, 18, 65],
    [23, 17, 60],
    [15, 19, 66],
    [21, 17, 62],
    [10, 14, 76],
    [21, 14, 65],
    [15, 20, 65],
    [20, 8, 72],
    [13, 15, 72],
    [13, 12, 75],
    [16, 18, 66]
  ],
  "method": "mvn_pdf",
  "cond_prob": [
    [
      [0.77495321811, 0.22504678189],
      [0.23087952727, 0.76912047273],
      [0.063145731257, 0.93685426874]
    ],
    [
      [0.75378490431, 0.24621509569],
      [0.21059816474, 0.78940183526],
      [0.056560354516, 0.94343964548]
    ],
    [
      [0.74816239915, 0.25183760085],
      [0.20570487588, 0.79429512412],
      [0.05501447169, 0.94498552831]
    ],
    [
      [0.75503866042, 0.24496133958],
      [0.21146625698, 0.78853374302],
      [0.056813682629, 0.94318631737]
    ],
    [
      [0.70992800526, 0.29007199474],
      [0.17570060366, 0.82429939634],
      [0.045782182608, 0.95421781739]
    ],
    [
      [0.74249756875, 0.25750243125],
      [0.20074704096, 0.79925295904],
      [0.053446003484, 0.94655399652]
    ],
    [
      [0.81430024389, 0.18569975611],
      [0.2766413483, 0.7233586517],
      [0.078950947492, 0.92104905251]
    ],
    [
      [0.81046161821, 0.18953838179],
      [0.27129121154, 0.72870878846],
      [0.076988917186, 0.92301108281]
    ],
    [
      [0.80436219561, 0.19563780439],
      [0.26375708033, 0.73624291967],
      [0.074341230441, 0.92565876956]
    ],
    [
      [0.85878032141, 0.14121967859],
      [0.34677547858, 0.65322452142],
      [0.1061232722, 0.8938767278]
    ],
    [
      [0.81777235682, 0.18222764318],
      [0.28090031209, 0.71909968791],
      [0.080439832637, 0.91956016736]
    ],
    [
      [0.74137528055, 0.25862471945],
      [0.19953358145, 0.80046641855],
      [0.053044170544, 0.94695582946]
    ],
    [
      [0.74350500182, 0.25649499818],
      [0.20160649397, 0.79839350603],
      [0.053715989458, 0.94628401054]
    ],
    [
      [0.82796550827, 0.17203449173],
      [0.29536999604, 0.70463000396],
      [0.085787270798, 0.9142127292]
    ],
    [
      [0.72593954841, 0.27406045159],
      [0.18748376415, 0.81251623585],
      [0.049347057348, 0.95065294265]
    ],
    [
      [0.82544912553, 0.17455087447],
      [0.29177315804, 0.70822684196],
      [0.084454405097, 0.9155455949]
    ],
    [
      [0.85942089728, 0.14057910272],
      [0.34789389285, 0.65210610715],
      [0.10657345723, 0.89342654277]
    ],
    [
      [0.77621263253, 0.22378736747],
      [0.23247052676, 0.76752947324],
      [0.063703591893, 0.93629640811]
    ],
    [
      [0.8304034081, 0.1695965919],
      [0.29923685573, 0.70076314427],
      [0.087277896394, 0.91272210361]
    ],
    [
      [0.7843822748, 0.2156177252],
      [0.24092078386, 0.75907921614],
      [0.066511600511, 0.93348839949]
    ],
    [
      [0.77460177978, 0.22539822022],
      [0.23080191763, 0.76919808237],
      [0.063148611182, 0.93685138882]
    ],
    [
      [0.7723006155, 0.2276993845],
      [0.22844937396, 0.77155062604],
      [0.062369350017, 0.93763064998]
    ],
    [
      [0.76075767958, 0.23924232042],
      [0.21713562142, 0.78286437858],
      [0.058669415642, 0.94133058436]
    ],
    [
      [0.8013374404, 0.1986625596],
      [0.26058035934, 0.73941964066],
      [0.073290643943, 0.92670935606]
    ],
    [
      [0.83237193324, 0.16762806676],
      [0.30260119295, 0.69739880705],
      [0.088611645635, 0.91138835437]
    ],
    [
      [0.73577401325, 0.26422598675],
      [0.19560781557, 0.80439218443],
      [0.051878055419, 0.94812194458]
    ],
    [
      [0.7454789546, 0.2545210454],
      [0.20331521719, 0.79668478281],
      [0.054254900648, 0.94574509935]
    ],
    [
      [0.79663846777, 0.20336153223],
      [0.25468133459, 0.74531866541],
      [0.071203177069, 0.92879682293]
    ],
    [
      [0.73570129556, 0.26429870444],
      [0.1954425655, 0.8045574345],
      [0.051818227818, 0.94818177218]
    ],
    [
      [0.86690371304, 0.13309628696],
      [0.36255311844, 0.63744688156],
      [0.11280165511, 0.88719834489]
    ],
    [
      [0.76843209909, 0.23156790091],
      [0.22457022623, 0.77542977377],
      [0.06109204423, 0.93890795577]
    ],
    [
      [0.78546359766, 0.21453640234],
      [0.24188525698, 0.75811474302],
      [0.066814067063, 0.93318593294]
    ],
    [
      [0.77642633247, 0.22357366753],
      [0.23262597007, 0.76737402993],
      [0.063748549169, 0.93625145083]
    ],
    [
      [0.68575467566, 0.31424532434],
      [0.15819851481, 0.84180148519],
      [0.040536576653, 0.95946342335]
    ],
    [
      [0.83821820554, 0.16178179446],
      [0.30803435106, 0.69196564894],
      [0.090135872846, 0.90986412715]
    ],
    [
      [0.78498970901, 0.21501029099],
      [0.23754123467, 0.76245876533],
      [0.06495392427, 0.93504607573]
    ],
    [
      [0.70342974022, 0.29657025978],
      [0.16791651327, 0.83208348673],
      [0.043260896149, 0.95673910385]
    ],
    [
      [0.84482280045, 0.15517719955],
      [0.31697493385, 0.68302506615],
      [0.093295841055, 0.90670415894]
    ],
    [
      [0.84032790244, 0.15967209756],
      [0.31005122328, 0.68994877672],
      [0.09070148904, 0.90929851096]
    ],
    [
      [0.78432639864, 0.21567360136],
      [0.23737043832, 0.76262956168],
      [0.064953844083, 0.93504615592]
    ],
    [
      [0.7662576727, 0.2337423273],
      [0.2195130164, 0.7804869836],
      [0.05916999184, 0.94083000816]
    ],
    [
      [0.80453640497, 0.19546359503],
      [0.26045298207, 0.73954701793],
      [0.07276332721, 0.92723667279]
    ],
    [
      [0.87946445794, 0.12053554206],
      [0.38501037303, 0.61498962697],
      [0.12178886181, 0.87821113819]
    ],
    [
      [0.6929205501, 0.3070794499],
      [0.16078275038, 0.83921724962],
      [0.041171609925, 0.95882839007]
    ],
    [
      [0.79817381948, 0.20182618052],
      [0.25284904637, 0.74715095363],
      [0.07015395746, 0.92984604254]
    ],
    [
      [0.76863767941, 0.23136232059],
      [0.22139538658, 0.77860461342],
      [0.059736565036, 0.94026343496]
    ],
    [
      [0.79559091279, 0.20440908721],
      [0.24895430913, 0.75104569087],
      [0.068730970524, 0.93126902948]
    ],
    [
      [0.80830636434, 0.19169363566],
      [0.26437368135, 0.73562631865],
      [0.074032687375, 0.92596731262]
    ],
    [
      [0.78295289145, 0.21704710855],
      [0.23469544106, 0.76530455894],
      [0.063945180547, 0.93605481945]
    ],
    [
      [0.63868441347, 0.36131558653],
      [0.1312262134, 0.8687737866],
      [0.032877936649, 0.96712206335]
    ]
  ],