{
  "X": [
    [62, 38],
    [58, 42],
    [66, 34],
    [70, 30],
    [63, 37],
    [61, 39],
    [62, 38],
    [65, 35],
    [61, 39],
    [63, 37],
    [61, 39],
    [65, 35],
    [58, 42],
    [50, 50],
    [59, 41],
    [58, 42],
    [50, 50],
    [26, 74],
    [24, 76],
    [32, 68],
    [30, 70],
    [26, 74],
    [31, 69],
    [20, 80],
    [33, 67],
    [29, 71],
    [25, 75],
    [20, 80],
    [29, 71],
    [33, 67],
    [27, 73],
    [35, 65],
    [31, 69],
    [44, 56],
    [48, 52],
    [57, 43],
    [57, 43],
    [58, 42],
    [50, 50],
    [48, 52],
    [55, 45],
    [53, 47],
    [54, 46],
    [65, 35],
    [61, 39],
    [54, 46],
    [61, 39],
    [56, 44],
    [56, 44],
    [62, 38]
  ],
  "W": [
    [75, 13, 12],
    [68, 17, 15],
    [63, 20, 17],
    [74, 17, 9],
    [65, 16, 19],
    [68, 13, 19],
    [61, 12, 27],
    [66, 23, 11],
    [68, 13, 19],
    [69, 14, 17],
    [74, 12, 14],
    [69, 11, 20],
    [58, 21, 21],
    [64, 19, 17],
    [60, 15, 25],
    [68, 17, 15],
    [47, 34, 19],
    [13, 71, 16],
    [18, 65, 17],
    [18, 68, 14],
    [10, 68, 22],
    [21, 66, 13],
    [14, 63, 23],
    [14, 74, 12],
    [18, 63, 19],
    [17, 68, 15],
    [16, 64, 20],
    [13, 77, 10],
    [14, 71, 15],
    [22, 56, 22],
    [16, 70, 14],
    [13, 70, 17],
    [18, 61, 21],
    [18, 32, 50],
    [12, 16, 72],
    [20, 14, 66],
    [20, 16, 64],
    [21, 16, 63],
    [14, 20, 66],
    [25, 17, 58],
    [20, 16, 64],
    [17, 23, 60],
    [8, 27, 65],
    [22, 8, 70],
    [15, 13, 72],
    [18, 16, 66],
    [16, 19, 65],
    [14, 17, 69],
    [16, 18, 66],
    [19, 17, 64]
  ],
  "method": "mvn_pdf",
  "cond_prob": [
    [
      [0.71579447144, 0.28420552856],
      [0.084780467452, 0.91521953255],
      [0.61365536681, 0.38634463319]
    ],
    [
      [0.70235694083, 0.29764305917],
      [0.0798429079, 0.9201570921],
      [0.5980443395, 0.4019556605]
    ],
    [
      [0.80561257239, 0.19438742761],
      [0.13177877131, 0.86822122869],
      [0.72343424866, 0.27656575134]
    ],
    [
      [0.81653890963, 0.18346109037],
      [0.14011555773, 0.85988444227],
      [0.7375046541, 0.2624953459]
    ],
    [
      [0.75378564878, 0.24621435122],
      [0.10108341575, 0.89891658425],
      [0.65887036967, 0.34112963033]
    ],
    [
      [0.71259707579, 0.28740292421],
      [0.08361420853, 0.91638579147],
      [0.60994527129, 0.39005472871]
    ],
    [
      [0.72510667219, 0.27489332781],
      [0.088507434827, 0.91149256517],
      [0.62462233849, 0.37537766151]
    ],
    [
      [0.81058373547, 0.18941626453],
      [0.13532479387, 0.86467520613],
      [0.72978576592, 0.27021423408]
    ],
    [
      [0.71259707579, 0.28740292421],
      [0.08361420853, 0.91638579147],
      [0.60994527129, 0.39005472871]
    ],
    [
      [0.73858853622, 0.26141146378],
      [0.094086662826, 0.90591333717],
      [0.64058243853, 0.35941756147]
    ],
    [
      [0.70000061924, 0.29999938076],
      [0.079095277456, 0.92090472254],
      [0.59537181688, 0.40462818312]
    ],
    [
      [0.74228372286, 0.25771627714],
      [0.095797794573, 0.90420220543],
      [0.64503345922, 0.35496654078]
    ],
    [
      [0.7372850202, 0.2627149798],
      [0.093412495575, 0.90658750442],
      [0.63898221608, 0.36101778392]
    ],
    [
      [0.62116294985, 0.37883705015],
      [0.056970554195, 0.94302944581],
      [0.50812296666, 0.49187703334]
    ],
    [
      [0.71109382545, 0.28890617455],
      [0.083055997592, 0.91694400241],
      [0.60819610526, 0.39180389474]
    ],
    [
      [0.70235694083, 0.29764305917],
      [0.0798429079, 0.9201570921],
      [0.5980443395, 0.4019556605]
    ],
    [
      [0.7389160835, 0.2610839165],
      [0.09384179398, 0.90615820602],
      [0.64081279133, 0.35918720867]
    ],
    [
      [0.73020238938, 0.26979761062],
      [0.089027791947, 0.91097220805],
      [0.62994062639, 0.37005937361]
    ],
    [
      [0.6337879056, 0.3662120944],
      [0.059194025839, 0.94080597416],
      [0.52099425089, 0.47900574911]
    ],
    [
      [0.78764280425, 0.21235719575],
      [0.11793085745, 0.88206914255],
      [0.7001837947, 0.2998162053]
    ],
    [
      [0.76989089003, 0.23010910997],
      [0.10782652964, 0.89217347036],
      [0.67808008266, 0.32191991734]
    ],
    [
      [0.67222484582, 0.32777515418],
      [0.069229681895, 0.9307703181],
      [0.56318271992, 0.43681728008]
    ],
    [
      [0.73894700908, 0.26105299092],
      [0.093080870816, 0.90691912918],
      [0.64052608909, 0.35947391091]
    ],
    [
      [0.64778921017, 0.35221078983],
      [0.062368498035, 0.93763150196],
      [0.5359685357, 0.4640314643]
    ],
    [
      [0.76199929045, 0.23800070955],
      [0.10386625057, 0.89613374943],
      [0.66842553011, 0.33157446989]
    ],
    [
      [0.74567004315, 0.25432995685],
      [0.095780007994, 0.90421999201],
      [0.64848661429, 0.35151338571]
    ],
    [
      [0.64716577323, 0.35283422677],
      [0.062529043743, 0.93747095626],
      [0.53554967863, 0.46445032137]
    ],
    [
      [0.67880562203, 0.32119437797],
      [0.070793297342, 0.92920670266],
      [0.57032130868, 0.42967869132]
    ],
    [
      [0.77494671404, 0.22505328596],
      [0.11035255162, 0.88964744838],
      [0.68426824543, 0.31573175457]
    ],
    [
      [0.7016963451, 0.2983036549],
      [0.078881481105, 0.9211185189],
      [0.5968747391, 0.4031252609]
    ],
    [
      [0.73289749737, 0.26710250263],
      [0.090151390647, 0.90984860935],
      [0.63315002566, 0.36684997434]
    ],
    [
      [0.84387039922, 0.15612960078],
      [0.16251942618, 0.83748057382],
      [0.77307166103, 0.22692833897]
    ],
    [
      [0.71711310831, 0.28288689169],
      [0.084290739368, 0.91570926063],
      [0.61470273755, 0.38529726245]
    ],
    [
      [0.68960671597, 0.31039328403],
      [0.075492400811, 0.92450759919],
      [0.58341076251, 0.41658923749]
    ],
    [
      [0.6513577544, 0.3486422456],
      [0.064575812362, 0.93542418764],
      [0.54090362611, 0.45909637389]
    ],
    [
      [0.72647518525, 0.27352481475],
      [0.089212436175, 0.91078756382],
      [0.62630561384, 0.37369438616]
    ],
    [
      [0.73698909707, 0.26301090293],
      [0.093597195182, 0.90640280482],
      [0.6387604868, 0.3612395132]
    ],
    [
      [0.7456601311, 0.2543398689],
      [0.097477394974, 0.90252260503],
      [0.64914454869, 0.35085545131]
    ],
    [
      [0.69299151813, 0.30700848187],
      [0.076838691156, 0.92316130884],
      [0.58740948328, 0.41259051672]
    ],
    [
      [0.64012363166, 0.35987636834],
      [0.061636048819, 0.93836395118],
      [0.52862097618, 0.47137902382]
    ],
    [
      [0.71715324059, 0.28284675941],
      [0.08549576636, 0.91450423364],
      [0.61534048988, 0.38465951012]
    ],
    [
      [0.73797282352, 0.26202717648],
      [0.093894745396, 0.9061052546],
      [0.63987937038, 0.36012062962]
    ],
    [
      [0.77746505385, 0.22253494615],
      [0.11372363604, 0.88627636396],
      [0.68797512674, 0.31202487326]
    ],
    [
      [0.76746607611, 0.23253392389],
      [0.10851519538, 0.89148480462],
      [0.67572673636, 0.32427326364]
    ],
    [
      [0.7629267904, 0.2370732096],
      [0.10603807639, 0.89396192361],
      [0.67013366892, 0.32986633108]
    ],
    [
      [0.70901315503, 0.29098684497],
      [0.082460913698, 0.9175390863],
      [0.60586801237, 0.39413198763]
    ],
    [
      [0.79182546311, 0.20817453689],
      [0.12269782957, 0.87730217043],
      [0.70600335358, 0.29399664642]
    ],
    [
      [0.7382084122, 0.2617915878],
      [0.09413871094, 0.90586128906],
      [0.6402190601, 0.3597809399]
    ],
    [
      [0.74160966349, 0.25839033651],
      [0.095617875159, 0.90438212484],
      [0.64427491946, 0.35572508054]
    ],
    [
      [0.78818156164, 0.21181843836],
      [0.12040044921, 0.87959955079],
      [0.70142425536, 0.29857574464]
    ]
  ],