{
  "X": [
    [78, 22],
    [74, 26],
    [71, 29],
    [74, 26],
    [82, 18],
    [73, 27],
    [84, 16],
    [73, 27],
    [72, 28],
    [79, 21],
    [75, 25],
    [79, 21],
    [75, 25],
    [79, 21],
    [74, 26],
    [78, 22],
    [73, 27],
    [70, 30],
    [72, 28],
    [70, 30],
    [70, 30],
    [68, 32],
    [67, 33],
    [67, 33],
    [73, 27],
    [73, 27],
    [69, 31],
    [63, 37],
    [69, 31],
    [72, 28],
    [73, 27],
    [73, 27],
    [72, 28],
    [73, 27],
    [63, 37],
    [67, 33],
    [55, 45],
    [69, 31],
    [70, 30],
    [70, 30],
    [63, 37],
    [64, 36],
    [63, 37],
    [58, 42],
    [56, 44],
    [70, 30],
    [61, 39],
    [64, 36],
    [65, 35],
    [69, 31]
  ],
  "W": [
    [66, 16, 18],
    [66, 13, 21],
    [65, 19, 16],
    [64, 18, 18],
    [62, 16, 22],
    [74, 18, 8],
    [72, 20, 8],
    [66, 20, 14],
    [68, 22, 10],
    [71, 16, 13],
    [63, 17, 20],
    [70, 16, 14],
    [67, 21, 12],
    [71, 18, 11],
    [58, 15, 27],
    [61, 19, 20],
    [59, 29, 12],
    [16, 58, 26],
    [9, 72, 19],
    [20, 66, 14],
    [21, 60, 19],
    [13, 69, 18],
    [20, 58, 22],
    [22, 57, 21],
    [19, 67, 14],
    [18, 68, 14],
    [15, 68, 17],
    [6, 80, 14],
    [13, 67, 20],
    [16, 67, 17],
    [18, 72, 10],
    [12, 69, 19],
    [20, 65, 15],
    [23, 31, 46],
    [20, 18, 62],
    [11, 19, 70],
    [15, 11, 74],
    [19, 25, 56],
    [19, 8, 73],
    [16, 21, 63],
    [14, 16, 70],
    [23, 9, 68],
    [15, 15, 70],
    [20, 12, 68],
    [12, 22, 66],
    [16, 16, 68],
    [9, 20, 71],
    [21, 12, 67],
    [13, 19, 68],
    [20, 17, 63]
  ],
  "method": "mvn_pdf",
  "cond_prob": [
    [
      [0.83533962971, 0.16466037029],
      [0.73285494029, 0.26714505971],
      [0.61899474413, 0.38100525587]
    ],
    [
      [0.8045458727, 0.1954541273],
      [0.68991906694, 0.31008093306],
      [0.56814402532, 0.43185597468]
    ],
    [
      [0.77552044286, 0.22447955714],
      [0.6463419081, 0.3536580919],
      [0.51941718502, 0.48058281498]
    ],
    [
      [0.80340393445, 0.19659606555],
      [0.68812217555, 0.31187782445],
      [0.56644161308, 0.43355838692]
    ],
    [
      [0.87724605438, 0.12275394562],
      [0.78505389405, 0.21494610595],
      [0.68408556016, 0.31591443984]
    ],
    [
      [0.77396521918, 0.22603478082],
      [0.64405442149, 0.35594557851],
      [0.51669927426, 0.48330072574]
    ],
    [
      [0.87417796762, 0.12582203238],
      [0.78162786186, 0.21837213814],
      [0.67832863675, 0.32167136325]
    ],
    [
      [0.7889679249, 0.2110320751],
      [0.66679957059, 0.33320042941],
      [0.54229468179, 0.45770531821]
    ],
    [
      [0.77425450809, 0.22574549191],
      [0.64450768684, 0.35549231316],
      [0.51715243396, 0.48284756604]
    ],
    [
      [0.8345781111, 0.1654218889],
      [0.73192730353, 0.26807269647],
      [0.61800901965, 0.38199098035]
    ],
    [
      [0.8146837462, 0.1853162538],
      [0.70431673398, 0.29568326602],
      [0.5850769756, 0.4149230244]
    ],
    [
      [0.83649052166, 0.16350947834],
      [0.73445603665, 0.26554396335],
      [0.62102620697, 0.37897379303]
    ],
    [
      [0.80271741393, 0.19728258607],
      [0.68714019684, 0.31285980316],
      [0.5656657611, 0.4343342389]
    ],
    [
      [0.8325554332, 0.1674445668],
      [0.72916930078, 0.27083069922],
      [0.61486516623, 0.38513483377]
    ],
    [
      [0.81797293432, 0.18202706568],
      [0.70875855236, 0.29124144764],
      [0.58985894533, 0.41014105467]
    ],
    [
      [0.8416477352, 0.1583522648],
      [0.74103776999, 0.25896223001],
      [0.62898852616, 0.37101147384]
    ],
    [
      [0.79400890855, 0.20599109145],
      [0.67392344518, 0.32607655482],
      [0.55080787379, 0.44919212621]
    ],
    [
      [0.82381931155, 0.17618068845],
      [0.71226149952, 0.28773850048],
      [0.59645092474, 0.40354907526]
    ],
    [
      [0.83747005211, 0.16252994789],
      [0.73181151666, 0.26818848334],
      [0.61959685954, 0.38040314046]
    ],
    [
      [0.81014248721, 0.18985751279],
      [0.69320380877, 0.30679619123],
      [0.57469277695, 0.42530722305]
    ],
    [
      [0.81362611898, 0.18637388102],
      [0.69814322186, 0.30185677814],
      [0.58027674683, 0.41972325317]
    ],
    [
      [0.80502386995, 0.19497613005],
      [0.68616836554, 0.31383163446],
      [0.56605958159, 0.43394041841]
    ],
    [
      [0.79448467276, 0.20551532724],
      [0.67266709717, 0.32733290283],
      [0.54980067769, 0.45019932231]
    ],
    [
      [0.7915988969, 0.2084011031],
      [0.66896841481, 0.33103158519],
      [0.54541069638, 0.45458930362]
    ],
    [
      [0.83295777231, 0.16704222769],
      [0.72536977251, 0.27463022749],
      [0.61243054059, 0.38756945941]
    ],
    [
      [0.83374399805, 0.16625600195],
      [0.72648132134, 0.27351867866],
      [0.61370558457, 0.38629441543]
    ],
    [
      [0.8098252177, 0.1901747823],
      [0.69261580672, 0.30738419328],
      [0.57380863986, 0.42619136014]
    ],
    [
      [0.76792998012, 0.23207001988],
      [0.64047756806, 0.35952243194],
      [0.51101533391, 0.48898466609]
    ],
    [
      [0.81420141773, 0.18579858227],
      [0.69853716756, 0.30146283244],
      [0.58066956715, 0.41933043285]
    ],
    [
      [0.83067159722, 0.16932840278],
      [0.72191645001, 0.27808354999],
      [0.60828542906, 0.39171457094]
    ],
    [
      [0.83056186655, 0.16943813345],
      [0.72175085691, 0.27824914309],
      [0.60838247045, 0.39161752955]
    ],
    [
      [0.84196310248, 0.15803689752],
      [0.73873306197, 0.26126693803],
      [0.6275716576, 0.3724283424]
    ],
    [
      [0.8257978953, 0.1742021047],
      [0.71504561391, 0.28495438609],
      [0.60040514599, 0.39959485401]
    ],
    [
      [0.85409311179, 0.14590688821],
      [0.75749043988, 0.24250956012],
      [0.6494272781, 0.3505727219]
    ],
    [
      [0.80115362902, 0.19884637098],
      [0.68254510182, 0.31745489818],
      [0.55953412237, 0.44046587763]
    ],
    [
      [0.84070272182, 0.15929727818],
      [0.73794692186, 0.26205307814],
      [0.62473255064, 0.37526744936]
    ],
    [
      [0.75626052173, 0.24373947827],
      [0.6227808377, 0.3772191623],
      [0.49737166161, 0.50262833839]
    ],
    [
      [0.83800423278, 0.16199576722],
      [0.73411882296, 0.26588117704],
      [0.62008837506, 0.37991162494]
    ],
    [
      [0.85575352541, 0.14424647459],
      [0.75984040544, 0.24015959456],
      [0.65290355854, 0.34709644146]
    ],
    [
      [0.85105386704, 0.14894613296],
      [0.7530774828, 0.2469225172],
      [0.64394461887, 0.35605538113]
    ],
    [
      [0.81290843039, 0.18709156961],
      [0.69866081106, 0.30133918894],
      [0.57772441425, 0.42227558575]
    ],
    [
      [0.81089585488, 0.18910414512],
      [0.69628357959, 0.30371642041],
      [0.57474769296, 0.42525230704]
    ],
    [
      [0.81211464906, 0.18788535094],
      [0.69760633024, 0.30239366976],
      [0.57648836158, 0.42351163842]
    ],
    [
      [0.76911837079, 0.23088162921],
      [0.63926003575, 0.36073996425],
      [0.5139192964, 0.4860807036]
    ],
    [
      [0.75915462964, 0.24084537036],
      [0.62719808891, 0.37280191109],
      [0.50139070437, 0.49860929563]
    ],
    [
      [0.8542713194, 0.1457286806],
      [0.75777433671, 0.24222566329],
      [0.65010690444, 0.34989309556]
    ],
    [
      [0.80405618937, 0.19594381063],
      [0.68628491852, 0.31371508148],
      [0.56391261867, 0.43608738133]
    ],
    [
      [0.81168302204, 0.18831697796],
      [0.69726818971, 0.30273181029],
      [0.57593191434, 0.42406808566]
    ],
    [
      [0.82537149829, 0.17462850171],
      [0.71603330864, 0.28396669136],
      [0.59802261262, 0.40197738738]
    ],
    [
      [0.84239929727, 0.15760070273],
      [0.74062136891, 0.25937863109],
      [0.62795953624, 0.37204046376]
    ]
  ],