{
  "X": [
    [78, 22],
    [78, 22],
    [84, 16],
    [83, 17],
    [77, 23],
    [86, 14],
    [78, 22],
    [85, 15],
    [82, 18],
    [82, 18],
    [85, 15],
    [88, 12],
    [82, 18],
    [79, 21],
    [78, 22],
    [78, 22],
    [79, 21],
    [66, 34],
    [69, 31],
    [61, 39],
    [62, 38],
    [57, 43],
    [66, 34],
    [62, 38],
    [57, 43],
    [63, 37],
    [72, 28],
    [57, 43],
    [55, 45],
    [52, 48],
    [61, 39],
    [56, 44],
    [56, 44],
    [69, 31],
    [76, 24],
    [71, 29],
    [74, 26],
    [67, 33],
    [77, 23],
    [76, 24],
    [74, 26],
    [71, 29],
    [68, 32],
    [68, 32],
    [84, 16],
    [75, 25],
    [74, 26],
    [60, 40],
    [79, 21],
    [80, 20]
  ],
  "W": [
    [61, 19, 20],
    [61, 19, 20],
    [66, 18, 16],
    [66, 12, 22],
    [63, 21, 16],
    [68, 16, 16],
    [62, 25, 13],
    [76, 15, 9],
    [71, 17, 12],
    [59, 23, 18],
    [72, 12, 16],
    [71, 13, 16],
    [70, 18, 12],
    [66, 17, 17],
    [61, 15, 24],
    [63, 22, 15],
    [51, 33, 16],
    [18, 64, 18],
    [19, 66, 15],
    [16, 63, 21],
    [15, 62, 23],
    [22, 63, 15],
    [22, 68, 10],
    [21, 65, 14],
    [20, 67, 13],
    [20, 57, 23],
    [26, 57, 17],
    [16, 71, 13],
    [17, 64, 19],
    [11, 74, 15],
    [16, 66, 18],
    [20, 66, 14],
    [15, 63, 22],
    [17, 40, 43],
    [20, 19, 61],
    [12, 21, 67],
    [15, 20, 65],
    [14, 25, 61],
    [11, 13, 76],
    [12, 18, 70],
    [17, 21, 62],
    [17, 16, 67],
    [17, 13, 70],
    [12, 13, 75],
    [19, 12, 69],
    [15, 15, 70],
    [21, 14, 65],
    [11, 24, 65],
    [13, 18, 69],
    [23, 14, 63]
  ],
  "method": "mvn_pdf",
  "cond_prob": [
    [
      [0.91111228659, 0.088887713414],
      [0.42523980583, 0.57476019417],
      [0.71712971038, 0.28287028962]
    ],
    [
      [0.91111228659, 0.088887713414],
      [0.42523980583, 0.57476019417],
      [0.71712971038, 0.28287028962]
    ],
    [
      [0.93773069472, 0.062269305277],
      [0.525172198, 0.474827802],
      [0.79104216152, 0.20895783848]
    ],
    [
      [0.92216579695, 0.077834203045],
      [0.4683237368, 0.5316762632],
      [0.75078057088, 0.24921942912]
    ],
    [
      [0.90690533111, 0.093094668888],
      [0.40953265012, 0.59046734988],
      [0.70404865546, 0.29595134454]
    ],
    [
      [0.94490602844, 0.055093971557],
      [0.55120646456, 0.44879353544],
      [0.80794291456, 0.19205708544]
    ],
    [
      [0.91934089004, 0.08065910996],
      [0.45477275394, 0.54522724606],
      [0.74088815147, 0.25911184853]
    ],
    [
      [0.92959173251, 0.070408267495],
      [0.49431213612, 0.50568786388],
      [0.77070514309, 0.22929485691]
    ],
    [
      [0.91976790368, 0.080232096316],
      [0.45743046834, 0.54256953166],
      [0.74334673973, 0.25665326027]
    ],
    [
      [0.93970684565, 0.060293154349],
      [0.53219978697, 0.46780021303],
      [0.79537227813, 0.20462772187]
    ],
    [
      [0.92823336759, 0.071766632408],
      [0.49054402056, 0.50945597944],
      [0.76754183041, 0.23245816959]
    ],
    [
      [0.9503157017, 0.049684298299],
      [0.57004407065, 0.42995592935],
      [0.8198132663, 0.1801867337]
    ],
    [
      [0.92247860017, 0.077521399826],
      [0.46752538529, 0.53247461471],
      [0.75092008772, 0.24907991228]
    ],
    [
      [0.90803016838, 0.091969831618],
      [0.41383025274, 0.58616974726],
      [0.70793497589, 0.29206502411]
    ],
    [
      [0.90500238286, 0.09499761714],
      [0.40258272503, 0.59741727497],
      [0.69817140709, 0.30182859291]
    ],
    [
      [0.91375792757, 0.086242072428],
      [0.43453827761, 0.56546172239],
      [0.72489389703, 0.27510610297]
    ],
    [
      [0.94345104585, 0.056548954154],
      [0.54606751149, 0.45393248851],
      [0.80398554892, 0.19601445108]
    ],
    [
      [0.94205728848, 0.057942711516],
      [0.54125235225, 0.45874764775],
      [0.80015657017, 0.19984342983]
    ],
    [
      [0.95095097463, 0.04904902537],
      [0.58401873011, 0.41598126989],
      [0.82577968632, 0.17422031368]
    ],
    [
      [0.92726440534, 0.072735594661],
      [0.4799737303, 0.5200262697],
      [0.75835354788, 0.24164645212]
    ],
    [
      [0.9300991282, 0.0699008718],
      [0.4907594211, 0.5092405789],
      [0.76614908561, 0.23385091439]
    ],
    [
      [0.90882680198, 0.091173198025],
      [0.41846372328, 0.58153627672],
      [0.709506386, 0.290493614]
    ],
    [
      [0.94334422726, 0.05665577274],
      [0.5471631264, 0.4528368736],
      [0.80393344049, 0.19606655951]
    ],
    [
      [0.92956571095, 0.07043428905],
      [0.48878790927, 0.51121209073],
      [0.76485042624, 0.23514957376]
    ],
    [
      [0.9148077763, 0.085192223699],
      [0.43700429818, 0.56299570182],
      [0.72496588429, 0.27503411571]
    ],
    [
      [0.92605986659, 0.073940133411],
      [0.47558450858, 0.52441549142],
      [0.75523850778, 0.24476149222]
    ],
    [
      [0.95121060668, 0.048789393316],
      [0.58310391223, 0.41689608777],
      [0.82538830758, 0.17461169242]
    ],
    [
      [0.92145129658, 0.078548703419],
      [0.45920967485, 0.54079032515],
      [0.74253018003, 0.25746981997]
    ],
    [
      [0.90587888854, 0.094121111464],
      [0.4102568328, 0.5897431672],
      [0.70229587344, 0.29770412656]
    ],
    [
      [0.91004980476, 0.089950195235],
      [0.42290067287, 0.57709932713],
      [0.71298682368, 0.28701317632]
    ],
    [
      [0.92989395366, 0.070106046337],
      [0.49000944442, 0.50999055558],
      [0.76561518942, 0.23438481058]
    ],
    [
      [0.90985213922, 0.090147860777],
      [0.42170011016, 0.57829988984],
      [0.71219642466, 0.28780357534]
    ],
    [
      [0.91024370349, 0.089756296514],
      [0.42306017879, 0.57693982121],
      [0.71334332656, 0.28665667344]
    ],
    [
      [0.93215622268, 0.067843777325],
      [0.49930672552, 0.50069327448],
      [0.77165291149, 0.22834708851]
    ],
    [
      [0.93516662382, 0.064833376184],
      [0.51218865588, 0.48781134412],
      [0.77975546003, 0.22024453997]
    ],
    [
      [0.92390942591, 0.076090574093],
      [0.46785028088, 0.53214971912],
      [0.74758553717, 0.25241446283]
    ],
    [
      [0.93193125107, 0.068068748926],
      [0.49863050605, 0.50136949395],
      [0.76997570943, 0.23002429057]
    ],
    [
      [0.91105823811, 0.08894176189],
      [0.42472474544, 0.57527525456],
      [0.71519780378, 0.28480219622]
    ],
    [
      [0.93815495094, 0.061845049055],
      [0.52365868935, 0.47634131065],
      [0.78779911287, 0.21220088713]
    ],
    [
      [0.93868462205, 0.061315377951],
      [0.52597860622, 0.47402139378],
      [0.78954528033, 0.21045471967]
    ],
    [
      [0.93165932942, 0.068340670584],
      [0.49782193673, 0.50217806327],
      [0.76947630207, 0.23052369793]
    ],
    [
      [0.91453016021, 0.085469839792],
      [0.43583583553, 0.56416416447],
      [0.72357632699, 0.27642367301]
    ],
    [
      [0.89694250737, 0.10305749263],
      [0.38258341874, 0.61741658126],
      [0.68254847044, 0.31745152956]
    ],
    [
      [0.90167678471, 0.098323215286],
      [0.39673645262, 0.60326354738],
      [0.69363072932, 0.30636927068]
    ],
    [
      [0.95742920315, 0.042570796849],
      [0.60624963233, 0.39375036767],
      [0.84831666018, 0.15168333982]
    ],
    [
      [0.93067001194, 0.069329988056],
      [0.49374167875, 0.50625832125],
      [0.76619749485, 0.23380250515]
    ],
    [
      [0.92143781926, 0.07856218074],
      [0.46015721326, 0.53984278674],
      [0.74165545861, 0.25834454139]
    ],
    [
      [0.87927109999, 0.12072890001],
      [0.34364254576, 0.65635745424],
      [0.64739379695, 0.35260620305]
    ],
    [
      [0.94786495114, 0.052135048861],
      [0.5664373399, 0.4335626601],
      [0.81857802198, 0.18142197802]
    ],
    [
      [0.94349505568, 0.056504944315],
      [0.5460848831, 0.4539151169],
      [0.80403849771, 0.19596150229]
    ]
  ],