{
  "X": [
    [32, 9, 25, 34],
    [30, 7, 18, 45],
    [32, 11, 21, 36],
    [33, 11, 30, 26],
    [32, 11, 15, 42],
    [21, 6, 24, 49],
    [35, 6, 19, 40],
    [37, 12, 21, 30],
    [28, 8, 23, 41],
    [27, 10, 24, 39],
    [29, 12, 23, 36],
    [34, 8, 23, 35],
    [21, 10, 30, 39],
    [33, 6, 26, 35],
    [27, 4, 25, 44],
    [25, 8, 22, 45],
    [17, 9, 26, 48],
    [23, 9, 25, 43],
    [26, 9, 23, 42],
    [30, 6, 19, 45],
    [24, 7, 24, 45],
    [22, 7, 20, 51],
    [26, 8, 18, 48],
    [22, 5, 30, 43],
    [25, 14, 22, 39],
    [18, 13, 54, 15],
    [13, 8, 67, 12],
    [16, 14, 53, 17],
    [13, 7, 66, 14],
    [17, 4, 66, 13],
    [15, 12, 61, 12],
    [14, 12, 69, 5],
    [16, 9, 59, 16],
    [19, 12, 54, 15],
    [13, 8, 69, 10],
    [22, 9, 53, 16],
    [12, 19, 56, 13],
    [21, 10, 56, 13],
    [22, 8, 55, 15],
    [12, 8, 60, 20],
    [14, 11, 59, 16],
    [17, 8, 63, 12],
    [14, 9, 52, 25],
    [15, 14, 63, 8],
    [18, 11, 54, 17],
    [15, 15, 54, 16],
    [17, 8, 59, 16],
    [12, 11, 60, 17],
    [17, 9, 55, 19],
    [17, 14, 51, 18]
  ],
  "W": [
    [69, 31],
    [79, 21],
    [77, 23],
    [63, 37],
    [76, 24],
    [73, 27],
    [79, 21],
    [78, 22],
    [77, 23],
    [69, 31],
    [73, 27],
    [79, 21],
    [65, 35],
    [71, 29],
    [76, 24],
    [75, 25],
    [75, 25],
    [73, 27],
    [80, 20],
    [79, 21],
    [77, 23],
    [78, 22],
    [81, 19],
    [66, 34],
    [72, 28],
    [29, 71],
    [24, 76],
    [25, 75],
    [22, 78],
    [19, 81],
    [24, 76],
    [17, 83],
    [28, 72],
    [25, 75],
    [25, 75],
    [29, 71],
    [19, 81],
    [27, 73],
    [23, 77],
    [28, 72],
    [20, 80],
    [22, 78],
    [31, 69],
    [23, 77],
    [27, 73],
    [29, 71],
    [25, 75],
    [32, 68],
    [32, 68],
    [35, 65]
  ],
  "method": "mcmc",
  "mcmc_stepsize": 3000,
  "mcmc_samples": 100,
  "burn_in": 10000,
  "cond_prob": [
    [
      [0.44751214154, 0.072913103557, 0.032339446934, 0.44723530797],
      [0.036182652704, 0.12803212434, 0.73447026328, 0.10131495968]
    ],
    [
      [0.36831340776, 0.065292271339, 0.024736595607, 0.5416577253],
      [0.043011466054, 0.087710026869, 0.76408614034, 0.10519236674]
    ],
    [
      [0.40573959223, 0.099305561262, 0.047999038152, 0.44695580835],
      [0.032958756439, 0.14580312099, 0.75235104619, 0.06888707638]
    ],
    [
      [0.50636834633, 0.096347559358, 0.031943621573, 0.36534047274],
      [0.02969714004, 0.13324604758, 0.75642032002, 0.080636492356]
    ],
    [
      [0.39801117019, 0.087324601629, 0.013115516022, 0.50154871215],
      [0.072964627718, 0.18180542818, 0.5834675326, 0.16176241151]
    ],
    [
      [0.2755237728, 0.062910347304, 0.032633900002, 0.62893197989],
      [0.032843132796, 0.052131283214, 0.80065649259, 0.1143690914]
    ],
    [
      [0.43094284039, 0.06036681669, 0.025612250934, 0.48307809199],
      [0.045500743294, 0.058620070546, 0.80841105601, 0.087468130151]
    ],
    [
      [0.46406370729, 0.11202923168, 0.057245665563, 0.36666139547],
      [0.036501401424, 0.14825999677, 0.75158354937, 0.063655052435]
    ],
    [
      [0.35325799653, 0.073686525308, 0.061109305483, 0.51194617268],
      [0.034744968144, 0.10113641527, 0.79541667295, 0.068701943634]
    ],
    [
      [0.37560231155, 0.080883944136, 0.025511060551, 0.51800268376],
      [0.034949693642, 0.14254864047, 0.71741086523, 0.10509080066]
    ],
    [
      [0.37689507798, 0.11734190545, 0.058753068954, 0.44700994761],
      [0.055061455823, 0.12718670008, 0.69300096172, 0.12475088238]
    ],
    [
      [0.42060982172, 0.078751940008, 0.071299563252, 0.42933867502],
      [0.036753527822, 0.084695082825, 0.82701592872, 0.051535460634]
    ],
    [
      [0.30748492773, 0.086351079184, 0.046333659549, 0.55983033353],
      [0.028956562782, 0.1253479958, 0.77109463227, 0.074600809152]
    ],
    [
      [0.4476854809, 0.069058123056, 0.02809201315, 0.45516438289],
      [0.04187347779, 0.037823215966, 0.82777472643, 0.092528579818]
    ],
    [
      [0.33995782753, 0.04326502866, 0.06010015261, 0.5566769912],
      [0.048466879484, 0.029660742577, 0.85134951674, 0.070522861203]
    ],
    [
      [0.32218147603, 0.073214316818, 0.035624068585, 0.56898013857],
      [0.033455571907, 0.10035704955, 0.77312779425, 0.093059584302]
    ],
    [
      [0.21230651173, 0.090634338117, 0.090298628995, 0.60676052116],
      [0.043080464812, 0.08809698565, 0.76910411301, 0.099718436525]
    ],
    [
      [0.30056365692, 0.084661346655, 0.062829362731, 0.5519456337],
      [0.039216779445, 0.10443413682, 0.75605394521, 0.10029513852]
    ],
    [
      [0.31467951987, 0.086126045923, 0.087673306428, 0.51152112778],
      [0.041281920532, 0.10549581631, 0.79930677429, 0.053915488873]
    ],
    [
      [0.36924001689, 0.060939339387, 0.025318741817, 0.54450190191],
      [0.03952565075, 0.056466294687, 0.80951520936, 0.094492845207]
    ],
    [
      [0.30325673895, 0.06756262724, 0.065800497709, 0.5633801361],
      [0.028227439171, 0.07815990011, 0.8231896381, 0.070423022614]
    ],
    [
      [0.27183797889, 0.068203892367, 0.033443916429, 0.62651421232],
      [0.036210802124, 0.07636801797, 0.79051702357, 0.096904156336]
    ],
    [
      [0.31192520282, 0.075149330676, 0.037866302988, 0.57505916351],
      [0.038634661651, 0.10067916922, 0.78593839252, 0.074747776604]
    ],
    [
      [0.31391520608, 0.053152002638, 0.038286402722, 0.59464638856],
      [0.037694011725, 0.043881406645, 0.80803227707, 0.11039230456]
    ],
    [
      [0.32952329999, 0.13734313672, 0.04925746459, 0.4838760987],
      [0.045511514309, 0.14683193415, 0.65905223391, 0.14860431763]
    ],
    [
      [0.5093479172, 0.1184647767, 0.020262444247, 0.35192486185],
      [0.045477611283, 0.13471157008, 0.75228717066, 0.067523647975]
    ],
    [
      [0.46504550872, 0.1102058848, 0.062618458071, 0.3621301484],
      [0.024196155141, 0.070461299535, 0.86180469745, 0.043537847872]
    ],
    [
      [0.45929473853, 0.10544417142, 0.022806540225, 0.41245454983],
      [0.060235087157, 0.15151860953, 0.69906448659, 0.089181816724]
    ],
    [
      [0.46358639158, 0.083442872938, 0.048595112303, 0.40437562318],
      [0.035911530581, 0.066208420453, 0.83244753243, 0.065432516538]
    ],
    [
      [0.53026200547, 0.03098144209, 0.058633287437, 0.38012326501],
      [0.085494097483, 0.042115464201, 0.80106132764, 0.071329110678]
    ],
    [
      [0.50889074513, 0.10220670018, 0.041225192606, 0.34767736208],
      [0.036666080485, 0.12561893679, 0.78961309707, 0.048101885658]
    ],
    [
      [0.58315019347, 0.14333230449, 0.048101270945, 0.2254162311],
      [0.049234297724, 0.11522109426, 0.82147323366, 0.014071374352]
    ],
    [
      [0.47889235509, 0.094524543121, 0.028929482927, 0.39765361886],
      [0.035986306354, 0.088240455453, 0.80819408997, 0.06757914822]
    ],
    [
      [0.4907350118, 0.09804294223, 0.022765302697, 0.38845674327],
      [0.089754996067, 0.12731901926, 0.71241156577, 0.070514418908]
    ],
    [
      [0.44669311124, 0.13623349177, 0.091741651526, 0.32533174546],
      [0.024435629587, 0.061255502743, 0.88941944949, 0.024889418179]
    ],
    [
      [0.47230993837, 0.091370141845, 0.039973712068, 0.39634620772],
      [0.11694382799, 0.089440364598, 0.73015158239, 0.063464225016]
    ],
    [
      [0.44176424853, 0.128245637, 0.036455963021, 0.39353415145],
      [0.04452443553, 0.20448559132, 0.68280662596, 0.068183347192]
    ],
    [
      [0.61292321966, 0.10697635229, 0.042253585532, 0.23784684251],
      [0.060973603687, 0.097419705317, 0.75149524919, 0.09011144181]
    ],
    [
      [0.58108036355, 0.072978407281, 0.056968443281, 0.28897278589],
      [0.11214482647, 0.082097358864, 0.69726916629, 0.10848864837]
    ],
    [
      [0.36747756422, 0.09566844012, 0.057935686328, 0.47891830933],
      [0.023758725025, 0.073906717731, 0.81080278865, 0.091531768594]
    ],
    [
