{
  "X": [
    [32, 18, 5, 45],
    [26, 26, 5, 43],
    [34, 10, 4, 52],
    [27, 18, 5, 50],
    [27, 12, 5, 56],
    [30, 13, 6, 51],
    [32, 17, 2, 49],
    [36, 19, 5, 40],
    [25, 14, 2, 59],
    [36, 14, 5, 45],
    [30, 13, 6, 51],
    [29, 18, 6, 47],
    [33, 20, 6, 41],
    [29, 21, 5, 45],
    [30, 15, 6, 49],
    [41, 12, 5, 42],
    [34, 12, 6, 48],
    [30, 12, 6, 52],
    [43, 14, 6, 37],
    [35, 10, 9, 46],
    [30, 16, 2, 52],
    [32, 16, 4, 48],
    [27, 15, 2, 56],
    [23, 15, 6, 56],
    [25, 20, 3, 52],
    [37, 33, 9, 21],
    [29, 38, 15, 18],
    [35, 31, 15, 19],
    [33, 34, 13, 20],
    [33, 26, 20, 21],
    [30, 42, 11, 17],
    [30, 40, 14, 16],
    [40, 33, 8, 19],
    [30, 37, 21, 12],
    [27, 38, 13, 22],
    [28, 43, 13, 16],
    [41, 29, 17, 13],
    [27, 41, 15, 17],
    [34, 32, 16, 18],
    [32, 36, 12, 20],
    [30, 42, 12, 16],
    [36, 38, 7, 19],
    [28, 29, 16, 27],
    [23, 38, 13, 26],
    [31, 41, 11, 17],
    [36, 31, 9, 24],
    [30, 31, 16, 23],
    [32, 31, 14, 23],
    [34, 35, 10, 21],
    [29, 38, 17, 16]
  ],
  "W": [
    [76, 24],
    [67, 33],
    [72, 28],
    [74, 26],
    [78, 22],
    [77, 23],
    [78, 22],
    [67, 33],
    [76, 24],
    [73, 27],
    [76, 24],
    [74, 26],
    [64, 36],
    [77, 23],
    [71, 29],
    [76, 24],
    [83, 17],
    [83, 17],
    [81, 19],
    [78, 22],
    [77, 23],
    [77, 23],
    [84, 16],
    [77, 23],
    [79, 21],
    [19, 81],
    [20, 80],
    [26, 74],
    [22, 78],
    [30, 70],
    [24, 76],
    [22, 78],
    [30, 70],
    [16, 84],
    [30, 70],
    [20, 80],
    [26, 74],
    [18, 82],
    [24, 76],
    [29, 71],
    [21, 79],
    [22, 78],
    [21, 79],
    [28, 72],
    [24, 76],
    [27, 73],
    [26, 74],
    [25, 75],
    [29, 71],
    [26, 74]
  ],
  "method": "mcmc",
  "mcmc_stepsize": 3000,
  "mcmc_samples": 100,
  "burn_in": 10000,
  "cond_prob": [
    [
      [0.3391993859, 0.097118710553, 5.8814689661e-07, 0.5636813154],
      [0.25920194463, 0.44245741658, 0.20833147087, 0.090009167916]
    ],
    [
      [0.2918291352, 0.084550981755, 7.2251837968e-06, 0.62361265786],
      [0.19537721035, 0.61621467341, 0.1515004822, 0.03690763404]
    ],
    [
      [0.31129121778, 0.032493644508, 2.08069998e-06, 0.65621305701],
      [0.41382258284, 0.27358777127, 0.14285179249, 0.1697378534]
    ],
    [
      [0.27741639335, 0.083831193355, 4.5306205396e-07, 0.63875196024],
      [0.24889180355, 0.45371121891, 0.19230640282, 0.10509057471]
    ],
    [
      [0.25905137595, 0.05841026857, 4.1129653163e-06, 0.68253424251],
      [0.30881784889, 0.33836359325, 0.22725814494, 0.12556041292]
    ],
    [
      [0.30276513049, 0.063973583482, 5.0490922067e-06, 0.63325623693],
      [0.290742824, 0.35104495965, 0.26085266173, 0.097359554614]
    ],
    [
      [0.3186739716, 0.080619398817, 6.1932795024e-06, 0.6007004363],
      [0.32470137341, 0.48689485874, 0.090887132918, 0.097516634935]
    ],
    [
      [0.40221337974, 0.056579480428, 4.0223188084e-08, 0.54120709961],
      [0.27429404719, 0.46088408519, 0.15151506985, 0.11330679777]
    ],
    [
      [0.22330862117, 0.05785725959, 2.2582986967e-06, 0.71883186094],
      [0.33452269962, 0.40011867797, 0.083326182054, 0.18203244036]
    ],
    [
      [0.37251027819, 0.060751482053, 7.6663365211e-07, 0.56673747312],
      [0.32617591451, 0.35426451149, 0.18518311243, 0.13437646157]
    ],
    [
      [0.30142968517, 0.061310156355, 4.8028396914e-06, 0.63725535564],
      [0.29547266364, 0.34751783821, 0.24998479101, 0.10702470715]
    ],
    [
      [0.31217425645, 0.087921003803, 7.9356965269e-06, 0.59989680405],
      [0.22688865472, 0.44207098918, 0.23074664456, 0.10029371154]
    ],
    [
      [0.35068656235, 0.070874069808, 1.4604204976e-07, 0.5784392218],
      [0.29322388916, 0.42955720923, 0.16666640704, 0.11055249458]
    ],
    [
      [0.32103794916, 0.11819548287, 1.1120777264e-06, 0.56076545589],
      [0.1860903441, 0.51734555734, 0.21738758131, 0.079176517252]
    ],
    [
      [0.30547152681, 0.061004423291, 6.4535214937e-06, 0.63351759638],
      [0.28660419299, 0.36788572229, 0.20688075172, 0.138629333]
    ],
    [
      [0.42475909964, 0.056556962893, 3.9434148991e-06, 0.51867999405],
      [0.36326285112, 0.32090295084, 0.20832084585, 0.10751335218]
    ],
    [
      [0.35858961445, 0.080140884209, 6.8650555153e-05, 0.56120085079],
      [0.24923894124, 0.31460627122, 0.35260600023, 0.083548787317]
    ],
    [
      [0.3179903471, 0.076138389641, 6.6508981692e-05, 0.60580475427],
      [0.2121647759, 0.33414786234, 0.35261645615, 0.10107090561]
    ],
    [
      [0.45753082889, 0.09252603169, 8.6034287555e-05, 0.44985710513],
      [0.31263172947, 0.3423890228, 0.31542269593, 0.029556551805]
    ],
    [
      [0.36773632628, 0.059577931874, 8.2631467909e-05, 0.57260311038],
      [0.28711666138, 0.24331460517, 0.40879794298, 0.060770790466]
    ],
    [
      [0.2908683644, 0.073473959311, 4.0277956199e-06, 0.63565364849],
      [0.33057112787, 0.44967413622, 0.08694303738, 0.13281169853]
    ],
    [
      [0.33279509938, 0.076214197045, 3.8225615141e-06, 0.59098688102],
      [0.27716423252, 0.44050029685, 0.17390024621, 0.10843522442]
    ],
    [
      [0.27524745916, 0.083805028604, 1.2080433654e-05, 0.6409354318],
      [0.2424508394, 0.49752359983, 0.12493657772, 0.13508898305]
    ],
    [
      [0.2360989257, 0.07375945592, 1.6229424512e-05, 0.69012538895],
      [0.20958185743, 0.40524008235, 0.26081523193, 0.12436282829]
    ],
    [
      [0.27333042474, 0.11040232824, 3.9454919046e-05, 0.6162277921],
      [0.16223316406, 0.53705790806, 0.14270871721, 0.15800021067]
    ],
    [
      [0.3822158877, 0.10142600868, 9.9680550513e-06, 0.51634813556],
      [0.36713454486, 0.38361612142, 0.11110877293, 0.13814056079]
    ],
    [
      [0.32573507564, 0.11771455091, 4.905342742e-06, 0.55654546811],
      [0.28106623109, 0.44557136227, 0.18749877366, 0.085863632974]
    ],
    [
      [0.37756649079, 0.1071787787, 1.3992866862e-06, 0.51525333122],
      [0.34031447621, 0.38126151018, 0.20270221106, 0.075721802545]
    ],
    [
      [0.35066447211, 0.16194129315, 4.8127323331e-06, 0.487389422],
      [0.32417155915, 0.39022168655, 0.16666530923, 0.11894144508]
    ],
    [
      [0.43295119994, 0.079084060885, 2.8584880214e-07, 0.48796445333],
      [0.28587805717, 0.33753540248, 0.28571416321, 0.090872377145]
    ],
    [
      [0.36645479823, 0.14954507187, 7.5576136267e-06, 0.48399257229],
      [0.27901427424, 0.50540681941, 0.14473445549, 0.070844450855]
    ],
    [
      [0.34771348003, 0.15338689175, 5.7728258675e-06, 0.4988938554],
      [0.28654235179, 0.46955754335, 0.17948555125, 0.064414553606]
    ],
    [
      [0.47296402481, 0.080168053474, 2.6166420426e-06, 0.44686530507],
      [0.36872970365, 0.43707083423, 0.11428459287, 0.079914869256]
    ],
    [
      [0.39579658294, 0.10887094276, 3.6757930027e-05, 0.49529571637],
      [0.28175303182, 0.41973886805, 0.24999299849, 0.048515101644]
    ],
    [
      [0.45022786424, 0.10159149999, 3.2429409924e-05, 0.44814820636],
      [0.19275948675, 0.49931792858, 0.1857003874, 0.12222219727]
    ],
    [
      [0.32585735131, 0.12750550817, 3.7083032583e-06, 0.54663343222],
      [0.26853566217, 0.50562362296, 0.16249907292, 0.063341641944]
    ],
    [
      [0.44490476422, 0.15256594182, 1.6691889089e-05, 0.40251260207],
      [0.39773616392, 0.33828764206, 0.22972386501, 0.034252329003]
    ],
    [
      [0.28604703822, 0.17495956774, 2.6624745502e-05, 0.5389667693],
      [0.26647747941, 0.46159424123, 0.18292098481, 0.089007294545]
    ],
    [
      [0.37011012461, 0.12459539419, 4.2405105936e-07, 0.50529405716],
      [0.3304915396, 0.38170671763, 0.21052618188, 0.077275560897]
    ],
    [
      [0.43652267907, 0.10134440871, 1.3789526211e-05, 0.46211912269],
      [0.27240622967, 0.46564805841, 0.16900845217, 0.092937259745]
    ],
    [
