{
  "X": [
    [19, 55, 17, 9],
    [35, 39, 13, 13],
    [21, 59, 12, 8],
    [26, 58, 11, 5],
    [23, 50, 11, 16],
    [20, 46, 14, 20],
    [27, 43, 17, 13],
    [22, 54, 12, 12],
    [30, 44, 17, 9],
    [25, 44, 16, 15],
    [19, 58, 15, 8],
    [28, 45, 14, 13],
    [27, 49, 12, 12],
    [29, 49, 9, 13],
    [25, 39, 23, 13],
    [26, 48, 12, 14],
    [19, 46, 17, 18],
    [23, 50, 18, 9],
    [22, 47, 14, 17],
    [15, 54, 17, 14],
    [39, 36, 10, 15],
    [33, 45, 10, 12],
    [27, 38, 25, 10],
    [25, 48, 18, 9],
    [24, 50, 11, 15],
    [33, 48, 13, 6],
    [29, 42, 21, 8],
    [32, 42, 17, 9],
    [36, 42, 14, 8],
    [38, 43, 10, 9],
    [43, 42, 9, 6],
    [42, 30, 19, 9],
    [41, 39, 12, 8],
    [45, 38, 9, 8],
    [42, 35, 16, 7],
    [39, 45, 10, 6],
    [30, 54, 11, 5],
    [35, 40, 19, 6],
    [39, 46, 13, 2],
    [30, 45, 19, 6],
    [34, 48, 11, 7],
    [34, 43, 17, 6],
    [41, 40, 10, 9],
    [42, 43, 8, 7],
    [41, 33, 14, 12],
    [37, 38, 18, 7],
    [37, 43, 12, 8],
    [39, 40, 16, 5],
    [43, 38, 13, 6],
    [32, 45, 17, 6]
  ],
  "W": [
    [71, 29],
    [67, 33],
    [68, 32],
    [67, 33],
    [75, 25],
    [75, 25],
    [77, 23],
    [84, 16],
    [77, 23],
    [71, 29],
    [78, 22],
    [80, 20],
    [72, 28],
    [74, 26],
    [70, 30],
    [83, 17],
    [80, 20],
    [75, 25],
    [76, 24],
    [76, 24],
    [67, 33],
    [74, 26],
    [80, 20],
    [79, 21],
    [79, 21],
    [25, 75],
    [25, 75],
    [29, 71],
    [23, 77],
    [27, 73],
    [22, 78],
    [31, 69],
    [19, 81],
    [26, 74],
    [18, 82],
    [28, 72],
    [22, 78],
    [31, 69],
    [21, 79],
    [22, 78],
    [27, 73],
    [31, 69],
    [24, 76],
    [17, 83],
    [33, 67],
    [18, 82],
    [27, 73],
    [21, 79],
    [33, 67],
    [25, 75]
  ],
  "method": "mcmc",
  "mcmc_stepsize": 3000,
  "mcmc_samples": 100,
  "burn_in": 10000,
  "cond_prob": [
    [
      [0.1614471387, 0.56595791394, 0.17933616355, 0.093258783812],
      [0.25990528111, 0.5109306245, 0.14714249614, 0.082021598253]
    ],
    [
      [0.32587076368, 0.38955640529, 0.13988662162, 0.14468620941],
      [0.39898966162, 0.39090063169, 0.10992716217, 0.10018254452]
    ],
    [
      [0.18611102589, 0.61356067914, 0.11803404062, 0.082294254353],
      [0.26076406997, 0.53993355684, 0.12417766369, 0.075124709501]
    ],
    [
      [0.22435591691, 0.60790882293, 0.11393166893, 0.053803591237],
      [0.33236828992, 0.52333663224, 0.10201752066, 0.042277557185]
    ],
    [
      [0.22667607715, 0.49503243824, 0.11465826172, 0.16363322289],
      [0.23997176854, 0.51490268528, 0.096025214838, 0.14910033134]
    ],
    [
      [0.19026876568, 0.45390898624, 0.14725233588, 0.2085699122],
      [0.22919370296, 0.47827304128, 0.11824299236, 0.17429026341]
    ],
    [
      [0.25530080134, 0.44047713793, 0.17081045777, 0.13341160296],
      [0.31921036074, 0.39492436432, 0.16728672834, 0.1185785466]
    ],
    [
      [0.20483055067, 0.55300008218, 0.12273413509, 0.11943523206],
      [0.29963960896, 0.47174956857, 0.10564579077, 0.1229650317]
    ],
    [
      [0.28801351287, 0.45065105485, 0.17995026356, 0.081385168717],
      [0.34012867431, 0.40434212071, 0.13668824807, 0.1188409569]
    ],
    [
      [0.22309997236, 0.45967911614, 0.15984046804, 0.15738044346],
      [0.31585868836, 0.39182009496, 0.16039057826, 0.13193063843]
    ],
    [
      [0.17495863348, 0.58375393178, 0.1554009763, 0.085886458437],
      [0.24332848131, 0.56669060549, 0.13085108402, 0.059129829177]
    ],
    [
      [0.26429348264, 0.45836588932, 0.1448232327, 0.13251739535],
      [0.34282606946, 0.41653644274, 0.12070706921, 0.1199304186]
    ],
    [
      [0.24754498505, 0.51145317342, 0.11754600761, 0.12345583393],
      [0.32774146702, 0.43483469693, 0.12631026615, 0.11111356989]
    ],
    [
      [0.27798338875, 0.50964874608, 0.081718745637, 0.13064911953],
      [0.32420112432, 0.43407664578, 0.11356972396, 0.12815250594]
    ],
    [
      [0.22861930176, 0.3940384438, 0.2337895535, 0.14355270094],
      [0.29988829589, 0.38057696447, 0.22115770849, 0.098377031148]
    ],
    [
      [0.24462824273, 0.49069857807, 0.12251514823, 0.14215803098],
      [0.33505034432, 0.42776576592, 0.10772015865, 0.12946373111]
    ],
    [
      [0.17630801911, 0.4669994456, 0.17127577442, 0.18541676087],
      [0.24476792355, 0.43200221761, 0.16489690232, 0.15833295652]
    ],
    [
      [0.21722768675, 0.50143049039, 0.1894743132, 0.091867509664],
      [0.26831693976, 0.49570852884, 0.15157706039, 0.084397471007]
    ],
    [
      [0.21057639579, 0.47161863035, 0.14978061983, 0.16802435403],
      [0.24984141334, 0.46487433724, 0.1090280372, 0.17625621223]
    ],
    [
      [0.13010847094, 0.54765984458, 0.1759950766, 0.14623660788],
      [0.21298984203, 0.5157438255, 0.15101559077, 0.12025074171]
    ],
    [
      [0.3618837602, 0.35904814141, 0.1027042119, 0.17636388648],
      [0.44708448686, 0.36193256138, 0.094509630382, 0.096473321382]
    ],
    [
      [0.305883002, 0.47941858014, 0.095969148578, 0.11872926927],
      [0.3986406866, 0.36627019498, 0.11147242328, 0.12361669514]
    ],
    [
      [0.25944737652, 0.38961169163, 0.25051274481, 0.10042818704],
      [0.31221049392, 0.34155323346, 0.24794902078, 0.098287251839]
    ],
    [
      [0.24114260104, 0.48006157762, 0.18809417823, 0.090701643112],
      [0.28332069133, 0.47976835086, 0.14955047237, 0.087360485438]
    ],
    [
      [0.22978903726, 0.5032739832, 0.11157752159, 0.15535945795],
      [0.27841266936, 0.48768358702, 0.10406551401, 0.12983822961]
    ],
    [
      [0.27233844013, 0.54605086082, 0.11918389007, 0.062426808979],
      [0.34922051996, 0.45798304639, 0.13360536998, 0.059191063674]
    ],
    [
      [0.22292463516, 0.46810985596, 0.19833972489, 0.11062578398],
      [0.31235845495, 0.40396338135, 0.21388675837, 0.069791405339]
    ],
    [
      [0.24799131861, 0.45622774207, 0.18241658467, 0.11336435465],
      [0.34941199662, 0.40520275324, 0.16492843725, 0.080456812889]
    ],
    [
      [0.26763294265, 0.513690492, 0.13549543434, 0.083181131013],
      [0.38759015999, 0.39201452836, 0.14134551961, 0.079049792035]
    ],
    [
      [0.32553075801, 0.50256593802, 0.095344528849, 0.076558775114],
      [0.400146158, 0.40316054347, 0.10172188659, 0.094971411944]
    ],
    [
      [0.3320500718, 0.51268718639, 0.092352557718, 0.062910184094],
      [0.45762690282, 0.39385746025, 0.08933645808, 0.059179178845]
    ],
    [
      [0.33699716634, 0.32620063269, 0.20444587161, 0.13235632937],
      [0.45729112817, 0.28822870126, 0.1835098258, 0.070970344778]
    ],
    [
      [0.30394386158, 0.48551899421, 0.1262666259, 0.084270518313],
      [0.4348773658, 0.36759431, 0.11853005072, 0.078998273482]
    ],
    [
      [0.35326626523, 0.47622913619, 0.095312731055, 0.075191867527],
      [0.48398752843, 0.34618976296, 0.088133364765, 0.081689343842]
    ],
    [
      [0.31636665406, 0.43333029003, 0.16725261055, 0.083050445366],
      [0.44274878326, 0.33170798512, 0.15840796354, 0.06713526809]
    ],
    [
      [0.33993668886, 0.4898327372, 0.1098213557, 0.060409218234],
      [0.40946906544, 0.43450949109, 0.096180583894, 0.059840859576]
    ],
    [
      [0.22136853295, 0.61269087149, 0.11775433066, 0.048186264901],
      [0.32217810609, 0.5194974465, 0.1078128811, 0.05051156631]
    ],
    [
      [0.28632893692, 0.45328532932, 0.18511768895, 0.075268044817],
      [0.37860583994, 0.37606021436, 0.19219350207, 0.053140443633]
    ],
    [
      [0.27634007743, 0.55884914661, 0.14773675079, 0.017074025166],
      [0.42021339714, 0.43372364457, 0.12528516751, 0.020777790779]
    ],
    [
      [0.23893530933, 0.51901931084, 0.17429312051, 0.067752259322],
      [0.31722337429, 0.43053301489, 0.1944301455, 0.057813465319]
    ],
    [
      [0.29345666374, 0.52737924973, 0.10687730852, 0.072286778007],
      [0.35721465862, 0.46247616791, 0.11115496808, 0.069154205395]
    ],
    [
