{
  "X": [
    [37, 45, 3, 15],
    [31, 46, 4, 19],
    [35, 47, 4, 14],
    [31, 42, 10, 17],
    [38, 47, 3, 12],
    [36, 42, 2, 20],
    [32, 44, 5, 19],
    [45, 37, 4, 14],
    [36, 45, 4, 15],
    [46, 36, 1, 17],
    [42, 40, 1, 17],
    [43, 37, 5, 15],
    [37, 44, 5, 14],
    [38, 25, 9, 28],
    [37, 43, 3, 17],
    [48, 34, 7, 11],
    [32, 44, 3, 21],
    [40, 37, 4, 19],
    [32, 44, 7, 17],
    [33, 46, 2, 19],
    [41, 39, 2, 18],
    [40, 32, 2, 26],
    [36, 39, 5, 20],
    [44, 40, 2, 14],
    [31, 46, 5, 18],
    [45, 36, 7, 12],
    [47, 39, 5, 9],
    [52, 32, 5, 11],
    [38, 46, 7, 9],
    [47, 31, 7, 15],
    [47, 36, 7, 10],
    [46, 34, 5, 15],
    [43, 31, 2, 24],
    [43, 37, 7, 13],
    [40, 44, 6, 10],
    [49, 37, 5, 9],
    [42, 40, 7, 11],
    [43, 34, 9, 14],
    [40, 45, 9, 6],
    [46, 31, 8, 15],
    [39, 41, 7, 13],
    [49, 36, 5, 10],
    [49, 37, 2, 12],
    [46, 31, 10, 13],
    [39, 40, 9, 12],
    [50, 24, 9, 17],
    [46, 37, 5, 12],
    [49, 27, 7, 17],
    [38, 42, 8, 12],
    [42, 37, 4, 17]
  ],
  "W": [
    [65, 35],
    [80, 20],
    [70, 30],
    [70, 30],
    [75, 25],
    [75, 25],
    [80, 20],
    [77, 23],
    [76, 24],
    [74, 26],
    [72, 28],
    [77, 23],
    [75, 25],
    [72, 28],
    [72, 28],
    [75, 25],
    [75, 25],
    [75, 25],
    [75, 25],
    [75, 25],
    [75, 25],
    [78, 22],
    [70, 30],
    [74, 26],
    [76, 24],
    [25, 75],
    [27, 73],
    [28, 72],
    [29, 71],
    [24, 76],
    [31, 69],
    [21, 79],
    [27, 73],
    [31, 69],
    [23, 77],
    [28, 72],
    [21, 79],
    [26, 74],
    [25, 75],
    [23, 77],
    [21, 79],
    [17, 83],
    [24, 76],
    [33, 67],
    [24, 76],
    [17, 83],
    [33, 67],
    [26, 74],
    [25, 75],
    [33, 67]
  ],
  "method": "mcmc",
  "mcmc_stepsize": 3000,
  "mcmc_samples": 100,
  "burn_in": 10000,
  "cond_prob": [
    [
      [0.37385623069, 0.45619124848, 0.020614187058, 0.14933833377],
      [0.36283842872, 0.4385019671, 0.047430795464, 0.15122880872]
    ],
    [
      [0.31505767213, 0.46626779503, 0.031964312741, 0.1867102201],
      [0.2897693115, 0.43492881986, 0.072142749037, 0.20315911961]
    ],
    [
      [0.34731207634, 0.48521793505, 0.032712731751, 0.13475725685],
      [0.35627182186, 0.43449148487, 0.057003625915, 0.15223306735]
    ],
    [
      [0.30855957208, 0.43699301781, 0.081375358266, 0.17307205184],
      [0.31336099847, 0.38034962512, 0.14345749738, 0.16283187903]
    ],
    [
      [0.37960571453, 0.47766446776, 0.024863807493, 0.11786601022],
      [0.38118285641, 0.44700659673, 0.04540857752, 0.12640196934]
    ],
    [
      [0.35909269351, 0.42694643158, 0.01441660502, 0.19954426989],
      [0.36272191946, 0.39916070527, 0.036750184939, 0.20136719034]
    ],
    [
      [0.32194915397, 0.45159459014, 0.043777954394, 0.1826783015],
      [0.31220338412, 0.39362163946, 0.074888182422, 0.219286794]
    ],
    [
      [0.44195205875, 0.38371123369, 0.033604410691, 0.14073229687],
      [0.47694310767, 0.32409717416, 0.061411320732, 0.13754839743]
    ],
    [
      [0.35342982297, 0.46719946537, 0.033624394099, 0.14574631756],
      [0.3808055606, 0.39553502633, 0.060189418688, 0.16346999438]
    ],
    [
      [0.44191359036, 0.38357884796, 0.0058239241404, 0.16868363754],
      [0.51147670436, 0.29289097119, 0.02188575437, 0.17374657009]
    ],
    [
      [0.40207924934, 0.42314569255, 0.0063718739065, 0.16840318421],
      [0.46608193027, 0.34048250488, 0.019329467098, 0.17410609775]
    ],
    [
      [0.421885, 0.38487558265, 0.043376899998, 0.14986251734],
      [0.45716760868, 0.32019913633, 0.072172986964, 0.15046026802]
    ],
    [
      [0.36208250969, 0.4522801094, 0.045616220081, 0.14002116083],
      [0.39375247093, 0.4031596718, 0.063151339756, 0.13993651752]
    ],
    [
      [0.37513209605, 0.27658265782, 0.070336876726, 0.2779483694],
      [0.39251746729, 0.18164459418, 0.14056231699, 0.28527562153]
    ],
    [
      [0.36953451141, 0.43709869645, 0.026581502001, 0.16678529013],
      [0.37119697065, 0.41174620913, 0.038790423426, 0.1782663968]
    ],
    [
      [0.47086622086, 0.34959448345, 0.067272585399, 0.11226671029],
      [0.50740133742, 0.31121654964, 0.078182243802, 0.10319986914]
    ],
    [
      [0.31665375931, 0.4502431666, 0.024455990806, 0.20864708329],
      [0.33003872207, 0.40927050021, 0.046632027581, 0.21405875014]
    ],
    [
      [0.39568093351, 0.38279588851, 0.033126761403, 0.18839641657],
      [0.41295719946, 0.33161233446, 0.06061971579, 0.19481075029]
    ],
    [
      [0.32264649302, 0.44221541311, 0.063845166264, 0.17129292761],
      [0.31206052095, 0.43335376066, 0.088464501207, 0.16612121717]
    ],
    [
      [0.3278705855, 0.47103137997, 0.014295852992, 0.18680218154],
      [0.3363882435, 0.42690586009, 0.037112441023, 0.19959345538]
    ],
    [
      [0.4021322843, 0.40138700042, 0.015732091485, 0.18074862379],
      [0.43360314709, 0.35583899874, 0.032803725545, 0.17775412862]
    ],
    [
      [0.39240621837, 0.32880717727, 0.013533714608, 0.26525288976],
      [0.42692340759, 0.28877455333, 0.042925920937, 0.24137611814]
    ],
    [
      [0.35429833367, 0.4055562015, 0.042445428395, 0.19770003643],
      [0.3733038881, 0.35370219651, 0.067627333745, 0.20536658165]
    ],
    [
      [0.4268484817, 0.4171299596, 0.015508420457, 0.14051313824],
      [0.47743124438, 0.35124549959, 0.032783726392, 0.13853952963]
    ],
    [
      [0.31348083809, 0.46826565417, 0.042928379735, 0.175325128],
      [0.29897734605, 0.43382542845, 0.072393464173, 0.19480376133]
    ],
    [
      [0.42663000576, 0.40233647178, 0.031824699531, 0.13920882293],
      [0.45778999808, 0.34588784274, 0.082725100156, 0.11359705902]
    ],
    [
      [0.44841756507, 0.42797329215, 0.027959082771, 0.09565006001],
      [0.47798254443, 0.37595508373, 0.058152120071, 0.087910251777]
    ],
    [
      [0.46529308986, 0.37591068178, 0.02557687925, 0.13321934911],
      [0.5412749095, 0.29825695709, 0.059497880292, 0.10097025312]
    ],
    [
      [0.35655011849, 0.53163344439, 0.037715353693, 0.074101083428],
      [0.38957812062, 0.43074126919, 0.08318668652, 0.09649392367]
    ],
    [
      [0.43834413712, 0.35830839956, 0.038091414819, 0.1652560485],
      [0.47999658828, 0.29474471593, 0.08007639532, 0.14518230047]
    ],
    [
      [0.45140092648, 0.38981178096, 0.033242343647, 0.12554494891],
      [0.4783561055, 0.34660630131, 0.086514309376, 0.088523283821]
    ],
    [
      [0.41597467979, 0.39532639878, 0.022484642482, 0.16621427895],
      [0.47170293322, 0.3252929826, 0.05731420896, 0.14568987522]
    ],
    [
      [0.39275530184, 0.32902806976, 0.0043812331945, 0.2738353952],
      [0.44377543631, 0.30296222077, 0.025776804161, 0.22748553876]
    ],
    [
      [0.41773749987, 0.41455423369, 0.028712408369, 0.13899585807],
      [0.43550923919, 0.34998288052, 0.088549497689, 0.1259583826]
    ],
    [
      [0.37891703199, 0.48745301914, 0.027809583923, 0.10582036495],
      [0.40629750993, 0.42582572156, 0.069615319088, 0.098261449431]
    ],
    [
      [0.46783833807, 0.40513638546, 0.026808388437, 0.10021688803],
      [0.49861842408, 0.3563358501, 0.059018960052, 0.086026765765]
    ],
    [
      [0.38607362184, 0.45668336697, 0.032638740674, 0.12460427053],
      [0.42901840432, 0.38493226954, 0.079931473998, 0.10611785214]
    ],
    [
      [0.41735544389, 0.38186328764, 0.052146893897, 0.14863437457],
      [0.43444268188, 0.32529127731, 0.10329973998, 0.13696630083]
    ],
    [
      [0.36628529042, 0.51193588669, 0.067117354186, 0.054661468697],
      [0.41123823653, 0.42935470444, 0.097627548605, 0.061779510434]
    ],
    [
      [0.41746940255, 0.37011869594, 0.042538160363, 0.16987374115],
      [0.47270394469, 0.29204246745, 0.091189900151, 0.14406368771]
    ],
    [
      [0.36300551143, 0.47190938686, 0.02603047604, 0.13905462567],
      [0.39717575013, 0.39354307438, 0.081688101306, 0.12759307419]
    ],
