{
  "X": [
    [32, 5, 55, 8],
    [27, 5, 54, 14],
    [39, 6, 43, 12],
    [35, 4, 48, 13],
    [38, 5, 44, 13],
    [34, 4, 48, 14],
    [39, 8, 37, 16],
    [33, 8, 43, 16],
    [34, 5, 47, 14],
    [30, 8, 47, 15],
    [31, 4, 53, 12],
    [29, 5, 47, 19],
    [28, 6, 43, 23],
    [34, 5, 47, 14],
    [40, 7, 44, 9],
    [31, 3, 52, 14],
    [31, 4, 45, 20],
    [26, 4, 55, 15],
    [28, 7, 55, 10],
    [26, 3, 54, 17],
    [32, 5, 49, 14],
    [30, 4, 50, 16],
    [28, 10, 50, 12],
    [37, 6, 41, 16],
    [30, 3, 54, 13],
    [17, 20, 34, 29],
    [15, 8, 32, 45],
    [15, 15, 32, 38],
    [10, 20, 30, 40],
    [12, 10, 41, 37],
    [13, 13, 33, 41],
    [23, 10, 24, 43],
    [12, 10, 30, 48],
    [16, 6, 37, 41],
    [14, 18, 30, 38],
    [17, 14, 39, 30],
    [9, 12, 38, 41],
    [12, 15, 35, 38],
    [17, 14, 32, 37],
    [11, 17, 30, 42],
    [19, 9, 34, 38],
    [20, 9, 34, 37],
    [13, 12, 32, 43],
    [14, 17, 29, 40],
    [14, 9, 29, 48],
    [16, 15, 26, 43],
    [14, 12, 32, 42],
    [12, 11, 37, 40],
    [12, 13, 28, 47],
    [11, 14, 32, 43]
  ],
  "W": [
    [78, 22],
    [78, 22],
    [77, 23],
    [72, 28],
    [75, 25],
    [76, 24],
    [67, 33],
    [73, 27],
    [71, 29],
    [70, 30],
    [76, 24],
    [68, 32],
    [72, 28],
    [69, 31],
    [82, 18],
    [81, 19],
    [71, 29],
    [74, 26],
    [78, 22],
    [74, 26],
    [78, 22],
    [76, 24],
    [79, 21],
    [77, 23],
    [79, 21],
    [29, 71],
    [23, 77],
    [33, 67],
    [24, 76],
    [27, 73],
    [23, 77],
    [25, 75],
    [24, 76],
    [25, 75],
    [25, 75],
    [31, 69],
    [25, 75],
    [21, 79],
    [23, 77],
    [23, 77],
    [28, 72],
    [29, 71],
    [23, 77],
    [33, 67],
    [21, 79],
    [23, 77],
    [24, 76],
    [25, 75],
    [20, 80],
    [22, 78]
  ],
  "method": "mcmc",
  "mcmc_stepsize": 3000,
  "mcmc_samples": 100,
  "burn_in": 10000,
  "cond_prob": [
    [
      [0.39051311705, 0.036557198443, 0.57229310176, 0.00063658275241],
      [0.069998948647, 0.097660841884, 0.47096082104, 0.36137938842]
    ],
    [
      [0.34101385665, 0.03844926153, 0.61250664144, 0.0080302403802],
      [0.018223599145, 0.090952618211, 0.28293099854, 0.60789278411]
    ],
    [
      [0.48199570481, 0.042987807299, 0.47241794624, 0.0025985416495],
      [0.082014379537, 0.11695386252, 0.28799209303, 0.51303966491]
    ],
    [
      [0.4457895257, 0.025198846007, 0.52726553747, 0.0017460908245],
      [0.10368407678, 0.078060110268, 0.3584600465, 0.45979576645]
    ],
    [
      [0.47947696749, 0.035132680157, 0.48270905171, 0.0026813006401],
      [0.081569097521, 0.09460195953, 0.31187284487, 0.51195609808]
    ],
    [
      [0.433639499, 0.031413714049, 0.53028410005, 0.0046626869092],
      [0.043474919848, 0.067189905512, 0.32076701652, 0.56856815812]
    ],
    [
      [0.52830631531, 0.073458486055, 0.39583675656, 0.0023984420722],
      [0.10919626891, 0.093281255585, 0.31754355486, 0.47997892064]
    ],
    [
      [0.43055071562, 0.071972517454, 0.4947674588, 0.0027093081242],
      [0.058140657776, 0.10170393429, 0.25488798175, 0.58526742618]
    ],
    [
      [0.43683841657, 0.037179346475, 0.52497602276, 0.0010062141992],
      [0.10291284219, 0.081388496561, 0.33540353049, 0.48029513075]
    ],
    [
      [0.39576616786, 0.067394314991, 0.53511464231, 0.0017248748364],
      [0.076545608318, 0.10941326502, 0.31806583461, 0.49597529205]
    ],
    [
      [0.39818676095, 0.026066591168, 0.57232123869, 0.0034254091894],
      [0.030741923658, 0.084122461302, 0.39598274414, 0.4891528709]
    ],
    [
      [0.41398126876, 0.040785927231, 0.54080569215, 0.0044271118648],
      [0.026539803892, 0.069579904635, 0.31953790419, 0.58434238729]
    ],
    [
      [0.3638579065, 0.052233074242, 0.55318857969, 0.030720439576],
      [0.064365383298, 0.079972094806, 0.11322936652, 0.74243315538]
    ],
    [
      [0.44685045921, 0.034487451385, 0.51821726747, 0.00044482193154],
      [0.10217155853, 0.084527930788, 0.36267769498, 0.4506228157]
    ],
    [
      [0.47572582083, 0.050896319474, 0.4716896813, 0.0016881783977],
      [0.055026816239, 0.15702787795, 0.29563589629, 0.49230940952]
    ],
    [
      [0.36940796569, 0.0292308874, 0.58903172149, 0.012329425426],
      [0.056734462072, 0.033278848452, 0.22570687156, 0.68427981792]
    ],
    [
      [0.42827009199, 0.030814367059, 0.53362104708, 0.007294493869],
      [0.020442188583, 0.062488963407, 0.24527260886, 0.67179623915]
    ],
    [
      [0.34048680566, 0.02686163287, 0.62991742834, 0.0027341331338],
      [0.030922168513, 0.077393814139, 0.32254270396, 0.56914131339]
    ],
    [
      [0.34854256776, 0.055853620955, 0.59445871756, 0.0011450937259],
      [0.036985441586, 0.12015534389, 0.39237363774, 0.45048557679]
    ],
    [
      [0.34611481454, 0.022895271072, 0.6262175746, 0.0047723397832],
      [0.014903989373, 0.050221151564, 0.29461151845, 0.64026334062]
    ],
    [
      [0.40124035093, 0.037000093985, 0.55445257846, 0.0073069766274],
      [0.03196602853, 0.09609057587, 0.26148631273, 0.61045708287]
    ],
    [
      [0.37965483662, 0.031835665622, 0.58056807343, 0.0079414243258],
      [0.047759684023, 0.06585372553, 0.24486776748, 0.64151882297]
    ],
    [
      [0.34628250458, 0.087446703755, 0.56247552685, 0.0037952648214],
      [0.030651530406, 0.14722430492, 0.26497301805, 0.55715114662]
    ],
    [
      [0.45225338309, 0.047605839088, 0.48539561979, 0.014745158034],
      [0.09462997836, 0.10149349523, 0.15758857722, 0.64628794919]
    ],
    [
      [0.37397589519, 0.022931812399, 0.59519367281, 0.0078986196007],
      [0.021709727615, 0.056589848596, 0.33236665943, 0.58933376436]
    ],
    [
      [0.40120699096, 0.1248773555, 0.46426737659, 0.0096482769505],
      [0.07556334172, 0.23068389705, 0.28924290252, 0.40450985871]
    ],
    [
      [0.43439950909, 0.056351358791, 0.48123154865, 0.02801758347],
      [0.065049497285, 0.087063879842, 0.27183992703, 0.57604669585]
    ],
    [
      [0.38458459846, 0.12894654874, 0.48373970748, 0.0027291453216],
      [0.0344583321, 0.16036961032, 0.23935208438, 0.5658199732]
    ],
    [
      [0.34268002618, 0.1263550148, 0.53000111672, 0.00096384229878],
      [0.02336420226, 0.22325631111, 0.2273680684, 0.52601141822]
    ],
    [
      [0.33925054091, 0.10891747462, 0.55146029942, 0.00037168505429],
      [0.038907334185, 0.096701755964, 0.35767906734, 0.50671184251]
    ],
    [
      [0.35278148623, 0.13393395234, 0.50625156025, 0.0070330011806],
      [0.063454880735, 0.12882492333, 0.27735343006, 0.53036676588]
    ],
    [
      [0.63187172723, 0.084386857787, 0.25571182528, 0.028029589707],
      [0.09604275759, 0.10520438074, 0.23476272491, 0.56399013676]
    ],
    [
      [0.34900300856, 0.12343784946, 0.52352180117, 0.0040373408061],
      [0.047683260455, 0.092598573855, 0.22941416805, 0.63030399764]
    ],
    [
      [0.43109869908, 0.083910966897, 0.48412358083, 0.00086675319687],
      [0.069633766973, 0.052029677701, 0.33195880639, 0.54637774893]
    ],
    [
      [0.39245301532, 0.13319589413, 0.46741430734, 0.0069367832111],
      [0.055848994893, 0.19560136862, 0.24419523089, 0.5043544056]
    ],
    [
      [0.40872455957, 0.13551304441, 0.44758969899, 0.0081726970263],
      [0.062746937003, 0.1420158786, 0.36412636712, 0.43111081728]
    ],
    [
      [0.28311164514, 0.11480052115, 0.59284695923, 0.0092408744848],
      [0.025629451621, 0.12173315962, 0.30905101359, 0.54358637517]
    ],
    [
      [0.38073016747, 0.1436794049, 0.47020617197, 0.0053842556608],
      [0.0506919808, 0.15168015819, 0.31804646062, 0.47958140039]
    ],
    [
      [0.39763535791, 0.13243473364, 0.46384568194, 0.0060842265127],
      [0.10200502296, 0.14225975489, 0.27703310799, 0.47870211416]
    ],
    [
      [0.33011971506, 0.13417035487, 0.53286504045, 0.0028448896124],
      [0.044249955241, 0.18070236153, 0.23044291, 0.54460477323]
    ],
    [
