{
  "X": [
    [28, 9, 15, 48],
    [18, 4, 16, 62],
    [20, 10, 17, 53],
    [24, 7, 16, 53],
    [20, 6, 18, 56],
    [15, 12, 11, 62],
    [15, 6, 18, 61],
    [32, 6, 9, 53],
    [22, 11, 16, 51],
    [19, 5, 14, 62],
    [16, 13, 13, 58],
    [16, 13, 13, 58],
    [22, 8, 17, 53],
    [17, 9, 13, 61],
    [23, 8, 20, 49],
    [25, 8, 15, 52],
    [14, 8, 15, 63],
    [15, 12, 18, 55],
    [25, 9, 15, 51],
    [21, 13, 19, 47],
    [21, 8, 16, 55],
    [21, 12, 20, 47],
    [20, 11, 13, 56],
    [26, 8, 20, 46],
    [29, 5, 22, 44],
    [26, 11, 12, 51],
    [27, 9, 3, 61],
    [23, 15, 11, 51],
    [23, 12, 7, 58],
    [18, 12, 6, 64],
    [23, 9, 16, 52],
    [23, 19, 9, 49],
    [21, 11, 10, 58],
    [24, 11, 13, 52],
    [26, 7, 9, 58],
    [14, 3, 16, 67],
    [18, 5, 19, 58],
    [10, 12, 10, 68],
    [15, 10, 10, 65],
    [11, 9, 7, 73],
    [20, 17, 5, 58],
    [22, 11, 11, 56],
    [23, 8, 9, 60],
    [14, 6, 13, 67],
    [17, 12, 9, 62],
    [19, 3, 15, 63],
    [21, 18, 11, 50],
    [14, 11, 14, 61],
    [16, 8, 12, 64],
    [18, 12, 15, 55]
  ],
  "W": [
    [74, 26],
    [74, 26],
    [79, 21],
    [75, 25],
    [71, 29],
    [74, 26],
    [81, 19],
    [71, 29],
    [77, 23],
    [68, 32],
    [72, 28],
    [76, 24],
    [71, 29],
    [75, 25],
    [73, 27],
    [77, 23],
    [75, 25],
    [82, 18],
    [77, 23],
    [74, 26],
    [78, 22],
    [71, 29],
    [81, 19],
    [82, 18],
    [70, 30],
    [23, 77],
    [23, 77],
    [29, 71],
    [24, 76],
    [22, 78],
    [32, 68],
    [30, 70],
    [22, 78],
    [21, 79],
    [30, 70],
    [28, 72],
    [25, 75],
    [21, 79],
    [22, 78],
    [25, 75],
    [32, 68],
    [22, 78],
    [23, 77],
    [29, 71],
    [23, 77],
    [28, 72],
    [22, 78],
    [22, 78],
    [24, 76],
    [20, 80]
  ],
  "method": "mcmc",
  "mcmc_stepsize": 3000,
  "mcmc_samples": 100,
  "burn_in": 10000,
  "cond_prob": [
    [
      [0.28615220099, 0.077774281016, 0.17014804591, 0.46592547208],
      [0.26248988949, 0.12479627711, 0.092655561635, 0.52005827177]
    ],
    [
      [0.18552062653, 0.038966970016, 0.18022030516, 0.5952920983],
      [0.16428744758, 0.042940162262, 0.10244990071, 0.69032248945]
    ],
    [
      [0.21128190439, 0.093263822219, 0.18421204974, 0.51124222365],
      [0.15755855015, 0.12534085927, 0.11653562239, 0.60056496818]
    ],
    [
      [0.2457411519, 0.061505349542, 0.17419954959, 0.51855394897],
      [0.22277654431, 0.095483951373, 0.11740135122, 0.56433815309]
    ],
    [
      [0.20077317987, 0.052599068675, 0.20157871375, 0.54504903771],
      [0.19810704238, 0.07811952152, 0.127169356, 0.5966040801]
    ],
    [
      [0.15785549993, 0.10980887344, 0.12446068967, 0.60787493696],
      [0.12764203866, 0.14900551406, 0.068842652479, 0.6545097948]
    ],
    [
      [0.15490942665, 0.059697282767, 0.19549630635, 0.58989698424],
      [0.12907033902, 0.061290531362, 0.11393679925, 0.69570233036]
    ],
    [
      [0.33433421865, 0.054810515735, 0.10010091301, 0.51075435261],
      [0.28490587848, 0.072705289063, 0.065270178495, 0.57711865396]
    ],
    [
      [0.22965520419, 0.10162356908, 0.17404380074, 0.49467742599],
      [0.18767605553, 0.13804283393, 0.11298379753, 0.56129731301]
    ],
    [
      [0.19654248935, 0.047784857412, 0.16398676626, 0.59168588698],
      [0.17609721013, 0.054707177999, 0.089028121703, 0.68016749017]
    ],
    [
      [0.16237854088, 0.11601193203, 0.14702650268, 0.57458302441],
      [0.15388375202, 0.16596931764, 0.086217564535, 0.5939293658]
    ],
    [
      [0.16513493405, 0.11854748726, 0.14309125463, 0.57322632406],
      [0.14373937552, 0.16626629034, 0.088544360331, 0.60144997381]
    ],
    [
      [0.22371631484, 0.069139857426, 0.19535672051, 0.51178710723],
      [0.21090143608, 0.10658862492, 0.10791975323, 0.57459018576]
    ],
    [
      [0.17350437268, 0.084635311449, 0.14715093718, 0.59470937868],
      [0.15948688195, 0.10609406565, 0.078547188446, 0.65587186395]
    ],
    [
      [0.23853830519, 0.069714584957, 0.22435281366, 0.4673942962],
      [0.20691495264, 0.10780871475, 0.13415720752, 0.55111912509]
    ],
    [
      [0.26182306025, 0.070811125816, 0.16389863183, 0.5034671821],
      [0.21041845047, 0.1107627527, 0.10346979778, 0.57534899904]
    ],
    [
      [0.14621520916, 0.077273892425, 0.16820478604, 0.60830611237],
      [0.12135437252, 0.088178322725, 0.09538564187, 0.69508166289]
    ],
    [
      [0.1565856196, 0.11352922206, 0.19462294401, 0.53526221433],
      [0.11999884406, 0.14947798839, 0.11338436618, 0.61713880137]
    ],
    [
      [0.26216736125, 0.077910336538, 0.16490117808, 0.49502112413],
      [0.20926579058, 0.13047409072, 0.1001134473, 0.5601466714]
    ],
    [
      [0.21114184368, 0.11872135577, 0.21179451602, 0.45834228453],
      [0.20675013721, 0.16210075666, 0.1279694544, 0.50317965174]
    ],
    [
      [0.21824973714, 0.07470175035, 0.1761734444, 0.53087506811],
      [0.18075093195, 0.098784703305, 0.10265778804, 0.6178065767]
    ],
    [
      [0.20514441675, 0.11165211134, 0.22651759887, 0.45668587304],
      [0.22188780727, 0.1404379343, 0.13507760276, 0.50259665566]
    ],
    [
      [0.21315718095, 0.10287090357, 0.13689592931, 0.54707598616],
      [0.14390886015, 0.14039246372, 0.10060156451, 0.61509711162]
    ],
    [
      [0.26611481609, 0.075311627201, 0.21181722166, 0.44675633506],
      [0.2321436156, 0.10135814275, 0.14616599023, 0.52033225141]
    ],
    [
      [0.30359362408, 0.047860143912, 0.25480417041, 0.39374206159],
      [0.25828154381, 0.05499299754, 0.13879026904, 0.54793518961]
    ],
    [
      [0.30104210876, 0.083012816801, 0.14538685756, 0.47055821688],
      [0.24774066881, 0.11806110667, 0.11241691268, 0.52178131184]
    ],
    [
      [0.32657867855, 0.063630532601, 0.034085959097, 0.57570482975],
      [0.25309987524, 0.097876594158, 0.028779518711, 0.62024401189]
    ],
    [
      [0.25270943942, 0.15018659354, 0.15456417148, 0.44253979557],
      [0.22072431348, 0.14992378574, 0.091797732776, 0.53755416801]
    ],
    [
      [0.29080791728, 0.097848634451, 0.085235010692, 0.52610843757],
      [0.21079749981, 0.12699516807, 0.065188943992, 0.59701838813]
    ],
    [
      [0.18791023788, 0.090331535665, 0.072855865114, 0.64890236134],
      [0.17776890726, 0.1283680284, 0.056373986763, 0.63748907757]
    ],
    [
      [0.26456426728, 0.084737297483, 0.20408635234, 0.44661208289],
      [0.21373446245, 0.09247656589, 0.13925348125, 0.55453549041]
    ],
    [
      [0.24791149187, 0.16566336085, 0.13815419131, 0.44827095596],
      [0.22232364634, 0.20042998821, 0.069362489438, 0.50788387602]
    ],
    [
      [0.2104434683, 0.07438192521, 0.14686157496, 0.56831303153],
      [0.2098749192, 0.12004612366, 0.086782632702, 0.58329632444]
    ],
    [
      [0.27106570259, 0.072690055558, 0.16065770515, 0.49558653671],
      [0.23174202843, 0.11991783333, 0.12185048344, 0.5264896548]
    ],
    [
      [0.29227943208, 0.044911616966, 0.11591034885, 0.54689860211],
      [0.24616595768, 0.080752164158, 0.078895564779, 0.59418631338]
    ],
    [
      [0.15273068178, 0.01716095524, 0.21845939528, 0.6116489677],
      [0.13504917931, 0.034992961851, 0.13726579072, 0.69269206812]
    ],
    [
      [0.19198105866, 0.059888627743, 0.24604200118, 0.50208831242],
      [0.17600631378, 0.046703790752, 0.17131933294, 0.60597056253]
    ],
    [
      [0.10802076693, 0.068748391969, 0.15951353079, 0.66371731032],
      [0.097867897399, 0.13362384517, 0.084179947512, 0.68432830992]
    ],
    [
      [0.14521641145, 0.05848545177, 0.15993347955, 0.63636465723],
      [0.15134921728, 0.11170923155, 0.083095685254, 0.65384586591]
    ],
    [
      [0.10289200824, 0.065154567186, 0.094697652302, 0.73725577227],
      [0.11236933059, 0.098281810938, 0.061767449233, 0.72758140924]
    ],
    [
      [0.23910844835, 0.16892538176, 0.067812323821, 0.52415384607],
      [0.18159602431, 0.1705057027, 0.041617729967, 0.60628054303]
