{
  "X": [
    [52, 4, 23, 21],
    [59, 6, 19, 16],
    [56, 12, 15, 17],
    [63, 6, 10, 21],
    [54, 8, 22, 16],
    [58, 6, 15, 21],
    [60, 9, 16, 15],
    [66, 10, 15, 9],
    [52, 9, 23, 16],
    [45, 12, 19, 24],
    [55, 9, 24, 12],
    [57, 4, 24, 15],
    [48, 4, 25, 23],
    [59, 10, 20, 11],
    [61, 2, 15, 22],
    [57, 7, 19, 17],
    [54, 8, 19, 19],
    [64, 4, 16, 16],
    [52, 7, 20, 21],
    [49, 11, 16, 24],
    [67, 6, 16, 11],
    [55, 6, 26, 13],
    [55, 6, 21, 18],
    [52, 8, 25, 15],
    [65, 8, 15, 12],
    [55, 11, 20, 14],
    [49, 16, 24, 11],
    [56, 13, 24, 7],
    [54, 23, 19, 4],
    [49, 13, 26, 12],
    [62, 17, 12, 9],
    [58, 12, 23, 7],
    [65, 7, 21, 7],
    [61, 11, 24, 4],
    [56, 15, 15, 14],
    [56, 17, 17, 10],
    [64, 10, 17, 9],
    [52, 12, 26, 10],
    [54, 16, 23, 7],
    [54, 17, 21, 8],
    [50, 15, 25, 10],
    [54, 12, 22, 12],
    [52, 16, 23, 9],
    [56, 20, 21, 3],
    [53, 11, 29, 7],
    [59, 14, 22, 5],
    [54, 14, 20, 12],
    [44, 11, 33, 12],
    [55, 16, 19, 10],
    [55, 9, 26, 10]
  ],
  "W": [
    [73, 27],
    [72, 28],
    [76, 24],
    [71, 29],
    [75, 25],
    [79, 21],
    [75, 25],
    [81, 19],
    [77, 23],
    [72, 28],
    [79, 21],
    [79, 21],
    [82, 18],
    [72, 28],
    [69, 31],
    [70, 30],
    [74, 26],
    [77, 23],
    [79, 21],
    [70, 30],
    [67, 33],
    [73, 27],
    [82, 18],
    [81, 19],
    [79, 21],
    [25, 75],
    [32, 68],
    [21, 79],
    [22, 78],
    [21, 79],
    [26, 74],
    [30, 70],
    [24, 76],
    [33, 67],
    [29, 71],
    [24, 76],
    [24, 76],
    [25, 75],
    [15, 85],
    [22, 78],
    [29, 71],
    [26, 74],
    [23, 77],
    [18, 82],
    [25, 75],
    [20, 80],
    [26, 74],
    [20, 80],
    [23, 77],
    [33, 67]
  ],
  "method": "mcmc",
  "mcmc_stepsize": 3000,
  "mcmc_samples": 100,
  "burn_in": 10000,
  "cond_prob": [
    [
      [0.52631706599, 0.035844685811, 0.18993206461, 0.24790618359],
      [0.50292052529, 0.051234738363, 0.33833182532, 0.10751291103]
    ],
    [
      [0.58844748394, 0.055699811848, 0.16176003924, 0.19409266497],
      [0.59399218415, 0.071057626677, 0.26261704196, 0.072333147214]
    ],
    [
      [0.5732379173, 0.11273164708, 0.1191252485, 0.19490518712],
      [0.51807992855, 0.1430164509, 0.24777004641, 0.091133574135]
    ],
    [
      [0.61069022443, 0.045330525986, 0.093190306645, 0.25078894293],
      [0.67727565742, 0.095914919139, 0.11667200787, 0.11013741557]
    ],
    [
      [0.56450796019, 0.069207135812, 0.17725798677, 0.18902691722],
      [0.46647611942, 0.11237859257, 0.34822603969, 0.072919248326]
    ],
    [
      [0.57366110425, 0.053454142776, 0.13148901982, 0.24139573315],
      [0.6038463221, 0.084624891462, 0.21963654447, 0.09189224196]
    ],
    [
      [0.60258997408, 0.089123006966, 0.12713028039, 0.18115673857],
      [0.59223007777, 0.092630979102, 0.25860915883, 0.056529784298]
    ],
    [
      [0.66267658273, 0.09562161565, 0.13539179956, 0.10631000206],
      [0.64858930519, 0.11866574381, 0.21227706504, 0.02046788596]
    ],
    [
      [0.53415766579, 0.083825377689, 0.19325244273, 0.18876451379],
      [0.47260259715, 0.11067156165, 0.35302443085, 0.063701410355]
    ],
    [
      [0.47577878171, 0.10126835623, 0.14437349899, 0.27857936307],
      [0.38371170418, 0.16816708397, 0.3073252883, 0.14079592354]
    ],
    [
      [0.56074543354, 0.088972037995, 0.20744061282, 0.14284191564],
      [0.50957670238, 0.093867095162, 0.36248531369, 0.034070888767]
    ],
    [
      [0.58263088764, 0.037536997156, 0.20721304537, 0.17261906983],
      [0.52248380365, 0.049265582126, 0.36334140074, 0.06490921348]
    ],
    [
      [0.47876403622, 0.037684505695, 0.22749973148, 0.25605172661],
      [0.48563050166, 0.050548362944, 0.35250122327, 0.11131991212]
    ],
    [
      [0.60771924432, 0.10112354908, 0.15637107757, 0.13478612903],
      [0.54443622889, 0.097110873803, 0.31218865768, 0.046264239633]
    ],
    [
      [0.58941065918, 0.01617009982, 0.1208032544, 0.27361598661],
      [0.65582788764, 0.02852461653, 0.21498630473, 0.1006611911]
    ],
    [
      [0.56665302322, 0.067146929163, 0.15981379922, 0.2063862484],
      [0.57780961249, 0.076657165287, 0.2604344685, 0.085098753727]
    ],
    [
      [0.54531205092, 0.070525368791, 0.15487441848, 0.22928816181],
      [0.52488108584, 0.10696625806, 0.28997280894, 0.078179847167]
    ],
    [
      [0.64283910846, 0.038162481426, 0.13525319997, 0.18374521014],
      [0.63049515862, 0.046151692618, 0.24284798271, 0.080505166048]
    ],
    [
      [0.52766924774, 0.062400094752, 0.16444794392, 0.24548271359],
      [0.49114902041, 0.098590119743, 0.33374344905, 0.076517410793]
    ],
    [
      [0.50713060976, 0.093837612846, 0.11878500234, 0.28024677506],
      [0.45002857723, 0.14771223669, 0.25616832787, 0.1460908582]
    ],
    [
      [0.67578286843, 0.055157484718, 0.13010328226, 0.13895636459],
      [0.6582590247, 0.069831773452, 0.22069939663, 0.05120980522]
    ],
    [
      [0.57385802278, 0.050361547042, 0.21632245971, 0.15945797047],
      [0.48549497546, 0.08605952096, 0.37809112744, 0.050354376144]
    ],
    [
      [0.55157363286, 0.056513424677, 0.18601819113, 0.20589475133],
      [0.5428312281, 0.075883287582, 0.31925046261, 0.062035021703]
    ],
    [
      [0.53365780871, 0.072000724469, 0.2215353613, 0.17280610553],
      [0.46177460499, 0.11410217463, 0.37134924921, 0.05277397117]
    ],
    [
      [0.64913766424, 0.076476680668, 0.12970263637, 0.14468301872],
      [0.653244025, 0.093254391773, 0.2263567489, 0.027144834326]
    ],
    [
      [0.56394944695, 0.072767403862, 0.1169849236, 0.24629822558],
      [0.54535018435, 0.12241086538, 0.22767169213, 0.10456725814]
    ],
    [
      [0.51251006776, 0.10051745471, 0.17839920284, 0.20857327469],
      [0.47940702694, 0.18799178602, 0.26898861043, 0.063612576615]
    ],
    [
      [0.5890005024, 0.088902152807, 0.17871873182, 0.14337861297],
      [0.55229100569, 0.14092474419, 0.25628995736, 0.050494292754]
    ],
    [
      [0.6127567792, 0.1349180754, 0.14091231514, 0.11141283026],
      [0.51947885715, 0.25681797873, 0.20384524445, 0.019857919671]
    ],
    [
      [0.54725897732, 0.083344330219, 0.16304908754, 0.20634760493],
      [0.47477925919, 0.14240214007, 0.28577176154, 0.097046839196]
    ],
    [
      [0.66421606157, 0.10633877641, 0.071818565438, 0.15762659658],
      [0.60446462702, 0.19236745694, 0.13692861214, 0.066239303904]
    ],
    [
      [0.60496480334, 0.097394680856, 0.16947445552, 0.12816606028],
      [0.56930079857, 0.12968799392, 0.25593951906, 0.045071688452]
    ],
    [
      [0.67219263245, 0.037057417082, 0.1538263526, 0.13692359787],
      [0.64299180028, 0.080402920922, 0.22773904655, 0.04886623225]
    ],
    [
      [0.67727168566, 0.071907280449, 0.17044135037, 0.080379683522],
      [0.57686618467, 0.12876208575, 0.27426023042, 0.020111499161]
    ],
    [
      [0.58647182486, 0.098779798412, 0.080409109864, 0.23433926686],
      [0.54918756449, 0.17092092741, 0.17842444808, 0.10146706001]
    ],
    [
      [0.58980793491, 0.12002738592, 0.10009225243, 0.19007242675],
      [0.55058696792, 0.1857808255, 0.19207613081, 0.071556075765]
    ],
    [
      [0.64420676695, 0.068944166833, 0.10967620982, 0.17717285639],
      [0.63867154728, 0.10980710521, 0.18904961795, 0.06247172956]
    ],
    [
      [0.55193619662, 0.080764882911, 0.17322863514, 0.19407028534],
      [0.50935460113, 0.13307837236, 0.28892378829, 0.068643238221]
    ],
    [
      [0.57892041527, 0.090044985141, 0.15225440844, 0.17878019115],
      [0.53313169142, 0.17234500262, 0.24371981027, 0.05080349568]
    ],
    [
      [0.57177647133, 0.12165774194, 0.14568178829, 0.16088399844],
      [0.53103740552, 0.18363499586, 0.22814103407, 0.057186564541]
    ],
    [
      [0.51931760521, 0.10886947359, 0.17640844072, 0.19540448048],
