{
  "X": [
    [10, 35, 55],
    [6, 52, 42],
    [6, 32, 62],
    [9, 50, 41],
    [4, 51, 45],
    [9, 31, 60],
    [13, 43, 44],
    [10, 46, 44],
    [9, 40, 51],
    [10, 44, 46],
    [8, 47, 45],
    [9, 42, 49],
    [10, 49, 41],
    [10, 44, 46],
    [8, 32, 60],
    [13, 39, 48],
    [9, 45, 46],
    [10, 39, 51],
    [6, 45, 49],
    [7, 43, 50],
    [8, 49, 43],
    [6, 51, 43],
    [10, 45, 45],
    [6, 43, 51],
    [8, 42, 50],
    [14, 31, 55],
    [23, 26, 51],
    [17, 34, 49],
    [32, 27, 41],
    [23, 31, 46],
    [16, 25, 59],
    [23, 31, 46],
    [21, 28, 51],
    [21, 28, 51],
    [26, 31, 43],
    [19, 26, 55],
    [21, 28, 51],
    [19, 29, 52],
    [31, 25, 44],
    [21, 28, 51],
    [19, 25, 56],
    [25, 32, 43],
    [29, 24, 47],
    [23, 36, 41],
    [23, 26, 51],
    [20, 23, 57],
    [20, 37, 43],
    [26, 22, 52],
    [18, 31, 51],
    [25, 33, 42]
  ],
  "W": [
    [67, 33],
    [87, 13],
    [70, 30],
    [80, 20],
    [76, 24],
    [83, 17],
    [72, 28],
    [78, 22],
    [74, 26],
    [73, 27],
    [77, 23],
    [73, 27],
    [65, 35],
    [77, 23],
    [71, 29],
    [67, 33],
    [73, 27],
    [70, 30],
    [74, 26],
    [75, 25],
    [72, 28],
    [73, 27],
    [70, 30],
    [77, 23],
    [75, 25],
    [23, 77],
    [26, 74],
    [29, 71],
    [25, 75],
    [24, 76],
    [23, 77],
    [28, 72],
    [27, 73],
    [24, 76],
    [24, 76],
    [33, 67],
    [26, 74],
    [24, 76],
    [26, 74],
    [25, 75],
    [30, 70],
    [24, 76],
    [22, 78],
    [26, 74],
    [34, 66],
    [27, 73],
    [28, 72],
    [27, 73],
    [27, 73],
    [19, 81]
  ],
  "method": "mult",
  "cond_prob": [
    [
      [0.020822472357, 0.43469768222, 0.54447984542],
      [0.26044978655, 0.18137541691, 0.55817479654]
    ],
    [
      [0.023831348397, 0.56021361322, 0.41595503838],
      [0.31596589556, 0.2423349308, 0.44169917363]
    ],
    [
      [0.013235497026, 0.38253255619, 0.60423194679],
      [0.17553473995, 0.16893629364, 0.65552896641]
    ],
    [
      [0.027141010654, 0.56610492327, 0.40675406608],
      [0.3444757995, 0.23713863978, 0.41838556072]
    ],
    [
      [0.010088755211, 0.56515849906, 0.42475274573],
      [0.15913625642, 0.29547743818, 0.5453863054]
    ],
    [
      [0.031234955788, 0.35465453257, 0.61411051164],
      [0.3378584972, 0.12608973996, 0.53605176285]
    ],
    [
      [0.031293541447, 0.52457618175, 0.4441302768],
      [0.36809075817, 0.20518730924, 0.42672193259]
    ],
    [
      [0.028414925257, 0.53195930317, 0.43962577158],
      [0.34769125619, 0.21532164574, 0.43698709807]
    ],
    [
      [0.022476610874, 0.47212863721, 0.50539475191],
      [0.2831944267, 0.19751077992, 0.51929479338]
    ],
    [
      [0.024205483087, 0.52143240732, 0.45436210959],
      [0.30789167965, 0.22039490751, 0.47171341284]
    ],
    [
      [0.021612149154, 0.53717023325, 0.44121761759],
      [0.28709022538, 0.23628667294, 0.47662310169]
    ],
    [
      [0.021708730835, 0.49598986593, 0.48230140324],
      [0.27991374139, 0.21251125017, 0.50757500844]
    ],
    [
      [0.019053786827, 0.59206379517, 0.38888241801],
      [0.26937808821, 0.27950834938, 0.45111356241]
    ],
    [
      [0.027540650724, 0.51266419339, 0.45979515589],
      [0.33623987285, 0.20725968764, 0.45650043951]
    ],
    [
      [0.018429255367, 0.38644709026, 0.59512365437],
      [0.23054678852, 0.16087431456, 0.60857889692]
    ],
    [
      [0.027436060478, 0.49094177927, 0.48162216025],
      [0.32941924911, 0.19663308871, 0.47394766219]
    ],
    [
      [0.021581417945, 0.52830116443, 0.45011741762],
      [0.28443530878, 0.23136861005, 0.48419608117]
    ],
    [
      [0.022388264287, 0.4731670041, 0.50444473161],
      [0.28193611253, 0.19841589845, 0.51964798902]
    ],
    [
      [0.014523933575, 0.51482253907, 0.47065352736],
      [0.20748527048, 0.24419521775, 0.54831951177]
    ],
    [
      [0.0176861457, 0.49528290997, 0.48703094433],
      [0.23964997632, 0.22264307466, 0.53770694903]
    ],
    [
      [0.018321921531, 0.56872963899, 0.41294843948],
      [0.25818090405, 0.26650213325, 0.4753169627]
    ],
    [
      [0.013915987116, 0.57911462385, 0.40696938903],
      [0.20965401523, 0.28991656878, 0.50042941599]
    ],
    [
      [0.022091171505, 0.53871700048, 0.43919182802],
      [0.29083854507, 0.23617049009, 0.47299096484]
    ],
    [
      [0.016085105948, 0.48769380915, 0.4962210849],
      [0.22159599628, 0.22248055777, 0.55592344595]
    ],
    [
      [0.02039613211, 0.48815399553, 0.49144987236],
      [0.26615185591, 0.21132466405, 0.52252348004]
    ],
    [
      [0.012794365644, 0.50582513674, 0.48138049762],
      [0.18335594397, 0.24408743939, 0.57255661664]
    ],
    [
      [0.024745468122, 0.46744547329, 0.50780905859],
      [0.29954167009, 0.19050598734, 0.50995234257]
    ],
    [
      [0.017238404353, 0.53898765297, 0.44377394268],
      [0.23882427238, 0.25136320758, 0.50981252004]
    ],
    [
      [0.036482843146, 0.5258901904, 0.43762696645],
      [0.40312522466, 0.19565115842, 0.40122361691]
    ],
    [
      [0.02299919128, 0.54140755488, 0.43559325384],
      [0.29723936816, 0.23559804729, 0.46716258454]
    ],
    [
      [0.015573093496, 0.43445310796, 0.54997379854],
      [0.20532177567, 0.19287316956, 0.60180505477]
    ],
    [
      [0.024616026926, 0.53036348098, 0.44502049209],
      [0.31011181981, 0.22492763972, 0.46496054048]
    ],
    [
      [0.022218947197, 0.48420491431, 0.49357613849],
      [0.27962043351, 0.20514849197, 0.51523107452]
    ],
    [
      [0.021148296107, 0.4924838665, 0.4863678374],
      [0.27081513497, 0.21234555182, 0.51683931321]
    ],
    [
      [0.026676902159, 0.55552247045, 0.41780062739],
      [0.3332427304, 0.23365793237, 0.43309933723]
    ],
    [
      [0.022144310965, 0.43306616114, 0.5447895279],
      [0.27050743522, 0.17802353324, 0.55146903154]
    ],
    [
      [0.021854872006, 0.4869414857, 0.49120364229],
      [0.27664634343, 0.20752457905, 0.51582907752]
    ],
    [
      [0.018665460367, 0.49757779534, 0.4837567443],
      [0.24701764865, 0.22171949442, 0.53126285693]
    ],
    [
      [0.036216235457, 0.48805795109, 0.47572581346],
      [0.39316655864, 0.17838599564, 0.42844744572]
    ],
    [
      [0.021498077805, 0.48970098205, 0.48880094015],
      [0.27371165771, 0.20992332439, 0.51636501791]
    ],
    [
      [0.021221648437, 0.42689383482, 0.55188451674],
      [0.26087959603, 0.1766413886, 0.56247901537]
    ],
    [
      [0.025224719908, 0.56391573239, 0.4108595477],
      [0.32212642528, 0.24247547685, 0.43539809787]
    ],
    [
      [0.031446225519, 0.47499281388, 0.4935609606],
      [0.35568834257, 0.18091299284, 0.4633986646]
    ],
    [
      [0.022907882186, 0.59916905873, 0.37792305909],
      [0.30776487734, 0.27101890815, 0.42121621451]
    ],
    [
      [0.028249751113, 0.44616932577, 0.52558092312],
      [0.32542967129, 0.1729449067, 0.50162542201]
    ],
    [
      [0.021803122381, 0.40981090643, 0.56838597119],
      [0.26349460887, 0.16673633911, 0.56976905202]
    ],
    [
      [0.019997102169, 0.59137177164, 0.38863112619],
      [0.27721332706, 0.27597928314, 0.4468073898]
    ],
    [
      [0.030189717989, 0.41751815857, 0.55229212344],
      [0.33522856071, 0.15608135722, 0.50869008207]
    ],
    [
      [0.018160314447, 0.51118668392, 0.47065300163],
      [0.24405932478, 0.23128383595, 0.52465683927]
    ],
    [
      [0.022965904388, 0.59099109717, 0.38604299845],
      [0.30652223739, 0.26562288984, 0.42785487277]
    ]
  ],