{
  "X": [
    [77, 17, 6],
    [72, 19, 9],
    [69, 19, 12],
    [67, 24, 9],
    [65, 26, 9],
    [75, 22, 3],
    [67, 24, 9],
    [68, 22, 10],
    [74, 17, 9],
    [66, 23, 11],
    [74, 18, 8],
    [71, 21, 8],
    [75, 17, 8],
    [75, 20, 5],
    [75, 17, 8],
    [77, 14, 9],
    [71, 21, 8],
    [78, 18, 4],
    [72, 24, 4],
    [78, 17, 5],
    [71, 22, 7],
    [75, 21, 4],
    [74, 22, 4],
    [74, 19, 7],
    [75, 20, 5],
    [58, 20, 22],
    [52, 22, 26],
    [60, 28, 12],
    [47, 22, 31],
    [56, 22, 22],
    [55, 25, 20],
    [57, 20, 23],
    [52, 23, 25],
    [47, 24, 29],
    [53, 21, 26],
    [53, 20, 27],
    [48, 25, 27],
    [51, 24, 25],
    [59, 19, 22],
    [61, 20, 19],
    [50, 27, 23],
    [52, 24, 24],
    [56, 20, 24],
    [52, 23, 25],
    [50, 21, 29],
    [54, 23, 23],
    [52, 24, 24],
    [56, 27, 17],
    [48, 18, 34],
    [52, 27, 21]
  ],
  "W": [
    [76, 24],
    [67, 33],
    [72, 28],
    [74, 26],
    [78, 22],
    [77, 23],
    [78, 22],
    [67, 33],
    [76, 24],
    [73, 27],
    [76, 24],
    [74, 26],
    [64, 36],
    [77, 23],
    [71, 29],
    [76, 24],
    [83, 17],
    [83, 17],
    [81, 19],
    [78, 22],
    [77, 23],
    [77, 23],
    [84, 16],
    [77, 23],
    [79, 21],
    [19, 81],
    [20, 80],
    [26, 74],
    [22, 78],
    [30, 70],
    [24, 76],
    [22, 78],
    [30, 70],
    [16, 84],
    [30, 70],
    [20, 80],
    [26, 74],
    [18, 82],
    [24, 76],
    [29, 71],
    [21, 79],
    [22, 78],
    [21, 79],
    [28, 72],
    [24, 76],
    [27, 73],
    [26, 74],
    [25, 75],
    [29, 71],
    [26, 74]
  ],
  "method": "mult",
  "cond_prob": [
    [
      [0.83805450371, 0.15477315428, 0.0071723420115],
      [0.52534224389, 0.22228565417, 0.25237210194]
    ],
    [
      [0.82246613931, 0.16941157622, 0.0081222844724],
      [0.49473209978, 0.23351244074, 0.27175545948]
    ],
    [
      [0.80662069729, 0.18020038395, 0.013178918759],
      [0.41243025474, 0.2111115956, 0.37645814966]
    ],
    [
      [0.76410673647, 0.22549080388, 0.010402459653],
      [0.41010864197, 0.27728984562, 0.31260151241]
    ],
    [
      [0.73730591108, 0.25047877434, 0.012215314572],
      [0.36886381586, 0.28709193108, 0.34404425306]
    ],
    [
      [0.79883166335, 0.19750787708, 0.0036604595692],
      [0.54823525911, 0.31055232464, 0.14121241625]
    ],
    [
      [0.75740288501, 0.23042341909, 0.012173695899],
      [0.38433909783, 0.26788348852, 0.34777741366]
    ],
    [
      [0.79104472772, 0.19976470575, 0.009190566534],
      [0.44945731872, 0.2600884424, 0.29045423887]
    ],
    [
      [0.82951307865, 0.15940634811, 0.011080573238],
      [0.45660311763, 0.20103283091, 0.34236405146]
    ],
    [
      [0.76854637188, 0.21896154932, 0.012492078805],
      [0.39034837886, 0.25481079878, 0.35484082236]
    ],
    [
      [0.82281073459, 0.16741944867, 0.0097698167381],
      [0.4688952004, 0.21858858912, 0.31251621048]
    ],
    [
      [0.79675692715, 0.19414453113, 0.0090985417251],
      [0.45502835179, 0.25403760482, 0.29093404339]
    ],
    [
      [0.84710014089, 0.1464066538, 0.0064932053063],
      [0.54898677572, 0.21743436573, 0.23357885856]
    ],
    [
      [0.81142082102, 0.18238226824, 0.0061969107411],
      [0.51433561412, 0.26486326802, 0.22080111785]
    ],
    [
      [0.8388214346, 0.15307324928, 0.0081053161209],
      [0.51087532702, 0.2136129651, 0.27551170788]
    ],
    [
      [0.8584220595, 0.13055795927, 0.011019981231],
      [0.48331368646, 0.16841366165, 0.34827265189]
    ],
    [
      [0.78243852795, 0.20410321731, 0.013458254735],
      [0.38824705892, 0.23200987277, 0.3797430683]
    ],
    [
      [0.82552331052, 0.16801417383, 0.0064625156582],
      [0.52317524612, 0.24392843817, 0.23289631571]
    ],
    [
      [0.77086651934, 0.22323709647, 0.00589638419],
      [0.47700486692, 0.31646198069, 0.20653315239]
    ],
    [
      [0.83838117137, 0.15518832918, 0.0064304994421],
      [0.53882410052, 0.22850529693, 0.23267060255]
    ],
    [
      [0.78587339361, 0.20525070172, 0.0088759046716],
      [0.44777941284, 0.26793833758, 0.28428224959]
    ],
    [
      [0.80507703037, 0.19000419962, 0.0049187700071],
      [0.53074467931, 0.28697897775, 0.18227634294]
    ],
    [
      [0.78561392565, 0.20753640915, 0.0068496651997],
      [0.47567353815, 0.2878634393, 0.23646302255]
    ],
    [
      [0.81482820137, 0.17634196086, 0.0088298377657],
      [0.47506885762, 0.23555094284, 0.28938019955]
    ],
    [
      [0.80870344153, 0.18454818686, 0.0067483716134],
      [0.5016602374, 0.26227388649, 0.23606587611]
    ],
    [
      [0.84046157445, 0.15135052139, 0.0081879041646],
      [0.51350739468, 0.21218610705, 0.27430649827]
    ],
    [
      [0.80902670847, 0.18038783903, 0.010585452504],
      [0.4486107285, 0.22950963448, 0.32187963703]
    ],
    [
      [0.79024444338, 0.20511864348, 0.0046369131317],
      [0.52153385923, 0.31053801277, 0.167928128]
    ],
    [
      [0.78794567372, 0.19793221883, 0.014122107452],
      [0.39072063686, 0.22518508746, 0.38409427568]
    ],
    [
      [0.80722682363, 0.18270764192, 0.010065534456],
      [0.45376723952, 0.23557125438, 0.3106615061]
    ],
    [
      [0.79451993613, 0.19732438684, 0.0081556770309],
      [0.4688423797, 0.26713028749, 0.26402733281]
    ],
    [
      [0.83384428339, 0.15701295626, 0.0091427603551],
      [0.49178331576, 0.21246010138, 0.29575658286]
    ],
    [
      [0.78734587419, 0.20063953948, 0.012014586329],
      [0.41282679942, 0.24129419705, 0.34587900353]
    ],
    [
      [0.78468157718, 0.20355471706, 0.011763705767],
      [0.41371632256, 0.24629080697, 0.33999287047]
    ],
    [
      [0.80395441103, 0.18352757298, 0.01251801599],
      [0.42043277971, 0.22013773661, 0.35942948367]
    ],
    [
      [0.82494257299, 0.16406007375, 0.010997353258],
      [0.4571726636, 0.20861537303, 0.33421196337]
    ],
    [
      [0.76558286123, 0.221782808, 0.012634330772],
      [0.38908406928, 0.25856378707, 0.35235214365]
    ],
    [
      [0.7962584531, 0.19390123741, 0.0098403094824],
      [0.4471571508, 0.24986675924, 0.30297608996]
    ],
    [
      [0.84282897804, 0.14829950183, 0.0088715201275],
      [0.50476265889, 0.2037547582, 0.29148258292]
    ],
    [
      [0.83546103836, 0.15644194462, 0.0080970170259],
      [0.50980046783, 0.21896265257, 0.2712368796]
    ],
    [
      [0.76955562073, 0.22100521494, 0.0094391643247],
      [0.42888817699, 0.28260276747, 0.28850905553]
    ],
    [
      [0.79350690278, 0.19654138045, 0.009951716775],
      [0.44323163283, 0.25187618082, 0.30489218635]
    ],
    [
      [0.83238635405, 0.15810138257, 0.0095122633871],
      [0.48484291562, 0.21129129221, 0.30386579217]
    ],
    [
      [0.79047111589, 0.19793504542, 0.01159383869],
      [0.42026753472, 0.24139060313, 0.33834186215]
    ],
    [
      [0.80266216162, 0.18419622465, 0.01314161373],
      [0.41242496947, 0.21712668013, 0.3704483504]
    ],
    [
      [0.79888038401, 0.19094053352, 0.010179082469],
      [0.44492836394, 0.24393804992, 0.31113358614]
    ],
    [
      [0.78724534987, 0.20209469159, 0.010659958538],
      [0.42882744769, 0.25253172928, 0.31864082303]
    ],
    [
      [0.78460075311, 0.20854521385, 0.0068540330324],
      [0.47868288639, 0.29187958737, 0.22943752624]
    ],
    [
      [0.80892418063, 0.17324708221, 0.017828737161],
      [0.37020799804, 0.18186399211, 0.44792800985]
    ],
    [
      [0.76884733923, 0.2220431809, 0.0091094798652],
      [0.43240064958, 0.28646544178, 0.28113390864]
    ]
  ],