{
  "X": [
    [52, 14, 34],
    [46, 14, 40],
    [47, 20, 33],
    [50, 14, 36],
    [57, 13, 30],
    [52, 19, 29],
    [49, 12, 39],
    [51, 15, 34],
    [44, 16, 40],
    [56, 12, 32],
    [54, 12, 34],
    [48, 14, 38],
    [47, 14, 39],
    [53, 9, 38],
    [55, 14, 31],
    [50, 16, 34],
    [55, 12, 33],
    [46, 17, 37],
    [47, 18, 35],
    [44, 17, 39],
    [53, 12, 35],
    [56, 17, 27],
    [40, 16, 44],
    [39, 9, 52],
    [51, 17, 32],
    [68, 13, 19],
    [59, 19, 22],
    [61, 25, 14],
    [62, 17, 21],
    [68, 15, 17],
    [60, 22, 18],
    [72, 12, 16],
    [70, 13, 17],
    [65, 18, 17],
    [69, 16, 15],
    [65, 18, 17],
    [61, 19, 20],
    [66, 16, 18],
    [57, 24, 19],
    [68, 18, 14],
    [58, 19, 23],
    [60, 16, 24],
    [76, 7, 17],
    [57, 25, 18],
    [69, 15, 16],
    [62, 18, 20],
    [65, 14, 21],
    [65, 14, 21],
    [53, 29, 18],
    [69, 12, 19]
  ],
  "W": [
    [74, 26],
    [74, 26],
    [79, 21],
    [75, 25],
    [71, 29],
    [74, 26],
    [81, 19],
    [71, 29],
    [77, 23],
    [68, 32],
    [72, 28],
    [76, 24],
    [71, 29],
    [75, 25],
    [73, 27],
    [77, 23],
    [75, 25],
    [82, 18],
    [77, 23],
    [74, 26],
    [78, 22],
    [71, 29],
    [81, 19],
    [82, 18],
    [70, 30],
    [23, 77],
    [23, 77],
    [29, 71],
    [24, 76],
    [22, 78],
    [32, 68],
    [30, 70],
    [22, 78],
    [21, 79],
    [30, 70],
    [28, 72],
    [25, 75],
    [21, 79],
    [22, 78],
    [25, 75],
    [32, 68],
    [22, 78],
    [23, 77],
    [29, 71],
    [23, 77],
    [28, 72],
    [22, 78],
    [22, 78],
    [24, 76],
    [20, 80]
  ],
  "method": "mult",
  "cond_prob": [
    [
      [0.44352051005, 0.12851069411, 0.42796879583],
      [0.73190739989, 0.17152503021, 0.096567569895]
    ],
    [
      [0.38301913974, 0.12545603271, 0.49152482755],
      [0.69425600897, 0.18392320479, 0.12182078624]
    ],
    [
      [0.41465501307, 0.18749608373, 0.39784890321],
      [0.66804469166, 0.24428955418, 0.087665754162]
    ],
    [
      [0.4261093969, 0.12808399161, 0.44580661149],
      [0.72140873797, 0.17538437409, 0.10320688793]
    ],
    [
      [0.48514075215, 0.11995924054, 0.39490000731],
      [0.76261098387, 0.15252608414, 0.084862931991]
    ],
    [
      [0.45120907256, 0.17743077523, 0.37136015221],
      [0.69901335114, 0.22232198047, 0.078664668386]
    ],
    [
      [0.43216599025, 0.1118727644, 0.45596124535],
      [0.73874236603, 0.15464615909, 0.10661147488]
    ],
    [
      [0.4255448936, 0.13569502339, 0.43876008301],
      [0.71485806153, 0.18437985535, 0.10076208312]
    ],
    [
      [0.37462983137, 0.14550729522, 0.47986287341],
      [0.67145942653, 0.21091983026, 0.11762074321]
    ],
    [
      [0.46281110866, 0.1082942798, 0.42889461154],
      [0.75991088592, 0.14383601197, 0.096253102104]
    ],
    [
      [0.45475983187, 0.10929774137, 0.43594242676],
      [0.75445539907, 0.14666555903, 0.098879041906]
    ],
    [
      [0.40898692137, 0.12773700293, 0.4632760757],
      [0.71047879357, 0.17946674528, 0.11005446115]
    ],
    [
      [0.38368886351, 0.1239101337, 0.49240100278],
      [0.69605867385, 0.1818229063, 0.12211841985]
    ],
    [
      [0.44961254708, 0.081963552326, 0.4684239006],
      [0.77525143966, 0.11430380529, 0.11044475504]
    ],
    [
      [0.47181552692, 0.12957275594, 0.39861171715],
      [0.74758684, 0.16605762686, 0.086355533135]
    ],
    [
      [0.43480023572, 0.14861233369, 0.41658743059],
      [0.71050208968, 0.19640189314, 0.093096017184]
    ],
    [
      [0.47481569974, 0.11121396831, 0.41397033196],
      [0.76414133507, 0.14475838088, 0.091100284049]
    ],
    [
      [0.40986624997, 0.15968467912, 0.43044907091],
      [0.68553683023, 0.21597979102, 0.098483378752]
    ],
    [
      [0.40678362013, 0.16639995673, 0.42681642314],
      [0.67827794898, 0.22439474244, 0.097327308576]
    ],
    [
      [0.36712155645, 0.15265358222, 0.48022486133],
      [0.65999119535, 0.22196324282, 0.11804556183]
    ],
    [
      [0.46349405103, 0.11180182906, 0.42470411991],
      [0.75734815122, 0.14774236711, 0.094909481667]
    ],
    [
      [0.48197495361, 0.15862908471, 0.35939596169],
      [0.73091106849, 0.1945799112, 0.074509020311]
    ],
    [
      [0.34710640913, 0.14676119561, 0.50613239526],
      [0.64877446382, 0.22182715266, 0.12939838352]
    ],
    [
      [0.33510004937, 0.081523421072, 0.58337652956],
      [0.69692899463, 0.13710638187, 0.1659646235]
    ],
    [
      [0.42588146285, 0.15428058825, 0.4198379489],
      [0.70038497006, 0.20523148177, 0.094383548176]
    ],
    [
      [0.43738051822, 0.099742809945, 0.46287667184],
      [0.75292496908, 0.13899232445, 0.10808270648]
    ],
    [
      [0.35759551192, 0.13736667094, 0.50503781715],
      [0.66554297884, 0.20695807399, 0.12749894717]
    ],
    [
      [0.44592619632, 0.21582229525, 0.33825150843],
      [0.66896983942, 0.2620741422, 0.068956018379]
    ],
    [
      [0.38765377111, 0.12658287626, 0.48576335263],
      [0.69717639923, 0.18428300713, 0.11854059364]
    ],
    [
      [0.44776572346, 0.11801295854, 0.43422131801],
      [0.74357806555, 0.15864544422, 0.097776490228]
    ],
    [
      [0.42362893376, 0.18248332881, 0.39388773743],
      [0.67791603684, 0.23636361358, 0.08572034958]
    ],
    [
      [0.52214301789, 0.10259228953, 0.37526469258],
      [0.79571616875, 0.12654998069, 0.077733850559]
    ],
    [
      [0.46212086588, 0.1025409643, 0.43533816983],
      [0.76489940964, 0.13739417686, 0.097706413507]
    ],
    [
      [0.42180200612, 0.13978736166, 0.43841063222],
      [0.70964098926, 0.1903817487, 0.099977262036]
    ],
    [
      [0.50595896865, 0.13831290022, 0.35572813113],
      [0.75939456128, 0.16803259137, 0.072572847353]
    ],
    [
      [0.45224816476, 0.14814949056, 0.39960234469],
      [0.72191648744, 0.19142568951, 0.086657823047]
    ],
    [
      [0.39131022817, 0.14491034264, 0.46377942918],
      [0.6846328879, 0.20523066921, 0.11013644289]
    ],
    [
      [0.42123714904, 0.12220889875, 0.45655395221],
      [0.72371027117, 0.16996842652, 0.10632130231]
    ],
    [
      [0.35764398108, 0.17992181071, 0.46243420821],
      [0.63188339345, 0.25733094587, 0.11078566068]
    ],
    [
      [0.48568469582, 0.15285245868, 0.3614628455],
      [0.73758691142, 0.18790465176, 0.07450843682]
    ],
    [
      [0.38257177696, 0.14723283854, 0.4701953845],
      [0.67629576851, 0.21066653895, 0.11303769254]
    ],
    [
      [0.34840582264, 0.1110070709, 0.54058710646],
      [0.68105380849, 0.17565836927, 0.14328782224]
    ],
    [
      [0.51096301109, 0.056138607349, 0.43289838156],
      [0.83066258777, 0.073877769863, 0.09545964237]
    ],
    [
      [0.39037311717, 0.20219397147, 0.40743291136],
      [0.64058274617, 0.26856403375, 0.090853220078]
    ],
    [
      [0.46781558291, 0.12131222742, 0.41087218967],
      [0.75241756088, 0.1579449592, 0.089637479921]
    ],
    [
      [0.41097241862, 0.14114246328, 0.4478851181],
      [0.70123825235, 0.19493980415, 0.1038219435]
    ],
    [
      [0.39831764103, 0.10250397963, 0.49917837934],
      [0.72555639481, 0.15114874367, 0.12329486153]
    ],
    [
      [0.39831764103, 0.10250397963, 0.49917837934],
      [0.72555639481, 0.15114874367, 0.12329486153]
    ],
    [
      [0.34386886428, 0.22407257094, 0.43205856478],
      [0.58893866231, 0.31065444741, 0.10040689028]
    ],
    [
      [0.42918029839, 0.089468581343, 0.48135112027],
      [0.75716038876, 0.12777653989, 0.11506307135]
    ]
  ],