{
  "X": [
    [10, 72, 18],
    [5, 79, 16],
    [13, 70, 17],
    [10, 66, 24],
    [7, 73, 20],
    [4, 79, 17],
    [6, 75, 19],
    [5, 71, 24],
    [6, 73, 21],
    [7, 76, 17],
    [11, 74, 15],
    [10, 69, 21],
    [8, 72, 20],
    [7, 74, 19],
    [8, 77, 15],
    [12, 70, 18],
    [5, 79, 16],
    [13, 67, 20],
    [5, 80, 15],
    [11, 81, 8],
    [10, 72, 18],
    [8, 75, 17],
    [13, 75, 12],
    [9, 73, 18],
    [12, 68, 20],
    [27, 31, 42],
    [26, 38, 36],
    [19, 43, 38],
    [21, 35, 44],
    [24, 42, 34],
    [23, 45, 32],
    [27, 39, 34],
    [16, 39, 45],
    [22, 33, 45],
    [22, 40, 38],
    [17, 47, 36],
    [22, 33, 45],
    [19, 43, 38],
    [24, 34, 42],
    [18, 33, 49],
    [21, 31, 48],
    [29, 35, 36],
    [23, 31, 46],
    [25, 34, 41],
    [21, 35, 44],
    [18, 37, 45],
    [26, 39, 35],
    [20, 41, 39],
    [26, 33, 41],
    [23, 41, 36]
  ],
  "W": [
    [77, 23],
    [84, 16],
    [74, 26],
    [68, 32],
    [74, 26],
    [75, 25],
    [75, 25],
    [73, 27],
    [76, 24],
    [81, 19],
    [73, 27],
    [75, 25],
    [72, 28],
    [77, 23],
    [71, 29],
    [67, 33],
    [80, 20],
    [72, 28],
    [76, 24],
    [79, 21],
    [74, 26],
    [73, 27],
    [76, 24],
    [71, 29],
    [75, 25],
    [22, 78],
    [24, 76],
    [32, 68],
    [26, 74],
    [32, 68],
    [24, 76],
    [26, 74],
    [23, 77],
    [20, 80],
    [28, 72],
    [38, 62],
    [26, 74],
    [31, 69],
    [28, 72],
    [17, 83],
    [20, 80],
    [21, 79],
    [17, 83],
    [21, 79],
    [26, 74],
    [25, 75],
    [30, 70],
    [30, 70],
    [21, 79],
    [24, 76]
  ],
  "method": "mult",
  "cond_prob": [
    [
      [0.023326320776, 0.90807067398, 0.068603005248],
      [0.32925176117, 0.16060983976, 0.51013839907]
    ],
    [
      [0.014912290613, 0.91133982832, 0.073747881071],
      [0.22973532574, 0.17415412622, 0.59611054804]
    ],
    [
      [0.02762521713, 0.91232677485, 0.060048008019],
      [0.39041841198, 0.16203114539, 0.44755044264]
    ],
    [
      [0.017825604587, 0.90911812447, 0.073056270942],
      [0.26259477358, 0.16901140398, 0.56839382244]
    ],
    [
      [0.014345117528, 0.91752723349, 0.068127648987],
      [0.23210577852, 0.18656247585, 0.58133174563]
    ],
    [
      [0.0080463816213, 0.93541669715, 0.05653692123],
      [0.16223310711, 0.23679918042, 0.60096771247]
    ],
    [
      [0.012529248995, 0.92187586386, 0.065594887145],
      [0.21349667556, 0.19723080117, 0.58927252327]
    ],
    [
      [0.010031002933, 0.90952561369, 0.080443383377],
      [0.15696377136, 0.17900037229, 0.66403585635]
    ],
    [
      [0.013258421878, 0.91046010536, 0.076281472761],
      [0.20435042626, 0.17602088501, 0.61962868874]
    ],
    [
      [0.018607957502, 0.90962845766, 0.071763584843],
      [0.27493442084, 0.16756075635, 0.55750482281]
    ],
    [
      [0.021629101211, 0.92909418014, 0.049276718651],
      [0.36468258051, 0.19702449305, 0.43829292644]
    ],
    [
      [0.022179411118, 0.90081683374, 0.07700375514],
      [0.29937184839, 0.15266295291, 0.5479651987]
    ],
    [
      [0.015389226712, 0.92002130281, 0.064589470479],
      [0.25206971727, 0.18968000311, 0.55825027962]
    ],
    [
      [0.015976344771, 0.91317079655, 0.070852858682],
      [0.24675546088, 0.1767307002, 0.57651383892]
    ],
    [
      [0.014159163366, 0.94106581231, 0.044775024326],
      [0.28520703336, 0.23876775604, 0.4760252106]
    ],
    [
      [0.019874449511, 0.92902543099, 0.051100119504],
      [0.33916546546, 0.20018736498, 0.46064716956]
    ],
    [
      [0.012386942308, 0.9241716622, 0.063441395492],
      [0.21617240217, 0.20136465794, 0.58246293989]
    ],
    [
      [0.026442588241, 0.90526137166, 0.068296040103],
      [0.35793738655, 0.15423995064, 0.48782266281]
    ],
    [
      [0.010390938978, 0.93836597929, 0.051243081737],
      [0.21133718042, 0.23939381962, 0.54926899996]
    ],
    [
      [0.025911848267, 0.94370469992, 0.03038345181],
      [0.48251062871, 0.21968823317, 0.29780113812]
    ],
    [
      [0.020767861174, 0.91709494833, 0.062137190492],
      [0.3191995052, 0.17713656945, 0.50366392535]
    ],
    [
      [0.015524911916, 0.92935716902, 0.055117919066],
      [0.2758027537, 0.2076519622, 0.5165452841]
    ],
    [
      [0.028506504489, 0.9282380239, 0.043255471613],
      [0.45286902886, 0.18497267384, 0.36215829729]
    ],
    [
      [0.016561055758, 0.92757713713, 0.055861807107],
      [0.28687668076, 0.20239058537, 0.51073273387]
    ],
    [
      [0.026946363905, 0.89880448055, 0.074249155549],
      [0.34825248532, 0.1458463283, 0.50590118638]
    ],
    [
      [0.02354768722, 0.90838798198, 0.068064330798],
      [0.33113313466, 0.16181467531, 0.50705219003]
    ],
    [
      [0.020185428334, 0.92797345986, 0.051841111803],
      [0.33976754104, 0.19798054886, 0.46225191011]
    ],
    [
      [0.016697507953, 0.92185910357, 0.061443388474],
      [0.2739886513, 0.19202634372, 0.53398500498]
    ],
    [
      [0.018514058754, 0.90966906301, 0.07181687824],
      [0.27189746924, 0.16941239488, 0.55869013588]
    ],
    [
      [0.021599439947, 0.92210117266, 0.056299387396],
      [0.3421806247, 0.18544146395, 0.47237791135]
    ],
    [
      [0.015355626493, 0.94501685597, 0.039627517535],
      [0.31775246752, 0.24785860305, 0.43438892943]
    ],
    [
      [0.02177979576, 0.92744397342, 0.050776230817],
      [0.36036777167, 0.19459785737, 0.44503437096]
    ],
    [
      [0.011702643292, 0.92719225629, 0.061105100415],
      [0.20964310929, 0.21046926582, 0.57988762489]
    ],
    [
      [0.017032724896, 0.91811820251, 0.064849072593],
      [0.27031348647, 0.18445235251, 0.54523416102]
    ],
    [
      [0.018356877455, 0.92305686419, 0.058586258356],
      [0.30044171668, 0.19165952904, 0.50789875428]
    ],
    [
      [0.0164069904, 0.92012888027, 0.063464129332],
      [0.26591941166, 0.18940660331, 0.54467398503]
    ],
    [
      [0.020405063286, 0.9023234474, 0.077271489311],
      [0.28036907363, 0.15722175243, 0.56240917394]
    ],
    [
      [0.016223539788, 0.92401141628, 0.059765043931],
      [0.27217907829, 0.19676314747, 0.53105777424]
    ],
    [
      [0.023034516317, 0.90248316571, 0.074482317973],
      [0.31154581205, 0.15485401294, 0.53360017501]
    ],
    [
      [0.012632706229, 0.92320117021, 0.064166123564],
      [0.21667922494, 0.20021699825, 0.58310377681]
    ],
    [
      [0.017152036385, 0.90987408388, 0.072973879738],
      [0.25474462539, 0.17106952702, 0.5741858476]
    ],
    [
      [0.022105240274, 0.92686051155, 0.051034248172],
      [0.36310177474, 0.19279676475, 0.44410146051]
    ],
    [
      [0.017106078726, 0.91905782903, 0.063836092244],
      [0.2734891915, 0.18578740251, 0.54072340599]
    ],
    [
      [0.019493732385, 0.92104956417, 0.05945670344],
      [0.3111242499, 0.18615473818, 0.50272101192]
    ],
    [
      [0.018514058754, 0.90966906301, 0.07181687824],
      [0.27189746924, 0.16941239488, 0.55869013588]
    ],
    [
      [0.014658519969, 0.91743139514, 0.067910084894],
      [0.23542705599, 0.18680769455, 0.57776524947]
    ],
    [
      [0.02356779338, 0.91793280548, 0.058499401137],
      [0.35599826677, 0.17596736829, 0.46803436494]
    ],
    [
      [0.017293445596, 0.92052609232, 0.062180462088],
      [0.27933083258, 0.18869732049, 0.53197184694]
    ],
    [
      [0.020821288613, 0.91811543662, 0.061063274766],
      [0.32132960695, 0.17942900901, 0.49924138403]
    ],
    [
      [0.016673645825, 0.9349188801, 0.048407474075],
      [0.30782011576, 0.21876780332, 0.47341208092]
    ]
  ],