{
  "X": [
    [8, 34, 58],
    [9, 37, 54],
    [10, 39, 51],
    [9, 31, 60],
    [10, 39, 51],
    [4, 44, 52],
    [14, 35, 51],
    [12, 37, 51],
    [11, 37, 52],
    [18, 34, 48],
    [7, 37, 56],
    [8, 38, 54],
    [12, 36, 52],
    [10, 34, 56],
    [15, 37, 48],
    [12, 45, 43],
    [11, 26, 63],
    [13, 33, 54],
    [10, 46, 44],
    [9, 40, 51],
    [13, 41, 46],
    [6, 32, 62],
    [13, 42, 45],
    [16, 38, 46],
    [9, 36, 55],
    [6, 18, 76],
    [8, 27, 65],
    [7, 23, 70],
    [9, 33, 58],
    [8, 25, 67],
    [16, 18, 66],
    [9, 22, 69],
    [9, 21, 70],
    [8, 17, 75],
    [14, 21, 65],
    [10, 32, 58],
    [10, 26, 64],
    [5, 17, 78],
    [8, 21, 71],
    [6, 21, 73],
    [10, 18, 72],
    [14, 21, 65],
    [7, 28, 65],
    [8, 30, 62],
    [16, 22, 62],
    [12, 18, 70],
    [5, 22, 73],
    [10, 27, 63],
    [12, 18, 70],
    [12, 27, 61]
  ],
  "W": [
    [77, 23],
    [78, 22],
    [76, 24],
    [72, 28],
    [78, 22],
    [79, 21],
    [71, 29],
    [74, 26],
    [75, 25],
    [80, 20],
    [80, 20],
    [72, 28],
    [68, 32],
    [72, 28],
    [87, 13],
    [78, 22],
    [68, 32],
    [69, 31],
    [76, 24],
    [76, 24],
    [77, 23],
    [74, 26],
    [81, 19],
    [79, 21],
    [78, 22],
    [20, 80],
    [28, 72],
    [28, 72],
    [34, 66],
    [21, 79],
    [23, 77],
    [22, 78],
    [20, 80],
    [21, 79],
    [25, 75],
    [24, 76],
    [22, 78],
    [18, 82],
    [25, 75],
    [24, 76],
    [20, 80],
    [31, 69],
    [21, 79],
    [22, 78],
    [28, 72],
    [20, 80],
    [26, 74],
    [26, 74],
    [27, 73],
    [29, 71]
  ],
  "method": "mult",
  "cond_prob": [
    [
      [0.085899731689, 0.40488830897, 0.50921195934],
      [0.061415675033, 0.13814761865, 0.80043670631]
    ],
    [
      [0.095383046571, 0.43273302137, 0.47188393206],
      [0.071212995757, 0.15418782686, 0.77459917738]
    ],
    [
      [0.10545781348, 0.45844191842, 0.4361002681],
      [0.082196506123, 0.17051322757, 0.74729026631]
    ],
    [
      [0.098534039129, 0.3862026579, 0.51526330297],
      [0.069611945003, 0.13017331047, 0.80021474453]
    ],
    [
      [0.1051636922, 0.45260574782, 0.44223055998],
      [0.081303363503, 0.16699548778, 0.75170114872]
    ],
    [
      [0.041860454119, 0.50564140184, 0.45249814404],
      [0.032752180205, 0.18881730488, 0.77843051491]
    ],
    [
      [0.14938914799, 0.42723682831, 0.4233740237],
      [0.11635796052, 0.15875649722, 0.72488554227]
    ],
    [
      [0.12720391579, 0.44167313964, 0.43112294456],
      [0.098935750825, 0.16391122057, 0.7371530286]
    ],
    [
      [0.11669039638, 0.43973749226, 0.44357211137],
      [0.089645193411, 0.16119909896, 0.74915570763]
    ],
    [
      [0.18866922484, 0.38943121583, 0.42189955932],
      [0.14488478542, 0.14273679472, 0.71237841986]
    ],
    [
      [0.07415890974, 0.4283416486, 0.49749944166],
      [0.054032390727, 0.14895826805, 0.79700934122]
    ],
    [
      [0.085471879729, 0.46198370017, 0.4525444201],
      [0.065712402294, 0.16945717059, 0.76483042712]
    ],
    [
      [0.12857496463, 0.44846794686, 0.4229570885],
      [0.10106782128, 0.16815158199, 0.73078059672]
    ],
    [
      [0.10797368007, 0.41774052557, 0.47428579436],
      [0.079987436524, 0.14764532237, 0.7723672411]
    ],
    [
      [0.15485655787, 0.40388975185, 0.44125369028],
      [0.11748244731, 0.14629351345, 0.73622403924]
    ],
    [
      [0.12356512462, 0.51134829444, 0.36508658094],
      [0.10558439807, 0.20852716223, 0.6858884397]
    ],
    [
      [0.12351972689, 0.33944602368, 0.53703424943],
      [0.084264771982, 0.11045706822, 0.8052781598]
    ],
    [
      [0.14055991138, 0.41258482506, 0.44685526356],
      [0.106517102, 0.14914504467, 0.74433785333]
    ],
    [
      [0.10314453455, 0.52886521565, 0.3679902498],
      [0.088570415297, 0.21671382779, 0.69471575691]
    ],
    [
      [0.094797408831, 0.46962899237, 0.4355735988],
      [0.074262582026, 0.17556083483, 0.75017658315]
    ],
    [
      [0.13529909846, 0.4732492198, 0.39145168174],
      [0.11073937871, 0.18484930858, 0.70441131271]
    ],
    [
      [0.065589328694, 0.39392354866, 0.54048712264],
      [0.045492899218, 0.1303698888, 0.82413721198]
    ],
    [
      [0.13439309262, 0.47217612238, 0.393430785],
      [0.10972119073, 0.18400147343, 0.70627733583]
    ],
    [
      [0.16670515676, 0.43476908406, 0.39852575919],
      [0.13331645251, 0.16594197593, 0.70074157156]
    ],
    [
      [0.095665920723, 0.42228619054, 0.48204788873],
      [0.070495549114, 0.14850918204, 0.78099526885]
    ],
    [
      [0.079109233843, 0.39403835293, 0.52685241323],
      [0.055583580569, 0.13145421554, 0.81296220389]
    ],
    [
      [0.093268422361, 0.4842332767, 0.42249830094],
      [0.074530597088, 0.18393680025, 0.74153260266]
    ],
    [
      [0.085986310214, 0.43461562162, 0.47939806817],
      [0.063905816925, 0.15354314661, 0.78255103646]
    ],
    [
      [0.098880358681, 0.52966792777, 0.37145171355],
      [0.08474822959, 0.21594931615, 0.69930245426]
    ],
    [
      [0.094588459399, 0.48585794204, 0.41955359856],
      [0.075869451625, 0.18506433699, 0.73906621139]
    ],
    [
      [0.19880698212, 0.36047032164, 0.44072269625],
      [0.14858888936, 0.12797922988, 0.72343188076]
    ],
    [
      [0.11027189605, 0.43869751209, 0.45103059186],
      [0.084229298131, 0.15915281439, 0.75661788748]
    ],
    [
      [0.11156454533, 0.43220824458, 0.45622721009],
      [0.084600418793, 0.15561664276, 0.75978293845]
    ],
    [
      [0.10573015387, 0.36929967992, 0.52497016621],
      [0.073729373684, 0.12229402755, 0.80397659877]
    ],
    [
      [0.16937955145, 0.40175356391, 0.42886688464],
      [0.13007287407, 0.1465969082, 0.72333021773]
    ],
    [
      [0.10813050331, 0.55234855904, 0.33952093765],
      [0.096871873233, 0.23509358984, 0.66803453693]
    ],
    [
      [0.1156618521, 0.48942218144, 0.39491596646],
      [0.095161286582, 0.1912513999, 0.71358731351]
    ],
    [
      [0.067356984967, 0.38815109319, 0.54449192185],
      [0.046538063348, 0.12729215234, 0.82616978431]
    ],
    [
      [0.10009169372, 0.4154653857, 0.48444292058],
      [0.073516947994, 0.1449985277, 0.78148452431]
    ],
    [
      [0.075909010727, 0.42410793537, 0.4999830539],
      [0.055186884668, 0.14648630836, 0.79832680698]
    ],
    [
      [0.12863159355, 0.38442375533, 0.48694465111],
      [0.093173348597, 0.13221202366, 0.77461462774]
    ],
    [
      [0.16966182332, 0.38130438684, 0.44903378984],
      [0.12687202261, 0.13559069863, 0.73753727876]
    ],
    [
      [0.080046877618, 0.52629048708, 0.3936626353],
      [0.06701149936, 0.20922573177, 0.72376276887]
    ],
    [
      [0.088985866411, 0.5430908165, 0.36792331708],
      [0.077046543309, 0.22333428383, 0.69961917286]
    ],
    [
      [0.18955153455, 0.40093708265, 0.4095113828],
      [0.14813628381, 0.14894447342, 0.70291924278]
    ],
    [
      [0.15249743164, 0.37979028409, 0.46771228427],
      [0.11213122573, 0.13259421366, 0.75527456062]
    ],
    [
      [0.062837993973, 0.43314788016, 0.50401412587],
      [0.045678683179, 0.14963268431, 0.80468863251]
    ],
    [
      [0.11506285875, 0.48669863544, 0.39823850581],
      [0.094235819061, 0.18942617448, 0.71633800646]
    ],
    [
      [0.15251344783, 0.35511907613, 0.49236747604],
      [0.10872819428, 0.12032760388, 0.77094420185]
    ],
    [
      [0.13725678084, 0.47085909736, 0.39188412181],
      [0.11233592479, 0.18320835326, 0.70445572195]
    ]
  ],