{
  "X": [
    [65, 35],
    [56, 44],
    [58, 42],
    [53, 47],
    [61, 39],
    [59, 41],
    [66, 34],
    [66, 34],
    [56, 44],
    [58, 42],
    [57, 43],
    [60, 40],
    [56, 44],
    [66, 34],
    [56, 44],
    [63, 37],
    [50, 50],
    [18, 82],
    [19, 81],
    [18, 82],
    [30, 70],
    [27, 73],
    [19, 81],
    [31, 69],
    [20, 80],
    [15, 85],
    [19, 81],
    [22, 78],
    [21, 79],
    [18, 82],
    [16, 84],
    [22, 78],
    [22, 78],
    [38, 62],
    [45, 55],
    [36, 64],
    [42, 58],
    [37, 63],
    [39, 61],
    [32, 68],
    [47, 53],
    [44, 56],
    [46, 54],
    [37, 63],
    [43, 57],
    [42, 58],
    [45, 55],
    [46, 54],
    [45, 55],
    [38, 62]
  ],
  "W": [
    [66, 18, 16],
    [60, 19, 21],
    [62, 19, 19],
    [64, 19, 17],
    [72, 13, 15],
    [70, 16, 14],
    [70, 12, 18],
    [59, 16, 25],
    [65, 17, 18],
    [66, 19, 15],
    [64, 19, 17],
    [61, 21, 18],
    [61, 14, 25],
    [71, 13, 16],
    [64, 17, 19],
    [66, 15, 19],
    [51, 41, 8],
    [20, 71, 9],
    [21, 68, 11],
    [12, 77, 11],
    [22, 62, 16],
    [22, 67, 11],
    [17, 70, 13],
    [25, 59, 16],
    [19, 67, 14],
    [13, 70, 17],
    [11, 67, 22],
    [19, 68, 13],
    [14, 67, 19],
    [19, 66, 15],
    [15, 76, 9],
    [18, 66, 16],
    [18, 68, 14],
    [11, 33, 56],
    [21, 17, 62],
    [15, 13, 72],
    [18, 11, 71],
    [15, 11, 74],
    [17, 17, 66],
    [17, 18, 65],
    [15, 12, 73],
    [16, 7, 77],
    [16, 15, 69],
    [19, 16, 65],
    [20, 15, 65],
    [16, 20, 64],
    [20, 14, 66],
    [18, 13, 69],
    [22, 19, 59],
    [14, 19, 67]
  ],
  "method": "mult",
  "cond_prob": [
    [
      [0.83383876464, 0.16616123536],
      [0.035373309186, 0.96462669081],
      [0.45602179179, 0.54397820821]
    ],
    [
      [0.7940212244, 0.2059787756],
      [0.027413918032, 0.97258608197],
      [0.39178825586, 0.60821174414]
    ],
    [
      [0.80191028012, 0.19808971988],
      [0.028745043297, 0.9712549567],
      [0.40349107913, 0.59650892087]
    ],
    [
      [0.76184391678, 0.23815608322],
      [0.022848440739, 0.97715155926],
      [0.3483072134, 0.6516927866]
    ],
    [
      [0.77902726978, 0.22097273022],
      [0.025079543572, 0.97492045643],
      [0.37047658864, 0.62952341136]
    ],
    [
      [0.77891060534, 0.22108939466],
      [0.025080847349, 0.97491915265],
      [0.37040470534, 0.62959529466]
    ],
    [
      [0.81671721299, 0.18328278701],
      [0.031496514423, 0.96850348558],
      [0.4265772426, 0.5734227574]
    ],
    [
      [0.85089563007, 0.14910436993],
      [0.040050360691, 0.95994963931],
      [0.48811064035, 0.51188935965]
    ],
    [
      [0.77489595782, 0.22510404218],
      [0.024537890162, 0.97546210984],
      [0.36510355642, 0.63489644358]
    ],
    [
      [0.7912427783, 0.2087572217],
      [0.026953086825, 0.97304691317],
      [0.3877053523, 0.6122946477]
    ],
    [
      [0.7899331106, 0.2100668894],
      [0.026751417931, 0.97324858207],
      [0.38585212519, 0.61414787481]
    ],
    [
      [0.82171888523, 0.17828111477],
      [0.032604879695, 0.96739512031],
      [0.43510060279, 0.56489939721]
    ],
    [
      [0.77827031341, 0.22172968659],
      [0.025010687079, 0.97498931292],
      [0.36963772585, 0.63036227415]
    ],
    [
      [0.81656771046, 0.18343228954],
      [0.03146579006, 0.96853420994],
      [0.42633189127, 0.57366810873]
    ],
    [
      [0.77777370224, 0.22222629776],
      [0.024940238711, 0.97505976129],
      [0.36896592361, 0.63103407639]
    ],
    [
      [0.81443979227, 0.18556020773],
      [0.031066555793, 0.96893344421],
      [0.42299508462, 0.57700491538]
    ],
    [
      [0.83010789268, 0.16989210732],
      [0.034505822508, 0.96549417749],
      [0.44952236637, 0.55047763363]
    ],
    [
      [0.76523219494, 0.23476780506],
      [0.022953414631, 0.97704658537],
      [0.3508868693, 0.6491131307]
    ],
    [
      [0.7609975856, 0.2390024144],
      [0.022482570424, 0.97751742958],
      [0.34583327559, 0.65416672441]
    ],
    [
      [0.82473785944, 0.17526214056],
      [0.032432965575, 0.96756703443],
      [0.43680928565, 0.56319071435]
    ],
    [
      [0.83403301986, 0.16596698014],
      [0.035134733498, 0.9648652665],
      [0.45526323516, 0.54473676484]
    ],
    [
      [0.82773136013, 0.17226863987],
      [0.033575866789, 0.96642413321],
      [0.44388680602, 0.55611319398]
    ],
    [
      [0.78552909331, 0.21447090669],
      [0.025685418107, 0.97431458189],
      [0.37771743982, 0.62228256018]
    ],
    [
      [0.82370747218, 0.17629252782],
      [0.03281754299, 0.96718245701],
      [0.43755410697, 0.56244589303]
    ],
    [
      [0.77664880896, 0.22335119104],
      [0.024488244538, 0.97551175546],
      [0.36595185691, 0.63404814309]
    ],
    [
      [0.7532193029, 0.2467806971],
      [0.021433890267, 0.97856610973],
      [0.3355609686, 0.6644390314]
    ],
    [
      [0.79879690667, 0.20120309333],
      [0.027719157719, 0.97228084228],
      [0.39655081504, 0.60344918496]
    ],
    [
      [0.80040919138, 0.19959080862],
      [0.02812153322, 0.97187846678],
      [0.39956115982, 0.60043884018]
    ],
    [
      [0.80652435565, 0.19347564435],
      [0.029126983639, 0.97087301636],
      [0.40856246246, 0.59143753754]
    ],
    [
      [0.7492229999, 0.2507770001],
      [0.021123443914, 0.97887655609],
      [0.33156349268, 0.66843650732]
    ],
    [
      [0.78443461367, 0.21556538633],
      [0.025369706427, 0.97463029357],
      [0.37542878673, 0.62457121327]
    ],
    [
      [0.7970916154, 0.2029083846],
      [0.027576450256, 0.97242354974],
      [0.39468334003, 0.60531665997]
    ],
    [
      [0.80415852414, 0.19584147586],
      [0.028758247118, 0.97124175288],
      [0.40517025311, 0.59482974689]
    ],
    [
      [0.83900006068, 0.16099993932],
      [0.03656794492, 0.96343205508],
      [0.46495504342, 0.53504495658]
    ],
    [
      [0.81850177415, 0.18149822585],
      [0.031917755075, 0.96808224492],
      [0.42971396449, 0.57028603551]
    ],
    [
      [0.76284822642, 0.23715177358],
      [0.022972457379, 0.97702754262],
      [0.34955603804, 0.65044396196]
    ],
    [
      [0.792596619, 0.207403381],
      [0.02718481773, 0.97281518227],
      [0.38971907104, 0.61028092896]
    ],
    [
      [0.76502042825, 0.23497957175],
      [0.023248107901, 0.9767518921],
      [0.35231949621, 0.64768050379]
    ],
    [
      [0.79013846809, 0.20986153191],
      [0.02677915289, 0.97322084711],
      [0.38611334212, 0.61388665788]
    ],
    [
      [0.73788514191, 0.26211485809],
      [0.020157034207, 0.97984296579],
      [0.31984478246, 0.68015521754]
    ],
    [
      [0.83313443181, 0.16686556819],
      [0.035213182082, 0.96478681792],
      [0.45479900353, 0.54520099647]
    ],
    [
      [0.8011386061, 0.1988613939],
      [0.028619152189, 0.97138084781],
      [0.40235681943, 0.59764318057]
    ],
    [
      [0.83174353532, 0.16825646468],
      [0.03487033607, 0.96512966393],
      [0.45230567892, 0.54769432108]
    ],
    [
      [0.76711818462, 0.23288181538],
      [0.023514027017, 0.97648597298],
      [0.35498797393, 0.64501202607]
    ],
    [
      [0.80384859696, 0.19615140304],
      [0.029091393277, 0.97090860672],
      [0.40644368675, 0.59355631325]
    ],
    [
      [0.81971320219, 0.18028679781],
      [0.032146941635, 0.96785305836],
      [0.43161733753, 0.56838266247]
    ],
    [
      [0.81400758996, 0.18599241004],
      [0.031008954117, 0.96899104588],
      [0.42240473257, 0.57759526743]
    ],
    [
      [0.82258123105, 0.17741876895],
      [0.032786934463, 0.96721306554],
      [0.43652404415, 0.56347595585]
    ],
    [
      [0.8206546922, 0.1793453078],
      [0.032368402803, 0.9676315972],
      [0.43327597953, 0.56672402047]
    ],
    [
      [0.7966547351, 0.2033452649],
      [0.027820093328, 0.97217990667],
      [0.39550899088, 0.60449100912]
    ]
  ],