{
  "X": [
    [62, 38],
    [58, 42],
    [66, 34],
    [70, 30],
    [63, 37],
    [61, 39],
    [62, 38],
    [65, 35],
    [61, 39],
    [63, 37],
    [61, 39],
    [65, 35],
    [58, 42],
    [50, 50],
    [59, 41],
    [58, 42],
    [50, 50],
    [26, 74],
    [24, 76],
    [32, 68],
    [30, 70],
    [26, 74],
    [31, 69],
    [20, 80],
    [33, 67],
    [29, 71],
    [25, 75],
    [20, 80],
    [29, 71],
    [33, 67],
    [27, 73],
    [35, 65],
    [31, 69],
    [44, 56],
    [48, 52],
    [57, 43],
    [57, 43],
    [58, 42],
    [50, 50],
    [48, 52],
    [55, 45],
    [53, 47],
    [54, 46],
    [65, 35],
    [61, 39],
    [54, 46],
    [61, 39],
    [56, 44],
    [56, 44],
    [62, 38]
  ],
  "W": [
    [75, 13, 12],
    [68, 17, 15],
    [63, 20, 17],
    [74, 17, 9],
    [65, 16, 19],
    [68, 13, 19],
    [61, 12, 27],
    [66, 23, 11],
    [68, 13, 19],
    [69, 14, 17],
    [74, 12, 14],
    [69, 11, 20],
    [58, 21, 21],
    [64, 19, 17],
    [60, 15, 25],
    [68, 17, 15],
    [47, 34, 19],
    [13, 71, 16],
    [18, 65, 17],
    [18, 68, 14],
    [10, 68, 22],
    [21, 66, 13],
    [14, 63, 23],
    [14, 74, 12],
    [18, 63, 19],
    [17, 68, 15],
    [16, 64, 20],
    [13, 77, 10],
    [14, 71, 15],
    [22, 56, 22],
    [16, 70, 14],
    [13, 70, 17],
    [18, 61, 21],
    [18, 32, 50],
    [12, 16, 72],
    [20, 14, 66],
    [20, 16, 64],
    [21, 16, 63],
    [14, 20, 66],
    [25, 17, 58],
    [20, 16, 64],
    [17, 23, 60],
    [8, 27, 65],
    [22, 8, 70],
    [15, 13, 72],
    [18, 16, 66],
    [16, 19, 65],
    [14, 17, 69],
    [16, 18, 66],
    [19, 17, 64]
  ],
  "method": "mult",
  "cond_prob": [
    [
      [0.71761137453, 0.28238862547],
      [0.085612680981, 0.91438731902],
      [0.61636544773, 0.38363455227]
    ],
    [
      [0.70842922631, 0.29157077369],
      [0.082226685581, 0.91777331442],
      [0.60572965211, 0.39427034789]
    ],
    [
      [0.78862037342, 0.21137962658],
      [0.12098422451, 0.87901577549],
      [0.70231128312, 0.29768871688]
    ],
    [
      [0.80016519921, 0.19983480079],
      [0.12863719601, 0.87136280399],
      [0.71685897463, 0.28314102537]
    ],
    [
      [0.7477898932, 0.2522101068],
      [0.098550032351, 0.90144996765],
      [0.65214469289, 0.34785530711]
    ],
    [
      [0.71508291372, 0.28491708628],
      [0.084660790746, 0.91533920925],
      [0.613426712, 0.386573288]
    ],
    [
      [0.72488533863, 0.27511466137],
      [0.088509526718, 0.91149047328],
      [0.62489354871, 0.37510645129]
    ],
    [
      [0.79036405596, 0.20963594404],
      [0.12212958978, 0.87787041022],
      [0.70450739681, 0.29549260319]
    ],
    [
      [0.71508291372, 0.28491708628],
      [0.084660790746, 0.91533920925],
      [0.613426712, 0.386573288]
    ],
    [
      [0.73577101833, 0.26422898167],
      [0.093079172984, 0.90692082702],
      [0.63776163176, 0.36223836824]
    ],
    [
      [0.70498809634, 0.29501190366],
      [0.08090972722, 0.91909027278],
      [0.60172271958, 0.39827728042]
    ],
    [
      [0.7390003462, 0.2609996538],
      [0.094451608744, 0.90554839126],
      [0.64158723302, 0.35841276698]
    ],
    [
      [0.73473362282, 0.26526637718],
      [0.09272459598, 0.90727540402],
      [0.63656825526, 0.36343174474]
    ],
    [
      [0.65175992376, 0.34824007624],
      [0.064578455126, 0.93542154487],
      [0.54201668575, 0.45798331425]
    ],
    [
      [0.71434117909, 0.28565882091],
      [0.084420294061, 0.91557970594],
      [0.61258256354, 0.38741743646]
    ],
    [
      [0.70842922631, 0.29157077369],
      [0.082226685581, 0.91777331442],
      [0.60572965211, 0.39427034789]
    ],
    [
      [0.73591379051, 0.26408620949],
      [0.093288852593, 0.90671114741],
      [0.63799050112, 0.36200949888]
    ],
    [
      [0.73276395935, 0.26723604065],
      [0.091293432223, 0.90870656778],
      [0.63397087681, 0.36602912319]
    ],
    [
      [0.67117343097, 0.32882656903],
      [0.069753394002, 0.930246606],
      [0.56328742231, 0.43671257769]
    ],
    [
      [0.7671501107, 0.2328498893],
      [0.1078650966, 0.8921349034],
      [0.67549426714, 0.32450573286]
    ],
    [
      [0.7574193946, 0.2425806054],
      [0.1027527778, 0.8972472222],
      [0.66359294299, 0.33640705701]
    ],
    [
      [0.69680256794, 0.30319743206],
      [0.077843741989, 0.92215625801],
      [0.59221077437, 0.40778922563]
    ],
    [
      [0.73749379539, 0.26250620461],
      [0.093587405497, 0.9064125945],
      [0.63970028929, 0.36029971071]
    ],
    [
      [0.67924515273, 0.32075484727],
      [0.071910875455, 0.92808912455],
      [0.57216438539, 0.42783561461]
    ],
    [
      [0.75141393327, 0.24858606673],
      [0.10000253757, 0.89999746243],
      [0.65639782034, 0.34360217966]
    ],
    [
      [0.7418516867, 0.2581483133],
      [0.09539451798, 0.90460548202],
      [0.64484536211, 0.35515463789]
    ],
    [
      [0.67939044814, 0.32060955186],
      [0.072238185726, 0.92776181427],
      [0.57249097381, 0.42750902619]
    ],
    [
      [0.69998324263, 0.30001675737],
      [0.078522441363, 0.92147755864],
      [0.59563609387, 0.40436390613]
    ],
    [
      [0.76025784139, 0.23974215861],
      [0.10410166206, 0.89589833794],
      [0.66701284622, 0.33298715378]
    ],
    [
      [0.71396533347, 0.28603466653],
      [0.084188792378, 0.91581120762],
      [0.61209696083, 0.38790303917]
    ],
    [
      [0.73427772133, 0.26572227867],
      [0.091994201853, 0.90800579815],
      [0.63579072294, 0.36420927706]
    ],
    [
      [0.80334281092, 0.19665718908],
      [0.13023601821, 0.86976398179],
      [0.72071037164, 0.27928962836]
    ],
    [
      [0.72380859797, 0.27619140203],
      [0.087914363178, 0.91208563682],
      [0.62354824576, 0.37645175424]
    ],
    [
      [0.70165484424, 0.29834515576],
      [0.079891672734, 0.92010832727],
      [0.59796592402, 0.40203407598]
    ],
    [
      [0.66612863648, 0.33387136352],
      [0.06858751218, 0.93141248782],
      [0.55786285221, 0.44213714779]
    ],
    [
      [0.72632538973, 0.27367461027],
      [0.089192481315, 0.91080751868],
      [0.62662940355, 0.37337059645]
    ],
    [
      [0.73505986743, 0.26494013257],
      [0.092879157461, 0.90712084254],
      [0.63696108634, 0.36303891366]
    ],
    [
      [0.74218184686, 0.25781815314],
      [0.096033179849, 0.90396682015],
      [0.645447665, 0.354552335]
    ],
    [
      [0.70069433328, 0.29930566672],
      [0.079547628823, 0.92045237118],
      [0.59686076869, 0.40313923131]
    ],
    [
      [0.65938066825, 0.34061933175],
      [0.066677572289, 0.93332242771],
      [0.55039999789, 0.44960000211]
    ],
    [
      [0.71895169348, 0.28104830652],
      [0.086261829475, 0.91373817053],
      [0.61798825055, 0.38201174945]
    ],
    [
      [0.73582078386, 0.26417921614],
      [0.093242847584, 0.90675715242],
      [0.63787825058, 0.36212174942]
    ],
    [
      [0.76627422816, 0.23372577184],
      [0.1079773885, 0.8920226115],
      [0.67463123566, 0.32536876434]
    ],
    [
      [0.76310808002, 0.23689191998],
      [0.10616490957, 0.89383509043],
      [0.67071318245, 0.32928681755]
    ],
    [
      [0.7575924802, 0.2424075198],
      [0.1033934089, 0.8966065911],
      [0.66401755659, 0.33598244341]
    ],
    [
      [0.71238473997, 0.28761526003],
      [0.083753899543, 0.91624610046],
      [0.61034175792, 0.38965824208]
    ],
    [
      [0.78040538272, 0.21959461728],
      [0.11597080584, 0.88402919416],
      [0.69207034854, 0.30792965146]
    ],
    [
      [0.73612750552, 0.26387249448],
      [0.093355152736, 0.90664484726],
      [0.6382344727, 0.3617655273]
    ],
    [
      [0.7388350498, 0.2611649502],
      [0.094548949671, 0.90545105033],
      [0.64145854936, 0.35854145064]
    ],
    [
      [0.77803670847, 0.22196329153],
      [0.11455087771, 0.88544912229],
      [0.68912353441, 0.31087646559]
    ]
  ],