{
  "X": [
    [10, 35, 55],
    [6, 52, 42],
    [6, 32, 62],
    [9, 50, 41],
    [4, 51, 45],
    [9, 31, 60],
    [13, 43, 44],
    [10, 46, 44],
    [9, 40, 51],
    [10, 44, 46],
    [8, 47, 45],
    [9, 42, 49],
    [10, 49, 41],
    [10, 44, 46],
    [8, 32, 60],
    [13, 39, 48],
    [9, 45, 46],
    [10, 39, 51],
    [6, 45, 49],
    [7, 43, 50],
    [8, 49, 43],
    [6, 51, 43],
    [10, 45, 45],
    [6, 43, 51],
    [8, 42, 50],
    [14, 31, 55],
    [23, 26, 51],
    [17, 34, 49],
    [32, 27, 41],
    [23, 31, 46],
    [16, 25, 59],
    [23, 31, 46],
    [21, 28, 51],
    [21, 28, 51],
    [26, 31, 43],
    [19, 26, 55],
    [21, 28, 51],
    [19, 29, 52],
    [31, 25, 44],
    [21, 28, 51],
    [19, 25, 56],
    [25, 32, 43],
    [29, 24, 47],
    [23, 36, 41],
    [23, 26, 51],
    [20, 23, 57],
    [20, 37, 43],
    [26, 22, 52],
    [18, 31, 51],
    [25, 33, 42]
  ],
  "W": [
    [67, 33],
    [87, 13],
    [70, 30],
    [80, 20],
    [76, 24],
    [83, 17],
    [72, 28],
    [78, 22],
    [74, 26],
    [73, 27],
    [77, 23],
    [73, 27],
    [65, 35],
    [77, 23],
    [71, 29],
    [67, 33],
    [73, 27],
    [70, 30],
    [74, 26],
    [75, 25],
    [72, 28],
    [73, 27],
    [70, 30],
    [77, 23],
    [75, 25],
    [23, 77],
    [26, 74],
    [29, 71],
    [25, 75],
    [24, 76],
    [23, 77],
    [28, 72],
    [27, 73],
    [24, 76],
    [24, 76],
    [33, 67],
    [26, 74],
    [24, 76],
    [26, 74],
    [25, 75],
    [30, 70],
    [24, 76],
    [22, 78],
    [26, 74],
    [34, 66],
    [27, 73],
    [28, 72],
    [27, 73],
    [27, 73],
    [19, 81]
  ],
  "method": "mult",
  "cond_prob": [
    [
      [0.020943204436, 0.43337481699, 0.54568197858],
      [0.2605092516, 0.18072385642, 0.55876689198]
    ],
    [
      [0.021797631171, 0.56146230213, 0.4167400667],
      [0.31566200678, 0.2425215165, 0.44181647671]
    ],
    [
      [0.010911895419, 0.38439880757, 0.60468929701],
      [0.17453891069, 0.16973611566, 0.65572497365]
    ],
    [
      [0.026425753685, 0.56573825672, 0.4078359896],
      [0.34429698526, 0.23704697314, 0.4186560416]
    ],
    [
      [0.0030772341463, 0.5766027154, 0.42032005046],
      [0.15692209187, 0.29909140124, 0.54398650689]
    ],
    [
      [0.03891175295, 0.34794964291, 0.61313860414],
      [0.33943085324, 0.1247164493, 0.53585269745]
    ],
    [
      [0.036605758716, 0.51836630547, 0.44502793581],
      [0.37015662044, 0.20277235735, 0.4270710222]
    ],
    [
      [0.030011362393, 0.52922904364, 0.44075959396],
      [0.34814153333, 0.21455157254, 0.43730689413]
    ],
    [
      [0.022159966187, 0.47125296134, 0.50658707247],
      [0.28308317316, 0.19720311002, 0.51971371682]
    ],
    [
      [0.023240557376, 0.5212489043, 0.45551053833],
      [0.30753478932, 0.22032703653, 0.47213817415]
    ],
    [
      [0.01842614397, 0.53959420186, 0.44197965417],
      [0.28613856149, 0.23701071551, 0.476850723]
    ],
    [
      [0.019992684135, 0.4966518551, 0.48335546077],
      [0.27927903919, 0.21275609548, 0.50796486533]
    ],
    [
      [0.011101970308, 0.60080672555, 0.38809130414],
      [0.26509634086, 0.28421608113, 0.45068757802]
    ],
    [
      [0.029279682472, 0.50977740036, 0.46094291717],
      [0.3367593239, 0.20639739881, 0.45684327729]
    ],
    [
      [0.018497648114, 0.38520261633, 0.59629973556],
      [0.23057472358, 0.1603660083, 0.60905926811]
    ],
    [
      [0.030930783451, 0.48635350278, 0.48271571377],
      [0.33114053057, 0.19437319133, 0.4744862781]
    ],
    [
      [0.018506249599, 0.53055530183, 0.45093844858],
      [0.28329791775, 0.2322023321, 0.48449975015]
    ],
    [
      [0.022083379577, 0.47227188223, 0.50564473819],
      [0.28180544765, 0.19803227479, 0.52016227756]
    ],
    [
      [0.0088778476404, 0.52148706721, 0.46963508515],
      [0.20550151056, 0.24653680872, 0.54796168072]
    ],
    [
      [0.013873621675, 0.4987353686, 0.48739100973],
      [0.23837913497, 0.2237938942, 0.53782697082]
    ],
    [
      [0.011707721835, 0.57584043839, 0.41245183977],
      [0.25560871528, 0.26926744413, 0.47512384059]
    ],
    [
      [0.0057637323515, 0.58992225218, 0.40431401547],
      [0.20663879772, 0.29391391077, 0.49944729152]
    ],
    [
      [0.018813984434, 0.54118746056, 0.43999855501],
      [0.28943403632, 0.2372292587, 0.47333670498]
    ],
    [
      [0.012087722459, 0.49163471001, 0.49627756753],
      [0.22040197264, 0.22365770998, 0.55594031738]
    ],
    [
      [0.018194056438, 0.48941800034, 0.49238794322],
      [0.26541783069, 0.21174599898, 0.52283617033]
    ],
    [
      [0.011324623279, 0.50785976782, 0.48081560891],
      [0.17843550214, 0.25089903039, 0.57066546747]
    ],
    [
      [0.02555071687, 0.46638457284, 0.50806471029],
      [0.30183353191, 0.18748650143, 0.51067996665]
    ],
    [
      [0.014988034599, 0.54156407926, 0.44344788614],
      [0.23331474643, 0.25767100988, 0.50901424369]
    ],
    [
      [0.039896991433, 0.52260582384, 0.43749718473],
      [0.41336766952, 0.18579805872, 0.40083427176]
    ],
    [
      [0.022462015318, 0.54178828696, 0.43574969773],
      [0.29553831095, 0.23680369886, 0.46765799019]
    ],
    [
      [0.014974915859, 0.43500992472, 0.55001515942],
      [0.20331918098, 0.19473729521, 0.60194352381]
    ],
    [
      [0.024534861739, 0.53015250733, 0.44531263093],
      [0.30990310932, 0.22438513604, 0.46571175464]
    ],
    [
      [0.022164558462, 0.48398486475, 0.49385057678],
      [0.27947338249, 0.20455354317, 0.51597307434]
    ],
    [
      [0.020810099515, 0.49264302997, 0.48654687051],
      [0.2697441791, 0.21284956948, 0.51740625142]
    ],
    [
      [0.026802746635, 0.55518037164, 0.41801688172],
      [0.3336412379, 0.23257461948, 0.43378414261]
    ],
    [
      [0.023003562684, 0.43177195507, 0.54522448225],
      [0.27225197659, 0.17539590273, 0.55235212068]
    ],
    [
      [0.021685584256, 0.48686838193, 0.49144603381],
      [0.27616452445, 0.20731651446, 0.51651896109]
    ],
    [
      [0.017829267622, 0.4983616165, 0.48380911587],
      [0.24436970496, 0.22420159479, 0.53142870025]
    ],
    [
      [0.040290579736, 0.48429627512, 0.47541314515],
      [0.40476276928, 0.16767968712, 0.4275575436]
    ],
    [
      [0.021234772712, 0.48975388653, 0.48901134076],
      [0.27292174243, 0.21008203782, 0.51699621975]
    ],
    [
      [0.021748090635, 0.42600566803, 0.55224624134],
      [0.26210796116, 0.17456899942, 0.56332303943]
    ],
    [
      [0.024895998501, 0.56405887917, 0.41104512233],
      [0.32108547416, 0.242928775, 0.43598575084]
    ],
    [
      [0.033337034137, 0.47311351765, 0.49354944821],
      [0.36239211858, 0.17425003348, 0.46335784794]
    ],
    [
      [0.021343293052, 0.6007167403, 0.37793996665],
      [0.30331181595, 0.275423848, 0.42126433604]
    ],
    [
      [0.031711127262, 0.44256625769, 0.52572261504],
      [0.33214881323, 0.16595071573, 0.50190047104]
    ],
    [
      [0.022588472283, 0.4087561895, 0.56865533822],
      [0.26561796231, 0.16388469703, 0.57049734066]
    ],
    [
      [0.017560809367, 0.59405111082, 0.38838807981],
      [0.27094857414, 0.28286901246, 0.44618241341]
    ],
    [
      [0.033368358204, 0.41454571012, 0.55208593167],
      [0.34382266203, 0.14804473735, 0.50813260061]
    ],
    [
      [0.016793560012, 0.51258722317, 0.47061921682],
      [0.24036402575, 0.2350704791, 0.52456549515]
    ],
    [
      [0.0222394648, 0.59169300217, 0.38606753303],
      [0.30342531073, 0.26861522171, 0.42795946756]
    ]
  ],