{
  "X": [
    [73, 13, 14],
    [62, 22, 16],
    [74, 14, 12],
    [64, 17, 19],
    [64, 16, 20],
    [63, 26, 11],
    [71, 19, 10],
    [64, 15, 21],
    [68, 19, 13],
    [77, 10, 13],
    [65, 23, 12],
    [65, 19, 16],
    [66, 18, 16],
    [66, 21, 13],
    [62, 23, 15],
    [70, 15, 15],
    [71, 15, 14],
    [67, 20, 13],
    [70, 14, 16],
    [65, 20, 15],
    [70, 19, 11],
    [70, 14, 16],
    [76, 14, 10],
    [64, 18, 18],
    [66, 25, 9],
    [55, 39, 6],
    [55, 31, 14],
    [56, 41, 3],
    [42, 50, 8],
    [48, 49, 3],
    [42, 49, 9],
    [45, 45, 10],
    [43, 52, 5],
    [45, 50, 5],
    [57, 36, 7],
    [50, 43, 7],
    [47, 44, 9],
    [55, 39, 6],
    [51, 43, 6],
    [58, 39, 3],
    [53, 41, 6],
    [52, 35, 13],
    [47, 46, 7],
    [51, 42, 7],
    [49, 36, 15],
    [49, 45, 6],
    [49, 40, 11],
    [58, 34, 8],
    [49, 44, 7],
    [51, 44, 5]
  ],
  "W": [
    [76, 24],
    [73, 27],
    [83, 17],
    [74, 26],
    [80, 20],
    [72, 28],
    [72, 28],
    [72, 28],
    [83, 17],
    [80, 20],
    [72, 28],
    [83, 17],
    [74, 26],
    [74, 26],
    [67, 33],
    [77, 23],
    [75, 25],
    [72, 28],
    [70, 30],
    [71, 29],
    [79, 21],
    [85, 15],
    [76, 24],
    [71, 29],
    [69, 31],
    [29, 71],
    [27, 73],
    [20, 80],
    [21, 79],
    [20, 80],
    [22, 78],
    [30, 70],
    [19, 81],
    [21, 79],
    [29, 71],
    [19, 81],
    [21, 79],
    [26, 74],
    [30, 70],
    [23, 77],
    [27, 73],
    [26, 74],
    [25, 75],
    [21, 79],
    [22, 78],
    [21, 79],
    [36, 64],
    [34, 66],
    [23, 77],
    [28, 72]
  ],
  "method": "mult",
  "cond_prob": [
    [
      [0.79984530018, 0.030995707537, 0.16915899228],
      [0.50882321609, 0.4435135928, 0.047663191113]
    ],
    [
      [0.71463534471, 0.082757914766, 0.20260674053],
      [0.36413406802, 0.59106193415, 0.044803997829]
    ],
    [
      [0.80166924169, 0.060541073644, 0.13778968467],
      [0.43890899647, 0.5279465228, 0.033144480728]
    ],
    [
      [0.71673873247, 0.048006674536, 0.23525459299],
      [0.42158976142, 0.51721177247, 0.061198466105]
    ],
    [
      [0.70265257854, 0.061700204788, 0.23564721667],
      [0.38938968584, 0.55319918085, 0.057411133317]
    ],
    [
      [0.74367115584, 0.11411334713, 0.14221549703],
      [0.33770274212, 0.63513710738, 0.027160150502]
    ],
    [
      [0.81266226933, 0.060349111664, 0.12698861901],
      [0.44601130743, 0.52338799858, 0.030600693987]
    ],
    [
      [0.70967392183, 0.02817982731, 0.26214625086],
      [0.46083848671, 0.46325187263, 0.075909640657]
    ],
    [
      [0.74830265486, 0.1012815636, 0.15041578154],
      [0.34652233216, 0.6231547189, 0.030322948932]
    ],
    [
      [0.82443070162, 0.024238474629, 0.15133082375],
      [0.55227719351, 0.40304610148, 0.044676705006]
    ],
    [
      [0.75706549267, 0.089024101928, 0.1539104054],
      [0.37468873312, 0.59250945219, 0.03280181469]
    ],
    [
      [0.7146868771, 0.1002637666, 0.1850493563],
      [0.33417583535, 0.62812396306, 0.037700201589]
    ],
    [
      [0.74451485579, 0.056611058271, 0.19887408594],
      [0.41945771814, 0.53118391107, 0.049358370783]
    ],
    [
      [0.75640240387, 0.080608418192, 0.16298917794],
      [0.38562392745, 0.57826834822, 0.036107724331]
    ],
    [
      [0.73116665914, 0.068234336302, 0.20059900456],
      [0.39429799508, 0.5584333172, 0.047268687714]
    ],
    [
      [0.77300322641, 0.046236764182, 0.18076000941],
      [0.45559789419, 0.49738126774, 0.047020838075]
    ],
    [
      [0.78802538708, 0.04057920337, 0.17139540954],
      [0.47592383875, 0.47826238989, 0.045813771365]
    ],
    [
      [0.76895275232, 0.065713033734, 0.16533421394],
      [0.41555006546, 0.54530934183, 0.039140592714]
    ],
    [
      [0.7768193033, 0.020679952146, 0.20250074455],
      [0.52075495896, 0.41841344499, 0.06083159605]
    ],
    [
      [0.74680145085, 0.061014637244, 0.19218391191],
      [0.41300334448, 0.54027450882, 0.046722146704]
    ],
    [
      [0.78302664967, 0.085280533124, 0.1316928172],
      [0.38766165123, 0.5839446611, 0.028393687669]
    ],
    [
      [0.7524810956, 0.06677881764, 0.18074008676],
      [0.40260712495, 0.55492003337, 0.042472841679]
    ],
    [
      [0.83965265381, 0.039013898302, 0.12133344788],
      [0.50776659625, 0.45978932204, 0.0324440817]
    ],
    [
      [0.72554813929, 0.045546507909, 0.2289053528],
      [0.43055455552, 0.50917923926, 0.06026620522]
    ],
    [
      [0.78581002745, 0.094780476117, 0.11940949643],
      [0.37997122923, 0.59548861768, 0.024540153098]
    ],
    [
      [0.80687707511, 0.062587950256, 0.13053497463],
      [0.44507837777, 0.52373168229, 0.031189939939]
    ],
    [
      [0.69672882411, 0.032525335834, 0.27074584005],
      [0.49573043492, 0.41262761551, 0.09164194957]
    ],
    [
      [0.86509478326, 0.058808400666, 0.076096816077],
      [0.48372630419, 0.49779789983, 0.018475795981]
    ],
    [
      [0.70150805698, 0.082147825882, 0.21634411713],
      [0.34516874435, 0.61107462856, 0.043756627091]
    ],
    [
      [0.8321706806, 0.082581346557, 0.08524797284],
      [0.39195732985, 0.59185466336, 0.01618800679]
    ],
    [
      [0.6853007499, 0.079776788372, 0.23492246173],
      [0.34517158336, 0.60570398277, 0.049124433871]
    ],
    [
      [0.69245582755, 0.082187347314, 0.22535682514],
      [0.34609035962, 0.60763399401, 0.04627564637]
    ],
    [
      [0.76417289325, 0.088310077076, 0.14751702968],
      [0.35161376578, 0.6212605992, 0.027125635014]
    ],
    [
      [0.77499773733, 0.085641782587, 0.13936048009],
      [0.36360819641, 0.61014585526, 0.026245948332]
    ],
    [
      [0.80143655669, 0.052293489658, 0.14626995365],
      [0.47546957543, 0.48568294084, 0.038847483721]
    ],
    [
      [0.76290711781, 0.059404488632, 0.17768839355],
      [0.43833042915, 0.51692981131, 0.044739759537]
    ],
    [
      [0.71498167295, 0.062959893814, 0.22205843324],
      [0.40487828947, 0.54022585101, 0.054895859519]
    ],
    [
      [0.80696575133, 0.058220217802, 0.13481403087],
      [0.45971473602, 0.50657127483, 0.033713989155]
    ],
    [
      [0.78589704041, 0.078700700952, 0.13540225863],
      [0.39175841125, 0.58055684245, 0.0276847463]
    ],
    [
      [0.87163606089, 0.056967625076, 0.071396314036],
      [0.49288792986, 0.4894772029, 0.017634867236]
    ],
    [
      [0.79748381676, 0.065895455636, 0.13662072761],
      [0.43106762942, 0.53727154381, 0.031660826776]
    ],
    [
      [0.69198574861, 0.041924979555, 0.26608927183],
      [0.45957257481, 0.45824257475, 0.082184850438]
    ],
    [
      [0.7496108888, 0.077936801041, 0.17245231016],
      [0.3767963704, 0.58735439965, 0.035849229948]
    ],
    [
      [0.76939529785, 0.059291429576, 0.17131327257],
      [0.44104681956, 0.51588455669, 0.043068623747]
    ],
    [
      [0.64315684803, 0.039956665306, 0.31688648667],
      [0.44680191466, 0.45026863286, 0.10292945248]
    ],
    [
      [0.77717179385, 0.068609732612, 0.15421847353],
      [0.41366319404, 0.55138222298, 0.034954582985]
    ],
    [
      [0.70519528491, 0.075364213938, 0.21944050115],
      [0.36895265224, 0.58260762966, 0.048439718103]
    ],
    [
      [0.79331137018, 0.051542618456, 0.15514601137],
      [0.47011232445, 0.48859925716, 0.041288418386]
    ],
    [
      [0.76029837604, 0.067846657533, 0.17185496642],
      [0.40926152404, 0.55116268671, 0.03957578925]
    ],
    [
      [0.80316512715, 0.079149639659, 0.11768523319],
      [0.39599133944, 0.58033069569, 0.023677964871]
    ]
  ],