{
  "X": [
    [52, 14, 34],
    [46, 14, 40],
    [47, 20, 33],
    [50, 14, 36],
    [57, 13, 30],
    [52, 19, 29],
    [49, 12, 39],
    [51, 15, 34],
    [44, 16, 40],
    [56, 12, 32],
    [54, 12, 34],
    [48, 14, 38],
    [47, 14, 39],
    [53, 9, 38],
    [55, 14, 31],
    [50, 16, 34],
    [55, 12, 33],
    [46, 17, 37],
    [47, 18, 35],
    [44, 17, 39],
    [53, 12, 35],
    [56, 17, 27],
    [40, 16, 44],
    [39, 9, 52],
    [51, 17, 32],
    [68, 13, 19],
    [59, 19, 22],
    [61, 25, 14],
    [62, 17, 21],
    [68, 15, 17],
    [60, 22, 18],
    [72, 12, 16],
    [70, 13, 17],
    [65, 18, 17],
    [69, 16, 15],
    [65, 18, 17],
    [61, 19, 20],
    [66, 16, 18],
    [57, 24, 19],
    [68, 18, 14],
    [58, 19, 23],
    [60, 16, 24],
    [76, 7, 17],
    [57, 25, 18],
    [69, 15, 16],
    [62, 18, 20],
    [65, 14, 21],
    [65, 14, 21],
    [53, 29, 18],
    [69, 12, 19]
  ],
  "W": [
    [74, 26],
    [74, 26],
    [79, 21],
    [75, 25],
    [71, 29],
    [74, 26],
    [81, 19],
    [71, 29],
    [77, 23],
    [68, 32],
    [72, 28],
    [76, 24],
    [71, 29],
    [75, 25],
    [73, 27],
    [77, 23],
    [75, 25],
    [82, 18],
    [77, 23],
    [74, 26],
    [78, 22],
    [71, 29],
    [81, 19],
    [82, 18],
    [70, 30],
    [23, 77],
    [23, 77],
    [29, 71],
    [24, 76],
    [22, 78],
    [32, 68],
    [30, 70],
    [22, 78],
    [21, 79],
    [30, 70],
    [28, 72],
    [25, 75],
    [21, 79],
    [22, 78],
    [25, 75],
    [32, 68],
    [22, 78],
    [23, 77],
    [29, 71],
    [23, 77],
    [28, 72],
    [22, 78],
    [22, 78],
    [24, 76],
    [20, 80]
  ],
  "method": "mult",
  "cond_prob": [
    [
      [0.4453234765, 0.12887826253, 0.42579826097],
      [0.73254087459, 0.17165417587, 0.095804949538]
    ],
    [
      [0.37827899499, 0.12466515476, 0.49705585024],
      [0.69259055271, 0.18364532876, 0.12376411853]
    ],
    [
      [0.41717700049, 0.1881785996, 0.3946443999],
      [0.66871509338, 0.24447098245, 0.086813924171]
    ],
    [
      [0.4261883183, 0.12819308693, 0.44561859477],
      [0.72143504511, 0.1754207392, 0.10314421569]
    ],
    [
      [0.49044327725, 0.12067910813, 0.38887761462],
      [0.76477680398, 0.15282011457, 0.082403081455]
    ],
    [
      [0.4564557291, 0.17851035657, 0.36503391432],
      [0.70085677101, 0.22270129283, 0.076441936156]
    ],
    [
      [0.43167977769, 0.11187310447, 0.45644711785],
      [0.73862831617, 0.15464623886, 0.10672544497]
    ],
    [
      [0.426213959, 0.13591999192, 0.43786604908],
      [0.71513134176, 0.18447174391, 0.10039691433]
    ],
    [
      [0.37117134351, 0.14484892223, 0.48397973425],
      [0.67042637172, 0.2107231734, 0.11885045489]
    ],
    [
      [0.46535985968, 0.10869443705, 0.42594570326],
      [0.76111029817, 0.14402432127, 0.094865380562]
    ],
    [
      [0.45635885115, 0.10958640453, 0.43405474432],
      [0.7550772399, 0.14677781692, 0.098144943179]
    ],
    [
      [0.4073776995, 0.12755497014, 0.46506733036],
      [0.70997061825, 0.17940926124, 0.11062012051]
    ],
    [
      [0.37852729085, 0.12305934348, 0.49841336567],
      [0.69395042586, 0.18147540043, 0.12457417371]
    ],
    [
      [0.44838582281, 0.081905213645, 0.46970896355],
      [0.77484253157, 0.11428435907, 0.11087310936]
    ],
    [
      [0.47630568793, 0.13026724274, 0.39342706933],
      [0.74924758449, 0.16631449185, 0.084437923668]
    ],
    [
      [0.43693250602, 0.1490845729, 0.41398292108],
      [0.71113900159, 0.1965429516, 0.092318046811]
    ],
    [
      [0.47823916945, 0.11169388257, 0.41006694798],
      [0.76528249164, 0.1449183523, 0.089799156057]
    ],
    [
      [0.41046315317, 0.15989666068, 0.42964018614],
      [0.68566785776, 0.21602632356, 0.09830581868]
    ],
    [
      [0.40770490669, 0.16671144135, 0.42558365196],
      [0.67855313847, 0.2244877833, 0.096959078224]
    ],
    [
      [0.36319101305, 0.15184274096, 0.48496624599],
      [0.65861019361, 0.22167835265, 0.11971145373]
    ],
    [
      [0.4657006232, 0.11214771366, 0.42215166314],
      [0.75797051774, 0.1478399243, 0.094189557961]
    ],
    [
      [0.4890164988, 0.15976998012, 0.35121352107],
      [0.73378719258, 0.19504591074, 0.07116689668]
    ],
    [
      [0.34193029672, 0.14556324815, 0.51250645514],
      [0.64756031399, 0.22154615264, 0.13089353336]
    ],
    [
      [0.323198811, 0.079745256638, 0.59705593236],
      [0.69431652767, 0.13671605309, 0.16896741924]
    ],
    [
      [0.42801463439, 0.15480455478, 0.41718081083],
      [0.70129918643, 0.20545603885, 0.09324477472]
    ],
    [
      [0.4372559573, 0.099755297859, 0.46298874484],
      [0.75250796081, 0.13903413181, 0.10845790739]
    ],
    [
      [0.35591625497, 0.13702760033, 0.50705614469],
      [0.65992111864, 0.20582292458, 0.13425595678]
    ],
    [
      [0.44874278413, 0.21648240931, 0.33477480656],
      [0.67586562338, 0.26369028352, 0.060444093096]
    ],
    [
      [0.38656146564, 0.12641852775, 0.48702000661],
      [0.6937174319, 0.18376257018, 0.12251999791]
    ],
    [
      [0.44826837713, 0.1181113364, 0.43362028647],
      [0.74536020132, 0.15899423845, 0.095645560227]
    ],
    [
      [0.42558691458, 0.18298082317, 0.39143226225],
      [0.68207674608, 0.2374207891, 0.080502464823]
    ],
    [
      [0.5254304885, 0.10292194125, 0.37164757025],
      [0.8033869335, 0.12731916804, 0.069293898464]
    ],
    [
      [0.46269426934, 0.10263258516, 0.4346731455],
      [0.76693238557, 0.13771901444, 0.095348599987]
    ],
    [
      [0.42205506121, 0.13986375382, 0.43808118497],
      [0.71059295841, 0.19066912873, 0.098737912857]
    ],
    [
      [0.50939144271, 0.13876978779, 0.3518387695],
      [0.76740366741, 0.16909866238, 0.063497670213]
    ],
    [
      [0.45393278274, 0.14847398944, 0.39759322782],
      [0.72624836227, 0.19226011522, 0.081491522516]
    ],
    [
      [0.39078933899, 0.14485010761, 0.4643605534],
      [0.68307022034, 0.20504996413, 0.11187981553]
    ],
    [
      [0.42117714865, 0.12222809301, 0.45659475834],
      [0.72348455542, 0.1700406335, 0.10647481108]
    ],
    [
      [0.35712455508, 0.17982100993, 0.46305443499],
      [0.63004179216, 0.2569735613, 0.11298464654]
    ],
    [
      [0.48784015281, 0.15319581728, 0.3589640299],
      [0.7440532824, 0.18893472757, 0.067011990032]
    ],
    [
      [0.38126634284, 0.14702447887, 0.47170917829],
      [0.67352172101, 0.21022377465, 0.11625450433]
    ],
    [
      [0.34576928891, 0.11052637906, 0.54370433202],
      [0.671706098, 0.17395409821, 0.15433980379]
    ],
    [
      [0.51198455402, 0.056210633717, 0.43180481227],
      [0.83408253581, 0.074118901617, 0.09179856257]
    ],
    [
      [0.39134835248, 0.20253085085, 0.40612079667],
      [0.64297039124, 0.2693888074, 0.08764080136]
    ],
    [
      [0.46889858946, 0.12148338087, 0.40961802967],
      [0.75604327847, 0.15851795117, 0.085438770358]
    ],
    [
      [0.41098939366, 0.14120038279, 0.44781022355],
      [0.70128190246, 0.19508874003, 0.10362935751]
    ],
    [
      [0.39712389686, 0.10235428866, 0.50052181448],
      [0.72132402909, 0.15061802115, 0.12805794976]
    ],
    [
      [0.39712389686, 0.10235428866, 0.50052181448],
      [0.72132402909, 0.15061802115, 0.12805794976]
    ],
    [
      [0.34382280227, 0.22411987684, 0.43205732089],
      [0.58879279928, 0.31080424942, 0.1004029513]
    ],
    [
      [0.42872018937, 0.089434773056, 0.48184503758],
      [0.75531995266, 0.12764130674, 0.11703874061]
    ]
  ],