{
  "X": [
    [29, 71],
    [32, 68],
    [30, 70],
    [20, 80],
    [32, 68],
    [29, 71],
    [22, 78],
    [25, 75],
    [25, 75],
    [25, 75],
    [24, 76],
    [27, 73],
    [44, 56],
    [65, 35],
    [61, 39],
    [51, 49],
    [66, 34],
    [60, 40],
    [65, 35],
    [54, 46],
    [68, 32],
    [63, 37],
    [51, 49],
    [60, 40],
    [56, 44],
    [33, 67],
    [31, 69],
    [39, 61],
    [38, 62],
    [32, 68],
    [36, 64],
    [42, 58],
    [42, 58],
    [32, 68],
    [33, 67],
    [30, 70],
    [39, 61],
    [40, 60],
    [46, 54],
    [50, 50],
    [43, 57],
    [40, 60],
    [51, 49],
    [46, 54],
    [50, 50],
    [51, 49],
    [37, 63],
    [42, 58],
    [50, 50],
    [37, 63]
  ],
  "W": [
    [62, 11, 12, 15],
    [57, 17, 13, 13],
    [62, 12, 12, 14],
    [63, 11, 17, 9],
    [61, 16, 10, 13],
    [56, 11, 18, 15],
    [73, 5, 7, 15],
    [61, 14, 11, 14],
    [66, 15, 9, 10],
    [63, 12, 14, 11],
    [61, 12, 11, 16],
    [62, 17, 11, 10],
    [41, 37, 10, 12],
    [11, 62, 9, 18],
    [9, 73, 11, 7],
    [14, 51, 20, 15],
    [14, 67, 13, 6],
    [11, 67, 13, 9],
    [12, 57, 12, 19],
    [13, 63, 10, 14],
    [8, 67, 15, 10],
    [9, 62, 14, 15],
    [19, 57, 14, 10],
    [13, 66, 10, 11],
    [15, 61, 12, 12],
    [14, 11, 61, 14],
    [12, 12, 70, 6],
    [13, 19, 58, 10],
    [8, 14, 67, 11],
    [16, 14, 59, 11],
    [15, 10, 59, 16],
    [14, 12, 59, 15],
    [10, 14, 62, 14],
    [12, 12, 69, 7],
    [11, 19, 59, 11],
    [15, 11, 63, 11],
    [13, 17, 60, 10],
    [14, 9, 39, 38],
    [13, 9, 12, 66],
    [12, 17, 13, 58],
    [18, 11, 15, 56],
    [11, 10, 17, 62],
    [9, 10, 12, 69],
    [10, 14, 9, 67],
    [14, 14, 17, 55],
    [11, 10, 9, 70],
    [11, 9, 10, 70],
    [16, 11, 14, 59],
    [12, 13, 15, 60],
    [10, 5, 14, 71]
  ],
  "method": "mvn_cdf",
  "mvncdf_method": "genz",
  "mvncdf_samples": 5000,
  "mvncdf_error": 1e-06,
  "cond_prob": [
    [
      [0.12556005099, 0.87443994901],
      [0.81923772319, 0.18076227681],
      [0.3229443563, 0.6770556437],
      [0.5492565998, 0.4507434002]
    ],
    [
      [0.12181298103, 0.87818701897],
      [0.81390806439, 0.18609193561],
      [0.3153241578, 0.6846758422],
      [0.54046281658, 0.45953718342]
    ],
    [
      [0.1314211248, 0.8685788752],
      [0.82694155038, 0.17305844962],
      [0.33460316336, 0.66539683664],
      [0.56236780645, 0.43763219355]
    ],
    [
      [0.076610727175, 0.92338927283],
      [0.72334811761, 0.27665188239],
      [0.21539104177, 0.78460895823],
      [0.41186852776, 0.58813147224]
    ],
    [
      [0.13187128656, 0.86812871344],
      [0.82754622665, 0.17245377335],
      [0.3355049161, 0.6644950839],
      [0.5633892419, 0.4366107581]
    ],
    [
      [0.11707865754, 0.88292134246],
      [0.80674881971, 0.19325118029],
      [0.30553716574, 0.69446283426],
      [0.52894157752, 0.47105842248]
    ],
    [
      [0.11043109249, 0.88956890751],
      [0.79714452444, 0.20285547556],
      [0.29194210341, 0.70805789659],
      [0.51316287779, 0.48683712221]
    ],
    [
      [0.088541312555, 0.91145868744],
      [0.7537104601, 0.2462895399],
      [0.24341867891, 0.75658132109],
      [0.45081591249, 0.54918408751]
    ],
    [
      [0.095330155541, 0.90466984446],
      [0.76906600404, 0.23093399596],
      [0.25896129488, 0.74103870512],
      [0.47163979309, 0.52836020691]
    ],
    [
      [0.10064987961, 0.89935012039],
      [0.77933891338, 0.22066108662],
      [0.27068980578, 0.72931019422],
      [0.48658774255, 0.51341225745]
    ],
    [
      [0.086313586702, 0.9136864133],
      [0.74836022904, 0.25163977096],
      [0.23825138735, 0.76174861265],
      [0.4437628652, 0.5562371348]
    ],
    [
      [0.097549052318, 0.90245094768],
      [0.77334434544, 0.22665565456],
      [0.26385324503, 0.73614675497],
      [0.47787259335, 0.52212740665]
    ],
    [
      [0.11669365841, 0.88330634159],
      [0.8058803651, 0.1941196349],
      [0.30463583567, 0.69536416433],
      [0.52773164062, 0.47226835938]
    ],
    [
      [0.12679188364, 0.87320811636],
      [0.81930493649, 0.18069506351],
      [0.32473803326, 0.67526196674],
      [0.55041440683, 0.44958559317]
    ],
    [
      [0.086444281659, 0.91355571834],
      [0.74708398474, 0.25291601526],
      [0.23820498351, 0.76179501649],
      [0.44304761724, 0.55695238276]
    ],
    [
      [0.087828894936, 0.91217110506],
      [0.75013536414, 0.24986463586],
      [0.24134458516, 0.75865541484],
      [0.44721526142, 0.55278473858]
    ],
    [
      [0.13912254334, 0.86087745666],
      [0.83501256398, 0.16498743602],
      [0.34894618423, 0.65105381577],
      [0.57733834009, 0.42266165991]
    ],
    [
      [0.095749614586, 0.90425038541],
      [0.76779262604, 0.23220737396],
      [0.25933785079, 0.74066214921],
      [0.47117757247, 0.52882242753]
    ],
    [
      [0.14260933909, 0.85739066091],
      [0.83859463682, 0.16140536318],
      [0.35537538805, 0.64462461195],
      [0.58399999582, 0.41600000418]
    ],
    [
      [0.07481312389, 0.92518687611],
      [0.71601384525, 0.28398615475],
      [0.21068623534, 0.78931376466],
      [0.40428458514, 0.59571541486]
    ],
    [
      [0.13806476225, 0.86193523775],
      [0.83351070295, 0.16648929705],
      [0.34679121347, 0.65320878653],
      [0.57485302659, 0.42514697341]
    ],
    [
      [0.11655819499, 0.88344180501],
      [0.80459833988, 0.19540166012],
      [0.30396031824, 0.69603968176],
      [0.52637832892, 0.47362167108]
    ],
    [
      [0.08196860782, 0.91803139218],
      [0.73608306065, 0.26391693935],
      [0.22780189177, 0.77219810823],
      [0.42876161892, 0.57123838108]
    ],
    [
      [0.097834954151, 0.90216504585],
      [0.77207066501, 0.22792933499],
      [0.26398428439, 0.73601571561],
      [0.47720618354, 0.52279381646]
    ],
    [
      [0.091067919822, 0.90893208018],
      [0.75778044182, 0.24221955818],
      [0.24880283539, 0.75119716461],
      [0.45732801036, 0.54267198964]
    ],
    [
      [0.099037637182, 0.90096236282],
      [0.77377729775, 0.22622270225],
      [0.26645364464, 0.73354635536],
      [0.48006823318, 0.51993176682]
    ],
    [
      [0.093741587138, 0.90625841286],
      [0.76297739547, 0.23702260453],
      [0.25468767712, 0.74531232288],
      [0.46483788503, 0.53516211497]
    ],
    [
      [0.11238310763, 0.88761689237],
      [0.79775419066, 0.20224580934],
      [0.29517569429, 0.70482430571],
      [0.51577292423, 0.48422707577]
    ],
    [
      [0.11430714491, 0.88569285509],
      [0.80061245824, 0.19938754176],
      [0.29911778058, 0.70088221942],
      [0.52038338665, 0.47961661335]
    ],
    [
      [0.091869883204, 0.9081301168],
      [0.75900832895, 0.24099167105],
      [0.25048896617, 0.74951103383],
      [0.45933472903, 0.54066527097]
    ],
    [
      [0.11527105237, 0.88472894763],
      [0.80223918038, 0.19776081962],
      [0.30116117891, 0.69883882109],
      [0.52287331275, 0.47712668725]
    ],
    [
      [0.1450235735, 0.8549764265],
      [0.84093424793, 0.15906575207],
      [0.35974587395, 0.64025412605],
      [0.58844128932, 0.41155871068]
    ],
    [
      [0.13513023422, 0.86486976578],
      [0.82950524392, 0.17049475608],
      [0.34090445959, 0.65909554041],
      [0.56815461349, 0.43184538651]
    ],
    [
      [0.097355481657, 0.90264451834],
      [0.77047055944, 0.22952944056],
      [0.26274959888, 0.73725040112],
      [0.4753288912, 0.5246711088]
    ],
    [
      [0.082192576358, 0.91780742364],
      [0.73578598133, 0.26421401867],
      [0.22815323595, 0.77184676405],
      [0.42890831882, 0.57109168118]
    ],
    [
      [0.089085708013, 0.91091429199],
      [0.75266684004, 0.24733315996],
      [0.24413731027, 0.75586268973],
      [0.45082090325, 0.54917909675]
    ],
    [
      [0.11778551709, 0.88221448291],
      [0.80619131192, 0.19380868808],
      [0.30638967076, 0.69361032924],
      [0.52909943727, 0.47090056273]
    ],
    [
