{
  "X": [
    [60, 40],
    [66, 34],
    [51, 49],
    [60, 40],
    [67, 33],
    [60, 40],
    [59, 41],
    [56, 44],
    [59, 41],
    [62, 38],
    [65, 35],
    [56, 44],
    [70, 30],
    [79, 21],
    [73, 27],
    [66, 34],
    [70, 30],
    [69, 31],
    [77, 23],
    [66, 34],
    [70, 30],
    [70, 30],
    [66, 34],
    [68, 32],
    [70, 30],
    [53, 47],
    [42, 58],
    [46, 54],
    [50, 50],
    [40, 60],
    [51, 49],
    [42, 58],
    [58, 42],
    [45, 55],
    [42, 58],
    [39, 61],
    [54, 46],
    [43, 57],
    [23, 77],
    [27, 73],
    [22, 78],
    [32, 68],
    [30, 70],
    [29, 71],
    [25, 75],
    [26, 74],
    [21, 79],
    [30, 70],
    [27, 73],
    [22, 78]
  ],
  "W": [
    [68, 10, 14, 8],
    [67, 12, 6, 15],
    [65, 13, 14, 8],
    [67, 17, 7, 9],
    [65, 12, 10, 13],
    [63, 9, 20, 8],
    [55, 18, 14, 13],
    [54, 13, 19, 14],
    [61, 12, 12, 15],
    [61, 14, 12, 13],
    [68, 10, 13, 9],
    [68, 9, 11, 12],
    [33, 40, 12, 15],
    [11, 70, 11, 8],
    [16, 63, 6, 15],
    [12, 67, 12, 9],
    [16, 58, 13, 13],
    [10, 58, 13, 19],
    [11, 62, 17, 10],
    [11, 63, 9, 17],
    [10, 59, 17, 14],
    [9, 67, 12, 12],
    [19, 59, 11, 11],
    [11, 63, 12, 14],
    [11, 62, 13, 14],
    [13, 14, 63, 10],
    [14, 10, 67, 9],
    [7, 12, 67, 14],
    [10, 15, 61, 14],
    [18, 13, 60, 9],
    [14, 10, 63, 13],
    [4, 14, 72, 10],
    [13, 21, 55, 11],
    [15, 12, 63, 10],
    [12, 11, 62, 15],
    [15, 9, 59, 17],
    [14, 16, 64, 6],
    [13, 16, 32, 39],
    [6, 9, 16, 69],
    [11, 10, 17, 62],
    [14, 10, 14, 62],
    [12, 13, 16, 59],
    [8, 19, 11, 62],
    [13, 16, 17, 54],
    [14, 12, 10, 64],
    [12, 8, 12, 68],
    [14, 10, 8, 68],
    [12, 13, 11, 64],
    [17, 8, 11, 64],
    [13, 9, 9, 69]
  ],
  "method": "mvn_cdf",
  "mvncdf_method": "genz",
  "mvncdf_samples": 5000,
  "mvncdf_error": 1e-06,
  "cond_prob": [
    [
      [0.66502818692, 0.33497181308],
      [0.89510591214, 0.10489408786],
      [0.40067981636, 0.59932018364],
      [0.041720749953, 0.95827925005]
    ],
    [
      [0.75535184566, 0.24464815434],
      [0.92979265494, 0.070207345065],
      [0.50957124752, 0.49042875248],
      [0.062980468292, 0.93701953171]
    ],
    [
      [0.54371440743, 0.45628559257],
      [0.83714901085, 0.16285098915],
      [0.28616889203, 0.71383110797],
      [0.025565780815, 0.97443421919]
    ],
    [
      [0.6296395176, 0.3703604824],
      [0.87982440015, 0.12017559985],
      [0.36380367845, 0.63619632155],
      [0.035917857366, 0.96408214263]
    ],
    [
      [0.76143633104, 0.23856366896],
      [0.93189979605, 0.068100203952],
      [0.51796622763, 0.48203377237],
      [0.065008121046, 0.93499187895]
    ],
    [
      [0.6850928059, 0.3149071941],
      [0.90332491253, 0.096675087469],
      [0.42291208539, 0.57708791461],
      [0.045520411759, 0.95447958824]
    ],
    [
      [0.66858304611, 0.33141695389],
      [0.89670531672, 0.10329468328],
      [0.40417969451, 0.59582030549],
      [0.042220037946, 0.95777996205]
    ],
    [
      [0.66937011339, 0.33062988661],
      [0.89699304846, 0.10300695154],
      [0.40515520445, 0.59484479555],
      [0.042409208351, 0.95759079165]
    ],
    [
      [0.69401920076, 0.30598079924],
      [0.90697419424, 0.093025805764],
      [0.43280616371, 0.56719383629],
      [0.047203059898, 0.9527969401]
    ],
    [
      [0.70902911536, 0.29097088464],
      [0.912804118, 0.087195881997],
      [0.45052779907, 0.54947220093],
      [0.050510004728, 0.94948999527]
    ],
    [
      [0.72423680858, 0.27576319142],
      [0.91849341393, 0.081506586072],
      [0.46938498445, 0.53061501555],
      [0.054310070298, 0.9456899297]
    ],
    [
      [0.64000333506, 0.35999666494],
      [0.88439645807, 0.11560354193],
      [0.37433730307, 0.62566269693],
      [0.037520897339, 0.96247910266]
    ],
    [
      [0.76394907799, 0.23605092201],
      [0.93292361165, 0.067076388353],
      [0.52050047109, 0.47949952891],
      [0.065212379275, 0.93478762072]
    ],
    [
      [0.74486487248, 0.25513512752],
      [0.9264347515, 0.073565248505],
      [0.49369908367, 0.50630091633],
      [0.058681106643, 0.94131889336]
    ],
    [
      [0.72437487442, 0.27562512558],
      [0.9190742248, 0.080925775202],
      [0.46717992175, 0.53282007825],
      [0.053099497212, 0.94690050279]
    ],
    [
      [0.52473076609, 0.47526923391],
      [0.82790495772, 0.17209504228],
      [0.26908786637, 0.73091213363],
      [0.023377953597, 0.9766220464]
    ],
    [
      [0.69776351453, 0.30223648547],
      [0.90887434812, 0.091125651877],
      [0.43556814932, 0.56443185068],
      [0.04727737974, 0.95272262026]
    ],
    [
      [0.74896485403, 0.25103514597],
      [0.92791334117, 0.072086658831],
      [0.49897074902, 0.50102925098],
      [0.059775288473, 0.94022471153]
    ],
    [
      [0.77875686969, 0.22124313031],
      [0.93803928478, 0.061960715219],
      [0.54081975111, 0.45918024889],
      [0.069985955304, 0.9300140447]
    ],
    [
      [0.62635378232, 0.37364621768],
      [0.87930007387, 0.12069992613],
      [0.3583001928, 0.6416998072],
      [0.034721658778, 0.96527834122]
    ],
    [
      [0.72269074573, 0.27730925427],
      [0.91835158849, 0.081648411514],
      [0.4655327561, 0.5344672439],
      [0.052915720395, 0.9470842796]
    ],
    [
      [0.64336395149, 0.35663604851],
      [0.88670511804, 0.11329488196],
      [0.37560393333, 0.62439606667],
      [0.037300337966, 0.96269966203]
    ],
    [
      [0.58776664792, 0.41223335208],
      [0.86088877493, 0.13911122507],
      [0.32261380176, 0.67738619824],
      [0.029948230389, 0.97005176961]
    ],
    [
      [0.64686887281, 0.35313112719],
      [0.88818807317, 0.11181192683],
      [0.37928679859, 0.62071320141],
      [0.037872307936, 0.96212769206]
    ],
    [
      [0.6943077433, 0.3056922567],
      [0.90760972958, 0.092390270423],
      [0.43124463497, 0.56875536503],
      [0.046424191512, 0.95357580849]
    ],
    [
      [0.73038490926, 0.26961509074],
      [0.9207486513, 0.079251348698],
      [0.47721904292, 0.52278095708],
      [0.055962855572, 0.94403714443]
    ],
    [
      [0.62570929792, 0.37429070208],
      [0.87787568948, 0.12212431052],
      [0.36031214779, 0.63968785221],
      [0.035474098889, 0.96452590111]
    ],
    [
      [0.69992586257, 0.30007413743],
      [0.90921423971, 0.090785760292],
      [0.4399807422, 0.5600192578],
      [0.048597413264, 0.95140258674]
    ],
    [
      [0.71992051291, 0.28007948709],
      [0.91689190065, 0.083108099347],
      [0.46397128523, 0.53602871477],
      [0.053197955381, 0.94680204462]
    ],
    [
      [0.57022608191, 0.42977391809],
      [0.8510925676, 0.1489074324],
      [0.30879783368, 0.69120216632],
      [0.028395855852, 0.97160414415]
    ],
    [
      [0.7381655851, 0.2618344149],
      [0.92359259289, 0.076407407108],
      [0.4871866308, 0.5128133692],
      [0.058087077194, 0.94191292281]
    ],
    [
      [0.63640084661, 0.36359915339],
      [0.88271914853, 0.11728085147],
      [0.37089194629, 0.62910805371],
      [0.037036741881, 0.96296325812]
    ],
    [
      [0.75444457182, 0.24555542818],
      [0.92944737557, 0.07055262443],
      [0.50849437048, 0.49150562952],
      [0.062791094611, 0.93720890539]
    ],
    [
      [0.64914746628, 0.35085253372],
      [0.88830888798, 0.11169111202],
      [0.3839571525, 0.6160428475],
      [0.039052029574, 0.96094797043]
    ],
    [
      [0.64943717959, 0.35056282041],
      [0.88848092721, 0.11151907279],
      [0.38413332687, 0.61586667313],
      [0.039054231544, 0.96094576846]
    ],
    [
      [0.6240274558, 0.3759725442],
      [0.87721000014, 0.12278999986],
      [0.35842738834, 0.64157261166],
      [0.035157280605, 0.9648427194]
    ],
    [
      [0.71216832547, 0.28783167453],
      [0.91390500486, 0.086094995145],
      [0.45471458666, 0.54528541334],
