{
  "X": [
    [74, 26],
    [77, 23],
    [82, 18],
    [74, 26],
    [70, 30],
    [80, 20],
    [79, 21],
    [64, 36],
    [83, 17],
    [77, 23],
    [72, 28],
    [71, 29],
    [66, 34],
    [56, 44],
    [56, 44],
    [51, 49],
    [51, 49],
    [53, 47],
    [55, 45],
    [56, 44],
    [47, 53],
    [51, 49],
    [46, 54],
    [42, 58],
    [53, 47],
    [64, 36],
    [68, 32],
    [78, 22],
    [81, 19],
    [84, 16],
    [78, 22],
    [71, 29],
    [82, 18],
    [79, 21],
    [78, 22],
    [76, 24],
    [81, 19],
    [51, 49],
    [38, 62],
    [34, 66],
    [32, 68],
    [35, 65],
    [35, 65],
    [32, 68],
    [44, 56],
    [32, 68],
    [37, 63],
    [38, 62],
    [36, 64],
    [33, 67]
  ],
  "W": [
    [60, 16, 13, 11],
    [60, 13, 12, 15],
    [69, 14, 6, 11],
    [63, 11, 10, 16],
    [67, 13, 8, 12],
    [65, 7, 14, 14],
    [61, 11, 12, 16],
    [63, 9, 9, 19],
    [70, 13, 12, 5],
    [63, 17, 14, 6],
    [61, 11, 11, 17],
    [59, 24, 4, 13],
    [38, 36, 12, 14],
    [14, 60, 14, 12],
    [8, 59, 22, 11],
    [16, 61, 9, 14],
    [12, 63, 11, 14],
    [16, 56, 7, 21],
    [10, 60, 15, 15],
    [13, 58, 14, 15],
    [7, 72, 10, 11],
    [13, 72, 7, 8],
    [13, 63, 12, 12],
    [9, 62, 12, 17],
    [10, 59, 16, 15],
    [18, 11, 55, 16],
    [12, 15, 57, 16],
    [10, 10, 72, 8],
    [7, 14, 68, 11],
    [12, 8, 71, 9],
    [11, 11, 65, 13],
    [12, 18, 52, 18],
    [8, 11, 72, 9],
    [12, 9, 69, 10],
    [14, 15, 61, 10],
    [8, 11, 67, 14],
    [10, 11, 70, 9],
    [14, 12, 33, 41],
    [20, 10, 10, 60],
    [13, 10, 14, 63],
    [11, 16, 11, 62],
    [7, 19, 16, 58],
    [14, 11, 12, 63],
    [9, 12, 16, 63],
    [16, 6, 19, 59],
    [13, 8, 13, 66],
    [21, 15, 9, 55],
    [17, 17, 11, 55],
    [8, 15, 12, 65],
    [13, 15, 9, 63]
  ],
  "method": "mvn_cdf",
  "mvncdf_method": "genz",
  "mvncdf_samples": 5000,
  "mvncdf_error": 1e-06,
  "cond_prob": [
    [
      [0.9084028681, 0.091597131898],
      [0.42678631007, 0.57321368993],
      [0.91827451138, 0.081725488616],
      [0.081147395558, 0.91885260444]
    ],
    [
      [0.94155174392, 0.058448256083],
      [0.54889699678, 0.45110300322],
      [0.94803890542, 0.051961094576],
      [0.12507540267, 0.87492459733]
    ],
    [
      [0.95206452033, 0.047935479675],
      [0.60105617351, 0.39894382649],
      [0.95743070475, 0.042569295245],
      [0.15005299528, 0.84994700472]
    ],
    [
      [0.92252916019, 0.07747083981],
      [0.47188308896, 0.52811691104],
      [0.93098954272, 0.06901045728],
      [0.095332302767, 0.90466769723]
    ],
    [
      [0.86340635722, 0.13659364278],
      [0.31969001494, 0.68030998506],
      [0.87751513006, 0.12248486994],
      [0.053095974819, 0.94690402518]
    ],
    [
      [0.94055064761, 0.059449352391],
      [0.54320140712, 0.45679859288],
      [0.94714688756, 0.052853112436],
      [0.12210851, 0.87789149]
    ],
    [
      [0.95208112573, 0.047918874269],
      [0.60068166727, 0.39931833273],
      [0.95744646861, 0.042553531386],
      [0.14954822264, 0.85045177736]
    ],
    [
      [0.8300419119, 0.1699580881],
      [0.26469208699, 0.73530791301],
      [0.84702537735, 0.15297462265],
      [0.041295866876, 0.95870413312]
    ],
    [
      [0.92828952738, 0.071710472625],
      [0.49339387722, 0.50660612278],
      [0.93615914386, 0.063840856138],
      [0.10299014563, 0.89700985437]
    ],
    [
      [0.90323835698, 0.096761643023],
      [0.41194814932, 0.58805185068],
      [0.91361620551, 0.08638379449],
      [0.076813370766, 0.92318662923]
    ],
    [
      [0.91336005148, 0.086639948525],
      [0.44112492913, 0.55887507087],
      [0.92274483325, 0.077255166748],
      [0.085322429682, 0.91467757032]
    ],
    [
      [0.92433050922, 0.075669490784],
      [0.48048958043, 0.51951041957],
      [0.93259747789, 0.067402522112],
      [0.098942110974, 0.90105788903]
    ],
    [
      [0.92910111803, 0.07089888197],
      [0.49958118213, 0.50041881787],
      [0.93687447527, 0.063125524727],
      [0.10630511387, 0.89369488613]
    ],
    [
      [0.92344592108, 0.076554078918],
      [0.48042161772, 0.51957838228],
      [0.93178828531, 0.06821171469],
      [0.099864208109, 0.90013579189]
    ],
    [
      [0.91800181687, 0.081998183129],
      [0.46157240092, 0.53842759908],
      [0.92689310026, 0.073106899735],
      [0.093301260241, 0.90669873976]
    ],
    [
      [0.91148475472, 0.088515245276],
      [0.44083977881, 0.55916022119],
      [0.92102359163, 0.078976408372],
      [0.086554719758, 0.91344528024]
    ],
    [
      [0.91536706192, 0.084632938078],
      [0.45320037479, 0.54679962521],
      [0.92452009823, 0.075479901768],
      [0.090582361202, 0.9094176388]
    ],
    [
      [0.93368753071, 0.066312469289],
      [0.51923860249, 0.48076139751],
      [0.94098217146, 0.059017828539],
      [0.11450297867, 0.88549702133]
    ],
    [
      [0.92896426396, 0.071035736045],
      [0.50079894232, 0.49920105768],
      [0.93674439052, 0.063255609479],
      [0.10736735168, 0.89263264832]
    ],
    [
      [0.92955908113, 0.070440918873],
      [0.50297066028, 0.49702933972],
      [0.9372786926, 0.062721307397],
      [0.10815559517, 0.89184440483]
    ],
    [
      [0.90582901469, 0.094170985315],
      [0.42455152674, 0.57544847326],
      [0.91591947243, 0.08408052757],
      [0.081623658879, 0.91837634112]
    ],
    [
      [0.91228028552, 0.087719714479],
      [0.44389212091, 0.55610787909],
      [0.9217370159, 0.078262984098],
      [0.087672572055, 0.91232742794]
    ],
    [
      [0.88304844648, 0.11695155352],
      [0.36575565412, 0.63424434588],
      [0.89531110527, 0.10468889473],
      [0.065005301766, 0.93499469823]
    ],
    [
      [0.88076877563, 0.11923122437],
      [0.36059471739, 0.63940528261],
      [0.89324292548, 0.10675707452],
      [0.063666394361, 0.93633360564]
    ],
    [
      [0.91941346329, 0.080586536706],
      [0.46634268033, 0.53365731967],
      [0.92816298165, 0.07183701835],
      [0.094928146048, 0.90507185395]
    ],
    [
      [0.79791628837, 0.20208371163],
      [0.22470247711, 0.77529752289],
      [0.81743089612, 0.18256910388],
      [0.033638191823, 0.96636180818]
    ],
    [
      [0.88253235296, 0.11746764704],
      [0.35902427399, 0.64097572601],
      [0.89489378993, 0.10510621007],
      [0.062478446715, 0.93752155328]
    ],
    [
      [0.8897558008, 0.1102441992],
      [0.37460094103, 0.62539905897],
      [0.90144820146, 0.098551798543],
      [0.066246473351, 0.93375352665]
    ],
    [
      [0.94576358285, 0.05423641715],
      [0.56848946902, 0.43151053098],
      [0.95180512083, 0.048194879167],
      [0.13373703231, 0.86626296769]
    ],
    [
      [0.94019558051, 0.059804419486],
      [0.54121510802, 0.45878489198],
      [0.946830449, 0.053169551002],
      [0.12109929028, 0.87890070972]
    ],
    [
      [0.93041062586, 0.069589374141],
      [0.50078245037, 0.49921754963],
      [0.93806483922, 0.061935160784],
      [0.10542544108, 0.89457455892]
    ],
    [
      [0.93124911907, 0.068750880929],
      [0.50553234377, 0.49446765623],
      [0.93881094123, 0.061189058771],
      [0.10770218904, 0.89229781096]
    ],
    [
      [0.93495000385, 0.065049996145],
      [0.51909572537, 0.48090427463],
      [0.94213302185, 0.057866978152],
      [0.11237581259, 0.88762418741]
    ],
    [
      [0.91148252791, 0.088517472095],
      [0.43411617897, 0.56588382103],
      [0.921061001, 0.078938999003],
      [0.082910704474, 0.91708929553]
    ],
    [
      [0.92539903556, 0.074600964437],
      [0.48254071003, 0.51745928997],
      [0.93356528486, 0.066434715139],
      [0.099103719153, 0.90089628085]
    ],
    [
      [0.92161475239, 0.078385247606],
      [0.46808724169, 0.53191275831],
      [0.93017083696, 0.069829163039],
      [0.093890121094, 0.90610987891]
    ],
    [
      [0.92815595204, 0.071844047958],
      [0.49196995848, 0.50803004152],
      [0.93604314333, 0.06395685667],
