{
  "X": [
    [57, 43],
    [58, 42],
    [52, 48],
    [52, 48],
    [51, 49],
    [50, 50],
    [60, 40],
    [51, 49],
    [66, 34],
    [60, 40],
    [60, 40],
    [58, 42],
    [57, 43],
    [54, 46],
    [55, 45],
    [63, 37],
    [60, 40],
    [55, 45],
    [60, 40],
    [55, 45],
    [65, 35],
    [64, 36],
    [60, 40],
    [55, 45],
    [59, 41],
    [26, 74],
    [30, 70],
    [19, 81],
    [23, 77],
    [24, 76],
    [32, 68],
    [25, 75],
    [40, 60],
    [36, 64],
    [26, 74],
    [37, 63],
    [21, 79],
    [53, 47],
    [76, 24],
    [77, 23],
    [80, 20],
    [73, 27],
    [75, 25],
    [68, 32],
    [79, 21],
    [82, 18],
    [73, 27],
    [77, 23],
    [79, 21],
    [76, 24]
  ],
  "W": [
    [66, 11, 12, 11],
    [63, 9, 13, 15],
    [62, 12, 12, 14],
    [55, 13, 22, 10],
    [64, 10, 16, 10],
    [63, 10, 19, 8],
    [58, 13, 16, 13],
    [63, 10, 11, 16],
    [58, 12, 10, 20],
    [61, 20, 7, 12],
    [65, 9, 11, 15],
    [63, 15, 13, 9],
    [40, 41, 9, 10],
    [14, 57, 17, 12],
    [15, 69, 10, 6],
    [5, 64, 12, 19],
    [13, 63, 10, 14],
    [16, 67, 9, 8],
    [12, 65, 12, 11],
    [17, 53, 12, 18],
    [8, 69, 11, 12],
    [9, 64, 13, 14],
    [12, 64, 13, 11],
    [11, 69, 9, 11],
    [11, 64, 15, 10],
    [14, 14, 62, 10],
    [10, 16, 63, 11],
    [12, 7, 65, 16],
    [11, 13, 69, 7],
    [11, 9, 71, 9],
    [13, 14, 58, 15],
    [10, 8, 72, 10],
    [26, 8, 47, 19],
    [21, 9, 56, 14],
    [10, 12, 66, 12],
    [16, 15, 57, 12],
    [12, 10, 68, 10],
    [9, 11, 37, 43],
    [13, 14, 10, 63],
    [12, 9, 13, 66],
    [11, 9, 8, 72],
    [11, 8, 22, 59],
    [13, 17, 10, 60],
    [18, 20, 9, 53],
    [18, 15, 12, 55],
    [12, 6, 13, 69],
    [8, 17, 15, 60],
    [13, 10, 12, 65],
    [10, 13, 7, 70],
    [12, 13, 14, 61]
  ],
  "method": "mvn_cdf",
  "mvncdf_method": "genz",
  "mvncdf_samples": 5000,
  "mvncdf_error": 1e-06,
  "cond_prob": [
    [
      [0.59269976667, 0.40730023333],
      [0.63342034891, 0.36657965109],
      [0.034996564038, 0.96500343596],
      [0.96184099767, 0.038159002326]
    ],
    [
      [0.59485460809, 0.40514539191],
      [0.63551795055, 0.36448204945],
      [0.035243104597, 0.9647568954],
      [0.96220145197, 0.037798548031]
    ],
    [
      [0.51162641275, 0.48837358725],
      [0.55441091106, 0.44558908894],
      [0.025511385955, 0.97448861404],
      [0.94797666477, 0.052023335228]
    ],
    [
      [0.60451526802, 0.39548473198],
      [0.64480970301, 0.35519029699],
      [0.036565823354, 0.96343417665],
      [0.96365741961, 0.036342580394]
    ],
    [
      [0.54864127071, 0.45135872929],
      [0.59076110959, 0.40923889041],
      [0.029432459438, 0.97056754056],
      [0.95476984708, 0.04523015292]
    ],
    [
      [0.56689791536, 0.43310208464],
      [0.60852822901, 0.39147177099],
      [0.031586816961, 0.96841318304],
      [0.95783861623, 0.042161383765]
    ],
    [
      [0.65007568493, 0.34992431507],
      [0.68808628862, 0.31191371138],
      [0.044047648606, 0.95595235139],
      [0.96981900796, 0.030180992039]
    ],
    [
      [0.48095241985, 0.51904758015],
      [0.52394288422, 0.47605711578],
      [0.022656261952, 0.97734373805],
      [0.94166573107, 0.058334268935]
    ],
    [
      [0.65210160018, 0.34789839982],
      [0.69000027074, 0.30999972926],
      [0.044407749009, 0.95559225099],
      [0.97008052143, 0.029919478569]
    ],
    [
      [0.58650087054, 0.41349912946],
      [0.62743538477, 0.37256461523],
      [0.034186169831, 0.96581383017],
      [0.96087220278, 0.039127797221]
    ],
    [
      [0.60615782676, 0.39384217324],
      [0.64634515096, 0.35365484904],
      [0.036885971387, 0.96311402861],
      [0.96384530201, 0.036154697986]
    ],
    [
      [0.61882688119, 0.38117311881],
      [0.65842628469, 0.34157371531],
      [0.038851728735, 0.96114827126],
      [0.96561774913, 0.034382250868]
    ],
    [
      [0.56195205208, 0.43804794792],
      [0.60368897588, 0.39631102412],
      [0.031045005921, 0.96895499408],
      [0.95696558351, 0.043034416493]
    ],
    [
      [0.5590735292, 0.4409264708],
      [0.60095368717, 0.39904631283],
      [0.030602246723, 0.96939775328],
      [0.95658855339, 0.04341144661]
    ],
    [
      [0.54918362663, 0.45081637337],
      [0.59124799371, 0.40875200629],
      [0.02955560469, 0.97044439531],
      [0.95479148205, 0.045208517946]
    ],
    [
      [0.60549207463, 0.39450792537],
      [0.64574960985, 0.35425039015],
      [0.036698150175, 0.96330184982],
      [0.9638049965, 0.036195003498]
    ],
    [
      [0.57565602121, 0.42434397879],
      [0.61700304617, 0.38299695383],
      [0.03269762531, 0.96730237469],
      [0.95923429162, 0.040765708378]
    ],
    [
      [0.53380399291, 0.46619600709],
      [0.57620671785, 0.42379328215],
      [0.027840805787, 0.97215919421],
      [0.95207734031, 0.047922659686]
    ],
    [
      [0.60321941322, 0.39678058678],
      [0.64352770386, 0.35647229614],
      [0.036464581688, 0.96353541831],
      [0.96341403588, 0.036585964118]
    ],
    [
      [0.50444816895, 0.49555183105],
      [0.54734588482, 0.45265411518],
      [0.024774672883, 0.97522532712],
      [0.94663441987, 0.053365580131]
    ],
    [
      [0.65171321748, 0.34828678252],
      [0.68961109689, 0.31038890311],
      [0.044407598209, 0.95559240179],
      [0.97000582232, 0.029994177681]
    ],
    [
      [0.64889588741, 0.35110411259],
      [0.6869732794, 0.3130267206],
      [0.043832945413, 0.95616705459],
      [0.96966846956, 0.030331530443]
    ],
    [
      [0.61095813843, 0.38904186157],
      [0.65093713719, 0.34906286281],
      [0.037597237975, 0.96240276203],
      [0.96453544915, 0.035464550845]
    ],
    [
      [0.51668996436, 0.48331003564],
      [0.55938825092, 0.44061174908],
      [0.026040444277, 0.97395955572],
      [0.94891316798, 0.051086832021]
    ],
    [
      [0.61735785372, 0.38264214628],
      [0.65705124567, 0.34294875433],
      [0.038562442788, 0.96143755721],
      [0.9654451332, 0.034554866801]
    ],
    [
      [0.51278672268, 0.48721327732],
      [0.5561690302, 0.4438309698],
      [0.024953093257, 0.97504690674],
      [0.94938317322, 0.050616826785]
    ],
    [
      [0.62596326056, 0.37403673944],
      [0.66578945515, 0.33421054485],
      [0.038588630388, 0.96141136961],
      [0.96728991043, 0.032710089571]
    ],
    [
      [0.26110328155, 0.73889671845],
      [0.29664568131, 0.70335431869],
      [0.0086730521095, 0.99132694789],
      [0.86782893881, 0.13217106119]
    ],
    [
      [0.56670151149, 0.43329848851],
      [0.60901051608, 0.39098948392],
      [0.030497876214, 0.96950212379],
      [0.95884065602, 0.041159343985]
    ],
    [
      [0.61451305076, 0.38548694924],
      [0.65506928717, 0.34493071283],
      [0.036492512885, 0.96350748711],
      [0.96596600385, 0.03403399615]
    ],
    [
      [0.56555268969, 0.43444731031],
      [0.60780581178, 0.39219418822],
      [0.030503432847, 0.96949656715],
      [0.95852182555, 0.041478174446]
    ],
    [
      [0.65675461564, 0.34324538436],
      [0.69509282458, 0.30490717542],
      [0.043080564064, 0.95691943594],
      [0.97141097063, 0.028589029369]
    ],
    [
      [0.58478784403, 0.41521215597],
      [0.62622830828, 0.37377169172],
      [0.033146142739, 0.96685385726],
      [0.96124899931, 0.038751000694]
    ],
    [
      [0.65394227488, 0.34605772512],
      [0.69213749299, 0.30786250701],
      [0.043510013555, 0.95648998644],
      [0.97074608115, 0.029253918849]
    ],
    [
      [0.55038276677, 0.44961723323],
      [0.59321827037, 0.40678172963],
      [0.028563551515, 0.97143644849],
      [0.95631305488, 0.043686945119]
    ],
    [
      [0.69965609979, 0.30034390021],
      [0.73480461483, 0.26519538517],
      [0.05292241595, 0.94707758405],
      [0.9760244775, 0.023975522503]
    ],
    [
      [0.45183411732, 0.54816588268],
      [0.49555569785, 0.50444430215],
      [0.019614858184, 0.98038514182],
