{
  "X": [
    [18, 82],
    [15, 85],
    [23, 77],
    [15, 85],
    [18, 82],
    [18, 82],
    [21, 79],
    [12, 88],
    [20, 80],
    [15, 85],
    [20, 80],
    [19, 81],
    [31, 69],
    [53, 47],
    [52, 48],
    [47, 53],
    [53, 47],
    [47, 53],
    [47, 53],
    [55, 45],
    [53, 47],
    [49, 51],
    [52, 48],
    [59, 41],
    [54, 46],
    [23, 77],
    [31, 69],
    [29, 71],
    [34, 66],
    [26, 74],
    [23, 77],
    [30, 70],
    [30, 70],
    [25, 75],
    [32, 68],
    [30, 70],
    [30, 70],
    [28, 72],
    [19, 81],
    [23, 77],
    [25, 75],
    [30, 70],
    [26, 74],
    [18, 82],
    [27, 73],
    [20, 80],
    [26, 74],
    [25, 75],
    [20, 80],
    [22, 78]
  ],
  "W": [
    [52, 15, 14, 19],
    [74, 13, 8, 5],
    [56, 14, 16, 14],
    [70, 10, 12, 8],
    [65, 11, 11, 13],
    [69, 14, 7, 10],
    [58, 14, 12, 16],
    [67, 11, 16, 6],
    [57, 17, 11, 15],
    [61, 12, 13, 14],
    [66, 11, 13, 10],
    [61, 12, 15, 12],
    [32, 33, 22, 13],
    [14, 63, 12, 11],
    [13, 58, 14, 15],
    [16, 51, 15, 18],
    [13, 60, 9, 18],
    [16, 54, 17, 13],
    [16, 58, 11, 15],
    [11, 64, 11, 14],
    [10, 62, 14, 14],
    [7, 66, 12, 15],
    [9, 61, 13, 17],
    [9, 68, 10, 13],
    [14, 61, 11, 14],
    [8, 15, 63, 14],
    [9, 17, 68, 6],
    [16, 13, 53, 18],
    [11, 14, 64, 11],
    [15, 9, 64, 12],
    [13, 10, 66, 11],
    [14, 14, 58, 14],
    [13, 14, 63, 10],
    [12, 12, 66, 10],
    [12, 12, 64, 12],
    [17, 16, 57, 10],
    [15, 11, 59, 15],
    [10, 14, 42, 34],
    [13, 13, 12, 62],
    [11, 14, 14, 61],
    [14, 16, 13, 57],
    [9, 15, 12, 64],
    [10, 12, 14, 64],
    [14, 12, 8, 66],
    [18, 16, 15, 51],
    [17, 10, 13, 60],
    [9, 19, 13, 59],
    [13, 14, 6, 67],
    [15, 12, 12, 61],
    [6, 13, 12, 69]
  ],
  "method": "mvn_cdf",
  "mvncdf_method": "genz",
  "mvncdf_samples": 5000,
  "mvncdf_error": 1e-06,
  "cond_prob": [
    [
      [0.037771120479, 0.96222887952],
      [0.72018847218, 0.27981152782],
      [0.21218684473, 0.78781315527],
      [0.11637986698, 0.88362013302]
    ],
    [
      [0.039774712013, 0.96022528799],
      [0.73478159585, 0.26521840415],
      [0.22230915522, 0.77769084478],
      [0.12230789287, 0.87769210713]
    ],
    [
      [0.064956767754, 0.93504323225],
      [0.82137779471, 0.17862220529],
      [0.32471738621, 0.67528261379],
      [0.18974806486, 0.81025193514]
    ],
    [
      [0.045037178668, 0.95496282133],
      [0.75890157793, 0.24109842207],
      [0.24576215461, 0.75423784539],
      [0.13701869162, 0.86298130838]
    ],
    [
      [0.056154911584, 0.94384508842],
      [0.7988181326, 0.2011818674],
      [0.29190058992, 0.70809941008],
      [0.16709889837, 0.83290110163]
    ],
    [
      [0.050476737674, 0.94952326233],
      [0.78050442475, 0.21949557525],
      [0.26905134188, 0.73094865812],
      [0.15195086107, 0.84804913893]
    ],
    [
      [0.057571442637, 0.94242855736],
      [0.80197642475, 0.19802357525],
      [0.29701207697, 0.70298792303],
      [0.17069214115, 0.82930785885]
    ],
    [
      [0.028374848662, 0.97162515134],
      [0.65806585473, 0.34193414527],
      [0.16659149882, 0.83340850118],
      [0.089117390911, 0.91088260909]
    ],
    [
      [0.043616577526, 0.95638342247],
      [0.75040716636, 0.24959283364],
      [0.2388990726, 0.7611009274],
      [0.13289477215, 0.86710522785]
    ],
    [
      [0.036131582469, 0.96386841753],
      [0.71207785142, 0.28792214858],
      [0.20474939201, 0.79525060799],
      [0.11176159084, 0.88823840916]
    ],
    [
      [0.068429550705, 0.93157044929],
      [0.83096388572, 0.16903611428],
      [0.33803756284, 0.66196243716],
      [0.19881087426, 0.80118912574]
    ],
    [
      [0.05319481853, 0.94680518147],
      [0.78835392021, 0.21164607979],
      [0.2796563204, 0.7203436796],
      [0.15909981153, 0.84090018847]
    ],
    [
      [0.037702559715, 0.96229744029],
      [0.7166121743, 0.2833878257],
      [0.21120473567, 0.78879526433],
      [0.11600359983, 0.88399640017]
    ],
    [
      [0.046978394849, 0.95302160515],
      [0.75975620884, 0.24024379116],
      [0.2520074435, 0.7479925565],
      [0.14173635103, 0.85826364897]
    ],
    [
      [0.052172422592, 0.94782757741],
      [0.77951735138, 0.22048264862],
      [0.27358316192, 0.72641683808],
      [0.15577166084, 0.84422833916]
    ],
    [
      [0.050606337255, 0.94939366274],
      [0.77420064201, 0.22579935799],
      [0.26728835126, 0.73271164874],
      [0.15160356409, 0.84839643591]
    ],
    [
      [0.053280308351, 0.94671969165],
      [0.78344881483, 0.21655118517],
      [0.27809478404, 0.72190521596],
      [0.15873828356, 0.84126171644]
    ],
    [
      [0.04456182022, 0.95543817978],
      [0.74960629951, 0.25039370049],
      [0.24167655908, 0.75832344092],
      [0.13511928812, 0.86488071188]
    ],
    [
      [0.039827901474, 0.96017209853],
      [0.72685251751, 0.27314748249],
      [0.22067476586, 0.77932523414],
      [0.12193595675, 0.87806404325]
    ],
    [
      [0.0504792598, 0.9495207402],
      [0.77327680744, 0.22672319256],
      [0.26661276792, 0.73338723208],
      [0.1512151332, 0.8487848668]
    ],
    [
      [0.047026723871, 0.95297327613],
      [0.75975774646, 0.24024225354],
      [0.25215411213, 0.74784588787],
      [0.14185088239, 0.85814911761]
    ],
    [
      [0.032258807479, 0.96774119252],
      [0.68024975127, 0.31975024873],
      [0.18494945905, 0.81505054095],
      [0.10026501319, 0.89973498681]
    ],
    [
      [0.046001490324, 0.95399850968],
      [0.75549975405, 0.24450024595],
      [0.24778767353, 0.75221232647],
      [0.13904857204, 0.86095142796]
    ],
    [
      [0.054897139482, 0.94510286052],
      [0.78840301222, 0.21159698778],
      [0.28438964421, 0.71561035579],
      [0.16297763999, 0.83702236001]
    ],
    [
      [0.054094413366, 0.94590558663],
      [0.78612191362, 0.21387808638],
      [0.28133242712, 0.71866757288],
      [0.1608942343, 0.8391057657]
    ],
    [
      [0.031968995757, 0.96803100424],
      [0.6780151003, 0.3219848997],
      [0.18350727878, 0.81649272122],
      [0.099415734974, 0.90058426503]
    ],
    [
      [0.045803088092, 0.95419691191],
      [0.75413220462, 0.24586779538],
      [0.24678784345, 0.75321215655],
      [0.13846068204, 0.86153931796]
    ],
    [
      [0.053961874849, 0.94603812515],
      [0.78575273915, 0.21424726085],
      [0.28082985014, 0.71917014986],
      [0.16055088716, 0.83944911284]
    ],
    [
      [0.062305765915, 0.93769423409],
      [0.81000694042, 0.18999305958],
      [0.31272406794, 0.68727593206],
      [0.18223703076, 0.81776296924]
    ],
    [
      [0.048167467152, 0.95183253285],
      [0.76442465026, 0.23557534974],
      [0.25699255283, 0.74300744717],
      [0.1449631257, 0.8550368743]
    ],
    [
      [0.038122992771, 0.96187700723],
      [0.71702488838, 0.28297511162],
      [0.21274397128, 0.78725602872],
      [0.11708550924, 0.88291449076]
    ],
    [
      [0.052641103972, 0.94735889603],
      [0.78099977124, 0.21900022876],
      [0.2754269745, 0.7245730255],
      [0.15700660147, 0.84299339853]
    ],
    [
      [0.050606237905, 0.94939376209],
      [0.77354810629, 0.22645189371],
      [0.26706951003, 0.73293048997],
      [0.15153670412, 0.84846329588]
    ],
    [
      [0.039755370194, 0.96024462981],
      [0.72576719474, 0.27423280526],
      [0.22018667282, 0.77981332718],
      [0.12168744189, 0.87831255811]
    ],
    [
      [0.060126908315, 0.93987309169],
      [0.80413696525, 0.19586303475],
      [0.30459915564, 0.69540084436],
      [0.17664006672, 0.82335993328]
    ],
    [
      [0.050163253257, 0.94983674674],
      [0.77219895931, 0.22780104069],
      [0.26534097449, 0.73465902551],
      [0.15037362147, 0.84962637853]
    ],
    [
      [0.058715696711, 0.94128430329],
      [0.80038043054, 0.19961956946],
      [0.29935039343, 0.70064960657],
