{
  "X": [
    [65, 35],
    [58, 42],
    [63, 37],
    [61, 39],
    [68, 32],
    [66, 34],
    [67, 33],
    [57, 43],
    [65, 35],
    [67, 33],
    [59, 41],
    [76, 24],
    [60, 40],
    [63, 37],
    [63, 37],
    [69, 31],
    [56, 44],
    [33, 67],
    [42, 58],
    [40, 60],
    [38, 62],
    [45, 55],
    [35, 65],
    [40, 60],
    [42, 58],
    [30, 70],
    [42, 58],
    [43, 57],
    [38, 62],
    [39, 61],
    [45, 55],
    [41, 59],
    [37, 63],
    [52, 48],
    [65, 35],
    [59, 41],
    [59, 41],
    [50, 50],
    [52, 48],
    [60, 40],
    [60, 40],
    [56, 44],
    [51, 49],
    [58, 42],
    [58, 42],
    [54, 46],
    [65, 35],
    [48, 52],
    [54, 46],
    [50, 50]
  ],
  "W": [
    [64, 19, 17],
    [64, 19, 17],
    [68, 20, 12],
    [65, 20, 15],
    [66, 15, 19],
    [62, 23, 15],
    [74, 14, 12],
    [59, 18, 23],
    [70, 17, 13],
    [60, 19, 21],
    [62, 24, 14],
    [69, 17, 14],
    [66, 16, 18],
    [68, 13, 19],
    [67, 14, 19],
    [64, 19, 17],
    [53, 34, 13],
    [15, 77, 8],
    [18, 63, 19],
    [20, 61, 19],
    [14, 73, 13],
    [18, 61, 21],
    [19, 74, 7],
    [16, 72, 12],
    [25, 52, 23],
    [14, 69, 17],
    [17, 70, 13],
    [15, 70, 15],
    [15, 61, 24],
    [13, 70, 17],
    [21, 65, 14],
    [19, 63, 18],
    [18, 64, 18],
    [15, 41, 44],
    [25, 14, 61],
    [17, 18, 65],
    [16, 15, 69],
    [13, 15, 72],
    [14, 17, 69],
    [19, 12, 69],
    [23, 15, 62],
    [14, 16, 70],
    [17, 13, 70],
    [23, 13, 64],
    [14, 15, 71],
    [19, 13, 68],
    [19, 12, 69],
    [16, 14, 70],
    [13, 21, 66],
    [12, 17, 71]
  ],
  "method": "mult",
  "cond_prob": [
    [
      [0.77949423506, 0.22050576494],
      [0.2655886561, 0.7344113439],
      [0.59212849943, 0.40787150057]
    ],
    [
      [0.70794403031, 0.29205596969],
      [0.20732186416, 0.79267813584],
      [0.51485097888, 0.48514902112]
    ],
    [
      [0.75501455315, 0.24498544685],
      [0.24388376559, 0.75611623441],
      [0.56511125614, 0.43488874386]
    ],
    [
      [0.74035545118, 0.25964454882],
      [0.23185216352, 0.76814783648],
      [0.54932349352, 0.45067650648]
    ],
    [
      [0.79221559093, 0.20778440907],
      [0.27794533532, 0.72205466468],
      [0.60761005101, 0.39238994899]
    ],
    [
      [0.8059660565, 0.1940339435],
      [0.29166094499, 0.70833905501],
      [0.62146018412, 0.37853981588]
    ],
    [
      [0.76450714296, 0.23549285704],
      [0.25177561188, 0.74822438812],
      [0.57513440458, 0.42486559542]
    ],
    [
      [0.70491956829, 0.29508043171],
      [0.20484193029, 0.79515806971],
      [0.50967785763, 0.49032214237]
    ],
    [
      [0.76172259462, 0.23827740538],
      [0.24949161197, 0.75050838803],
      [0.57215853637, 0.42784146363]
    ],
    [
      [0.80596317544, 0.19403682456],
      [0.29195126574, 0.70804873426],
      [0.62357787737, 0.37642212263]
    ],
    [
      [0.73863371192, 0.26136628808],
      [0.23040094455, 0.76959905545],
      [0.54822051372, 0.45177948628]
    ],
    [
      [0.86816015384, 0.13183984616],
      [0.36924723386, 0.63075276614],
      [0.7014104578, 0.2985895422]
    ],
    [
      [0.71535073263, 0.28464926737],
      [0.21259554438, 0.78740445562],
      [0.52140682982, 0.47859317018]
    ],
    [
      [0.7327408821, 0.2672591179],
      [0.22536604866, 0.77463395134],
      [0.53915059918, 0.46084940082]
    ],
    [
      [0.73779789475, 0.26220210525],
      [0.2294624317, 0.7705375683],
      [0.54500352675, 0.45499647325]
    ],
    [
      [0.81827917244, 0.18172082756],
      [0.30493753973, 0.69506246027],
      [0.63743057112, 0.36256942888]
    ],
    [
      [0.75858481564, 0.24141518436],
      [0.24681000764, 0.75318999236],
      [0.56949727011, 0.43050272989]
    ],
    [
      [0.74375029363, 0.25624970637],
      [0.22671389657, 0.77328610343],
      [0.54834694498, 0.45165305502]
    ],
    [
      [0.77626316915, 0.22373683085],
      [0.26661695541, 0.73338304459],
      [0.59107340866, 0.40892659134]
    ],
    [
      [0.75136980445, 0.24863019555],
      [0.23552278086, 0.76447721914],
      [0.55819548834, 0.44180451166]
    ],
    [
      [0.7763072575, 0.2236927425],
      [0.266398673, 0.733601327],
      [0.59112271277, 0.40887728723]
    ],
    [
      [0.79413320558, 0.20586679442],
      [0.29130474962, 0.70869525038],
      [0.61600059872, 0.38399940128]
    ],
    [
      [0.74606944694, 0.25393055306],
      [0.22920159437, 0.77079840563],
      [0.55196607495, 0.44803392505]
    ],
    [
      [0.78627641915, 0.21372358085],
      [0.28006423321, 0.71993576679],
      [0.60457937521, 0.39542062479]
    ],
    [
      [0.73409513306, 0.26590486694],
      [0.2172724001, 0.7827275999],
      [0.53693290732, 0.46306709268]
    ],
    [
      [0.69259534882, 0.30740465118],
      [0.17494604201, 0.82505395799],
      [0.48425813044, 0.51574186956]
    ],
    [
      [0.79491133707, 0.20508866293],
      [0.29247181035, 0.70752818965],
      [0.61642158042, 0.38357841958]
    ],
    [
      [0.804436186, 0.195563814],
      [0.30677664008, 0.69322335992],
      [0.63060616029, 0.36939383971]
    ],
    [
      [0.74284230757, 0.25715769243],
      [0.22549379726, 0.77450620274],
      [0.54592682306, 0.45407317694]
    ],
    [
      [0.77786623845, 0.22213376155],
      [0.26855523483, 0.73144476517],
      [0.59346308601, 0.40653691399]
    ],
    [
      [0.80004855131, 0.19995144869],
      [0.29974509314, 0.70025490686],
      [0.62253924059, 0.37746075941]
    ],
    [
      [0.76678071052, 0.23321928948],
      [0.25431452116, 0.74568547884],
      [0.57829731485, 0.42170268515]
    ],
    [
      [0.73712324644, 0.26287675356],
      [0.21900794751, 0.78099205249],
      [0.53973738464, 0.46026261536]
    ],
    [
      [0.80091060041, 0.19908939959],
      [0.29859111712, 0.70140888288],
      [0.63054784527, 0.36945215473]
    ],
    [
      [0.81912036683, 0.18087963317],
      [0.31653480056, 0.68346519944],
      [0.65722137084, 0.34277862916]
    ],
    [
      [0.79461706148, 0.20538293852],
      [0.28640277284, 0.71359722716],
      [0.62055784683, 0.37944215317]
    ],
    [
      [0.78885075743, 0.21114924257],
      [0.27932484978, 0.72067515022],
      [0.61142775557, 0.38857224443]
    ],
    [
      [0.72457628781, 0.27542371219],
      [0.21429471134, 0.78570528866],
      [0.51897343873, 0.48102656127]
    ],
    [
      [0.74406443893, 0.25593556107],
      [0.23173567877, 0.76826432123],
      [0.54555929443, 0.45444070557]
    ],
    [
      [0.78522254797, 0.21477745203],
      [0.27476468296, 0.72523531704],
      [0.60555935352, 0.39444064648]
    ],
    [
      [0.78733150009, 0.21266849991],
      [0.2769495598, 0.7230504402],
      [0.60866342098, 0.39133657902]
    ],
    [
      [0.7720289776, 0.2279710224],
      [0.26021617515, 0.73978382485],
      [0.58611622159, 0.41388377841]
    ],
    [
      [0.72072781096, 0.27927218904],
      [0.21145100543, 0.78854899457],
      [0.51426805919, 0.48573194081]
    ],
    [
      [0.76710017334, 0.23289982666],
      [0.25480355197, 0.74519644803],
      [0.57881640371, 0.42118359629]
    ],
    [
      [0.78420916718, 0.21579083282],
      [0.27396105235, 0.72603894765],
      [0.60438951936, 0.39561048064]
    ],
    [
      [0.7417684665, 0.2582315335],
      [0.22998186389, 0.77001813611],
      [0.54289168979, 0.45710831021]
    ],
    [
      [0.820519761, 0.179480239],
      [0.32012552415, 0.67987447585],
      [0.66041475727, 0.33958524273]
    ],
    [
      [0.69986788164, 0.30013211836],
      [0.19471133155, 0.80528866845],
      [0.48680221789, 0.51319778211]
    ],
    [
      [0.77060516197, 0.22939483803],
      [0.25875437928, 0.74124562072],
      [0.58406501409, 0.41593498591]
    ],
    [
      [0.73140883374, 0.26859116626],
      [0.22003115077, 0.77996884923],
      [0.52792344271, 0.47207655729]
    ]
  ],