{
  "X": [
    [24, 7, 12, 53, 4],
    [23, 13, 16, 41, 7],
    [30, 8, 16, 41, 5],
    [34, 11, 8, 42, 5],
    [30, 17, 6, 41, 6],
    [28, 11, 15, 38, 8],
    [26, 13, 10, 43, 8],
    [28, 12, 11, 40, 9],
    [21, 8, 24, 41, 6],
    [26, 9, 21, 38, 6],
    [24, 17, 14, 39, 6],
    [30, 11, 23, 32, 4],
    [20, 16, 14, 45, 5],
    [16, 15, 20, 41, 8],
    [22, 11, 15, 45, 7],
    [34, 15, 9, 36, 6],
    [26, 8, 7, 51, 8],
    [28, 13, 16, 41, 2],
    [32, 15, 9, 39, 5],
    [28, 9, 9, 48, 6],
    [29, 11, 12, 42, 6],
    [25, 8, 17, 42, 8],
    [35, 10, 11, 38, 6],
    [30, 6, 16, 43, 5],
    [26, 9, 16, 41, 8],
    [35, 24, 10, 20, 11],
    [39, 17, 8, 20, 16],
    [36, 17, 12, 16, 19],
    [32, 21, 11, 19, 17],
    [39, 26, 7, 18, 10],
    [32, 19, 9, 17, 23],
    [33, 27, 5, 21, 14],
    [25, 14, 14, 28, 19],
    [35, 32, 11, 9, 13],
    [32, 22, 14, 22, 10],
    [30, 25, 9, 15, 21],
    [25, 29, 8, 17, 21],
    [33, 29, 9, 16, 13],
    [39, 19, 6, 24, 12],
    [35, 24, 9, 17, 15],
    [25, 30, 6, 28, 11],
    [29, 25, 11, 18, 17],
    [34, 23, 11, 16, 16],
    [36, 26, 8, 17, 13],
    [37, 22, 11, 15, 15],
    [40, 24, 6, 14, 16],
    [38, 11, 7, 32, 12],
    [35, 18, 7, 28, 12],
    [36, 26, 8, 15, 15],
    [32, 23, 7, 25, 13]
  ],
  "W": [
    [79, 21],
    [75, 25],
    [74, 26],
    [71, 29],
    [72, 28],
    [77, 23],
    [80, 20],
    [68, 32],
    [79, 21],
    [86, 14],
    [73, 27],
    [71, 29],
    [73, 27],
    [75, 25],
    [82, 18],
    [69, 31],
    [81, 19],
    [78, 22],
    [69, 31],
    [73, 27],
    [77, 23],
    [79, 21],
    [74, 26],
    [75, 25],
    [77, 23],
    [33, 67],
    [26, 74],
    [22, 78],
    [26, 74],
    [19, 81],
    [23, 77],
    [26, 74],
    [33, 67],
    [21, 79],
    [32, 68],
    [21, 79],
    [18, 82],
    [22, 78],
    [20, 80],
    [23, 77],
    [32, 68],
    [25, 75],
    [28, 72],
    [15, 85],
    [28, 72],
    [26, 74],
    [27, 73],
    [22, 78],
    [21, 79],
    [24, 76]
  ],
  "method": "mvn_pdf",
  "cond_prob": [
    [
      [0.18997917669, 0.032413808894, 0.13249315986, 0.63275535937, 0.012358495183],
      [0.41304627472, 0.22301717196, 0.060099343186, 0.16355853337, 0.14027867676]
    ],
    [
      [0.20327648899, 0.064297076748, 0.1906264729, 0.51806739175, 0.023732569611],
      [0.31998516197, 0.32314933599, 0.062554699301, 0.097361574184, 0.19694922855]
    ],
    [
      [0.2456490642, 0.036429350246, 0.18787191909, 0.51517359952, 0.014876066947],
      [0.45614405407, 0.21347061802, 0.072579236613, 0.11394724695, 0.14385884436]
    ],
    [
      [0.28820365129, 0.047884886718, 0.10740941235, 0.54114646584, 0.015355583796],
      [0.47536434202, 0.24986421542, 0.037021114469, 0.10623837244, 0.13151195565]
    ],
    [
      [0.26929658832, 0.091423526772, 0.093953068949, 0.52423803776, 0.021088778196],
      [0.35698601883, 0.38788046818, 0.026102405847, 0.082923264807, 0.14610784234]
    ],
    [
      [0.25682164379, 0.059855997309, 0.17648676396, 0.47484997188, 0.031985623055],
      [0.36140718547, 0.26802501715, 0.051827396639, 0.079907218726, 0.23883318202]
    ],
    [
      [0.24435948846, 0.080356369069, 0.12208554769, 0.51576716089, 0.037431433887],
      [0.30958282363, 0.3263679336, 0.032411945008, 0.07820060994, 0.25343668783]
    ],
    [
      [0.23686879914, 0.052152581881, 0.13995925253, 0.54443795494, 0.026581411516],
      [0.37253198469, 0.25990323027, 0.04592561693, 0.10194198132, 0.21969718678]
    ],
    [
      [0.17278780384, 0.037562617776, 0.29934772863, 0.47157459372, 0.018727256034],
      [0.33925257589, 0.2340426741, 0.12200405994, 0.11054595342, 0.19415473665]
    ],
    [
      [0.24162355555, 0.05718872494, 0.23873879851, 0.43296606604, 0.029482854956],
      [0.35331169254, 0.26705849847, 0.072815302428, 0.075937746397, 0.23087676016]
    ],
    [
      [0.2153289602, 0.091144350829, 0.16908153389, 0.50373347945, 0.020711675632],
      [0.30257303124, 0.41084838852, 0.049586529018, 0.084547031547, 0.15244501968]
    ],
    [
      [0.23319495836, 0.043837979765, 0.30773592624, 0.40314281833, 0.012088317304],
      [0.42678523196, 0.2539451217, 0.11667620062, 0.088077324048, 0.11451612167]
    ],
    [
      [0.17219853984, 0.07404404135, 0.16429154743, 0.57398319281, 0.015482678575],
      [0.29036964614, 0.40020624056, 0.057787713631, 0.115324262, 0.13631213767]
    ],
    [
      [0.15138482251, 0.074159997679, 0.24512399822, 0.50246545585, 0.026865725742],
      [0.23541143014, 0.37024182059, 0.07934912259, 0.093352608326, 0.22164501835]
    ],
    [
      [0.20413455174, 0.064199134295, 0.16871050516, 0.53238150945, 0.030574299353],
      [0.30374457053, 0.3058868966, 0.052468620205, 0.094756067188, 0.24314384548]
    ],
    [
      [0.30737474099, 0.072030036853, 0.11984298429, 0.48103261281, 0.01971962505],
      [0.42603402714, 0.3174263189, 0.034713195664, 0.079539683808, 0.14228677449]
    ],
    [
      [0.22780641632, 0.044144248731, 0.095943478106, 0.59859591497, 0.033509941866],
      [0.35651800117, 0.21928388669, 0.031471016598, 0.11174403915, 0.2809830564]
    ],
    [
      [0.24174104369, 0.065273531996, 0.1837286275, 0.49891153189, 0.010345264932],
      [0.40185169959, 0.34678301919, 0.063655613355, 0.09901928757, 0.08869038029]
    ],
    [
      [0.27669018437, 0.068011032229, 0.11914444857, 0.52004446905, 0.016109865782],
      [0.41704292307, 0.32601740813, 0.037520225729, 0.093392044904, 0.12602739816]
    ],
    [
      [0.22260822885, 0.038501137065, 0.1126046043, 0.60956323699, 0.016722792793],
      [0.42181501279, 0.23067380611, 0.044566957486, 0.13729174533, 0.16565247829]
    ],
    [
      [0.25913098626, 0.056742588918, 0.14209415254, 0.52047006955, 0.021562202731],
      [0.40192876718, 0.27994880143, 0.046038514618, 0.096370092339, 0.17571382443]
    ],
    [
      [0.22100404849, 0.043094144079, 0.19641289988, 0.50841696275, 0.031071944796],
      [0.35363332379, 0.21860461291, 0.065506956847, 0.097171513698, 0.26508359275]
    ],
    [
      [0.31748248779, 0.049335839628, 0.13336001903, 0.4795817727, 0.020239880851],
      [0.47786089783, 0.23490335338, 0.041907860683, 0.086139257218, 0.15918863089]
    ],
    [
      [0.24072844426, 0.029636665238, 0.18416508345, 0.53108502624, 0.014384780804],
      [0.47159192894, 0.18265669653, 0.075041842521, 0.12383382919, 0.14687570281]
    ],
    [
      [0.22908328027, 0.046402275945, 0.1872888812, 0.50786176182, 0.029363800772],
      [0.36259171493, 0.23293659474, 0.061792584038, 0.095979824598, 0.24669928169]
    ],
    [
      [0.2712663952, 0.07148362626, 0.1824769956, 0.45418463845, 0.02058834448],
      [0.39064529013, 0.32444388821, 0.054476562557, 0.077446651165, 0.15298760793]
    ],
    [
      [0.27659855618, 0.044563572022, 0.15321176197, 0.50051538826, 0.025110721573],
      [0.43443117803, 0.21926825059, 0.049937454266, 0.092648962401, 0.20371415471]
    ],
    [
      [0.24217161214, 0.042201980531, 0.25718796884, 0.4299414068, 0.028497031686],
      [0.38719090574, 0.21128526557, 0.08472777937, 0.081181730042, 0.23561431928]
    ],
    [
      [0.22496438218, 0.053424755785, 0.21771743586, 0.47686268661, 0.027030739563],
      [0.35485835684, 0.26473956123, 0.070983962755, 0.088783410175, 0.220634709]
    ],
    [
      [0.26129731136, 0.060022071344, 0.14507370156, 0.51826762446, 0.015339291279],
      [0.42181070094, 0.30419601743, 0.048631375068, 0.098286453674, 0.12707545289]
    ],
    [
      [0.24151945626, 0.052339681757, 0.18944194531, 0.47388485854, 0.042814058134],
      [0.33390769154, 0.22707740663, 0.054220647011, 0.077277291583, 0.30751696323]
    ],
    [
      [0.24837834168, 0.075485302308, 0.11240193322, 0.53991891369, 0.023815509105],
      [0.35674971234, 0.341656993, 0.033648555943, 0.09127477841, 0.1766699603]
    ],
    [
      [0.14716519256, 0.031181619739, 0.23382322873, 0.56164675568, 0.026183203293],
      [0.29703192204, 0.19735335457, 0.097458483601, 0.133446622, 0.27470961778]
    ],
    [
