{
  "X": [
    [15, 34, 40, 7, 4],
    [11, 32, 39, 7, 11],
    [17, 38, 30, 8, 7],
    [9, 34, 34, 15, 8],
    [16, 40, 30, 10, 4],
    [16, 32, 36, 9, 7],
    [19, 35, 32, 9, 5],
    [16, 31, 32, 15, 6],
    [15, 34, 35, 13, 3],
    [16, 30, 39, 9, 6],
    [13, 33, 41, 8, 5],
    [17, 34, 34, 11, 4],
    [22, 29, 33, 9, 7],
    [11, 34, 37, 12, 6],
    [17, 30, 33, 15, 5],
    [18, 28, 37, 11, 6],
    [17, 26, 43, 10, 4],
    [18, 34, 31, 11, 6],
    [17, 36, 35, 4, 8],
    [18, 38, 28, 14, 2],
    [19, 26, 38, 11, 6],
    [17, 27, 39, 11, 6],
    [17, 31, 33, 13, 6],
    [16, 29, 38, 12, 5],
    [21, 29, 32, 7, 11],
    [41, 11, 37, 7, 4],
    [50, 11, 32, 6, 1],
    [40, 19, 30, 9, 2],
    [52, 15, 26, 5, 2],
    [46, 14, 27, 11, 2],
    [46, 14, 33, 6, 1],
    [35, 13, 44, 8, 0],
    [50, 17, 23, 5, 5],
    [46, 11, 36, 4, 3],
    [53, 11, 26, 6, 4],
    [36, 16, 36, 8, 4],
    [41, 14, 32, 11, 2],
    [47, 14, 23, 11, 5],
    [42, 14, 30, 11, 3],
    [37, 13, 44, 4, 2],
    [48, 15, 29, 7, 1],
    [48, 9, 37, 4, 2],
    [43, 15, 30, 8, 4],
    [41, 17, 33, 6, 3],
    [41, 13, 37, 7, 2],
    [40, 14, 38, 5, 3],
    [47, 12, 31, 7, 3],
    [46, 18, 24, 9, 3],
    [44, 19, 31, 3, 3],
    [43, 18, 34, 4, 1]
  ],
  "W": [
    [67, 33],
    [87, 13],
    [70, 30],
    [80, 20],
    [76, 24],
    [83, 17],
    [72, 28],
    [78, 22],
    [74, 26],
    [73, 27],
    [77, 23],
    [73, 27],
    [65, 35],
    [77, 23],
    [71, 29],
    [67, 33],
    [73, 27],
    [70, 30],
    [74, 26],
    [75, 25],
    [72, 28],
    [73, 27],
    [70, 30],
    [77, 23],
    [75, 25],
    [23, 77],
    [26, 74],
    [29, 71],
    [25, 75],
    [24, 76],
    [23, 77],
    [28, 72],
    [27, 73],
    [24, 76],
    [24, 76],
    [33, 67],
    [26, 74],
    [24, 76],
    [26, 74],
    [25, 75],
    [30, 70],
    [24, 76],
    [22, 78],
    [26, 74],
    [34, 66],
    [27, 73],
    [28, 72],
    [27, 73],
    [27, 73],
    [19, 81]
  ],
  "method": "mvn_pdf",
  "cond_prob": [
    [
      [0.013106730331, 0.47018620435, 0.38123100054, 0.082159488898, 0.053316575883],
      [0.4295004626, 0.078783727248, 0.43925776806, 0.0458837819, 0.0065742601939]
    ],
    [
      [0.02922886609, 0.35767811783, 0.39893533524, 0.07983358987, 0.13432409097],
      [0.63935304349, 0.037556298538, 0.28510508393, 0.027739180629, 0.010246393411]
    ],
    [
      [0.016285429219, 0.51441096679, 0.28915122083, 0.090328180235, 0.089824202917],
      [0.52932196248, 0.084273804793, 0.32630222564, 0.049333873594, 0.0107681335]
    ],
    [
      [0.011557584373, 0.40418268828, 0.3230627819, 0.16767909433, 0.093517851112],
      [0.41386143304, 0.073160617721, 0.40034128719, 0.10028393882, 0.012352723221]
    ],
    [
      [0.022050131539, 0.51182360515, 0.30556633016, 0.11033633134, 0.050223601808],
      [0.5956243447, 0.068664003827, 0.28155439908, 0.049192764929, 0.0049644874661]
    ],
    [
      [0.045757674996, 0.3813203187, 0.39253035885, 0.10172602047, 0.078665626981],
      [0.7342539667, 0.029375041197, 0.2060257916, 0.025915989085, 0.004429211426]
    ],
    [
      [0.025398165562, 0.46949321878, 0.33691691558, 0.10523303997, 0.062958660111],
      [0.61528929966, 0.056832684962, 0.27995404722, 0.042328046156, 0.0055959220004]
    ],
    [
      [0.027749045218, 0.38485316978, 0.33706568748, 0.18027891465, 0.070053182871],
      [0.62716235097, 0.043032758949, 0.25756804025, 0.066505068636, 0.0057317811998]
    ],
    [
      [0.018687259724, 0.43709294962, 0.35143548669, 0.14976270254, 0.043021601422],
      [0.52377622013, 0.061703381538, 0.34004974483, 0.069994870896, 0.0044757826073]
    ],
    [
      [0.020858075134, 0.39449659969, 0.4062828459, 0.10394425911, 0.074418220176],
      [0.53639796192, 0.051179550759, 0.3606594316, 0.044702339455, 0.0070607162656]
    ],
    [
      [0.018350364333, 0.41100496927, 0.41991976723, 0.091135834533, 0.059589064636],
      [0.50131300642, 0.056479288608, 0.39465351815, 0.041546978896, 0.0060072079234]
    ],
    [
      [0.022173964475, 0.44777668233, 0.35146399645, 0.12641375864, 0.052171598105],
      [0.57137740629, 0.05789075475, 0.31157766342, 0.054193140255, 0.004961035287]
    ],
    [
      [0.023412622308, 0.41986786518, 0.34668295311, 0.10944535088, 0.10059120853],
      [0.58833164818, 0.05338305096, 0.3027398031, 0.046225076322, 0.0093204214408]
    ],
    [
      [0.013450732255, 0.42350383156, 0.36095990413, 0.13147511104, 0.070610421018],
      [0.43984199448, 0.070124326263, 0.40937597419, 0.072094864649, 0.0085628404111]
    ],
    [
      [0.019552085478, 0.39732841376, 0.33295817373, 0.18745809128, 0.062703235744],
      [0.53633178284, 0.055086183191, 0.31635431837, 0.085856682699, 0.0063710329024]
    ],
    [
      [0.018412397415, 0.39392183694, 0.37691357764, 0.13054406165, 0.080208126358],
      [0.51035985292, 0.05559745664, 0.36472617987, 0.061047405912, 0.0082691046525]
    ],
    [
      [0.025105777437, 0.3428372291, 0.46546518048, 0.11503334747, 0.051558465508],
      [0.55835936496, 0.038457901419, 0.35628242961, 0.042658426525, 0.0042418774848]
    ],
    [
      [0.019588860926, 0.46257303511, 0.31409334857, 0.12705030019, 0.076694455199],
      [0.55641080856, 0.066213650011, 0.30895774339, 0.060378240065, 0.0080395579756]
    ],
    [
      [0.022338940884, 0.46079750275, 0.35322289775, 0.061890452609, 0.10175020601],
      [0.58567692605, 0.060323064111, 0.31726800486, 0.027009903438, 0.0097221015471]
    ],
    [
      [0.026386667587, 0.48250492885, 0.29203122673, 0.16365103717, 0.035426139662],
      [0.63542553795, 0.057574404999, 0.2391923997, 0.064682040074, 0.0031256172833]
    ],
    [
      [0.028475700607, 0.35210563776, 0.41338810551, 0.13049815512, 0.075532401008],
      [0.6075170758, 0.037736310557, 0.30261431751, 0.046220892059, 0.0059114040753]
    ],
    [
      [0.024024856449, 0.35884872463, 0.41477813383, 0.12788865614, 0.074459628956],
      [0.56517159664, 0.042520275226, 0.33576612351, 0.05009646204, 0.0064455425853]
    ],
    [
      [0.018280653117, 0.41855747832, 0.33141551845, 0.15504126112, 0.076705088983],
      [0.5254016475, 0.060901201604, 0.33084384667, 0.074689566843, 0.0081637373809]
    ],
    [
      [0.027654669352, 0.36813177958, 0.40616409994, 0.13783849795, 0.060210953177],
      [0.60409951146, 0.040039574876, 0.30154391796, 0.049518892867, 0.004798102837]
    ],
    [
      [0.039426613098, 0.36453023171, 0.34404028125, 0.08487202327, 0.16713085067],
      [0.71985972352, 0.032745508909, 0.21124899721, 0.025278984665, 0.010866785689]
    ],
    [
      [0.020755267159, 0.33122005989, 0.39906354344, 0.11560690138, 0.13335422812],
      [0.52865711434, 0.043560220812, 0.36437542239, 0.050918828061, 0.012488414399]
    ],
    [
      [0.039618661118, 0.34678890447, 0.45568888439, 0.1212447735, 0.03665877652],
      [0.66238087787, 0.029755193201, 0.27076353015, 0.034770074268, 0.0023303245085]
    ],
    [
      [0.019972310205, 0.49173623114, 0.30089601321, 0.13935386794, 0.048041577495],
      [0.55757970228, 0.070115744201, 0.3003214691, 0.066908013699, 0.0050750707171]
    ],
    [
      [0.035662160077, 0.46376310151, 0.34570841591, 0.098954672939, 0.055911649569],
      [0.68286165156, 0.045121136681, 0.23545463963, 0.032551174157, 0.0040113979658]
    ],
    [
      [0.024517816232, 0.40835813689, 0.30056568137, 0.21335539765, 0.053202967852],
      [0.59498413355, 0.050710300921, 0.26079189352, 0.088650556646, 0.0048631153624]
    ],
    [
      [0.026680321491, 0.43696006059, 0.39221183992, 0.10834896889, 0.035798809111],
      [0.59369213743, 0.049705696139, 0.31195855342, 0.041603785627, 0.0030398273838]
    ],
    [
      [0.019590863296, 0.33603842706, 0.49576091449, 0.12663124924, 0.021978545913],
      [0.47356253579, 0.042097922665, 0.42935775142, 0.052916928894, 0.0020648612345]
    ],
    [
      [0.028168384248, 0.45851018417, 0.26387616835, 0.084330760237, 0.16511450299],
