{
  "X": [
    [17, 7, 26, 16, 34],
    [13, 9, 22, 15, 41],
    [17, 6, 31, 16, 30],
    [17, 5, 28, 17, 33],
    [21, 7, 29, 14, 29],
    [21, 5, 26, 21, 27],
    [21, 3, 31, 13, 32],
    [28, 4, 23, 17, 28],
    [26, 8, 23, 8, 35],
    [20, 4, 22, 16, 38],
    [15, 3, 25, 25, 32],
    [17, 7, 33, 15, 28],
    [20, 3, 25, 16, 36],
    [24, 3, 26, 12, 35],
    [13, 3, 38, 25, 21],
    [17, 5, 25, 22, 31],
    [11, 3, 38, 15, 33],
    [18, 8, 29, 15, 30],
    [13, 9, 22, 23, 33],
    [13, 9, 30, 16, 32],
    [12, 4, 30, 21, 33],
    [10, 7, 28, 17, 38],
    [19, 5, 27, 20, 29],
    [18, 9, 29, 15, 29],
    [19, 8, 29, 14, 30],
    [21, 14, 11, 22, 32],
    [27, 15, 14, 20, 24],
    [23, 19, 11, 26, 21],
    [36, 17, 7, 14, 26],
    [28, 13, 11, 18, 30],
    [21, 13, 9, 22, 35],
    [26, 12, 9, 15, 38],
    [26, 24, 5, 21, 24],
    [26, 25, 8, 21, 20],
    [30, 9, 11, 13, 37],
    [22, 19, 7, 19, 33],
    [28, 22, 11, 19, 20],
    [25, 11, 17, 20, 27],
    [25, 16, 11, 19, 29],
    [31, 16, 5, 21, 27],
    [31, 14, 11, 21, 23],
    [34, 18, 12, 11, 25],
    [33, 12, 6, 19, 30],
    [23, 17, 13, 20, 27],
    [31, 8, 12, 23, 26],
    [19, 14, 8, 28, 31],
    [40, 5, 10, 19, 26],
    [32, 15, 9, 14, 30],
    [41, 15, 10, 15, 19],
    [32, 3, 14, 19, 32]
  ],
  "W": [
    [71, 29],
    [77, 23],
    [68, 32],
    [74, 26],
    [73, 27],
    [76, 24],
    [77, 23],
    [73, 27],
    [62, 38],
    [74, 26],
    [74, 26],
    [79, 21],
    [68, 32],
    [71, 29],
    [82, 18],
    [79, 21],
    [77, 23],
    [80, 20],
    [77, 23],
    [75, 25],
    [80, 20],
    [73, 27],
    [76, 24],
    [74, 26],
    [69, 31],
    [26, 74],
    [24, 76],
    [25, 75],
    [19, 81],
    [24, 76],
    [27, 73],
    [27, 73],
    [21, 79],
    [17, 83],
    [26, 74],
    [23, 77],
    [27, 73],
    [29, 71],
    [26, 74],
    [28, 72],
    [21, 79],
    [28, 72],
    [26, 74],
    [29, 71],
    [23, 77],
    [27, 73],
    [26, 74],
    [32, 68],
    [26, 74],
    [34, 66]
  ],
  "method": "mvn_pdf",
  "cond_prob": [
    [
      [0.10738261399, 0.014704695212, 0.35955642502, 0.14900035776, 0.36935590802],
      [0.32316443351, 0.19621278978, 0.018347968377, 0.18410437118, 0.27817043715]
    ],
    [
      [0.095102530883, 0.027803891331, 0.28171570288, 0.14374087911, 0.4516369958],
      [0.23848584128, 0.31740122584, 0.012064544316, 0.14820780796, 0.28384058061]
    ],
    [
      [0.093205837302, 0.010202773441, 0.44979864394, 0.13754826867, 0.30924447665],
      [0.33334334287, 0.16055788927, 0.027127532464, 0.20207828592, 0.27689294947]
    ],
    [
      [0.10837596829, 0.011043679655, 0.3729962681, 0.15652011833, 0.35106396563],
      [0.34361956382, 0.15432552391, 0.020041451802, 0.20362168996, 0.2783917705]
    ],
    [
      [0.14150075663, 0.016281534319, 0.39122275556, 0.1350277464, 0.3159672071],
      [0.39926046255, 0.20384004914, 0.018644482251, 0.15582816621, 0.22242683985]
    ],
    [
      [0.15050058767, 0.013052247823, 0.33518608234, 0.2061148322, 0.29514624997],
      [0.404892177, 0.15477601024, 0.015285463181, 0.22688784734, 0.19815850225]
    ],
    [
      [0.14021736059, 0.0080646048003, 0.39589479518, 0.1227024008, 0.33312083863],
      [0.44492474527, 0.11150433616, 0.02120039993, 0.15902816649, 0.26334235216]
    ],
    [
      [0.21711330358, 0.010826687871, 0.30396576397, 0.16248566418, 0.30560858039],
      [0.52751833203, 0.11448401622, 0.012487393608, 0.16087437776, 0.18463588039]
    ],
    [
      [0.15418215831, 0.014078327427, 0.35092501137, 0.092343654967, 0.38847084793],
      [0.43242350318, 0.17332380754, 0.016594365236, 0.10592639838, 0.27173192565]
    ],
    [
      [0.1327849317, 0.0099585856534, 0.294297804, 0.14958523585, 0.4133734428],
      [0.38393298914, 0.12598416986, 0.014460452134, 0.17716589107, 0.29845649779]
    ],
    [
      [0.093039802895, 0.007565819293, 0.32633943874, 0.24238933555, 0.33066560353],
      [0.29605847977, 0.10510545976, 0.017667247677, 0.3173969865, 0.26377182629]
    ],
    [
      [0.12072886083, 0.019815981527, 0.41595903942, 0.14357581567, 0.29992030256],
      [0.34419544003, 0.25463294605, 0.020059208864, 0.16756694922, 0.21354545583]
    ],
    [
      [0.11272044484, 0.0069885731115, 0.35669463733, 0.1408256105, 0.38277073422],
      [0.37251016181, 0.10027921403, 0.019952333237, 0.19096273378, 0.31629555714]
    ],
    [
      [0.15179828354, 0.0076414176103, 0.35387324, 0.11466645179, 0.37202060706],
      [0.45934834973, 0.10027419677, 0.018083844057, 0.14178204567, 0.28051156377]
    ],
    [
      [0.085144678879, 0.0078234263513, 0.44919277398, 0.23714372806, 0.22069539273],
      [0.30417378019, 0.12320474269, 0.027153875218, 0.34802474299, 0.19744285891]
    ],
    [
      [0.1227222706, 0.013918302445, 0.31341406011, 0.21899518207, 0.33095018478],
      [0.33860481354, 0.17053613378, 0.01471308211, 0.24781150515, 0.22833446542]
    ],
    [
      [0.065627753758, 0.006223150129, 0.48949382212, 0.12356420891, 0.31509106509],
      [0.28409952866, 0.11819122822, 0.035789647221, 0.22004546724, 0.34187412866]
    ],
    [
      [0.13823136665, 0.028071932053, 0.3587367728, 0.148816126, 0.32614380249],
      [0.33357115612, 0.30838899165, 0.01468193071, 0.14690207459, 0.19645584693]
    ],
    [
      [0.097720721351, 0.029033737522, 0.28307430481, 0.23433038075, 0.35584085557],
      [0.2324014763, 0.31437068592, 0.011506185584, 0.22939884668, 0.21232280552]
    ],
    [
      [0.08980804553, 0.023415222353, 0.39445407906, 0.15018023846, 0.34214241459],
      [0.2566191837, 0.30282989042, 0.019124877842, 0.17641756005, 0.24500848798]
    ],
    [
      [0.083919165603, 0.01008013605, 0.3683396724, 0.19734610232, 0.34031492363],
      [0.27846707844, 0.14825781498, 0.02078562806, 0.26940085265, 0.28308862587]
    ],
    [
      [0.068075219626, 0.013707262362, 0.37041880106, 0.14959823281, 0.39820048415],
      [0.22899211157, 0.20589494473, 0.021188854342, 0.2075017258, 0.33642236356]
    ],
    [
      [0.13117217879, 0.012540953702, 0.35020839656, 0.1927159407, 0.31336253024],
      [0.37510826829, 0.15827724919, 0.01698053162, 0.22577375788, 0.22386019302]
    ],
    [
      [0.12417105868, 0.024252250745, 0.38706660837, 0.14568006479, 0.31883001742],
      [0.327421166, 0.28782178538, 0.017276091914, 0.15738786839, 0.21009308832]
    ],
    [
      [0.11547132244, 0.015908145941, 0.41388144166, 0.13086831543, 0.32387077453],
      [0.35242381116, 0.21538500735, 0.021324394124, 0.16376257716, 0.24710421021]
    ],
    [
      [0.081125452059, 0.012649175944, 0.35982024784, 0.17480355076, 0.37160157339],
      [0.26312987956, 0.17948617574, 0.019376857622, 0.23450535653, 0.30350173055]
    ],
    [
      [0.088906864745, 0.01184961653, 0.50347076794, 0.14175415519, 0.2540185956],
      [0.32773999331, 0.19089557884, 0.030140928463, 0.2157091214, 0.23551437799]
    ],
    [
      [0.09709052202, 0.019945371864, 0.37384394947, 0.23852216322, 0.27059799343],
      [0.27153912903, 0.2450180032, 0.017280845554, 0.27567377277, 0.19048824945]
    ],
    [
      [0.16461389588, 0.01847786291, 0.30691582196, 0.14004576362, 0.36994665563],
      [0.41072641976, 0.20124762893, 0.012632290981, 0.14384988988, 0.23154377045]
    ],
    [
      [0.10417354746, 0.011802457433, 0.38889651939, 0.1427143665, 0.35241310922],
      [0.33654820173, 0.16631173392, 0.020692892653, 0.1902699398, 0.2861772319]
    ],
    [
      [0.086308182644, 0.01269940943, 0.28746396405, 0.18361765357, 0.4299107903],
      [0.26089082492, 0.1678328659, 0.014578206635, 0.2295551707, 0.32714293184]
    ],
    [
      [0.10254001645, 0.011783974827, 0.28416115202, 0.12518938572, 0.47632547099],
      [0.3106781269, 0.1557476947, 0.014420665937, 0.15653623738, 0.36261727508]
    ],
    [
      [0.13606344756, 0.034407380584, 0.22584432503, 0.22805692217, 0.37562792466],
      [0.28353761331, 0.31568024376, 0.0079165507092, 0.1961322906, 0.19673330162]
    ],
    [
