{
  "X": [
    [35, 20, 27, 12, 6],
    [45, 17, 29, 7, 2],
    [41, 16, 30, 10, 3],
    [43, 17, 30, 4, 6],
    [43, 13, 36, 5, 3],
    [40, 14, 26, 16, 4],
    [45, 19, 27, 8, 1],
    [45, 12, 24, 12, 7],
    [50, 13, 23, 10, 4],
    [45, 16, 25, 8, 6],
    [36, 16, 36, 8, 4],
    [46, 19, 16, 14, 5],
    [47, 18, 18, 11, 6],
    [47, 14, 28, 9, 2],
    [44, 18, 29, 7, 2],
    [42, 11, 35, 6, 6],
    [43, 14, 30, 9, 4],
    [45, 17, 24, 7, 7],
    [56, 11, 19, 8, 6],
    [40, 14, 34, 9, 3],
    [40, 11, 32, 12, 5],
    [43, 20, 24, 10, 3],
    [51, 16, 28, 5, 0],
    [47, 16, 24, 5, 8],
    [41, 16, 35, 5, 3],
    [39, 6, 30, 20, 5],
    [40, 4, 33, 19, 4],
    [45, 4, 22, 22, 7],
    [47, 7, 30, 13, 3],
    [45, 9, 23, 19, 4],
    [43, 3, 35, 17, 2],
    [52, 2, 26, 15, 5],
    [38, 11, 31, 15, 5],
    [44, 7, 28, 16, 5],
    [43, 7, 30, 16, 4],
    [34, 5, 35, 24, 2],
    [40, 8, 30, 20, 2],
    [34, 6, 30, 24, 6],
    [44, 2, 26, 18, 10],
    [39, 4, 36, 18, 3],
    [39, 8, 28, 22, 3],
    [40, 7, 26, 24, 3],
    [44, 8, 29, 16, 3],
    [46, 8, 21, 21, 4],
    [45, 10, 27, 17, 1],
    [35, 9, 35, 15, 6],
    [43, 6, 32, 13, 6],
    [42, 7, 26, 20, 5],
    [39, 6, 27, 18, 10],
    [37, 6, 34, 16, 7]
  ],
  "W": [
    [78, 22],
    [79, 21],
    [78, 22],
    [84, 16],
    [77, 23],
    [72, 28],
    [73, 27],
    [67, 33],
    [73, 27],
    [75, 25],
    [78, 22],
    [77, 23],
    [73, 27],
    [81, 19],
    [79, 21],
    [79, 21],
    [74, 26],
    [68, 32],
    [73, 27],
    [74, 26],
    [69, 31],
    [76, 24],
    [78, 22],
    [74, 26],
    [73, 27],
    [27, 73],
    [24, 76],
    [19, 81],
    [25, 75],
    [31, 69],
    [24, 76],
    [18, 82],
    [34, 66],
    [27, 73],
    [23, 77],
    [24, 76],
    [30, 70],
    [29, 71],
    [15, 85],
    [21, 79],
    [24, 76],
    [25, 75],
    [27, 73],
    [29, 71],
    [26, 74],
    [20, 80],
    [24, 76],
    [25, 75],
    [25, 75],
    [22, 78]
  ],
  "method": "mvn_pdf",
  "cond_prob": [
    [
      [0.36620297716, 0.25072964878, 0.26368713936, 0.064911287776, 0.054468946921],
      [0.30907861352, 0.024588797413, 0.26951532713, 0.32644981901, 0.070367442923]
    ],
    [
      [0.45751685758, 0.20667551107, 0.28120944901, 0.03463722964, 0.019960952711],
      [0.43307573871, 0.022785313299, 0.32245727023, 0.19285176754, 0.028829910228]
    ],
    [
      [0.42663300442, 0.1972121801, 0.29834113881, 0.051556801717, 0.02625687495],
      [0.36889593669, 0.019876836181, 0.31246196196, 0.26410144344, 0.03466382173]
    ],
    [
      [0.43311436901, 0.19517547744, 0.29170232696, 0.024989387115, 0.055018439475],
      [0.41661883372, 0.021894025585, 0.33989536686, 0.14055596652, 0.081035807318]
    ],
    [
      [0.43145982413, 0.1607604092, 0.35655751292, 0.026107659435, 0.025114594314],
      [0.40211165717, 0.017495527096, 0.40260022754, 0.14205497921, 0.035737608985]
    ],
    [
      [0.42794656339, 0.18328823736, 0.263271444, 0.091393692637, 0.034100062617],
      [0.31333471662, 0.015646640305, 0.23345077777, 0.3994188013, 0.038149064008]
    ],
    [
      [0.44767342387, 0.25140676808, 0.25244206424, 0.033455457343, 0.015022286473],
      [0.44677959638, 0.029104764627, 0.3052039362, 0.19605192522, 0.022859777579]
    ],
    [
      [0.47476286399, 0.16804968656, 0.23912060243, 0.050910356508, 0.067156490509],
      [0.40003774286, 0.016510713556, 0.24403527237, 0.25274246261, 0.086673808612]
    ],
    [
      [0.52354134457, 0.16929620657, 0.22871164825, 0.045573843037, 0.032876957566],
      [0.45953866433, 0.017341050318, 0.24316455068, 0.23585112127, 0.044104613406]
    ],
    [
      [0.46217715447, 0.20363897668, 0.24398385237, 0.036826876768, 0.053373139711],
      [0.42810343739, 0.021961661063, 0.27373611677, 0.20051400289, 0.075684781895]
    ],
    [
      [0.371851468, 0.19392864977, 0.36227422089, 0.039140092597, 0.032805568743],
      [0.33380654926, 0.020287936022, 0.39393978609, 0.20696918386, 0.044996544774]
    ],
    [
      [0.4677592444, 0.23505371643, 0.17535600069, 0.079770990043, 0.04206004844],
      [0.37446223687, 0.021879309985, 0.1699891004, 0.38216166084, 0.051507691912]
    ],
    [
      [0.47774060921, 0.23481680177, 0.18640130112, 0.048874922294, 0.052166365604],
      [0.43447456426, 0.024804383123, 0.20530485137, 0.26278020295, 0.072635998303]
    ],
    [
      [0.48581953355, 0.16770722923, 0.27694803348, 0.049038195967, 0.020487007772],
      [0.4178116322, 0.016854024481, 0.28850260814, 0.24995253858, 0.0268791966]
    ],
    [
      [0.44564535126, 0.21993803171, 0.28016805185, 0.034371107414, 0.019877457765],
      [0.42721014161, 0.024535606656, 0.32535211905, 0.19382676973, 0.029075362951]
    ],
    [
      [0.42591286556, 0.13892745453, 0.34958184368, 0.031446474389, 0.054131361842],
      [0.3759978943, 0.014355514839, 0.37384703768, 0.16265900822, 0.073140544963]
    ],
    [
      [0.44771548432, 0.18097415171, 0.29650215898, 0.041675850858, 0.033132354127],
      [0.39834999177, 0.018776317389, 0.31956052453, 0.21826568822, 0.04504747809]
    ],
    [
      [0.44850451009, 0.23590663826, 0.22473241244, 0.028028621964, 0.062827817251],
      [0.44491556133, 0.02714111701, 0.27003786217, 0.16242345432, 0.095482005171]
    ],
    [
      [0.57970281147, 0.14303451524, 0.19065765627, 0.035096590786, 0.051508426231],
      [0.52122465251, 0.01503527428, 0.20764102743, 0.18519435083, 0.070904694948]
    ],
    [
      [0.41404676125, 0.1792170068, 0.33965383308, 0.041361788206, 0.025720610664],
      [0.36670213776, 0.018507896841, 0.36440505366, 0.21560695278, 0.034777958962]
    ],
    [
      [0.42630098235, 0.15363993054, 0.32322502963, 0.054317266175, 0.042516791312],
      [0.34908020813, 0.014694021386, 0.32059820822, 0.2623942374, 0.053233324865]
    ],
    [
      [0.43603101679, 0.25935516842, 0.2328045366, 0.046488558101, 0.025320720086],
      [0.41066112468, 0.028351590838, 0.26557019392, 0.25899706965, 0.036420020918]
    ],
    [
      [0.50910478422, 0.1919406751, 0.26190071376, 0.025346770683, 0.011707056237],
      [0.50169019296, 0.022036052308, 0.31268883911, 0.14600882896, 0.01757608666]
    ],
    [
      [0.46604848164, 0.20120416033, 0.22559169018, 0.024318124218, 0.082837543641],
      [0.45177779064, 0.02269601779, 0.26489005547, 0.13749166544, 0.12314447065]
    ],
    [
      [0.40862329367, 0.20535628488, 0.33739674478, 0.024155086768, 0.024468589905],
      [0.40083225156, 0.023428699593, 0.40097533646, 0.13811417386, 0.036649538523]
    ],
    [
      [0.44462604996, 0.16930379655, 0.2963419532, 0.051780926322, 0.037947273958],
      [0.37572319065, 0.016466504877, 0.3033505613, 0.25545620435, 0.049003538819]
    ],
    [
      [0.4604422125, 0.12996390944, 0.33077825243, 0.047994511616, 0.030821114009],
      [0.38271409364, 0.012507216714, 0.33308301387, 0.23257337429, 0.039122301482]
    ],
    [
      [0.52228757949, 0.14345773029, 0.22464485968, 0.053187385892, 0.056422444654],
      [0.43253149961, 0.013665603073, 0.22534696603, 0.25696456253, 0.071491368744]
    ],
    [
      [0.48461803597, 0.19998493978, 0.26358395369, 0.029828248554, 0.021984822001],
      [0.4688823051, 0.022118262603, 0.3089542072, 0.16758349637, 0.032461728725]
    ],
    [
      [0.47803737084, 0.22947818083, 0.21684012938, 0.046882805018, 0.028761513937],
      [0.44070944303, 0.0241985982, 0.24215141692, 0.25243731777, 0.040503224084]
    ],
    [
      [0.4839989172, 0.10766358973, 0.34647785828, 0.04202991792, 0.019829716866],
      [0.40627995136, 0.010518858272, 0.35238334354, 0.20542886844, 0.025388978382]
    ],
    [
      [0.59030359313, 0.094552323668, 0.24501763479, 0.034718513695, 0.03540793471],
      [0.51153554574, 0.0095532716867, 0.25723374983, 0.17479014173, 0.046887291006]
    ],
    [
      [0.38554645205, 0.2697613541, 0.27460279406, 0.035880528765, 0.034208871027],
      [0.38161041281, 0.030466137966, 0.32924439199, 0.20693428996, 0.051744767267]
    ],
    [
