{
  "X": [
    [68, 32],
    [70, 30],
    [66, 34],
    [70, 30],
    [68, 32],
    [72, 28],
    [73, 27],
    [72, 28],
    [72, 28],
    [66, 34],
    [64, 36],
    [66, 34],
    [54, 46],
    [36, 64],
    [36, 64],
    [40, 60],
    [33, 67],
    [30, 70],
    [39, 61],
    [25, 75],
    [36, 64],
    [35, 65],
    [37, 63],
    [42, 58],
    [37, 63],
    [59, 41],
    [55, 45],
    [51, 49],
    [51, 49],
    [61, 39],
    [64, 36],
    [57, 43],
    [55, 45],
    [49, 51],
    [53, 47],
    [55, 45],
    [60, 40],
    [77, 23],
    [83, 17],
    [75, 25],
    [84, 16],
    [81, 19],
    [77, 23],
    [81, 19],
    [77, 23],
    [76, 24],
    [82, 18],
    [77, 23],
    [71, 29],
    [75, 25]
  ],
  "W": [
    [57, 12, 12, 19],
    [65, 14, 11, 10],
    [62, 15, 12, 11],
    [57, 6, 22, 15],
    [64, 12, 10, 14],
    [57, 16, 12, 15],
    [69, 10, 9, 12],
    [67, 11, 8, 14],
    [62, 15, 10, 13],
    [59, 10, 18, 13],
    [58, 15, 11, 16],
    [62, 17, 10, 11],
    [29, 36, 17, 18],
    [13, 58, 14, 15],
    [16, 60, 13, 11],
    [13, 62, 10, 15],
    [10, 65, 12, 13],
    [9, 64, 14, 13],
    [16, 64, 14, 6],
    [11, 68, 14, 7],
    [7, 70, 9, 14],
    [19, 59, 15, 7],
    [14, 67, 9, 10],
    [12, 54, 16, 18],
    [11, 61, 14, 14],
    [18, 11, 62, 9],
    [12, 12, 61, 15],
    [9, 16, 65, 10],
    [12, 10, 61, 17],
    [6, 13, 67, 14],
    [17, 7, 66, 10],
    [11, 6, 67, 16],
    [12, 16, 66, 6],
    [15, 10, 66, 9],
    [10, 15, 61, 14],
    [11, 18, 58, 13],
    [12, 7, 60, 21],
    [15, 12, 33, 40],
    [13, 10, 12, 65],
    [12, 16, 10, 62],
    [12, 8, 10, 70],
    [13, 9, 13, 65],
    [15, 16, 10, 59],
    [14, 9, 10, 67],
    [13, 14, 18, 55],
    [15, 14, 14, 57],
    [14, 11, 11, 64],
    [15, 17, 12, 56],
    [16, 16, 13, 55],
    [19, 16, 8, 57]
  ],
  "method": "exact",
  "cond_prob": [
    [
      [0.75129733336, 0.24870266664],
      [0.098358444745, 0.90164155525],
      [0.46794892976, 0.53205107024],
      [0.96738755286, 0.032612447142]
    ],
    [
      [0.80604677346, 0.19395322654],
      [0.1301146313, 0.8698853687],
      [0.54773963949, 0.45226036051],
      [0.97602188529, 0.023978114708]
    ],
    [
      [0.77045617687, 0.22954382313],
      [0.10815217907, 0.89184782093],
      [0.49448298403, 0.50551701597],
      [0.9705125945, 0.029487405497]
    ],
    [
      [0.77037698994, 0.22962301006],
      [0.10832160194, 0.89167839806],
      [0.49460762313, 0.50539237687],
      [0.9704809502, 0.029519049799]
    ],
    [
      [0.75726739987, 0.24273260013],
      [0.10135247666, 0.89864752334],
      [0.47615262245, 0.52384737755],
      [0.96836646171, 0.031633538295]
    ],
    [
      [0.83605391838, 0.16394608162],
      [0.15426454837, 0.84573545163],
      [0.59760613053, 0.40239386947],
      [0.98036135414, 0.019638645858]
    ],
    [
      [0.79995977908, 0.20004022092],
      [0.12583187414, 0.87416812586],
      [0.53812067814, 0.46187932186],
      [0.97511419992, 0.024885800076]
    ],
    [
      [0.78937702567, 0.21062297433],
      [0.11888770508, 0.88111229492],
      [0.52186011217, 0.47813988783],
      [0.97350668764, 0.026493312362]
    ],
    [
      [0.82684069339, 0.17315930661],
      [0.1460743992, 0.8539256008],
      [0.58169718869, 0.41830281131],
      [0.97906070269, 0.020939297314]
    ],
    [
      [0.74773139882, 0.25226860118],
      [0.097043641015, 0.90295635898],
      [0.46365076056, 0.53634923944],
      [0.96674595149, 0.033254048506]
    ],
    [
      [0.73071140007, 0.26928859993],
      [0.089431228689, 0.91056877131],
      [0.44143107585, 0.55856892415],
      [0.96384553321, 0.036154466786]
    ],
    [
      [0.77931511508, 0.22068488492],
      [0.11296737855, 0.88703262145],
      [0.50707738602, 0.49292261398],
      [0.97193123356, 0.028068766441]
    ],
    [
      [0.79508225383, 0.20491774617],
      [0.1219965668, 0.8780034332],
      [0.53008614418, 0.46991385582],
      [0.97440409907, 0.02559590093]
    ],
    [
      [0.744081952, 0.255918048],
      [0.093745143309, 0.90625485669],
      [0.45678655827, 0.54321344173],
      [0.96631363308, 0.033686366919]
    ],
    [
      [0.77290568497, 0.22709431503],
      [0.10825644892, 0.89174355108],
      [0.4967078504, 0.5032921496],
      [0.97099273183, 0.029007268174]
    ],
    [
      [0.82373592424, 0.17626407576],
      [0.1427655464, 0.8572344536],
      [0.57604944293, 0.42395055707],
      [0.97863164524, 0.02136835476]
    ],
    [
      [0.76793327333, 0.23206672667],
      [0.10518775159, 0.89481224841],
      [0.48920518457, 0.51079481543],
      [0.97023086144, 0.029769138559]
    ],
    [
      [0.71423750937, 0.28576249063],
      [0.081441249746, 0.91855875025],
      [0.41889351149, 0.58110648851],
      [0.96116255931, 0.038837440689]
    ],
    [
      [0.8495680301, 0.1504319699],
      [0.16872023482, 0.83127976518],
      [0.62254564541, 0.37745435459],
      [0.98219624239, 0.017803757606]
    ],
    [
      [0.69507903146, 0.30492096854],
      [0.074958487641, 0.92504151236],
      [0.39668671604, 0.60331328396],
      [0.95761992427, 0.042380075733]
    ],
    [
      [0.83889903481, 0.16110096519],
      [0.15676379648, 0.84323620352],
      [0.60263260188, 0.39736739812],
      [0.98075339899, 0.019246601012]
    ],
    [
      [0.76821600096, 0.23178399904],
      [0.10604711865, 0.89395288135],
      [0.4903716925, 0.5096283075],
      [0.97022008489, 0.029779915114]
    ],
    [
      [0.83374811613, 0.16625188387],
      [0.15201223249, 0.84798776751],
      [0.59359738424, 0.40640261576],
      [0.98003303394, 0.019966966064]
    ],
    [
      [0.79353122329, 0.20646877671],
      [0.12047766175, 0.87952233825],
      [0.52727232096, 0.47272767904],
      [0.97419302502, 0.025806974977]
    ],
    [
      [0.79221221617, 0.20778778383],
      [0.11961162342, 0.88038837658],
      [0.52524752202, 0.47475247798],
      [0.97399223467, 0.026007765334]
    ],
    [
      [0.80788916358, 0.19211083642],
      [0.13275503099, 0.86724496901],
      [0.55180065363, 0.44819934637],
      [0.97622768774, 0.023772312258]
    ],
    [
      [0.76747525943, 0.23252474057],
      [0.10722353366, 0.89277646634],
      [0.49105104674, 0.50894895326],
      [0.9699667088, 0.030033291204]
    ],
    [
      [0.77417618226, 0.22582381774],
      [0.11101720022, 0.88898279978],
      [0.50070465966, 0.49929534034],
      [0.97103362782, 0.028966372181]
    ],
    [
      [0.70902783881, 0.29097216119],
      [0.081536977072, 0.91846302293],
      [0.41571835193, 0.58428164807],
      [0.95985157035, 0.040148429648]
    ],
    [
      [0.83673247239, 0.16326752761],
      [0.15701651768, 0.84298348232],
      [0.60019279453, 0.39980720547],
      [0.98039094302, 0.019609056977]
    ],
    [
      [0.83141868051, 0.16858131949],
      [0.15213656204, 0.84786343796],
      [0.5909777148, 0.4090222852],
      [0.97963973202, 0.020360267979]
    ],
    [
      [0.76279548866, 0.23720451134],
      [0.10489792436, 0.89510207564],
      [0.48466844345, 0.51533155655],
      [0.96919227299, 0.030807727011]
    ],
    [
      [0.81469571012, 0.18530428988],
      [0.13804578035, 0.86195421965],
      [0.56290238466, 0.43709761534],
      [0.97722693426, 0.022773065743]
    ],
    [
      [0.72354566434, 0.27645433566],
      [0.087229177293, 0.91277082271],
      [0.43352122015, 0.56647877985],
      [0.96245808135, 0.037541918654]
    ],
    [
      [0.76921166354, 0.23078833646],
      [0.10813878328, 0.89186121672],
      [0.49348064714, 0.50651935286],
      [0.97024872426, 0.029751275736]
    ],
    [
      [0.79974730148, 0.20025269852],
      [0.1267033606, 0.8732966394],
      [0.53873893103, 0.46126106897],
      [0.97502009177, 0.024979908225]
    ],
    [
      [0.76954402248, 0.23045597752],
      [0.10823531332, 0.89176468668],
      [0.49385510708, 0.50614489292],
      [0.97031038629, 0.029689613712]
    ],
    [
      [0.87421912474, 0.12578087526],
