{
  "X": [
    [57, 43],
    [58, 42],
    [52, 48],
    [52, 48],
    [51, 49],
    [50, 50],
    [60, 40],
    [51, 49],
    [66, 34],
    [60, 40],
    [60, 40],
    [58, 42],
    [57, 43],
    [54, 46],
    [55, 45],
    [63, 37],
    [60, 40],
    [55, 45],
    [60, 40],
    [55, 45],
    [65, 35],
    [64, 36],
    [60, 40],
    [55, 45],
    [59, 41],
    [26, 74],
    [30, 70],
    [19, 81],
    [23, 77],
    [24, 76],
    [32, 68],
    [25, 75],
    [40, 60],
    [36, 64],
    [26, 74],
    [37, 63],
    [21, 79],
    [53, 47],
    [76, 24],
    [77, 23],
    [80, 20],
    [73, 27],
    [75, 25],
    [68, 32],
    [79, 21],
    [82, 18],
    [73, 27],
    [77, 23],
    [79, 21],
    [76, 24]
  ],
  "W": [
    [66, 11, 12, 11],
    [63, 9, 13, 15],
    [62, 12, 12, 14],
    [55, 13, 22, 10],
    [64, 10, 16, 10],
    [63, 10, 19, 8],
    [58, 13, 16, 13],
    [63, 10, 11, 16],
    [58, 12, 10, 20],
    [61, 20, 7, 12],
    [65, 9, 11, 15],
    [63, 15, 13, 9],
    [40, 41, 9, 10],
    [14, 57, 17, 12],
    [15, 69, 10, 6],
    [5, 64, 12, 19],
    [13, 63, 10, 14],
    [16, 67, 9, 8],
    [12, 65, 12, 11],
    [17, 53, 12, 18],
    [8, 69, 11, 12],
    [9, 64, 13, 14],
    [12, 64, 13, 11],
    [11, 69, 9, 11],
    [11, 64, 15, 10],
    [14, 14, 62, 10],
    [10, 16, 63, 11],
    [12, 7, 65, 16],
    [11, 13, 69, 7],
    [11, 9, 71, 9],
    [13, 14, 58, 15],
    [10, 8, 72, 10],
    [26, 8, 47, 19],
    [21, 9, 56, 14],
    [10, 12, 66, 12],
    [16, 15, 57, 12],
    [12, 10, 68, 10],
    [9, 11, 37, 43],
    [13, 14, 10, 63],
    [12, 9, 13, 66],
    [11, 9, 8, 72],
    [11, 8, 22, 59],
    [13, 17, 10, 60],
    [18, 20, 9, 53],
    [18, 15, 12, 55],
    [12, 6, 13, 69],
    [8, 17, 15, 60],
    [13, 10, 12, 65],
    [10, 13, 7, 70],
    [12, 13, 14, 61]
  ],
  "method": "exact",
  "cond_prob": [
    [
      [0.59176973932, 0.40823026068],
      [0.63209054692, 0.36790945308],
      [0.034840785936, 0.96515921406],
      [0.96110106885, 0.038898931153]
    ],
    [
      [0.59388348741, 0.40611651259],
      [0.63415152319, 0.36584847681],
      [0.035078963949, 0.96492103605],
      [0.96146333689, 0.038536663113]
    ],
    [
      [0.51247629145, 0.48752370855],
      [0.55475747249, 0.44524252751],
      [0.025602107318, 0.97439789268],
      [0.94729678373, 0.052703216266]
    ],
    [
      [0.60368483438, 0.39631516562],
      [0.64358907392, 0.35641092608],
      [0.036407572973, 0.96359242703],
      [0.96297095424, 0.037029045756]
    ],
    [
      [0.54828867154, 0.45171132846],
      [0.58994908282, 0.41005091718],
      [0.029388672447, 0.97061132755],
      [0.95398154341, 0.046018456593]
    ],
    [
      [0.56620942613, 0.43379057387],
      [0.60740561219, 0.39259438781],
      [0.031490639951, 0.96850936005],
      [0.95705348411, 0.042946515886]
    ],
    [
      [0.65075127015, 0.34924872985],
      [0.6883406195, 0.3116593805],
      [0.044062094275, 0.95593790573],
      [0.96946190536, 0.030538094641]
    ],
    [
      [0.48308220507, 0.51691779493],
      [0.52555780725, 0.47444219275],
      [0.022853617842, 0.97714638216],
      [0.94117832575, 0.05882167425]
    ],
    [
      [0.65300867658, 0.34699132342],
      [0.69047791046, 0.30952208954],
      [0.044452264911, 0.95554773509],
      [0.9697619592, 0.030238040799]
    ],
    [
      [0.58555390934, 0.41444609066],
      [0.62608235878, 0.37391764122],
      [0.034036204108, 0.96596379589],
      [0.96010924383, 0.03989075617]
    ],
    [
      [0.60527777741, 0.39472222259],
      [0.64507903018, 0.35492096982],
      [0.036716560298, 0.9632834397],
      [0.96315673556, 0.036843264438]
    ],
    [
      [0.61825025713, 0.38174974287],
      [0.65746333406, 0.34253666594],
      [0.038707500367, 0.96129249963],
      [0.96500958725, 0.034990412753]
    ],
    [
      [0.56131547894, 0.43868452106],
      [0.60261035808, 0.39738964192],
      [0.030961815398, 0.9690381846],
      [0.95616998226, 0.043830017745]
    ],
    [
      [0.55844926141, 0.44155073859],
      [0.59988306828, 0.40011693172],
      [0.030527025817, 0.96947297418],
      [0.95578466744, 0.044215332562]
    ],
    [
      [0.5489312456, 0.4510687544],
      [0.59053118031, 0.40946881969],
      [0.029527609387, 0.97047239061],
      [0.95401729682, 0.045982703177]
    ],
    [
      [0.60450081008, 0.39549918992],
      [0.64438093712, 0.35561906288],
      [0.036508595216, 0.96349140478],
      [0.9631059385, 0.036894061502]
    ],
    [
      [0.57470746747, 0.42529253253],
      [0.6156360113, 0.3843639887],
      [0.032564371836, 0.96743562816],
      [0.95843503517, 0.041564964825]
    ],
    [
      [0.53409633142, 0.46590366858],
      [0.57601109913, 0.42398890087],
      [0.027879637155, 0.97212036284],
      [0.95134979014, 0.048650209862]
    ],
    [
      [0.60233316053, 0.39766683947],
      [0.64225451547, 0.35774548453],
      [0.036295900158, 0.96370409984],
      [0.96271888784, 0.037281112161]
    ],
    [
      [0.50607835583, 0.49392164417],
      [0.5484519588, 0.4515480412],
      [0.024951686257, 0.97504831374],
      [0.94607188329, 0.053928116713]
    ],
    [
      [0.65310905675, 0.34689094325],
      [0.690554305, 0.309445695],
      [0.044529578974, 0.95547042103],
      [0.96975459434, 0.030245405656]
    ],
    [
      [0.64998698024, 0.35001301976],
      [0.68762778838, 0.31237221162],
      [0.043901054969, 0.95609894503],
      [0.96937321479, 0.030626785205]
    ],
    [
      [0.61021682399, 0.38978317601],
      [0.64981231146, 0.35018768854],
      [0.037435218541, 0.96256478146],
      [0.96388657614, 0.036113423863]
    ],
    [
      [0.51778127492, 0.48221872508],
      [0.55996841134, 0.44003158866],
      [0.02616473596, 0.97383526404],
      [0.94828208813, 0.051717911866]
    ],
    [
      [0.61679404166, 0.38320595834],
      [0.65610352022, 0.34389647978],
      [0.038415088373, 0.96158491163],
      [0.9648413922, 0.035158607797]
    ],
    [
      [0.51305692462, 0.48694307538],
      [0.55598467374, 0.44401532626],
      [0.024947119334, 0.97505288067],
      [0.94866962243, 0.051330377569]
    ],
    [
      [0.62685523032, 0.37314476968],
      [0.66622596927, 0.33377403073],
      [0.038667509519, 0.96133249048],
      [0.96688900807, 0.033110991932]
    ],
    [
      [0.2413684318, 0.7586315682],
      [0.27449387475, 0.72550612525],
      [0.0077954613773, 0.99220453862],
      [0.8547135441, 0.1452864559]
    ],
    [
      [0.56813172633, 0.43186827367],
      [0.60998054761, 0.39001945239],
      [0.0306058156, 0.9693941844],
      [0.95842894501, 0.04157105499]
    ],
    [
      [0.61686279548, 0.38313720452],
      [0.65688816705, 0.34311183295],
      [0.036774907059, 0.96322509294],
      [0.96572192724, 0.034278072759]
    ],
    [
      [0.56581047267, 0.43418952733],
      [0.60762702709, 0.39237297291],
      [0.030499361197, 0.9695006388],
      [0.95791483511, 0.042085164893]
    ],
    [
      [0.6587706279, 0.3412293721],
      [0.69653307403, 0.30346692597],
      [0.043452843098, 0.9565471569],
      [0.97114244257, 0.028857557434]
    ],
    [
      [0.58432930065, 0.41567069935],
      [0.62535648835, 0.37464351165],
      [0.033058670763, 0.96694132924],
      [0.96056993423, 0.039430065767]
    ],
    [
      [0.65455434699, 0.34544565301],
      [0.69231441185, 0.30768558815],
      [0.043542269938, 0.95645773006],
      [0.97036870643, 0.029631293571]
    ],
    [
      [0.55146647603, 0.44853352397],
      [0.59386192402, 0.40613807598],
      [0.028621284944, 0.97137871506],
      [0.95583227876, 0.044167721236]
    ],
    [
      [0.70125187574, 0.29874812426],
      [0.73589813893, 0.26410186107],
      [0.053182955224, 0.94681704478],
      [0.97583912137, 0.024160878625]
    ],
    [
      [0.44961929801, 0.55038070199],
      [0.49288402529, 0.50711597471],
      [0.019381246585, 0.98061875342],
      [0.93578034032, 0.064219659679]
    ],
    [
      [0.53028710218, 0.46971289782],
