{
  "X": [
    [21, 15, 13, 16, 35],
    [21, 11, 25, 14, 29],
    [25, 18, 17, 17, 23],
    [29, 13, 18, 12, 28],
    [26, 18, 19, 15, 22],
    [21, 19, 15, 15, 30],
    [21, 22, 14, 20, 23],
    [26, 12, 17, 12, 33],
    [25, 15, 17, 21, 22],
    [24, 21, 15, 17, 23],
    [22, 23, 14, 11, 30],
    [24, 17, 17, 16, 26],
    [32, 14, 13, 21, 20],
    [25, 17, 17, 22, 19],
    [11, 24, 21, 17, 27],
    [22, 26, 19, 13, 20],
    [33, 12, 14, 21, 20],
    [25, 15, 13, 18, 29],
    [21, 15, 16, 15, 33],
    [21, 16, 26, 16, 21],
    [22, 19, 20, 17, 22],
    [17, 10, 19, 20, 34],
    [17, 24, 15, 16, 28],
    [21, 16, 22, 17, 24],
    [17, 15, 17, 18, 33],
    [65, 4, 6, 11, 14],
    [46, 7, 12, 25, 10],
    [58, 6, 5, 13, 18],
    [51, 7, 14, 16, 12],
    [64, 7, 6, 16, 7],
    [60, 8, 9, 14, 9],
    [62, 5, 9, 13, 11],
    [62, 6, 10, 13, 9],
    [65, 6, 7, 16, 6],
    [59, 8, 8, 10, 15],
    [55, 6, 6, 22, 11],
    [58, 5, 9, 16, 12],
    [62, 9, 6, 16, 7],
    [65, 6, 6, 11, 12],
    [54, 5, 2, 22, 17],
    [63, 5, 3, 22, 7],
    [48, 9, 8, 24, 11],
    [60, 4, 7, 17, 12],
    [55, 6, 13, 14, 12],
    [58, 4, 5, 17, 16],
    [66, 5, 3, 17, 9],
    [59, 6, 6, 21, 8],
    [64, 4, 2, 14, 16],
    [61, 9, 8, 7, 15],
    [53, 9, 7, 18, 13]
  ],
  "W": [
    [77, 23],
    [78, 22],
    [76, 24],
    [72, 28],
    [78, 22],
    [79, 21],
    [71, 29],
    [74, 26],
    [75, 25],
    [80, 20],
    [80, 20],
    [72, 28],
    [68, 32],
    [72, 28],
    [87, 13],
    [78, 22],
    [68, 32],
    [69, 31],
    [76, 24],
    [76, 24],
    [77, 23],
    [74, 26],
    [81, 19],
    [79, 21],
    [78, 22],
    [20, 80],
    [28, 72],
    [28, 72],
    [34, 66],
    [21, 79],
    [23, 77],
    [22, 78],
    [20, 80],
    [21, 79],
    [25, 75],
    [24, 76],
    [22, 78],
    [18, 82],
    [25, 75],
    [24, 76],
    [20, 80],
    [31, 69],
    [21, 79],
    [22, 78],
    [28, 72],
    [20, 80],
    [26, 74],
    [26, 74],
    [27, 73],
    [29, 71]
  ],
  "method": "mult",
  "cond_prob": [
    [
      [0.048341681487, 0.1910697753, 0.1632828065, 0.16104085153, 0.43626488519],
      [0.75120393589, 0.012505534875, 0.018574952162, 0.15651541009, 0.061200166976]
    ],
    [
      [0.051779228213, 0.13851631609, 0.31068587603, 0.14119599312, 0.35782258654],
      [0.77096455452, 0.0088966974814, 0.034840984979, 0.13575966075, 0.049538102266]
    ],
    [
      [0.081132076678, 0.23319102523, 0.21729675767, 0.17652421083, 0.2918559296],
      [0.78474842385, 0.01156175343, 0.020226934057, 0.14933999905, 0.034122889616]
    ],
    [
      [0.084415281035, 0.17721140601, 0.24130771173, 0.12507135981, 0.37199424141],
      [0.8186464202, 0.0085992416936, 0.022351598397, 0.10695936048, 0.043443379238]
    ],
    [
      [0.10235263135, 0.22806942154, 0.23803493425, 0.15760824781, 0.27393476503],
      [0.81893157974, 0.0095720508939, 0.019694324011, 0.1230253032, 0.028776742149]
    ],
    [
      [0.059480357667, 0.23670428827, 0.18462482333, 0.15236079058, 0.36682974016],
      [0.77624055925, 0.014302915566, 0.019744712246, 0.14111893069, 0.048592882248]
    ],
    [
      [0.017150351292, 0.29947768161, 0.18665645637, 0.19349949467, 0.30321601607],
      [0.68214913994, 0.025416710552, 0.025772124064, 0.2159150303, 0.050746995149]
    ],
    [
      [0.069195064063, 0.15900410113, 0.22176647426, 0.12317209658, 0.42686226398],
      [0.80306020228, 0.0089883275647, 0.022664650193, 0.11097172513, 0.054315094834]
    ],
    [
      [0.081494150173, 0.19689532635, 0.22003001439, 0.21899832874, 0.28258218035],
      [0.75551754948, 0.009314020949, 0.019909956834, 0.18300501378, 0.03225345896]
    ],
    [
      [0.098761872097, 0.25966842945, 0.18363883064, 0.1778710889, 0.28005977891],
      [0.80495251161, 0.011326282182, 0.01544467746, 0.13851564439, 0.029760884355]
    ],
    [
      [0.070067636586, 0.28345152893, 0.17063553562, 0.11239274429, 0.36345255457],
      [0.81972945365, 0.016193884273, 0.017457857505, 0.10042902283, 0.046189781738]
    ],
    [
      [0.042579417476, 0.22988343373, 0.22568247048, 0.16012347717, 0.34173120115],
      [0.74765292649, 0.016014027559, 0.02681650449, 0.15968248728, 0.049834054184]
    ],
    [
      [0.10461405214, 0.2030657248, 0.18496156584, 0.22574217615, 0.28161648108],
      [0.77769513921, 0.0059853348064, 0.013206672585, 0.17654787569, 0.026564977712]
    ],
    [
      [0.063768866898, 0.23112677997, 0.22717549081, 0.22638452782, 0.2515443345],
      [0.72888005655, 0.012816851515, 0.022977309335, 0.20358264274, 0.031743139866]
    ],
    [
      [0.022148478018, 0.27263807838, 0.23654205311, 0.16595339134, 0.30271799915],
      [0.69792941634, 0.021575936963, 0.032372413795, 0.19708115026, 0.051041082639]
    ],
    [
      [0.05749440934, 0.32757941532, 0.23629419237, 0.13165116886, 0.24698081411],
      [0.79615618507, 0.020400254765, 0.02586604523, 0.12414585587, 0.033431659069]
    ],
    [
      [0.11504625609, 0.17458669456, 0.1998668785, 0.22787125249, 0.28262891836],
      [0.78677670581, 0.0040032740656, 0.01278288319, 0.17202358845, 0.024413548488]
    ],
    [
      [0.037775029053, 0.2105096876, 0.17858694735, 0.17931403012, 0.39381430587],
      [0.72237170953, 0.015317146959, 0.021854859114, 0.18152683617, 0.058929448227]
    ],
    [
      [0.039744580313, 0.19307827504, 0.2028242167, 0.14948759511, 0.41486533283],
      [0.74914216234, 0.013585462371, 0.024389980451, 0.15162261547, 0.061259779366]
    ],
    [
      [0.040613941795, 0.20598714812, 0.32966745433, 0.15965536044, 0.26407609532],
      [0.74638918431, 0.014374030948, 0.039386394622, 0.16109135861, 0.038759031501]
    ],
    [
      [0.058278372964, 0.24237261714, 0.25168510836, 0.17284553567, 0.27481836586],
      [0.76141588181, 0.014665586089, 0.026967245911, 0.16047364146, 0.036477644725]
    ],
    [
      [0.0037637471971, 0.13090343255, 0.2439821682, 0.18928593526, 0.4320647168],
      [0.64313395029, 0.012044076593, 0.036358444362, 0.23049387658, 0.077969652179]
    ],
    [
      [0.035989496497, 0.2914258322, 0.18001329996, 0.15869010016, 0.33388127118],
      [0.74130793599, 0.02076355745, 0.022048563314, 0.16558430985, 0.050295633402]
    ],
    [
      [0.062538035439, 0.19943512744, 0.27097513501, 0.17335053608, 0.29370116603],
      [0.76473786668, 0.011648806286, 0.028236396856, 0.15739560238, 0.037981327794]
    ],
    [
      [0.021710629765, 0.18811294996, 0.21007680012, 0.17555887438, 0.40454074578],
      [0.69575322174, 0.014872268316, 0.027909526862, 0.19574580902, 0.065719174061]
    ],
    [
      [0.061259245221, 0.16182824919, 0.2094776693, 0.11282093825, 0.45461389803],
      [0.79718518869, 0.0095429377031, 0.022630582674, 0.10929476544, 0.061346525492]
    ],
    [
      [0.032663090125, 0.19615382772, 0.30306680809, 0.22855044705, 0.23956582701],
      [0.62618657606, 0.020940178109, 0.048807352408, 0.25834149281, 0.045724400608]
    ],
    [
      [0.060774623149, 0.1863927321, 0.14011343826, 0.13402520846, 0.47869399803],
      [0.78192097989, 0.010847270852, 0.014955885121, 0.12843464115, 0.063841222988]
    ],
    [
      [0.051948867481, 0.18067873714, 0.33319004473, 0.16030492782, 0.27387742283],
      [0.74596573493, 0.012983680868, 0.040477855745, 0.15984291597, 0.040729812482]
    ],
    [
      [0.069845409938, 0.29434505128, 0.21926294601, 0.17787225904, 0.23867433373],
      [0.7915600809, 0.01036397371, 0.017664280175, 0.15524914633, 0.025162518882]
    ],
    [
      [0.052969037404, 0.27764023586, 0.27473562809, 0.1369438497, 0.25771124894],
      [0.76339885896, 0.020964604872, 0.034819227974, 0.14091287606, 0.039904432134]
    ],
    [
      [0.058149479821, 0.1852852612, 0.29164024424, 0.13144089847, 0.33348411627],
      [0.77847065954, 0.011842618637, 0.033127110598, 0.12959359274, 0.046966018487]
    ],
    [
      [0.051111626423, 0.22654503485, 0.32576735211, 0.12391160653, 0.27266438009],
      [0.76222209339, 0.018363741288, 0.043558161973, 0.13152209837, 0.044333904978]
    ],
    [
