{
  "X": [
    [14, 32, 9, 6, 39],
    [20, 35, 3, 4, 38],
    [18, 25, 5, 11, 41],
    [14, 26, 10, 9, 41],
    [20, 25, 8, 10, 37],
    [26, 21, 9, 8, 36],
    [15, 33, 8, 4, 40],
    [17, 20, 13, 12, 38],
    [22, 22, 8, 10, 38],
    [13, 32, 12, 9, 34],
    [18, 26, 14, 8, 34],
    [14, 34, 6, 7, 39],
    [23, 26, 4, 8, 39],
    [19, 22, 7, 9, 43],
    [25, 28, 6, 11, 30],
    [16, 35, 12, 11, 26],
    [20, 29, 7, 10, 34],
    [14, 24, 7, 11, 44],
    [18, 26, 9, 9, 38],
    [22, 35, 10, 8, 25],
    [21, 24, 8, 11, 36],
    [13, 27, 9, 8, 43],
    [13, 27, 12, 17, 31],
    [15, 33, 8, 11, 33],
    [17, 31, 4, 10, 38],
    [27, 11, 4, 8, 50],
    [23, 20, 6, 5, 46],
    [26, 16, 3, 7, 48],
    [26, 15, 7, 7, 45],
    [21, 15, 9, 7, 48],
    [25, 17, 2, 6, 50],
    [19, 19, 14, 7, 41],
    [31, 15, 8, 7, 39],
    [24, 16, 1, 5, 54],
    [26, 14, 4, 5, 51],
    [20, 26, 4, 5, 45],
    [27, 15, 4, 5, 49],
    [30, 20, 8, 3, 39],
    [30, 13, 2, 4, 51],
    [26, 12, 7, 5, 50],
    [24, 13, 6, 6, 51],
    [20, 19, 5, 3, 53],
    [33, 18, 2, 4, 43],
    [32, 15, 5, 4, 44],
    [18, 22, 5, 7, 48],
    [22, 15, 6, 7, 50],
    [30, 17, 4, 8, 41],
    [28, 15, 5, 7, 45],
    [24, 18, 6, 4, 48],
    [29, 15, 8, 5, 43]
  ],
  "W": [
    [71, 29],
    [67, 33],
    [68, 32],
    [67, 33],
    [75, 25],
    [75, 25],
    [77, 23],
    [84, 16],
    [77, 23],
    [71, 29],
    [78, 22],
    [80, 20],
    [72, 28],
    [74, 26],
    [70, 30],
    [83, 17],
    [80, 20],
    [75, 25],
    [76, 24],
    [76, 24],
    [67, 33],
    [74, 26],
    [80, 20],
    [79, 21],
    [79, 21],
    [25, 75],
    [25, 75],
    [29, 71],
    [23, 77],
    [27, 73],
    [22, 78],
    [31, 69],
    [19, 81],
    [26, 74],
    [18, 82],
    [28, 72],
    [22, 78],
    [31, 69],
    [21, 79],
    [22, 78],
    [27, 73],
    [31, 69],
    [24, 76],
    [17, 83],
    [33, 67],
    [18, 82],
    [27, 73],
    [21, 79],
    [33, 67],
    [25, 75]
  ],
  "method": "mult",
  "cond_prob": [
    [
      [0.10212724566, 0.39610135315, 0.10844453575, 0.073313326731, 0.3200135387],
      [0.23272295027, 0.13368289401, 0.044842688328, 0.027405303522, 0.56134616387]
    ],
    [
      [0.1461352919, 0.45175424835, 0.037562770314, 0.050878601745, 0.31366908769],
      [0.30936168009, 0.14340804123, 0.014645284515, 0.017913141911, 0.51467185226]
    ],
    [
      [0.13420606967, 0.32076244497, 0.062328185672, 0.13918764735, 0.34351565234],
      [0.27731210195, 0.099629804434, 0.023802605448, 0.04797624939, 0.55127923878]
    ],
    [
      [0.099098229092, 0.33313558253, 0.12417372881, 0.113587467, 0.33000499257],
      [0.22304298942, 0.11151260517, 0.05092000515, 0.042110294265, 0.572414106]
    ],
    [
      [0.15925887939, 0.30251575607, 0.094797542459, 0.11979329454, 0.32363452754],
      [0.32222336182, 0.092452731776, 0.035607372624, 0.040620116391, 0.50909641739]
    ],
    [
      [0.21507015639, 0.25611279568, 0.1076205877, 0.096646382818, 0.32455007741],
      [0.39478953083, 0.071661612952, 0.037138236905, 0.030060851547, 0.46634976777]
    ],
    [
      [0.11945759963, 0.39150656974, 0.09307883465, 0.047013062948, 0.34894393303],
      [0.25225064473, 0.1240867013, 0.036214336172, 0.016521484912, 0.57092683288]
    ],
    [
      [0.14668897476, 0.22514786141, 0.14455598165, 0.1342935628, 0.34931361938],
      [0.29238288248, 0.067973727592, 0.053581096336, 0.044958795318, 0.54110349827]
    ],
    [
      [0.18238626389, 0.26301809612, 0.093921233397, 0.11851445804, 0.34215994855],
      [0.34592424697, 0.075982895586, 0.033394131671, 0.038016814404, 0.50668191137]
    ],
    [
      [0.08964059624, 0.39184034555, 0.14278886911, 0.10869675231, 0.26703343679],
      [0.22881095403, 0.14411501607, 0.064206561834, 0.044225192622, 0.51864227544]
    ],
    [
      [0.14346258065, 0.30553264366, 0.16145959013, 0.093166692634, 0.29637849292],
      [0.30954175951, 0.098566081556, 0.063915998636, 0.033318089753, 0.49465807054]
    ],
    [
      [0.11379738221, 0.39335304398, 0.068260746055, 0.08033505295, 0.3442537748],
      [0.24481047116, 0.12658782407, 0.026957015779, 0.028659788201, 0.57298490079]
    ],
    [
      [0.18388373274, 0.3247998566, 0.048823970693, 0.098829383681, 0.34366305629],
      [0.34858468724, 0.09337179732, 0.017309789647, 0.03158158482, 0.50915214097]
    ],
    [
      [0.15418943282, 0.27000152378, 0.084115666568, 0.10933964085, 0.38235373598],
      [0.29192238352, 0.077687970768, 0.029824641305, 0.034956406819, 0.56560859759]
    ],
    [
      [0.18690419418, 0.35194080958, 0.073407159234, 0.13647729915, 0.25127053785],
      [0.3972235469, 0.11213811098, 0.028716628453, 0.048219635308, 0.41370207836]
    ],
    [
      [0.12747620478, 0.39254237769, 0.13251051524, 0.12245454494, 0.22501635735],
      [0.31879264723, 0.14229309716, 0.058919249134, 0.049192515897, 0.43080249058]
    ],
    [
      [0.1650080479, 0.33638305139, 0.079884891247, 0.11509116795, 0.30363284151],
      [0.33996780842, 0.10446779443, 0.030460435012, 0.039635328191, 0.48546863395]
    ],
    [
      [0.11116356482, 0.29025250963, 0.082893679735, 0.13169297202, 0.38399727379],
      [0.22650930553, 0.089242471115, 0.031318960794, 0.044921083931, 0.60800817863]
    ],
    [
      [0.14355696899, 0.3115891368, 0.10570482124, 0.10681761627, 0.3323314567],
      [0.29540293154, 0.096634400134, 0.04026806607, 0.036744215131, 0.53095038712]
    ],
    [
      [0.16580653375, 0.41510351607, 0.11602145675, 0.093883799302, 0.20918469413],
      [0.39161264314, 0.14383886579, 0.049265386943, 0.036034635543, 0.37924846859]
    ],
    [
      [0.15330728333, 0.30971075482, 0.10014412301, 0.13988562965, 0.29695220918],
      [0.32510339444, 0.098466043243, 0.039101326011, 0.049323115557, 0.48800612075]
    ],
    [
      [0.10058278, 0.32813739272, 0.10692964277, 0.096172827221, 0.36817735729],
      [0.21372593384, 0.10453203612, 0.041815632103, 0.033969645602, 0.60595675234]
    ],
    [
      [0.10002749547, 0.30952329654, 0.13503667749, 0.19315750758, 0.26225502292],
      [0.24989001813, 0.11190681385, 0.059853290052, 0.077369969667, 0.5009799083]
    ],
    [
      [0.11709189325, 0.38274316654, 0.091062023091, 0.12643744398, 0.28266547313],
      [0.27379716349, 0.13158523062, 0.038385722659, 0.048163901206, 0.50806798202]
    ],
    [
      [0.13876322831, 0.36235146959, 0.045953308379, 0.11592073564, 0.33701125809],
      [0.28750976018, 0.11305875727, 0.017604220861, 0.040107708799, 0.54171955289]
    ],
    [
      [0.15707996036, 0.23965405439, 0.078319387039, 0.1653793363, 0.3595672619],
      [0.30764001321, 0.066781981869, 0.027226870987, 0.051540221232, 0.5468109127]
    ],
    [
      [0.11776387147, 0.3913228192, 0.10542118717, 0.092791773405, 0.29270034875],
      [0.26741204284, 0.13622572693, 0.044859604275, 0.035736075532, 0.51576655042]
    ],
    [
      [0.1503127571, 0.32052458028, 0.054586827299, 0.13377048431, 0.34080535101],
      [0.30480183161, 0.094433622138, 0.019957493075, 0.043952900774, 0.53685415241]
    ],
    [
      [0.1351869177, 0.30864225198, 0.12862681852, 0.13623192547, 0.29131208633],
      [0.29728182978, 0.1026133533, 0.052488093169, 0.050216437847, 0.4974002859]
    ],
    [
      [0.11079552077, 0.28994811485, 0.1570923152, 0.12869946165, 0.31346458753],
      [0.24669206766, 0.098238368479, 0.065185034105, 0.048289240212, 0.54159528954]
    ],
    [
      [0.13479244458, 0.36819176797, 0.038576399855, 0.12273845897, 0.33570092863],
      [0.28249443871, 0.11409975775, 0.014760502605, 0.042304537215, 0.54634076372]
    ],
    [
      [0.092861359935, 0.32550468914, 0.21850426951, 0.11457696092, 0.24855272049],
      [0.23364199771, 0.12912108169, 0.10472996587, 0.049972669731, 0.482534285]
    ],
    [
      [0.15246811497, 0.31798743406, 0.14956747527, 0.13946674501, 0.24051023069],
      [0.34695192365, 0.11059554016, 0.063681703333, 0.053705331417, 0.42506550144]
    ],
    [
