{
  "X": [
    [17, 7, 26, 16, 34],
    [13, 9, 22, 15, 41],
    [17, 6, 31, 16, 30],
    [17, 5, 28, 17, 33],
    [21, 7, 29, 14, 29],
    [21, 5, 26, 21, 27],
    [21, 3, 31, 13, 32],
    [28, 4, 23, 17, 28],
    [26, 8, 23, 8, 35],
    [20, 4, 22, 16, 38],
    [15, 3, 25, 25, 32],
    [17, 7, 33, 15, 28],
    [20, 3, 25, 16, 36],
    [24, 3, 26, 12, 35],
    [13, 3, 38, 25, 21],
    [17, 5, 25, 22, 31],
    [11, 3, 38, 15, 33],
    [18, 8, 29, 15, 30],
    [13, 9, 22, 23, 33],
    [13, 9, 30, 16, 32],
    [12, 4, 30, 21, 33],
    [10, 7, 28, 17, 38],
    [19, 5, 27, 20, 29],
    [18, 9, 29, 15, 29],
    [19, 8, 29, 14, 30],
    [21, 14, 11, 22, 32],
    [27, 15, 14, 20, 24],
    [23, 19, 11, 26, 21],
    [36, 17, 7, 14, 26],
    [28, 13, 11, 18, 30],
    [21, 13, 9, 22, 35],
    [26, 12, 9, 15, 38],
    [26, 24, 5, 21, 24],
    [26, 25, 8, 21, 20],
    [30, 9, 11, 13, 37],
    [22, 19, 7, 19, 33],
    [28, 22, 11, 19, 20],
    [25, 11, 17, 20, 27],
    [25, 16, 11, 19, 29],
    [31, 16, 5, 21, 27],
    [31, 14, 11, 21, 23],
    [34, 18, 12, 11, 25],
    [33, 12, 6, 19, 30],
    [23, 17, 13, 20, 27],
    [31, 8, 12, 23, 26],
    [19, 14, 8, 28, 31],
    [40, 5, 10, 19, 26],
    [32, 15, 9, 14, 30],
    [41, 15, 10, 15, 19],
    [32, 3, 14, 19, 32]
  ],
  "W": [
    [71, 29],
    [77, 23],
    [68, 32],
    [74, 26],
    [73, 27],
    [76, 24],
    [77, 23],
    [73, 27],
    [62, 38],
    [74, 26],
    [74, 26],
    [79, 21],
    [68, 32],
    [71, 29],
    [82, 18],
    [79, 21],
    [77, 23],
    [80, 20],
    [77, 23],
    [75, 25],
    [80, 20],
    [73, 27],
    [76, 24],
    [74, 26],
    [69, 31],
    [26, 74],
    [24, 76],
    [25, 75],
    [19, 81],
    [24, 76],
    [27, 73],
    [27, 73],
    [21, 79],
    [17, 83],
    [26, 74],
    [23, 77],
    [27, 73],
    [29, 71],
    [26, 74],
    [28, 72],
    [21, 79],
    [28, 72],
    [26, 74],
    [29, 71],
    [23, 77],
    [27, 73],
    [26, 74],
    [32, 68],
    [26, 74],
    [34, 66]
  ],
  "method": "mult",
  "cond_prob": [
    [
      [0.10847543038, 0.016404933671, 0.35777826592, 0.14999440273, 0.3673469673],
      [0.32062911873, 0.20121550722, 0.020611831707, 0.18449646228, 0.27304708006]
    ],
    [
      [0.095727655053, 0.03187573483, 0.28184713755, 0.14666732651, 0.44388214605],
      [0.24473785048, 0.28458993122, 0.012946539501, 0.16115721124, 0.29656846756]
    ],
    [
      [0.093612483766, 0.0076454665632, 0.44013519308, 0.14196402148, 0.31664283512],
      [0.332323472, 0.17125338355, 0.033462714714, 0.19832645436, 0.26463397538]
    ],
    [
      [0.10939966352, 0.011201643476, 0.37027051277, 0.15837425518, 0.35075392506],
      [0.34247788076, 0.16042609165, 0.023076232897, 0.20308865832, 0.27093113638]
    ],
    [
      [0.14209867679, 0.019666138037, 0.38980813504, 0.13380063614, 0.31462641399],
      [0.39358505904, 0.20608784901, 0.020148375626, 0.15676124303, 0.2234174733]
    ],
    [
      [0.15069662078, 0.016444474209, 0.33698455176, 0.20376725881, 0.29210709444],
      [0.39779403419, 0.15625916501, 0.016215586088, 0.22973701377, 0.19999420095]
    ],
    [
      [0.13951492206, 0.0070792700164, 0.39513357992, 0.12153083754, 0.33674139047],
      [0.44597178268, 0.10673461777, 0.024987580251, 0.15835328303, 0.26395273626]
    ],
    [
      [0.2003107092, 0.01357717959, 0.31046189074, 0.16670053554, 0.30894968494],
      [0.49545623069, 0.1114394774, 0.012454888004, 0.17892077429, 0.20172862961]
    ],
    [
      [0.15490290163, 0.017491872539, 0.36011911267, 0.074883554623, 0.39260255854],
      [0.43147421313, 0.1819869448, 0.017700395114, 0.088347884563, 0.28049056239]
    ],
    [
      [0.1352955963, 0.011003003716, 0.29177337972, 0.15234988281, 0.40957813745],
      [0.38415868746, 0.1225299125, 0.015721919246, 0.18177341045, 0.29581607034]
    ],
    [
      [0.094542669179, 0.0061021212169, 0.33025922247, 0.23085607436, 0.33823991278],
      [0.30784009541, 0.098017039614, 0.021569905287, 0.30448655759, 0.26808640209]
    ],
    [
      [0.12322919492, 0.022655647087, 0.41181936128, 0.14450128096, 0.29779451576],
      [0.34594731435, 0.24810494667, 0.022203355185, 0.17068565735, 0.21305872644]
    ],
    [
      [0.11325555823, 0.0044789586884, 0.35567012106, 0.14367073369, 0.38292462833],
      [0.38433193876, 0.084232212787, 0.025450992749, 0.19469969091, 0.31128516479]
    ],
    [
      [0.14952224429, 0.0063647965359, 0.35721165757, 0.11131607063, 0.37558523097],
      [0.46151450536, 0.087865498136, 0.02199904525, 0.14126065467, 0.28736029658]
    ],
    [
      [0.088735605826, 0.0067292099336, 0.45649169485, 0.23226647696, 0.21577701243],
      [0.31798224012, 0.13601137697, 0.031537834558, 0.3307860494, 0.18368249895]
    ],
    [
      [0.12546632068, 0.017305539079, 0.31225555009, 0.21361770597, 0.33135488418],
      [0.33753146029, 0.17299344823, 0.015800549656, 0.2440095823, 0.22966495952]
    ],
    [
      [0.059158663582, 0.00080227803977, 0.48084753252, 0.1290556368, 0.33013588906],
      [0.28020795236, 0.12774889526, 0.042379999829, 0.22011808548, 0.32954506707]
    ],
    [
      [0.13898657829, 0.031970464255, 0.35847310804, 0.14799260188, 0.32257724754],
      [0.34405368686, 0.27211814298, 0.016107567839, 0.15802959247, 0.20969100985]
    ],
    [
      [0.097608695614, 0.034001629828, 0.28217575904, 0.22689297386, 0.35932094166],
      [0.23844045382, 0.27747280449, 0.01184637192, 0.24040178316, 0.23183858662]
    ],
    [
      [0.088125352785, 0.024430643865, 0.39265180162, 0.15193213246, 0.34286006927],
      [0.25562394165, 0.2867080684, 0.022044595131, 0.18420360263, 0.25141979218]
    ],
    [
      [0.081809306197, 0.0096545892043, 0.36897686421, 0.19638888202, 0.34317035837],
      [0.27276277521, 0.16138164318, 0.024092543166, 0.26444447192, 0.27731856652]
    ],
    [
      [0.060328574947, 0.011838241273, 0.37385964734, 0.15458867154, 0.3993848649],
      [0.20725977885, 0.22725216248, 0.026231323854, 0.21166766584, 0.32758906898]
    ],
    [
      [0.13267694339, 0.014895146175, 0.34940242732, 0.19171709018, 0.31130839294],
      [0.37152301261, 0.16116537044, 0.018558980162, 0.22622921442, 0.22252342237]
    ],
    [
      [0.12595346383, 0.027999059721, 0.38540338304, 0.14500791579, 0.31563617763],
      [0.33382475681, 0.26646421464, 0.018467294432, 0.16420823969, 0.21703549443]
    ],
    [
      [0.11755459116, 0.01739958328, 0.40945360147, 0.13029867218, 0.32529355191],
      [0.35124945838, 0.21933641141, 0.024119403189, 0.16159327805, 0.24370144896]
    ],
    [
      [0.081183823715, 0.014498226918, 0.35173764688, 0.17785879402, 0.37472150847],
      [0.25525973761, 0.18409521757, 0.025065151097, 0.23480636967, 0.30077352405]
    ],
    [
      [0.09813003478, 0.014095965409, 0.46114166241, 0.15463767886, 0.27199465854],
      [0.32427472586, 0.19291706356, 0.038586843449, 0.21432494352, 0.22989642362]
    ],
    [
      [0.096670391213, 0.022960376521, 0.388587891, 0.22651625878, 0.26526508249],
      [0.27444320293, 0.24567987449, 0.017137369667, 0.27116124707, 0.19157830584]
    ],
    [
      [0.15625519123, 0.0211671963, 0.33227175611, 0.12987855502, 0.36042730134],
      [0.40779199218, 0.2049113984, 0.0084794646158, 0.14237416611, 0.2364429787]
    ],
    [
      [0.10758196062, 0.013518428774, 0.37756654176, 0.14586332843, 0.35546974041],
      [0.33444780191, 0.16678365407, 0.025505302603, 0.19078000155, 0.28248323987]
    ],
    [
      [0.085916421904, 0.014882543718, 0.28889905693, 0.18564858696, 0.42465339048],
      [0.25589392615, 0.17257768931, 0.01643459538, 0.23270531715, 0.32238847201]
    ],
    [
      [0.10682235802, 0.013847640833, 0.28975610911, 0.12701837344, 0.46255551859],
      [0.31665474429, 0.15926183147, 0.01611760348, 0.15850005366, 0.3494657671]
    ],
    [
      [0.13614923249, 0.036054767502, 0.2380952381, 0.21957665063, 0.37012411128],
      [0.29292235592, 0.29421328965, 0, 0.20745430806, 0.20541004637]
    ],
    [
