{
  "X": [
    [30, 70],
    [27, 73],
    [34, 66],
    [24, 76],
    [34, 66],
    [24, 76],
    [31, 69],
    [30, 70],
    [28, 72],
    [38, 62],
    [31, 69],
    [32, 68],
    [36, 64],
    [31, 69],
    [30, 70],
    [36, 64],
    [36, 64],
    [37, 63],
    [27, 73],
    [30, 70],
    [22, 78],
    [35, 65],
    [30, 70],
    [30, 70],
    [27, 73],
    [56, 44],
    [42, 58],
    [52, 48],
    [40, 60],
    [54, 46],
    [49, 51],
    [51, 49],
    [48, 52],
    [46, 54],
    [56, 44],
    [52, 48],
    [51, 49],
    [51, 49],
    [45, 55],
    [45, 55],
    [50, 50],
    [45, 55],
    [47, 53],
    [60, 40],
    [36, 64],
    [52, 48],
    [42, 58],
    [44, 56],
    [51, 49],
    [47, 53]
  ],
  "W": [
    [77, 23],
    [78, 22],
    [76, 24],
    [72, 28],
    [78, 22],
    [79, 21],
    [71, 29],
    [74, 26],
    [75, 25],
    [80, 20],
    [80, 20],
    [72, 28],
    [68, 32],
    [72, 28],
    [87, 13],
    [78, 22],
    [68, 32],
    [69, 31],
    [76, 24],
    [76, 24],
    [77, 23],
    [74, 26],
    [81, 19],
    [79, 21],
    [78, 22],
    [20, 80],
    [28, 72],
    [28, 72],
    [34, 66],
    [21, 79],
    [23, 77],
    [22, 78],
    [20, 80],
    [21, 79],
    [25, 75],
    [24, 76],
    [22, 78],
    [18, 82],
    [25, 75],
    [24, 76],
    [20, 80],
    [31, 69],
    [21, 79],
    [22, 78],
    [28, 72],
    [20, 80],
    [26, 74],
    [26, 74],
    [27, 73],
    [29, 71]
  ],
  "method": "mvn_cdf",
  "mvncdf_method": "genz",
  "mvncdf_samples": 5000,
  "mvncdf_error": 0.001,
  "cond_prob": [
    [
      [0.22127018562, 0.77872981438],
      [0.56357372642, 0.43642627358]
    ],
    [
      [0.19714631589, 0.80285368411],
      [0.52829942547, 0.47170057453]
    ],
    [
      [0.25475720749, 0.74524279251],
      [0.60993550963, 0.39006449037]
    ],
    [
      [0.15382965133, 0.84617034867],
      [0.46158089658, 0.53841910342]
    ],
    [
      [0.26139965892, 0.73860034108],
      [0.61867393656, 0.38132606344]
    ],
    [
      [0.17300003612, 0.82699996388],
      [0.49204748318, 0.50795251682]
    ],
    [
      [0.21184613414, 0.78815386586],
      [0.55030774054, 0.44969225946]
    ],
    [
      [0.21202404378, 0.78797595622],
      [0.55039310616, 0.44960689384]
    ],
    [
      [0.19718715883, 0.80281284117],
      [0.52843852352, 0.47156147648]
    ],
    [
      [0.30636752051, 0.69363247949],
      [0.67452991795, 0.32547008205]
    ],
    [
      [0.2400467852, 0.7599532148],
      [0.58981285918, 0.41018714082]
    ],
    [
      [0.22376423262, 0.77623576738],
      [0.56746340182, 0.43253659818]
    ],
    [
      [0.24707514959, 0.75292485041],
      [0.59996530712, 0.40003469288]
    ],
    [
      [0.21486073564, 0.78513926436],
      [0.55464382264, 0.44535617736]
    ],
    [
      [0.25390254765, 0.74609745235],
      [0.60849833499, 0.39150166501]
    ],
    [
      [0.28023864251, 0.71976135749],
      [0.64279026747, 0.35720973253]
    ],
    [
      [0.24707514959, 0.75292485041],
      [0.59996530712, 0.40003469288]
    ],
    [
      [0.2594076966, 0.7405923034],
      [0.6161570624, 0.3838429376]
    ],
    [
      [0.19121676558, 0.80878323442],
      [0.51948024234, 0.48051975766]
    ],
    [
      [0.21815808021, 0.78184191979],
      [0.55916607933, 0.44083392067]
    ],
    [
      [0.14953423299, 0.85046576701],
      [0.45590713304, 0.54409286696]
    ],
    [
      [0.25741966027, 0.74258033973],
      [0.61349788999, 0.38650211001]
    ],
    [
      [0.23400387271, 0.76599612729],
      [0.58135191109, 0.41864808891]
    ],
    [
      [0.2275811859, 0.7724188141],
      [0.57243268162, 0.42756731838]
    ],
    [
      [0.19714631589, 0.80285368411],
      [0.52829942547, 0.47170057453]
    ],
    [
      [0.27263447488, 0.72736552512],
      [0.63184138128, 0.36815861872]
    ],
    [
      [0.1860155951, 0.8139844049],
      [0.51099393524, 0.48900606476]
    ],
    [
      [0.26279299926, 0.73720700074],
      [0.62002494473, 0.37997505527]
    ],
    [
      [0.18564493894, 0.81435506106],
      [0.51042533448, 0.48957466552]
    ],
    [
      [0.25864228185, 0.74135771815],
      [0.61479129217, 0.38520870783]
    ],
    [
      [0.22426973298, 0.77573026702],
      [0.56937397586, 0.43062602414]
    ],
    [
      [0.23709531828, 0.76290468172],
      [0.58697311536, 0.41302688464]
    ],
    [
      [0.20936848858, 0.79063151142],
      [0.54765787785, 0.45234212215]
    ],
    [
      [0.19765690199, 0.80234309801],
      [0.52973677289, 0.47026322711]
    ],
    [
      [0.28872485292, 0.71127514708],
      [0.65042504903, 0.34957495097]
    ],
    [
      [0.25082476998, 0.74917523002],
      [0.60500270422, 0.39499729578]
    ],
    [
      [0.23709531828, 0.76290468172],
      [0.58697311536, 0.41302688464]
    ],
    [
      [0.22644280775, 0.77355719225],
      [0.57224426171, 0.42775573829]
    ],
    [
      [0.19992790459, 0.80007209541],
      [0.53335736514, 0.46664263486]
    ],
    [
      [0.19760607872, 0.80239392128],
      [0.52970334356, 0.47029665644]
    ],
    [
      [0.22406602133, 0.77593397867],
      [0.56898349467, 0.43101650533]
    ],
    [
      [0.21464808814, 0.78535191186],
      [0.55573781548, 0.44426218452]
    ],
    [
      [0.20463594394, 0.79536405606],
      [0.54053981237, 0.45946018763]
    ],
    [
      [0.31582288361, 0.68417711639],
      [0.68015252001, 0.31984747999]
    ],
    [
      [0.14818544599, 0.85181455401],
      [0.44237232656, 0.55762767344]
    ],
    [
      [0.23950408904, 0.76049591096],
      [0.59012397774, 0.40987602226]
    ],
    [
      [0.18168948241, 0.81831051759],
      [0.5037307224, 0.4962692776]
    ],
    [
      [0.1952475855, 0.8047524145],
      [0.52599409158, 0.47400590842]
    ],
    [
      [0.25130022332, 0.74869977668],
      [0.60568347905, 0.39431652095]
    ],
    [
      [0.22472194645, 0.77527805355],
      [0.5701839937, 0.4298160063]
    ]
  ],