{
  "X": [
    [25, 75],
    [25, 75],
    [24, 76],
    [23, 77],
    [21, 79],
    [30, 70],
    [24, 76],
    [20, 80],
    [20, 80],
    [20, 80],
    [29, 71],
    [25, 75],
    [21, 79],
    [26, 74],
    [17, 83],
    [31, 69],
    [22, 78],
    [22, 78],
    [27, 73],
    [24, 76],
    [27, 73],
    [29, 71],
    [24, 76],
    [20, 80],
    [28, 72],
    [59, 41],
    [60, 40],
    [61, 39],
    [59, 41],
    [57, 43],
    [64, 36],
    [62, 38],
    [62, 38],
    [61, 39],
    [55, 45],
    [66, 34],
    [54, 46],
    [63, 37],
    [55, 45],
    [59, 41],
    [61, 39],
    [65, 35],
    [65, 35],
    [61, 39],
    [61, 39],
    [59, 41],
    [65, 35],
    [57, 43],
    [63, 37],
    [74, 26]
  ],
  "W": [
    [73, 27],
    [74, 26],
    [74, 26],
    [74, 26],
    [77, 23],
    [67, 33],
    [78, 22],
    [75, 25],
    [81, 19],
    [75, 25],
    [73, 27],
    [79, 21],
    [78, 22],
    [73, 27],
    [82, 18],
    [65, 35],
    [81, 19],
    [78, 22],
    [69, 31],
    [76, 24],
    [75, 25],
    [71, 29],
    [76, 24],
    [79, 21],
    [76, 24],
    [25, 75],
    [24, 76],
    [32, 68],
    [22, 78],
    [30, 70],
    [25, 75],
    [26, 74],
    [24, 76],
    [24, 76],
    [30, 70],
    [26, 74],
    [30, 70],
    [23, 77],
    [22, 78],
    [29, 71],
    [29, 71],
    [21, 79],
    [19, 81],
    [24, 76],
    [28, 72],
    [21, 79],
    [20, 80],
    [27, 73],
    [25, 75],
    [15, 85]
  ],
  "method": "mvn_cdf",
  "mvncdf_method": "genz",
  "mvncdf_samples": 5000,
  "mvncdf_error": 0.001,
  "cond_prob": [
    [
      [0.051572805854, 0.94842719415],
      [0.78648833973, 0.21351166027]
    ],
    [
      [0.056346169625, 0.94365383037],
      [0.80116859414, 0.19883140586]
    ],
    [
      [0.049944855923, 0.95005514408],
      [0.7809261793, 0.2190738207]
    ],
    [
      [0.044054466659, 0.95594553334],
      [0.75922959489, 0.24077040511]
    ],
    [
      [0.044935548562, 0.95506445144],
      [0.76260707655, 0.23739292345]
    ],
    [
      [0.054908392242, 0.94509160776],
      [0.79761023393, 0.20238976607]
    ],
    [
      [0.07121316058, 0.92878683942],
      [0.83842606703, 0.16157393297]
    ],
    [
      [0.03213048282, 0.96786951718],
      [0.70360855154, 0.29639144846]
    ],
    [
      [0.058042721159, 0.94195727884],
      [0.80518629401, 0.19481370599]
    ],
    [
      [0.03213048282, 0.96786951718],
      [0.70360855154, 0.29639144846]
    ],
    [
      [0.080530948686, 0.91946905131],
      [0.85634224985, 0.14365775015]
    ],
    [
      [0.08601483378, 0.91398516622],
      [0.86689657769, 0.13310342231]
    ],
    [
      [0.049511467936, 0.95048853206],
      [0.7790047955, 0.2209952045]
    ],
    [
      [0.058021203206, 0.94197879679],
      [0.80609082096, 0.19390917904]
    ],
    [
      [0.04221800364, 0.95778199636],
      [0.75211798342, 0.24788201658]
    ],
    [
      [0.052101466842, 0.94789853316],
      [0.78895441872, 0.21104558128]
    ],
    [
      [0.073671391866, 0.92632860813],
      [0.84382196099, 0.15617803901]
    ],
    [
      [0.056278616568, 0.94372138343],
      [0.80046672308, 0.19953327692]
    ],
    [
      [0.04626782094, 0.95373217906],
      [0.76798452758, 0.23201547242]
    ],
    [
      [0.059789554635, 0.94021044536],
      [0.81066641032, 0.18933358968]
    ],
    [
      [0.076777118759, 0.92322288124],
      [0.84966864372, 0.15033135628]
    ],
    [
      [0.068475992491, 0.93152400751],
      [0.83235188045, 0.16764811955]
    ],
    [
      [0.059789554635, 0.94021044536],
      [0.81066641032, 0.18933358968]
    ],
    [
      [0.047745096187, 0.95225490381],
      [0.77276844768, 0.22723155232]
    ],
    [
      [0.091974553762, 0.90802544624],
      [0.87541391309, 0.12458608691]
    ],
    [
      [0.048344736847, 0.95165526315],
      [0.77055175438, 0.22944824562]
    ],
    [
      [0.049287476926, 0.95071252307],
      [0.77390921781, 0.22609078219]
    ],
    [
      [0.082977102527, 0.91702289747],
      [0.85801077528, 0.14198922472]
    ],
    [
      [0.042461648145, 0.95753835185],
      [0.74443389411, 0.25556610589]
    ],
    [
      [0.053917246251, 0.94608275375],
      [0.79117832304, 0.20882167696]
    ],
    [
      [0.069015568546, 0.93098443145],
      [0.83032814382, 0.16967185618]
    ],
    [
      [0.062877279793, 0.93712272021],
      [0.81574582061, 0.18425417939]
    ],
    [
      [0.056535683806, 0.94346431619],
      [0.79793609985, 0.20206390015]
    ],
    [
      [0.052728424593, 0.94727157541],
      [0.7859804975, 0.2140195025]
    ],
    [
      [0.046850987799, 0.9531490122],
      [0.76563529094, 0.23436470906]
    ],
    [
      [0.084998854432, 0.91500114557],
      [0.86202742952, 0.13797257048]
    ],
    [
      [0.043934878332, 0.95606512167],
      [0.75259933786, 0.24740066214]
    ],
    [
      [0.057635618639, 0.94236438136],
      [0.80096598404, 0.19903401596]
    ],
    [
      [0.034954060955, 0.96504593904],
      [0.69526936742, 0.30473063258]
    ],
    [
      [0.059279189663, 0.94072081034],
      [0.80677328873, 0.19322671127]
    ],
    [
      [0.069117362494, 0.93088263751],
      [0.83092389419, 0.16907610581]
    ],
    [
      [0.059855329826, 0.94014467017],
      [0.80687389967, 0.19312610033]
    ],
    [
      [0.054218855215, 0.94578114478],
      [0.78975113273, 0.21024886727]
    ],
    [
      [0.052728424593, 0.94727157541],
      [0.7859804975, 0.2140195025]
    ],
    [
      [0.065230665472, 0.93476933453],
      [0.82185474121, 0.17814525879]
    ],
    [
      [0.040825779085, 0.95917422092],
      [0.73598302075, 0.26401697925]
    ],
    [
      [0.056921058326, 0.94307894167],
      [0.79826973542, 0.20173026458]
    ],
    [
      [0.046515517096, 0.9534844829],
      [0.76361754847, 0.23638245153]
    ],
    [
      [0.064086307845, 0.93591369215],
      [0.81863789738, 0.18136210262]
    ],
    [
      [0.081332730295, 0.91866726971],
      [0.85623540054, 0.14376459946]
    ]
  ],