{
  "X": [
    [79, 21],
    [80, 20],
    [87, 13],
    [85, 15],
    [83, 17],
    [78, 22],
    [80, 20],
    [79, 21],
    [89, 11],
    [87, 13],
    [84, 16],
    [85, 15],
    [80, 20],
    [74, 26],
    [73, 27],
    [81, 19],
    [85, 15],
    [85, 15],
    [77, 23],
    [71, 29],
    [76, 24],
    [88, 12],
    [75, 25],
    [75, 25],
    [80, 20],
    [59, 41],
    [58, 42],
    [55, 45],
    [55, 45],
    [53, 47],
    [66, 34],
    [54, 46],
    [48, 52],
    [59, 41],
    [60, 40],
    [52, 48],
    [52, 48],
    [55, 45],
    [56, 44],
    [48, 52],
    [52, 48],
    [58, 42],
    [66, 34],
    [52, 48],
    [47, 53],
    [63, 37],
    [65, 35],
    [55, 45],
    [57, 43],
    [57, 43]
  ],
  "W": [
    [76, 24],
    [73, 27],
    [83, 17],
    [74, 26],
    [80, 20],
    [72, 28],
    [72, 28],
    [72, 28],
    [83, 17],
    [80, 20],
    [72, 28],
    [83, 17],
    [74, 26],
    [74, 26],
    [67, 33],
    [77, 23],
    [75, 25],
    [72, 28],
    [70, 30],
    [71, 29],
    [79, 21],
    [85, 15],
    [76, 24],
    [71, 29],
    [69, 31],
    [29, 71],
    [27, 73],
    [20, 80],
    [21, 79],
    [20, 80],
    [22, 78],
    [30, 70],
    [19, 81],
    [21, 79],
    [29, 71],
    [19, 81],
    [21, 79],
    [26, 74],
    [30, 70],
    [23, 77],
    [27, 73],
    [26, 74],
    [25, 75],
    [21, 79],
    [22, 78],
    [21, 79],
    [36, 64],
    [34, 66],
    [23, 77],
    [28, 72]
  ],
  "method": "mvn_cdf",
  "mvncdf_method": "genz",
  "mvncdf_samples": 5000,
  "mvncdf_error": 0.001,
  "cond_prob": [
    [
      [0.91264298619, 0.087357013808],
      [0.40163054373, 0.59836945627]
    ],
    [
      [0.92775681643, 0.07224318357],
      [0.45458342224, 0.54541657776]
    ],
    [
      [0.94317913501, 0.056820864989],
      [0.51271363494, 0.48728636506]
    ],
    [
      [0.95384785613, 0.046152143868],
      [0.55443302486, 0.44556697514]
    ],
    [
      [0.92562935691, 0.074370643086],
      [0.44748257235, 0.55251742765]
    ],
    [
      [0.9189234819, 0.081076518105],
      [0.42276818941, 0.57723181059]
    ],
    [
      [0.93046024601, 0.069539753994],
      [0.46453079598, 0.53546920402]
    ],
    [
      [0.92475150324, 0.075248496757],
      [0.44349613452, 0.55650386548]
    ],
    [
      [0.95683420102, 0.043165798978],
      [0.56369184207, 0.43630815793]
    ],
    [
      [0.95146148086, 0.048538519136],
      [0.54415407655, 0.45584592345]
    ],
    [
      [0.95265910687, 0.047340893128],
      [0.55030515376, 0.44969484624]
    ],
    [
      [0.92949905631, 0.070500943689],
      [0.4618575486, 0.5381424514]
    ],
    [
      [0.9249423186, 0.075057681404],
      [0.44439493938, 0.55560506062]
    ],
    [
      [0.88637259098, 0.11362740902],
      [0.32340108721, 0.67659891279]
    ],
    [
      [0.90453284484, 0.09546715516],
      [0.37564543623, 0.62435456377]
    ],
    [
      [0.92213278281, 0.077867217189],
      [0.4345989445, 0.5654010555]
    ],
    [
      [0.95154902912, 0.048450970877],
      [0.54535291263, 0.45464708737]
    ],
    [
      [0.95818955976, 0.041810440238],
      [0.5717982749, 0.4282017251]
    ],
    [
      [0.91891217266, 0.081087827343],
      [0.4225382638, 0.5774617362]
    ],
    [
      [0.87686400949, 0.12313599051],
      [0.30147087332, 0.69852912668]
    ],
    [
      [0.88058345897, 0.11941654103],
      [0.3063765115, 0.6936234885]
    ],
    [
      [0.94417326992, 0.05582673008],
      [0.51635147046, 0.48364852954]
    ],
    [
      [0.88559097118, 0.11440902882],
      [0.32062859128, 0.67937140872]
    ],
    [
      [0.90384372927, 0.09615627073],
      [0.3733481111, 0.6266518889]
    ],
    [
      [0.93794754752, 0.062052452478],
      [0.49295545874, 0.50704454126]
    ],
    [
      [0.92759100387, 0.072408996128],
      [0.45211071673, 0.54788928327]
    ],
    [
      [0.92740373674, 0.072596263261],
      [0.45150820696, 0.54849179304]
    ],
    [
      [0.92834454536, 0.071655454641],
      [0.45541386366, 0.54458613634]
    ],
    [
      [0.92685638557, 0.073143614427],
      [0.44982298611, 0.55017701389]
    ],
    [
      [0.92182964471, 0.078170355289],
      [0.43204258882, 0.56795741118]
    ],
    [
      [0.95469894275, 0.045301057247],
      [0.57687978538, 0.42312021462]
    ],
    [
      [0.90623636356, 0.093763636436],
      [0.38304155847, 0.61695844153]
    ],
    [
      [0.90504385956, 0.094956140442],
      [0.38029835393, 0.61970164607]
    ],
    [
      [0.93867840202, 0.061321597982],
      [0.49731333617, 0.50268666383]
    ],
    [
      [0.93091999168, 0.06908000832],
      [0.46483549636, 0.53516450364]
    ],
    [
      [0.92007148964, 0.079928510357],
      [0.42615607033, 0.57384392967]
    ],
    [
      [0.91657684928, 0.083423150715],
      [0.41458083753, 0.58541916247]
    ],
    [
      [0.91851470301, 0.081485296987],
      [0.4205218611, 0.5794781389]
    ],
    [
      [0.91467841132, 0.085321588684],
      [0.40799496658, 0.59200503342]
    ],
    [
      [0.89581534023, 0.10418465977],
      [0.35579541785, 0.64420458215]
    ],
    [
      [0.90430212872, 0.095697871282],
      [0.3778608565, 0.6221391435]
    ],
    [
      [0.92895628975, 0.071043710245],
      [0.45739373603, 0.54260626397]
    ],
    [
      [0.95215871625, 0.04784128375],
      [0.56261376125, 0.43738623875]
    ],
    [
      [0.91657684928, 0.083423150715],
      [0.41458083753, 0.58541916247]
    ],
    [
      [0.89367759681, 0.10632240319],
      [0.35050119064, 0.64949880936]
    ],
    [
      [0.94877550911, 0.051224490888],
      [0.54526220644, 0.45473779356]
    ],
    [
      [0.93681078403, 0.063189215971],
      [0.48866893398, 0.51133106602]
    ],
    [
      [0.9011911849, 0.098808815099],
      [0.36908332899, 0.63091667101]
    ],
    [
      [0.93022269301, 0.069777306995],
      [0.46240101378, 0.53759898622]
    ],
    [
      [0.92225887318, 0.07774112682],
      [0.43301043821, 0.56698956179]
    ]
  ],