{
  "X": [
    [96, 4],
    [96, 4],
    [95, 5],
    [97, 3],
    [93, 7],
    [92, 8],
    [97, 3],
    [97, 3],
    [93, 7],
    [94, 6],
    [97, 3],
    [96, 4],
    [97, 3],
    [96, 4],
    [95, 5],
    [96, 4],
    [97, 3],
    [94, 6],
    [99, 1],
    [96, 4],
    [95, 5],
    [99, 1],
    [95, 5],
    [94, 6],
    [99, 1],
    [95, 5],
    [97, 3],
    [98, 2],
    [96, 4],
    [96, 4],
    [93, 7],
    [94, 6],
    [95, 5],
    [99, 1],
    [98, 2],
    [96, 4],
    [97, 3],
    [97, 3],
    [96, 4],
    [94, 6],
    [97, 3],
    [96, 4],
    [97, 3],
    [96, 4],
    [97, 3],
    [95, 5],
    [98, 2],
    [97, 3],
    [97, 3],
    [95, 5]
  ],
  "W": [
    [78, 22],
    [78, 22],
    [77, 23],
    [72, 28],
    [75, 25],
    [76, 24],
    [67, 33],
    [73, 27],
    [71, 29],
    [70, 30],
    [76, 24],
    [68, 32],
    [72, 28],
    [69, 31],
    [82, 18],
    [81, 19],
    [71, 29],
    [74, 26],
    [78, 22],
    [74, 26],
    [78, 22],
    [76, 24],
    [79, 21],
    [77, 23],
    [79, 21],
    [29, 71],
    [23, 77],
    [33, 67],
    [24, 76],
    [27, 73],
    [23, 77],
    [25, 75],
    [24, 76],
    [25, 75],
    [25, 75],
    [31, 69],
    [25, 75],
    [21, 79],
    [23, 77],
    [23, 77],
    [28, 72],
    [29, 71],
    [23, 77],
    [33, 67],
    [21, 79],
    [23, 77],
    [24, 76],
    [25, 75],
    [20, 80],
    [22, 78]
  ],
  "method": "mvn_cdf",
  "mvncdf_method": "genz",
  "mvncdf_samples": 5000,
  "mvncdf_error": 0.001,
  "cond_prob": [
    [
      [0.95803632895, 0.041963671052],
      [0.96696210646, 0.033037893543]
    ],
    [
      [0.95803632895, 0.041963671052],
      [0.96696210646, 0.033037893543]
    ],
    [
      [0.94763072558, 0.052369274417],
      [0.9579319187, 0.0420680813]
    ],
    [
      [0.96837446449, 0.031625535508],
      [0.97417994845, 0.02582005155]
    ],
    [
      [0.92818694387, 0.07181305613],
      [0.93543916839, 0.064560831611]
    ],
    [
      [0.91956606574, 0.080433934258],
      [0.92137412515, 0.078625874849]
    ],
    [
      [0.96815747071, 0.031842529294],
      [0.97374089281, 0.026259107191]
    ],
    [
      [0.96842323236, 0.03157676764],
      [0.97426311251, 0.025736887491]
    ],
    [
      [0.92781444667, 0.072185553328],
      [0.93535083746, 0.064649162543]
    ],
    [
      [0.93711954282, 0.062880457175],
      [0.94672106674, 0.053278933258]
    ],
    [
      [0.96857820434, 0.031421795663],
      [0.97450235293, 0.025497647067]
    ],
    [
      [0.95740455114, 0.042595448862],
      [0.96551532883, 0.034484671168]
    ],
    [
      [0.96837446449, 0.031625535508],
      [0.97417994845, 0.02582005155]
    ],
    [
      [0.95745299407, 0.042547005932],
      [0.96566914224, 0.034330857763]
    ],
    [
      [0.94809399649, 0.051906003513],
      [0.95868290489, 0.041317095109]
    ],
    [
      [0.9582762103, 0.0417237897],
      [0.96734878767, 0.03265121233]
    ],
    [
      [0.9683273336, 0.031672666405],
      [0.97409514878, 0.025904851216]
    ],
    [
      [0.93746159714, 0.06253840286],
      [0.94722468506, 0.052775314937]
    ],
    [
      [0.99073122739, 0.0092687726125],
      [0.98740746654, 0.012592533465]
    ],
    [
      [0.95774774857, 0.042252251427],
      [0.96641025406, 0.033589745938]
    ],
    [
      [0.94771917512, 0.052280824878],
      [0.95808656093, 0.041913439067]
    ],
    [
      [0.99073343758, 0.0092665624221],
      [0.98767744767, 0.01232255233]
    ],
    [
      [0.9478098761, 0.052190123898],
      [0.95823903752, 0.04176096248]
    ],
    [
      [0.93772838022, 0.062271619782],
      [0.94760498797, 0.052395012035]
    ],
    [
      [0.99072401348, 0.009275986525],
      [0.98727633026, 0.012723669739]
    ],
    [
      [0.94679661993, 0.053203380074],
      [0.95130842285, 0.048691577153]
    ],
    [
      [0.96853046597, 0.031469534033],
      [0.97043895172, 0.029561048276]
    ],
    [
      [0.97744067749, 0.02255932251],
      [0.98126056183, 0.018739438167]
    ],
    [
      [0.95854122004, 0.041458779964],
      [0.96046066736, 0.039539332643]
    ],
    [
      [0.95841266284, 0.041587337163],
      [0.96058709731, 0.039412902693]
    ],
    [
      [0.91568159723, 0.084318402768],
      [0.9342769255, 0.065723074498]
    ],
    [
      [0.93292707783, 0.067072922174],
      [0.94235764072, 0.057642359275]
    ],
    [
      [0.94678575241, 0.053214247588],
      [0.95101502555, 0.048984974446]
    ],
    [
      [0.98463952337, 0.015360476627],
      [0.99178682554, 0.0082131744577]
    ],
    [
      [0.97709385642, 0.02290614358],
      [0.98096871453, 0.019031285473]
    ],
    [
      [0.95821498849, 0.041785011512],
      [0.96080196169, 0.039198038306]
    ],
    [
      [0.96847984675, 0.031520153254],
      [0.97050671775, 0.029493282249]
    ],
    [
      [0.96857707062, 0.03142292938],
      [0.97037824705, 0.02962175295]
    ],
    [
      [0.95857965466, 0.041420345339],
      [0.960424259, 0.039575741003]
    ],
    [
      [0.9326534756, 0.067346524397],
      [0.94219441638, 0.057805583622]
    ],
    [
      [0.96839772537, 0.031602274634],
      [0.9706231068, 0.029376893198]
    ],
    [
      [0.9583170887, 0.041682911299],
      [0.96068738631, 0.039312613695]
    ],
    [
      [0.96853046597, 0.031469534033],
      [0.97043895172, 0.029561048276]
    ],
    [
      [0.95810780293, 0.041892197068],
      [0.96093197766, 0.03906802234]
    ],
    [
      [0.96857707062, 0.03142292938],
      [0.97037824705, 0.02962175295]
    ],
    [
      [0.94677544491, 0.053224555092],
      [0.95096317879, 0.049036821206]
    ],
    [
      [0.9770554547, 0.022944545298],
      [0.98092985641, 0.01907014359]
    ],
    [
      [0.96847984675, 0.031520153254],
      [0.97050671775, 0.029493282249]
    ],
    [
      [0.96859871509, 0.031401284907],
      [0.97035032123, 0.029649678773]
    ],
    [
      [0.94676226915, 0.053237730853],
      [0.95091320614, 0.049086793862]
    ]
  ],