{
  "X": [
    [42, 58],
    [39, 61],
    [31, 69],
    [28, 72],
    [39, 61],
    [41, 59],
    [25, 75],
    [42, 58],
    [29, 71],
    [37, 63],
    [27, 73],
    [29, 71],
    [37, 63],
    [30, 70],
    [35, 65],
    [24, 76],
    [36, 64],
    [33, 67],
    [40, 60],
    [27, 73],
    [32, 68],
    [26, 74],
    [37, 63],
    [28, 72],
    [32, 68],
    [47, 53],
    [43, 57],
    [40, 60],
    [37, 63],
    [38, 62],
    [40, 60],
    [34, 66],
    [49, 51],
    [43, 57],
    [46, 54],
    [39, 61],
    [34, 66],
    [36, 64],
    [49, 51],
    [47, 53],
    [40, 60],
    [33, 67],
    [45, 55],
    [43, 57],
    [43, 57],
    [43, 57],
    [41, 59],
    [45, 55],
    [44, 56],
    [39, 61]
  ],
  "W": [
    [71, 29],
    [67, 33],
    [68, 32],
    [67, 33],
    [75, 25],
    [75, 25],
    [77, 23],
    [84, 16],
    [77, 23],
    [71, 29],
    [78, 22],
    [80, 20],
    [72, 28],
    [74, 26],
    [70, 30],
    [83, 17],
    [80, 20],
    [75, 25],
    [76, 24],
    [76, 24],
    [67, 33],
    [74, 26],
    [80, 20],
    [79, 21],
    [79, 21],
    [25, 75],
    [25, 75],
    [29, 71],
    [23, 77],
    [27, 73],
    [22, 78],
    [31, 69],
    [19, 81],
    [26, 74],
    [18, 82],
    [28, 72],
    [22, 78],
    [31, 69],
    [21, 79],
    [22, 78],
    [27, 73],
    [31, 69],
    [24, 76],
    [17, 83],
    [33, 67],
    [18, 82],
    [27, 73],
    [21, 79],
    [33, 67],
    [25, 75]
  ],
  "method": "mvn_cdf",
  "mvncdf_method": "genz",
  "mvncdf_samples": 5000,
  "mvncdf_error": 0.001,
  "cond_prob": [
    [
      [0.36735490835, 0.63264509165],
      [0.54888970713, 0.45111029287]
    ],
    [
      [0.33201066548, 0.66798933452],
      [0.50773592161, 0.49226407839]
    ],
    [
      [0.25868128591, 0.74131871409],
      [0.41905226745, 0.58094773255]
    ],
    [
      [0.22929494937, 0.77070505063],
      [0.38294661795, 0.61705338205]
    ],
    [
      [0.34544398981, 0.65455601019],
      [0.52366803058, 0.47633196942]
    ],
    [
      [0.36462849243, 0.63537150757],
      [0.54611452272, 0.45388547728]
    ],
    [
      [0.21516890441, 0.78483109559],
      [0.36660845045, 0.63339154955]
    ],
    [
      [0.39016666403, 0.60983333597],
      [0.57662501386, 0.42337498614]
    ],
    [
      [0.25342148717, 0.74657851283],
      [0.41245849947, 0.58754150053]
    ],
    [
      [0.3197235341, 0.6802764659],
      [0.49309065788, 0.50690934212]
    ],
    [
      [0.23580515843, 0.76419484157],
      [0.39123625647, 0.60876374353]
    ],
    [
      [0.25800995474, 0.74199004526],
      [0.41796018102, 0.58203981898]
    ],
    [
      [0.32137292502, 0.67862707498],
      [0.49504104996, 0.50495895004]
    ],
    [
      [0.25836152485, 0.74163847515],
      [0.41850950619, 0.58149049381]
    ],
    [
      [0.29923448549, 0.70076551451],
      [0.4684528672, 0.5315471328]
    ],
    [
      [0.21420983094, 0.78579016906],
      [0.36591670777, 0.63408329223]
    ],
    [
      [0.32514368351, 0.67485631649],
      [0.49942526595, 0.50057473405]
    ],
    [
      [0.28833991478, 0.71166008522],
      [0.45498025566, 0.54501974434]
    ],
    [
      [0.35673929669, 0.64326070331],
      [0.53699222715, 0.46300777285]
    ],
    [
      [0.23285048098, 0.76714951902],
      [0.38764014355, 0.61235985645]
    ],
    [
      [0.26648100759, 0.73351899241],
      [0.42865977247, 0.57134022753]
    ],
    [
      [0.22042502829, 0.77957497171],
      [0.37263645794, 0.62736354206]
    ],
    [
      [0.33475196881, 0.66524803119],
      [0.51099212477, 0.48900787523]
    ],
    [
      [0.24688963126, 0.75311036874],
      [0.40455805383, 0.59544194617]
    ],
    [
      [0.28518505735, 0.71481494265],
      [0.45097049856, 0.54902950144]
    ],
    [
      [0.33794062448, 0.66205937552],
      [0.51401979184, 0.48598020816]
    ],
    [
      [0.30154244612, 0.69845755388],
      [0.47281918463, 0.52718081537]
    ],
    [
      [0.28128900172, 0.71871099828],
      [0.44848759085, 0.55151240915]
    ],
    [
      [0.24821173777, 0.75178826223],
      [0.4063783121, 0.5936216879]
    ],
    [
      [0.26158291651, 0.73841708349],
      [0.42379809937, 0.57620190063]
    ],
    [
      [0.2713926002, 0.7286073998],
      [0.436273882, 0.563726118]
    ],
    [
      [0.23416902143, 0.76583097857],
      [0.38754725124, 0.61245274876]
    ],
    [
      [0.34680115436, 0.65319884564],
      [0.52358985268, 0.47641014732]
    ],
    [
      [0.30306292109, 0.69693707891],
      [0.47459951421, 0.52540048579]
    ],
    [
      [0.31756101679, 0.68243898321],
      [0.49126709387, 0.50873290613]
    ],
    [
      [0.27133054741, 0.72866945259],
      [0.43614923156, 0.56385076844]
    ],
    [
      [0.22370989556, 0.77629010444],
      [0.37279977305, 0.62720022695]
    ],
    [
      [0.25039440866, 0.74960559134],
      [0.40924309176, 0.59075690824]
    ],
    [
      [0.35013532952, 0.64986467048],
      [0.5271792162, 0.4728207838]
    ],
    [
      [0.33305127838, 0.66694872162],
      [0.50862656251, 0.49137343749]
    ],
    [
      [0.27841151267, 0.72158848733],
      [0.44497108436, 0.55502891564]
    ],
    [
      [0.22622038624, 0.77377961376],
      [0.37662562357, 0.62337437643]
    ],
    [
      [0.31791575759, 0.68208424241],
      [0.49171081339, 0.50828918661]
    ],
    [
      [0.28969937965, 0.71030062035],
      [0.45873627164, 0.54126372836]
    ],
    [
      [0.31393258662, 0.68606741338],
      [0.48716753196, 0.51283246804]
    ],
    [
      [0.29114765873, 0.70885234127],
      [0.46047978223, 0.53952021777]
    ],
    [
      [0.28701324531, 0.71298675469],
      [0.45548825173, 0.54451174827]
    ],
    [
      [0.31323278349, 0.68676721651],
      [0.48635584236, 0.51364415764]
    ],
    [
      [0.32308480099, 0.67691519901],
      [0.49758509802, 0.50241490198]
    ],
    [
      [0.26717461636, 0.73282538364],
      [0.43094179455, 0.56905820545]
    ]
  ],