{
  "X": [
    [82, 18],
    [84, 16],
    [82, 18],
    [88, 12],
    [82, 18],
    [87, 13],
    [86, 14],
    [81, 19],
    [82, 18],
    [85, 15],
    [92, 8],
    [89, 11],
    [88, 12],
    [85, 15],
    [89, 11],
    [84, 16],
    [89, 11],
    [86, 14],
    [87, 13],
    [81, 19],
    [86, 14],
    [85, 15],
    [82, 18],
    [81, 19],
    [84, 16],
    [77, 23],
    [72, 28],
    [75, 25],
    [65, 35],
    [70, 30],
    [71, 29],
    [72, 28],
    [68, 32],
    [74, 26],
    [66, 34],
    [74, 26],
    [65, 35],
    [77, 23],
    [73, 27],
    [75, 25],
    [69, 31],
    [72, 28],
    [72, 28],
    [82, 18],
    [76, 24],
    [75, 25],
    [73, 27],
    [78, 22],
    [77, 23],
    [73, 27]
  ],
  "W": [
    [71, 29],
    [77, 23],
    [68, 32],
    [74, 26],
    [73, 27],
    [76, 24],
    [77, 23],
    [73, 27],
    [62, 38],
    [74, 26],
    [74, 26],
    [79, 21],
    [68, 32],
    [71, 29],
    [82, 18],
    [79, 21],
    [77, 23],
    [80, 20],
    [77, 23],
    [75, 25],
    [80, 20],
    [73, 27],
    [76, 24],
    [74, 26],
    [69, 31],
    [26, 74],
    [24, 76],
    [25, 75],
    [19, 81],
    [24, 76],
    [27, 73],
    [27, 73],
    [21, 79],
    [17, 83],
    [26, 74],
    [23, 77],
    [27, 73],
    [29, 71],
    [26, 74],
    [28, 72],
    [21, 79],
    [28, 72],
    [26, 74],
    [29, 71],
    [23, 77],
    [27, 73],
    [26, 74],
    [32, 68],
    [26, 74],
    [34, 66]
  ],
  "method": "mvn_cdf",
  "mvncdf_method": "genz",
  "mvncdf_samples": 5000,
  "mvncdf_error": 0.001,
  "cond_prob": [
    [
      [0.90020647292, 0.099793527079],
      [0.62363242837, 0.37636757163]
    ],
    [
      [0.90241715992, 0.097582840081],
      [0.63103820375, 0.36896179625]
    ],
    [
      [0.90522909301, 0.094770906986],
      [0.63888817735, 0.36111182265]
    ],
    [
      [0.93497043776, 0.065029562238],
      [0.72354567714, 0.27645432286]
    ],
    [
      [0.89667917244, 0.10332082756],
      [0.61268223748, 0.38731776252]
    ],
    [
      [0.92476422323, 0.075235776774],
      [0.69657995978, 0.30342004022]
    ],
    [
      [0.91609909543, 0.083900904572],
      [0.67218998487, 0.32781001513]
    ],
    [
      [0.89040621028, 0.10959378972],
      [0.59260543146, 0.40739456854]
    ],
    [
      [0.91447420013, 0.085525799872],
      [0.665857884, 0.334142116]
    ],
    [
      [0.91434617978, 0.085653820224],
      [0.66686087294, 0.33313912706]
    ],
    [
      [0.96489581605, 0.035104183946],
      [0.79221960046, 0.20778039954]
    ],
    [
      [0.93450254965, 0.06549745035],
      [0.72258564655, 0.27741435345]
    ],
    [
      [0.943586108, 0.056413892],
      [0.7448795205, 0.2551204795]
    ],
    [
      [0.91918974366, 0.080810256343],
      [0.6806044207, 0.3193955793]
    ],
    [
      [0.92955383781, 0.070446162189],
      [0.70981029442, 0.29018970558]
    ],
    [
      [0.89864770657, 0.10135229343],
      [0.61937291339, 0.38062708661]
    ],
    [
      [0.93765097936, 0.06234902064],
      [0.73047280823, 0.26952719177]
    ],
    [
      [0.91080155233, 0.089198447669],
      [0.65679379068, 0.34320620932]
    ],
    [
      [0.92312998299, 0.076870017014],
      [0.69213005696, 0.30786994304]
    ],
    [
      [0.8865735715, 0.1134264285],
      [0.5802792855, 0.4197207145]
    ],
    [
      [0.91080155233, 0.089198447669],
      [0.65679379068, 0.34320620932]
    ],
    [
      [0.91599188689, 0.08400811311],
      [0.671577491, 0.328422509]
    ],
    [
      [0.89107275666, 0.10892724334],
      [0.59493627058, 0.40506372942]
    ],
    [
      [0.8885138283, 0.1114861717],
      [0.5865375656, 0.4134624344]
    ],
    [
      [0.91592673989, 0.084073260111],
      [0.67100177251, 0.32899822749]
    ],
    [
      [0.93177148256, 0.068228517441],
      [0.71316137099, 0.28683862901]
    ],
    [
      [0.9140349345, 0.085965065504],
      [0.65872581016, 0.34127418984]
    ],
    [
      [0.92498227407, 0.075017725926],
      [0.69167257531, 0.30832742469]
    ],
    [
      [0.8892790799, 0.1107209201],
      [0.59387280842, 0.40612719158]
    ],
    [
      [0.90560575608, 0.094394243919],
      [0.6350718665, 0.3649281335]
    ],
    [
      [0.90638883246, 0.093611167544],
      [0.63736303457, 0.36263696543]
    ],
    [
      [0.91071058468, 0.089289415319],
      [0.64946320841, 0.35053679159]
    ],
    [
      [0.90047094773, 0.099529052269],
      [0.6213937987, 0.3786062013]
    ],
    [
      [0.92819623438, 0.071803765624],
      [0.70145378332, 0.29854621668]
    ],
    [
      [0.88428118701, 0.11571881299],
      [0.58119850186, 0.41880149814]
    ],
    [
      [0.9229848099, 0.077015190098],
      [0.68534219964, 0.31465780036]
    ],
    [
      [0.87762453509, 0.12237546491],
      [0.56581010346, 0.43418989654]
    ],
    [
      [0.92916637094, 0.070833629062],
      [0.7049883837, 0.2950116163]
    ],
    [
      [0.91600215013, 0.083997849869],
      [0.6646478932, 0.3353521068]
    ],
    [
      [0.92209396923, 0.077906030767],
      [0.68307456752, 0.31692543248]
    ],
    [
      [0.90483331253, 0.095166687472],
      [0.63289241059, 0.36710758941]
    ],
    [
      [0.90955736707, 0.090442632933],
      [0.64628324614, 0.35371675386]
    ],
    [
      [0.91184134427, 0.088158655734],
      [0.65259628445, 0.34740371555]
    ],
    [
      [0.94856134464, 0.05143865536],
      [0.76748902825, 0.23251097175]
    ],
    [
      [0.93050910623, 0.069490893773],
      [0.70906870853, 0.29093129147]
    ],
    [
      [0.92308073785, 0.076919262145],
      [0.68598383668, 0.31401616332]
    ],
    [
      [0.91600215013, 0.083997849869],
      [0.6646478932, 0.3353521068]
    ],
    [
      [0.93047327618, 0.069526723818],
      [0.7091890465, 0.2908109535]
    ],
    [
      [0.93177148256, 0.068228517441],
      [0.71316137099, 0.28683862901]
    ],
    [
      [0.90676277643, 0.093237223567],
      [0.6389403879, 0.3610596121]
    ]
  ],