{
  "X": [
    [69, 31],
    [60, 40],
    [61, 39],
    [64, 36],
    [63, 37],
    [70, 30],
    [69, 31],
    [57, 43],
    [68, 32],
    [75, 25],
    [58, 42],
    [66, 34],
    [69, 31],
    [67, 33],
    [67, 33],
    [65, 35],
    [71, 29],
    [64, 36],
    [64, 36],
    [68, 32],
    [68, 32],
    [73, 27],
    [61, 39],
    [67, 33],
    [64, 36],
    [37, 63],
    [37, 63],
    [28, 72],
    [44, 56],
    [38, 62],
    [38, 62],
    [44, 56],
    [49, 51],
    [39, 61],
    [40, 60],
    [36, 64],
    [30, 70],
    [35, 65],
    [32, 68],
    [32, 68],
    [49, 51],
    [44, 56],
    [37, 63],
    [29, 71],
    [38, 62],
    [39, 61],
    [36, 64],
    [33, 67],
    [29, 71],
    [38, 62]
  ],
  "W": [
    [79, 21],
    [75, 25],
    [74, 26],
    [71, 29],
    [72, 28],
    [77, 23],
    [80, 20],
    [68, 32],
    [79, 21],
    [86, 14],
    [73, 27],
    [71, 29],
    [73, 27],
    [75, 25],
    [82, 18],
    [69, 31],
    [81, 19],
    [78, 22],
    [69, 31],
    [73, 27],
    [77, 23],
    [79, 21],
    [74, 26],
    [75, 25],
    [77, 23],
    [33, 67],
    [26, 74],
    [22, 78],
    [26, 74],
    [19, 81],
    [23, 77],
    [26, 74],
    [33, 67],
    [21, 79],
    [32, 68],
    [21, 79],
    [18, 82],
    [22, 78],
    [20, 80],
    [23, 77],
    [32, 68],
    [25, 75],
    [28, 72],
    [15, 85],
    [28, 72],
    [26, 74],
    [27, 73],
    [22, 78],
    [21, 79],
    [24, 76]
  ],
  "method": "mvn_cdf",
  "mvncdf_method": "genz",
  "mvncdf_samples": 5000,
  "mvncdf_error": 0.001,
  "cond_prob": [
    [
      [0.80981194054, 0.19018805946],
      [0.23927889036, 0.76072110964]
    ],
    [
      [0.74220298293, 0.25779701707],
      [0.17339105122, 0.82660894878]
    ],
    [
      [0.75861078269, 0.24138921731],
      [0.18703084926, 0.81296915074]
    ],
    [
      [0.8058090646, 0.1941909354],
      [0.23405366943, 0.76594633057]
    ],
    [
      [0.79047302682, 0.20952697318],
      [0.21735507388, 0.78264492612]
    ],
    [
      [0.83017644561, 0.16982355439],
      [0.26419189947, 0.73580810053]
    ],
    [
      [0.80425637906, 0.19574362094],
      [0.23297448377, 0.76702551623]
    ],
    [
      [0.75257981645, 0.24742018355],
      [0.18201789004, 0.81798210996]
    ],
    [
      [0.80009082277, 0.19990917723],
      [0.22822976195, 0.77177023805]
    ],
    [
      [0.8292337963, 0.1707662037],
      [0.26327810845, 0.73672189155]
    ],
    [
      [0.73295309128, 0.26704690872],
      [0.16646016061, 0.83353983939]
    ],
    [
      [0.82466361846, 0.17533638154],
      [0.25685803757, 0.74314196243]
    ],
    [
      [0.84174652033, 0.15825347967],
      [0.27972237095, 0.72027762905]
    ],
    [
      [0.81258539258, 0.18741460742],
      [0.24224382225, 0.75775617775]
    ],
    [
      [0.77307360514, 0.22692639486],
      [0.20044246545, 0.79955753455]
    ],
    [
      [0.82593481321, 0.17406518679],
      [0.25840315769, 0.74159684231]
    ],
    [
      [0.81807891999, 0.18192108001],
      [0.24924249899, 0.75075750101]
    ],
    [
      [0.76591303686, 0.23408696314],
      [0.19358105112, 0.80641894888]
    ],
    [
      [0.81667288572, 0.18332711428],
      [0.24676035113, 0.75323964887]
    ],
    [
      [0.83263639404, 0.16736360596],
      [0.2673164161, 0.7326835839]
    ],
    [
      [0.81120246313, 0.18879753687],
      [0.24075697126, 0.75924302874]
    ],
    [
      [0.84759069088, 0.15240930912],
      [0.28763502004, 0.71236497996]
    ],
    [
      [0.75861078269, 0.24138921731],
      [0.18703084926, 0.81296915074]
    ],
    [
      [0.81258539258, 0.18741460742],
      [0.24224382225, 0.75775617775]
    ],
    [
      [0.7717320455, 0.2282679545],
      [0.19898402158, 0.80101597842]
    ],
    [
      [0.75237594792, 0.24762405208],
      [0.18166557789, 0.81833442211]
    ],
    [
      [0.79383565547, 0.20616434453],
      [0.2210847697, 0.7789152303]
    ],
    [
      [0.72127105968, 0.27872894032],
      [0.15553893189, 0.84446106811]
    ],
    [
      [0.85146601032, 0.14853398968],
      [0.29543086124, 0.70456913876]
    ],
    [
      [0.83637456136, 0.16362543864],
      [0.27294917696, 0.72705082304]
    ],
    [
      [0.81818961497, 0.18181038503],
      [0.24911219293, 0.75088780707]
    ],
    [
      [0.85146601032, 0.14853398968],
      [0.29543086124, 0.70456913876]
    ],
    [
      [0.8588466186, 0.1411533814],
      [0.3083292774, 0.6916707226]
    ],
    [
      [0.83541716788, 0.16458283212],
      [0.27159796803, 0.72840203197]
    ],
    [
      [0.78986319138, 0.21013680862],
      [0.21653496876, 0.78346503124]
    ],
    [
      [0.81064195852, 0.18935804148],
      [0.24020909963, 0.75979090037]
    ],
    [
      [0.76939091575, 0.23060908425],
      [0.19696296971, 0.80303703029]
    ],
    [
      [0.7963780008, 0.2036219992],
      [0.22409851259, 0.77590148741]
    ],
    [
      [0.77819492473, 0.22180507527],
      [0.20545126882, 0.79454873118]
    ],
    [
      [0.76033762231, 0.23966237769],
      [0.18847058035, 0.81152941965]
    ],
    [
      [0.86246898063, 0.13753101937],
      [0.3147204797, 0.6852795203]
    ],
    [
      [0.85530289614, 0.14469710386],
      [0.30156570129, 0.69843429871]
    ],
    [
      [0.7826965981, 0.2173034019],
      [0.20950687851, 0.79049312149]
    ],
    [
      [0.77662970317, 0.22337029683],
      [0.20412417003, 0.79587582997]
    ],
    [
      [0.79253332851, 0.20746667149],
      [0.21957037225, 0.78042962775]
    ],
    [
      [0.81219283018, 0.18780716982],
      [0.24166197859, 0.75833802141]
    ],
    [
      [0.77834460696, 0.22165539304],
      [0.2052698029, 0.7947301971]
    ],
    [
      [0.77679354041, 0.22320645959],
      [0.20398130911, 0.79601869089]
    ],
    [
      [0.73975973173, 0.26024026827],
      [0.17044361561, 0.82955638439]
    ],
    [
      [0.81332922874, 0.18667077126],
      [0.24315919092, 0.75684080908]
    ]
  ],