{
  "X": [
    [7, 23, 70],
    [15, 17, 68],
    [14, 28, 58],
    [7, 35, 58],
    [9, 24, 67],
    [7, 24, 69],
    [9, 24, 67],
    [16, 24, 60],
    [15, 22, 63],
    [15, 19, 66],
    [12, 23, 65],
    [7, 17, 76],
    [6, 25, 69],
    [16, 27, 57],
    [11, 28, 61],
    [9, 21, 70],
    [22, 24, 54],
    [31, 17, 52],
    [28, 30, 42],
    [31, 21, 48],
    [27, 22, 51],
    [36, 20, 44],
    [34, 19, 47],
    [30, 24, 46],
    [29, 24, 47],
    [29, 22, 49],
    [27, 25, 48],
    [35, 19, 46],
    [33, 14, 53],
    [31, 25, 44],
    [29, 19, 52],
    [27, 18, 55],
    [37, 18, 45],
    [19, 12, 69],
    [23, 12, 65],
    [17, 15, 68],
    [21, 11, 68],
    [15, 20, 65],
    [18, 13, 69],
    [18, 9, 73],
    [25, 8, 67],
    [21, 12, 67],
    [26, 16, 58],
    [27, 14, 59],
    [26, 8, 66],
    [24, 19, 57],
    [22, 12, 66],
    [18, 16, 66],
    [21, 7, 72],
    [17, 11, 72]
  ],
  "W": [
    [71, 12, 17],
    [65, 12, 23],
    [66, 16, 18],
    [75, 14, 11],
    [71, 13, 16],
    [66, 18, 16],
    [69, 10, 21],
    [67, 13, 20],
    [62, 20, 18],
    [63, 21, 16],
    [66, 14, 20],
    [69, 13, 18],
    [73, 8, 19],
    [58, 24, 18],
    [67, 19, 14],
    [58, 22, 20],
    [56, 28, 16],
    [20, 63, 17],
    [13, 75, 12],
    [17, 59, 24],
    [14, 67, 19],
    [16, 71, 13],
    [11, 70, 19],
    [20, 70, 10],
    [15, 65, 20],
    [18, 69, 13],
    [21, 64, 15],
    [15, 69, 16],
    [13, 71, 16],
    [16, 63, 21],
    [18, 67, 15],
    [18, 60, 22],
    [12, 77, 11],
    [21, 23, 56],
    [17, 16, 67],
    [17, 18, 65],
    [13, 11, 76],
    [21, 17, 62],
    [19, 18, 63],
    [11, 18, 71],
    [16, 15, 69],
    [18, 16, 66],
    [15, 21, 64],
    [13, 20, 67],
    [13, 20, 67],
    [17, 22, 61],
    [23, 18, 59],
    [16, 17, 67],
    [23, 20, 57],
    [15, 20, 65]
  ],
  "method": "exact",
  "cond_prob": [
    [
      [0.015364520172, 0.26805028151, 0.71658519832],
      [0.30385508429, 0.24924468979, 0.44690022591],
      [0.13310929742, 0.057499631492, 0.80939107108]
    ],
    [
      [0.037733512252, 0.22090705504, 0.7413594327],
      [0.52724461386, 0.14518242233, 0.3275729638],
      [0.27045157988, 0.039080537139, 0.69046788298]
    ],
    [
      [0.030799465531, 0.34573945867, 0.6234610758],
      [0.46028423329, 0.24407640774, 0.29563935897],
      [0.25570486346, 0.070887400226, 0.67340773631]
    ],
    [
      [0.015637112494, 0.3882989532, 0.59606393431],
      [0.2967040579, 0.34652470262, 0.35677123949],
      [0.15212361385, 0.09329387942, 0.75458250673]
    ],
    [
      [0.020478557858, 0.28132643584, 0.69819500631],
      [0.36747068003, 0.23732068881, 0.39520863116],
      [0.17305647198, 0.058790881315, 0.7681526467]
    ],
    [
      [0.011948449506, 0.27437930108, 0.71367224941],
      [0.25047768399, 0.27322989975, 0.47629241626],
      [0.1064252513, 0.060801745829, 0.83277300287]
    ],
    [
      [0.021220497508, 0.29373638843, 0.68504311406],
      [0.3746559578, 0.24369470822, 0.38164933398],
      [0.18043933781, 0.061678196015, 0.75788246618]
    ],
    [
      [0.041359221104, 0.30498910779, 0.6536516711],
      [0.54148171508, 0.18781999677, 0.27069828815],
      [0.3094834945, 0.056203490992, 0.63431301451]
    ],
    [
      [0.029128098775, 0.2740891729, 0.69678272832],
      [0.45303891235, 0.20211892257, 0.34484216508],
      [0.22962664606, 0.053560712703, 0.71681264124]
    ],
    [
      [0.02912326783, 0.23265594786, 0.73822078431],
      [0.45783959336, 0.1732878968, 0.36887250985],
      [0.22191266664, 0.043976840772, 0.73411049259]
    ],
    [
      [0.026328240923, 0.28485445862, 0.68881730045],
      [0.42745731071, 0.21821345602, 0.35432923326],
      [0.21389668745, 0.05723086733, 0.72887244522]
    ],
    [
      [0.014480158939, 0.19945584796, 0.7860639931],
      [0.29739355332, 0.1929058826, 0.50970056409],
      [0.11859738, 0.04054277871, 0.84085984129]
    ],
    [
      [0.014940752728, 0.29546406107, 0.6895951862],
      [0.29651236902, 0.27412844756, 0.42935918343],
      [0.13353821572, 0.065162945322, 0.80129883895]
    ],
    [
      [0.027274580931, 0.33866686071, 0.63405855836],
      [0.4282700331, 0.25339704822, 0.31833291868],
      [0.22997741731, 0.070877384536, 0.69914519815]
    ],
    [
      [0.0211182031, 0.32657112924, 0.65231066766],
      [0.36842734423, 0.2699316569, 0.36164099887],
      [0.18464006085, 0.07078806142, 0.74457187773]
    ],
    [
      [0.013206426106, 0.25042752822, 0.73636604567],
      [0.27089245774, 0.24545425321, 0.48365328905],
      [0.11371966078, 0.053760489625, 0.83251984959]
    ],
    [
      [0.040286432803, 0.31347204893, 0.64624151826],
      [0.53122364587, 0.19666162967, 0.27211472445],
      [0.30435610491, 0.058689976799, 0.63695391829]
    ],
    [
      [0.026526229307, 0.23394655402, 0.73952721668],
      [0.42856466398, 0.18340634969, 0.38802898633],
      [0.20411185783, 0.045086405261, 0.75080173691]
    ],
    [
      [0.019693088348, 0.37972567728, 0.60058123437],
      [0.34094731367, 0.32016449372, 0.33888819261],
      [0.18107844387, 0.087602430504, 0.73131912563]
    ],
    [
      [0.027270584188, 0.31483990585, 0.65788950996],
      [0.42663891864, 0.23896302908, 0.33439805229],
      [0.22352932789, 0.064537620213, 0.7119330519]
    ],
    [
      [0.01982259297, 0.29016527656, 0.69001213047],
      [0.35134752183, 0.25029039234, 0.39836208583],
      [0.16748419664, 0.061485781122, 0.77103002224]
    ],
    [
      [0.030324040211, 0.28380601625, 0.68586994354],
      [0.45681563529, 0.20756489804, 0.33561946668],
      [0.23699271164, 0.055538152254, 0.7074691361]
    ],
    [
      [0.026586492992, 0.27502811766, 0.69838538935],
      [0.42414855275, 0.21333919875, 0.3625122485],
      [0.21142894128, 0.054786673349, 0.73378438537]
    ],
    [
      [0.023785068065, 0.30629476851, 0.66992016343],
      [0.39345473623, 0.24620011499, 0.36034514878],
      [0.19824671023, 0.064009658065, 0.7377436317]
    ],
    [
      [0.022822551095, 0.33338359494, 0.64379385396],
      [0.38050181183, 0.27020013099, 0.34929805718],
      [0.19625219823, 0.071811878092, 0.73193592368]
    ],
    [
      [0.022269819818, 0.28236016992, 0.69537001026],
      [0.37987497052, 0.23417743658, 0.38594759291],
      [0.18367463675, 0.058405678278, 0.75791968498]
    ],
    [
      [0.021813137532, 0.32435091121, 0.65383595126],
      [0.37077621643, 0.26782244836, 0.3614013352],
      [0.18748308401, 0.069866277963, 0.74265063803]
    ],
    [
      [0.029174993157, 0.27302785932, 0.69779714752],
      [0.44810154899, 0.20363574871, 0.3482627023],
      [0.22771051389, 0.053357215577, 0.71893227053]
    ],
    [
      [0.024982869581, 0.18973028678, 0.78528684364],
      [0.41802072882, 0.15440787198, 0.4275713992],
      [0.18723443433, 0.035659210083, 0.77710635558]
    ],
    [
      [0.026097937291, 0.364264399, 0.60963766371],
      [0.41029446672, 0.27807312848, 0.3116324048],
      [0.22542293332, 0.078722024854, 0.69585504182]
    ],
    [
      [0.022534748796, 0.24719942236, 0.73026582885],
      [0.38648525768, 0.20608524584, 0.40742949648],
      [0.17999081714, 0.049513261753, 0.77049592111]
    ],
    [
      [0.021846328184, 0.24653014992, 0.7316235219],
      [0.37918507191, 0.20787125216, 0.41294367593],
      [0.17525735356, 0.049553735074, 0.77518891137]
    ],
    [
      [0.028516659446, 0.24820520728, 0.72327813327],
      [0.44479925506, 0.18826082538, 0.36693991956],
      [0.21893249519, 0.047768541701, 0.73329896311]
    ],
    [
      [0.021890800536, 0.23327059936, 0.74483860011],
      [0.38237543775, 0.19651717931, 0.42110738294],
      [0.17402960929, 0.046096826595, 0.77987356411]
    ],
    [
      [0.028948546749, 0.28578372789, 0.68526772536],
      [0.44608943541, 0.21183970133, 0.34207086326],
      [0.22940960804, 0.056003603053, 0.71458678891]
    ],
    [
      [0.018626372795, 0.32030130308, 0.66107232412],
      [0.33540170237, 0.27853519289, 0.38606310474],
