{
  "X": [
    [41, 16, 43],
    [40, 16, 44],
    [53, 16, 31],
    [44, 19, 37],
    [43, 8, 49],
    [47, 19, 34],
    [45, 19, 36],
    [41, 15, 44],
    [47, 10, 43],
    [36, 23, 41],
    [47, 14, 39],
    [44, 19, 37],
    [44, 19, 37],
    [42, 13, 45],
    [46, 18, 36],
    [45, 15, 40],
    [50, 16, 34],
    [53, 21, 26],
    [53, 21, 26],
    [58, 13, 29],
    [59, 28, 13],
    [48, 28, 24],
    [57, 21, 22],
    [52, 23, 25],
    [45, 18, 37],
    [51, 22, 27],
    [58, 12, 30],
    [48, 26, 26],
    [52, 15, 33],
    [54, 20, 26],
    [54, 23, 23],
    [49, 21, 30],
    [57, 20, 23],
    [42, 21, 37],
    [26, 17, 57],
    [19, 10, 71],
    [18, 18, 64],
    [15, 24, 61],
    [16, 28, 56],
    [17, 20, 63],
    [26, 26, 48],
    [21, 28, 51],
    [20, 21, 59],
    [24, 21, 55],
    [24, 19, 57],
    [22, 24, 54],
    [19, 23, 58],
    [16, 23, 61],
    [25, 19, 56],
    [21, 28, 51]
  ],
  "W": [
    [64, 19, 17],
    [64, 19, 17],
    [68, 20, 12],
    [65, 20, 15],
    [66, 15, 19],
    [62, 23, 15],
    [74, 14, 12],
    [59, 18, 23],
    [70, 17, 13],
    [60, 19, 21],
    [62, 24, 14],
    [69, 17, 14],
    [66, 16, 18],
    [68, 13, 19],
    [67, 14, 19],
    [64, 19, 17],
    [53, 34, 13],
    [15, 77, 8],
    [18, 63, 19],
    [20, 61, 19],
    [14, 73, 13],
    [18, 61, 21],
    [19, 74, 7],
    [16, 72, 12],
    [25, 52, 23],
    [14, 69, 17],
    [17, 70, 13],
    [15, 70, 15],
    [15, 61, 24],
    [13, 70, 17],
    [21, 65, 14],
    [19, 63, 18],
    [18, 64, 18],
    [15, 41, 44],
    [25, 14, 61],
    [17, 18, 65],
    [16, 15, 69],
    [13, 15, 72],
    [14, 17, 69],
    [19, 12, 69],
    [23, 15, 62],
    [14, 16, 70],
    [17, 13, 70],
    [23, 13, 64],
    [14, 15, 71],
    [19, 13, 68],
    [19, 12, 69],
    [16, 14, 70],
    [13, 21, 66],
    [12, 17, 71]
  ],
  "method": "exact",
  "cond_prob": [
    [
      [0.44213113258, 0.12370200738, 0.43416686004],
      [0.63846220968, 0.22563170175, 0.13590608858],
      [0.033695619463, 0.22329818792, 0.74300619262]
    ],
    [
      [0.42966695676, 0.1238181128, 0.44651493044],
      [0.62923795762, 0.22904428994, 0.14171775244],
      [0.032105504253, 0.219047016, 0.74884747974]
    ],
    [
      [0.56080949341, 0.12604918464, 0.31314132195],
      [0.71156080256, 0.20212453763, 0.086314659816],
      [0.052811533096, 0.282180391, 0.6650080759]
    ],
    [
      [0.47253340214, 0.14909722356, 0.3783693743],
      [0.63593640289, 0.25355323765, 0.11051035945],
      [0.037773386877, 0.28250771436, 0.67971889876]
    ],
    [
      [0.47495606566, 0.06083932862, 0.46420460572],
      [0.72818176038, 0.11770447151, 0.15411376811],
      [0.038430171604, 0.11679143361, 0.84477839479]
    ],
    [
      [0.50339090957, 0.14610885265, 0.35050023778],
      [0.65882909389, 0.24160181206, 0.099569094052],
      [0.042446296479, 0.29229396388, 0.66525973964]
    ],
    [
      [0.48177239928, 0.15780180679, 0.36042579393],
      [0.63424772122, 0.26267110176, 0.10308117703],
      [0.03911452967, 0.30377257275, 0.65711289758]
    ],
    [
      [0.47452115676, 0.11100279042, 0.41447605282],
      [0.67366933421, 0.19880686, 0.12752380579],
      [0.038139292852, 0.21183964719, 0.75002105996]
    ],
    [
      [0.48969617183, 0.078726716467, 0.4315771117],
      [0.71725154857, 0.14569633079, 0.13705212064],
      [0.040614742012, 0.15479170954, 0.80459354845]
    ],
    [
      [0.41035202866, 0.17832258488, 0.41132538645],
      [0.56618049633, 0.31073427596, 0.12308522771],
      [0.029592802375, 0.30460446017, 0.66580273745]
    ],
    [
      [0.4840371341, 0.10602136861, 0.4099414973],
      [0.68479053942, 0.18948753107, 0.1257219295],
      [0.039623195705, 0.20564102862, 0.75473577567]
    ],
    [
      [0.4739084185, 0.15284312666, 0.37324845483],
      [0.63345676746, 0.25822136386, 0.10832186868],
      [0.037968148312, 0.29029007676, 0.67174177493]
    ],
    [
      [0.49708855725, 0.14823947177, 0.35467197098],
      [0.65290072475, 0.2459388958, 0.10116037945],
      [0.041430201411, 0.29339847391, 0.66517132468]
    ],
    [
      [0.47611016711, 0.10155972834, 0.42233010455],
      [0.68415144119, 0.18424692106, 0.13160163775],
      [0.038449468468, 0.19466992102, 0.76688061052]
    ],
    [
      [0.53063892632, 0.13867707636, 0.33068399732],
      [0.68239622577, 0.22521260119, 0.092391173043],
      [0.047033935564, 0.29240312985, 0.66056293459]
    ],
    [
      [0.49043740194, 0.11483630396, 0.3947262941],
      [0.68014480232, 0.20112110462, 0.11873409306],
      [0.040544413645, 0.2252456211, 0.73420996526]
    ],
    [
      [0.49558229925, 0.11610590637, 0.38831179437],
      [0.68226099732, 0.20192067746, 0.11581832522],
      [0.041328017757, 0.22931414834, 0.72935783391]
    ],
    [
      [0.39447456817, 0.11773299121, 0.48779244062],
      [0.60856628096, 0.22943256294, 0.1620011561],
      [0.027909730453, 0.19596222319, 0.77612804636]
    ],
    [
      [0.51383856166, 0.129743268, 0.35641817034],
      [0.68119585022, 0.21687715043, 0.10192699936],
      [0.043977227714, 0.26322951048, 0.6927932618]
    ],
    [
      [0.54954314261, 0.077833776344, 0.37262308105],
      [0.75491811099, 0.13473056509, 0.11035132391],
      [0.050480651433, 0.16972421065, 0.77979513791]
    ],
    [
      [0.60320933595, 0.18727155031, 0.20951911374],
      [0.68164367049, 0.26720364244, 0.051152687071],
      [0.061160103949, 0.45171787671, 0.48712201934]
    ],
    [
      [0.49632642412, 0.17922052025, 0.32445305563],
      [0.62631124751, 0.28525329617, 0.088435456318],
      [0.041006584182, 0.35112283662, 0.6078705792]
    ],
    [
      [0.46210065623, 0.12875627854, 0.40914306522],
      [0.64819219949, 0.22818779112, 0.12362000938],
      [0.036266395571, 0.23824773781, 0.72548586662]
    ],
    [
      [0.43447354828, 0.13773815453, 0.42778829719],
      [0.62024280629, 0.24824175638, 0.13151543733],
      [0.032578431205, 0.24356525567, 0.72385631312]
    ],
    [
      [0.43043564544, 0.10996249729, 0.45960185727],
      [0.64423220324, 0.20743910167, 0.14832869509],
      [0.032131925884, 0.19409149048, 0.77377658364]
    ],
    [
      [0.45137122658, 0.13085824026, 0.41777053316],
      [0.63898678365, 0.233659487, 0.12735372935],
      [0.034747926843, 0.23796941372, 0.72728265944]
    ],
    [
      [0.45901122674, 0.067510324849, 0.47347844841],
      [0.71041143653, 0.13184071501, 0.15774784846],
      [0.036000660645, 0.12488264823, 0.83911669112]
    ],
    [
      [0.41677060366, 0.15680399238, 0.42642540396],
      [0.58990226555, 0.28010195238, 0.12999578206],
      [0.030352157082, 0.26938689651, 0.70026094641]
    ],
    [
      [0.49678459626, 0.086831112816, 0.41638429093],
      [0.71402971519, 0.15713212768, 0.12883815713],
      [0.041350767907, 0.1713530633, 0.78729616879]
    ],
    [
      [0.48290039701, 0.1186936957, 0.39840590729],
      [0.67223198181, 0.20836102105, 0.11940699714],
      [0.039179771291, 0.22774767545, 0.73307255326]
    ],
    [
      [0.50421366314, 0.14738397638, 0.34840236048],
      [0.65873574146, 0.24304220928, 0.098222049255],
      [0.042406419925, 0.29337092091, 0.66422265917]
    ],
    [
      [0.44077165441, 0.12669626346, 0.43253208213],
      [0.63530487557, 0.23033594084, 0.13435918359],
      [0.0333961892, 0.22675592895, 0.73984788185]
    ],
    [
      [0.56578678729, 0.12454784452, 0.30966536819],
      [0.71647242602, 0.19887433985, 0.084653234129],
      [0.053422364655, 0.27945450266, 0.66712313268]
    ],
    [
      [0.5948506975, 0.11357030246, 0.29157900004],
      [0.74308252219, 0.17815474341, 0.078762734407],
      [0.059337639269, 0.27254774963, 0.66811461111]
    ],
    [
      [0.5247074278, 0.096142822289, 0.37914974991],
      [0.7221587277, 0.16538574488, 0.11245552742],
      [0.045444133069, 0.2013283445, 0.75322752243]
    ],
    [
      [0.35384497332, 0.062461928033, 0.58369309864],
      [0.6370492764, 0.13956276242, 0.22338796118],
