{
  "X": [
    [24, 51, 25],
    [37, 47, 16],
    [36, 54, 10],
    [37, 47, 16],
    [28, 48, 24],
    [25, 52, 23],
    [33, 46, 21],
    [24, 57, 19],
    [21, 57, 22],
    [36, 47, 17],
    [22, 52, 26],
    [27, 52, 21],
    [35, 40, 25],
    [23, 51, 26],
    [32, 44, 24],
    [22, 52, 26],
    [20, 56, 24],
    [26, 43, 31],
    [22, 47, 31],
    [20, 36, 44],
    [36, 30, 34],
    [26, 44, 30],
    [25, 48, 27],
    [27, 43, 30],
    [16, 48, 36],
    [27, 37, 36],
    [25, 45, 30],
    [30, 42, 28],
    [25, 45, 30],
    [27, 34, 39],
    [22, 46, 32],
    [32, 37, 31],
    [21, 46, 33],
    [36, 32, 32],
    [40, 29, 31],
    [42, 31, 27],
    [53, 29, 18],
    [41, 37, 22],
    [43, 25, 32],
    [50, 25, 25],
    [49, 21, 30],
    [45, 38, 17],
    [51, 28, 21],
    [54, 21, 25],
    [40, 40, 20],
    [43, 31, 26],
    [48, 28, 24],
    [46, 31, 23],
    [37, 38, 25],
    [50, 30, 20]
  ],
  "W": [
    [63, 16, 21],
    [59, 23, 18],
    [64, 15, 21],
    [59, 16, 25],
    [70, 11, 19],
    [68, 11, 21],
    [65, 21, 14],
    [75, 17, 8],
    [67, 19, 14],
    [63, 20, 17],
    [71, 14, 15],
    [75, 16, 9],
    [63, 13, 24],
    [62, 24, 14],
    [62, 16, 22],
    [78, 12, 10],
    [57, 32, 11],
    [21, 58, 21],
    [16, 67, 17],
    [14, 67, 19],
    [10, 68, 22],
    [21, 61, 18],
    [16, 70, 14],
    [18, 67, 15],
    [15, 69, 16],
    [20, 62, 18],
    [13, 74, 13],
    [17, 67, 16],
    [13, 70, 17],
    [23, 65, 12],
    [13, 73, 14],
    [27, 53, 20],
    [12, 72, 16],
    [16, 35, 49],
    [10, 19, 71],
    [19, 14, 67],
    [14, 14, 72],
    [19, 22, 59],
    [15, 12, 73],
    [16, 14, 70],
    [17, 16, 67],
    [19, 21, 60],
    [15, 20, 65],
    [13, 12, 75],
    [19, 26, 55],
    [9, 23, 68],
    [24, 10, 66],
    [13, 16, 71],
    [20, 19, 61],
    [19, 15, 66]
  ],
  "method": "exact",
  "cond_prob": [
    [
      [0.18018919134, 0.62472646831, 0.19508434036],
      [0.13043232084, 0.44798174271, 0.42158593644],
      [0.50291256249, 0.21307260063, 0.28401483688]
    ],
    [
      [0.31290614513, 0.56952545218, 0.11756840269],
      [0.2545698103, 0.45951356342, 0.28591662628],
      [0.70463510004, 0.15717702014, 0.13818787982]
    ],
    [
      [0.27658820724, 0.64697414775, 0.076437645007],
      [0.24115594092, 0.55943592854, 0.19940813054],
      [0.69909598203, 0.20010074362, 0.10080327435]
    ],
    [
      [0.28125862482, 0.59438694663, 0.12435442855],
      [0.2264157522, 0.47430034691, 0.29928390089],
      [0.67132356401, 0.17369458394, 0.15498185205]
    ],
    [
      [0.22319979646, 0.574007993, 0.20279221054],
      [0.15966736188, 0.40690804407, 0.43342459405],
      [0.55893017196, 0.17597115816, 0.26509866988]
    ],
    [
      [0.1862202079, 0.62586953291, 0.18791025919],
      [0.136175046, 0.45340833666, 0.41041661733],
      [0.51614763603, 0.2120657171, 0.27178664687]
    ],
    [
      [0.29370785633, 0.54348357273, 0.16280857094],
      [0.222622349, 0.40852300528, 0.36885464572],
      [0.65956571496, 0.14961319012, 0.19082109491]
    ],
    [
      [0.2193126513, 0.62906295634, 0.15162439235],
      [0.16913307973, 0.48120050857, 0.34966641169],
      [0.58453609958, 0.20498370357, 0.21048019684]
    ],
    [
      [0.17131742769, 0.66105655813, 0.16762601417],
      [0.1290720909, 0.49369460804, 0.37723330106],
      [0.50495447268, 0.23778664659, 0.25725888073]
    ],
    [
      [0.30707063111, 0.56282578943, 0.13010357946],
      [0.24483191927, 0.4450199778, 0.31014810293],
      [0.6916418738, 0.15538680645, 0.15297131975]
    ],
    [
      [0.1805206834, 0.60610935834, 0.21336995827],
      [0.12726402869, 0.42347300676, 0.44926296455],
      [0.49342233848, 0.20250756423, 0.30407009729]
    ],
    [
      [0.24769036928, 0.58056393731, 0.17174569341],
      [0.18524943892, 0.43067004572, 0.38408051537],
      [0.60658125345, 0.17410933006, 0.21930941648]
    ],
    [
      [0.27949507586, 0.50890829042, 0.21159663372],
      [0.19739666339, 0.35612031381, 0.4464830228],
      [0.61773556652, 0.137883901, 0.24438053248]
    ],
    [
      [0.19665882819, 0.60850936667, 0.19483180513],
      [0.1423375614, 0.43658716511, 0.42107527349],
      [0.52793222703, 0.19959480741, 0.27247296556]
    ],
    [
      [0.25496006745, 0.5510766567, 0.19396327585],
      [0.18469059713, 0.39557423737, 0.4197351655],
      [0.60170119382, 0.15927543122, 0.23902337496]
    ],
    [
      [0.19564942351, 0.58123947726, 0.22311109923],
      [0.13599258123, 0.40058799122, 0.46341942755],
      [0.51074339915, 0.18562648792, 0.30363011294]
    ],
    [
      [0.17641030818, 0.65925391294, 0.16433577889],
      [0.1335746936, 0.49496271564, 0.37146259076],
      [0.51547474896, 0.23488364202, 0.24964160902]
    ],
    [
      [0.21801201947, 0.60854992349, 0.17343805704],
      [0.16294614812, 0.45077917199, 0.38627467989],
      [0.5700414762, 0.19405998245, 0.23589854135]
    ],
    [
      [0.19099896751, 0.64844573176, 0.16055530074],
      [0.14557499533, 0.48993909852, 0.36448590615],
      [0.54061716664, 0.22346757005, 0.23591526331]
    ],
    [
      [0.18525877444, 0.56009199744, 0.25464922812],
      [0.12361292817, 0.37015916319, 0.50622790863],
      [0.48022689318, 0.17673937378, 0.34303373304]
    ],
    [
      [0.34792317553, 0.46421214142, 0.18786468305],
      [0.2543107834, 0.33637351813, 0.40931569847],
      [0.69216522606, 0.11293087968, 0.19490389425]
    ],
    [
      [0.22889643237, 0.60704520498, 0.16405836265],
      [0.17346160604, 0.45605321729, 0.37048517667],
      [0.58955649733, 0.19071135781, 0.21973214485]
    ],
    [
      [0.23023102845, 0.63517172133, 0.13459725022],
      [0.18256485475, 0.49951532771, 0.31791981754],
      [0.60976883659, 0.20508425137, 0.18514691205]
    ],
    [
      [0.25494081488, 0.58690893001, 0.1581502551],
      [0.1948788677, 0.44488791024, 0.36023322206],
      [0.62361207973, 0.1752099516, 0.20117796867]
    ],
    [
      [0.13797185402, 0.67414292819, 0.18788521779],
      [0.1010413708, 0.48923759663, 0.40972103257],
      [0.43491047529, 0.25815386935, 0.30693565536]
    ],
    [
      [0.2544845034, 0.5377105263, 0.2078049703],
      [0.18088408779, 0.37882702285, 0.44028888936],
      [0.5941942494, 0.15325078095, 0.25255496965]
    ],
    [
      [0.24183460085, 0.6089001887, 0.14926521045],
      [0.18741903595, 0.46800381713, 0.34457714692],
      [0.61439550219, 0.18861654457, 0.19698795324]
    ],
    [
      [0.28134258928, 0.57280671516, 0.14585069556],
      [0.21911283075, 0.44241357018, 0.33847359908],
      [0.65853852014, 0.16378604002, 0.17767543984]
    ],
    [
      [0.22331031246, 0.62461094738, 0.15207874016],
      [0.17236394019, 0.47800690766, 0.34962915216],
      [0.59008765441, 0.20115142047, 0.20876092512]
    ],
    [
      [0.28879096956, 0.48179515023, 0.22941388021],
      [0.19906988206, 0.32932479687, 0.47160532107],
      [0.61818878052, 0.12604997902, 0.25576124047]
    ],
    [
      [0.20615985848, 0.63244989055, 0.16139025096],
      [0.15689864626, 0.47726108473, 0.36584026901],
      [0.56188004732, 0.20986373127, 0.22825622142]
    ],
    [
      [0.2908440404, 0.52212242848, 0.18703353112],
      [0.21288739248, 0.37884666634, 0.40826594118],
      [0.64320895539, 0.14119105574, 0.21559998887]
    ],
    [
      [0.18816472721, 0.64456354124, 0.16727173155],
      [0.14197974505, 0.48213952671, 0.37588072824],
      [0.53246760184, 0.22194947389, 0.24558292427]
    ],
    [
      [0.21909010597, 0.57418459736, 0.20672529667],
      [0.1561932989, 0.40474660638, 0.43906009472],
      [0.55158760904, 0.17646765753, 0.27194473343]
    ],
    [
      [0.18315226292, 0.61380126342, 0.20304647366],
      [0.13141861482, 0.43477364613, 0.43380773905],
      [0.50241582661, 0.20565194492, 0.29193222847]
    ],
    [
      [0.20228242536, 0.6089284733, 0.18878910134],
      [0.14805596231, 0.44018089366, 0.41176314402],
      [0.53856493203, 0.19802726113, 0.26340780684]
    ],
    [
