{
  "X": [
    [10, 54, 36],
    [5, 37, 58],
    [12, 48, 40],
    [8, 42, 50],
    [7, 47, 46],
    [8, 51, 41],
    [12, 51, 37],
    [7, 43, 50],
    [9, 56, 35],
    [8, 42, 50],
    [10, 32, 58],
    [7, 50, 43],
    [6, 53, 41],
    [2, 47, 51],
    [9, 53, 38],
    [8, 52, 40],
    [11, 54, 35],
    [20, 40, 40],
    [17, 46, 37],
    [23, 33, 44],
    [22, 39, 39],
    [20, 35, 45],
    [26, 38, 36],
    [21, 38, 41],
    [22, 34, 44],
    [17, 31, 52],
    [19, 33, 48],
    [18, 40, 42],
    [26, 40, 34],
    [20, 36, 44],
    [28, 35, 37],
    [20, 34, 46],
    [21, 33, 46],
    [24, 47, 29],
    [15, 58, 27],
    [11, 58, 31],
    [16, 58, 26],
    [12, 62, 26],
    [15, 55, 30],
    [15, 59, 26],
    [13, 62, 25],
    [13, 62, 25],
    [9, 69, 22],
    [13, 68, 19],
    [13, 55, 32],
    [15, 56, 29],
    [19, 60, 21],
    [17, 60, 23],
    [12, 57, 31],
    [17, 62, 21]
  ],
  "W": [
    [56, 18, 26],
    [78, 17, 5],
    [62, 21, 17],
    [75, 11, 14],
    [68, 12, 20],
    [74, 14, 12],
    [66, 16, 18],
    [68, 20, 12],
    [64, 18, 18],
    [65, 16, 19],
    [69, 19, 12],
    [67, 14, 19],
    [58, 20, 22],
    [69, 13, 18],
    [61, 19, 20],
    [62, 15, 23],
    [50, 27, 23],
    [20, 61, 19],
    [21, 59, 20],
    [16, 65, 19],
    [15, 66, 19],
    [12, 71, 17],
    [15, 66, 19],
    [10, 72, 18],
    [19, 64, 17],
    [11, 74, 15],
    [15, 73, 12],
    [19, 62, 19],
    [14, 72, 14],
    [16, 68, 16],
    [18, 68, 14],
    [17, 67, 16],
    [21, 65, 14],
    [18, 36, 46],
    [16, 12, 72],
    [21, 17, 62],
    [20, 17, 63],
    [16, 19, 65],
    [17, 18, 65],
    [16, 20, 64],
    [19, 18, 63],
    [14, 16, 70],
    [13, 16, 71],
    [16, 16, 68],
    [26, 16, 58],
    [22, 12, 66],
    [14, 23, 63],
    [20, 11, 69],
    [19, 17, 64],
    [9, 20, 71]
  ],
  "method": "exact",
  "cond_prob": [
    [
      [0.021515649787, 0.51809802113, 0.46038632909],
      [0.29998147879, 0.28564466424, 0.41437385697],
      [0.13059449976, 0.76326564849, 0.10613985176]
    ],
    [
      [0.013512867146, 0.3801654228, 0.60632171005],
      [0.20117318112, 0.2215320906, 0.57729472828],
      [0.10521045671, 0.71621029625, 0.17857924704]
    ],
    [
      [0.027639366516, 0.49190009997, 0.48046053352],
      [0.35430987238, 0.24886448191, 0.39682564572],
      [0.16740305624, 0.72211998129, 0.11047696247]
    ],
    [
      [0.025494684644, 0.40426205148, 0.57024326388],
      [0.32854957281, 0.20345394071, 0.46799648647],
      [0.17670381077, 0.67445377079, 0.14884241844]
    ],
    [
      [0.018604126206, 0.43451317928, 0.54688269451],
      [0.26307691252, 0.24133343066, 0.49558965682],
      [0.12889982338, 0.72785513206, 0.14324504456]
    ],
    [
      [0.023682031521, 0.51531696155, 0.46100100693],
      [0.32363840392, 0.27487104312, 0.40149055295],
      [0.14304933438, 0.7515291868, 0.10542147882]
    ],
    [
      [0.032999343221, 0.51783883574, 0.44916182104],
      [0.40189566877, 0.24766990731, 0.35043442392],
      [0.1884284804, 0.71443990689, 0.097131612711]
    ],
    [
      [0.01571223107, 0.42916432022, 0.55512344871],
      [0.22969664111, 0.24743973775, 0.52286362114],
      [0.11146962209, 0.73900262248, 0.14952775543]
    ],
    [
      [0.021198249743, 0.56438029188, 0.41442145838],
      [0.30264211322, 0.31705804903, 0.38029983776],
      [0.12198633214, 0.78736757985, 0.090646088011]
    ],
    [
      [0.018753119953, 0.39002280005, 0.59122408],
      [0.25962615016, 0.2131480424, 0.52722580744],
      [0.13826467371, 0.69674470097, 0.16499062532]
    ],
    [
      [0.024846371007, 0.31551249778, 0.65964113121],
      [0.31160360693, 0.15607380764, 0.53232258543],
      [0.19709432241, 0.60535294231, 0.19755273528]
    ],
    [
      [0.017714260655, 0.47502689573, 0.50725884362],
      [0.25700501839, 0.27083583087, 0.47215915074],
      [0.11658285678, 0.75692086073, 0.12649628249]
    ],
    [
      [0.011524025294, 0.50087447726, 0.48760149745],
      [0.18315623753, 0.3152555017, 0.50158826077],
      [0.075840081013, 0.80200774022, 0.12215217876]
    ],
    [
      [0.0046211987754, 0.4203563498, 0.57502245142],
      [0.07950002964, 0.28447010087, 0.63602986949],
      [0.035979827732, 0.79429447512, 0.16972569715]
    ],
    [
      [0.019796242028, 0.52321102442, 0.45699273355],
      [0.28317612891, 0.29540309603, 0.42142077506],
      [0.12060413935, 0.77357343428, 0.10582242637]
    ],
    [
      [0.018859337447, 0.48983210009, 0.49130856246],
      [0.27027370682, 0.27669214912, 0.45303414406],
      [0.120722412, 0.76000119814, 0.11927638986]
    ],
    [
      [0.019035707208, 0.54685320891, 0.43411108388],
      [0.2760542033, 0.31511316293, 0.40883263378],
      [0.11281526742, 0.7890993111, 0.098085421479]
    ],
    [
      [0.020359597652, 0.47924139065, 0.5003990117],
      [0.28080289391, 0.26552838195, 0.45366872414],
      [0.12967534309, 0.7483126783, 0.12201197861]
    ],
    [
      [0.016772708198, 0.53716996219, 0.44605732961],
      [0.24780179762, 0.31885974949, 0.4333384529],
      [0.10137335342, 0.79533527871, 0.10329136786]
    ],
    [
      [0.02323185654, 0.40094200395, 0.57582613951],
      [0.30087878361, 0.20873422203, 0.49038699437],
      [0.16164049268, 0.68511597395, 0.15324353337]
    ],
    [
      [0.021243936783, 0.48422075219, 0.49453531102],
      [0.29002943952, 0.26575278504, 0.44421777544],
      [0.13365252315, 0.74721078446, 0.11913669239]
    ],
    [
      [0.017804590165, 0.43331464438, 0.54888076546],
      [0.2493494359, 0.24426007794, 0.50639048616],
      [0.12250205701, 0.73280933728, 0.14468860571]
    ],
    [
      [0.026655579669, 0.49325828493, 0.4800861354],
      [0.34162865431, 0.25390229597, 0.40446904972],
      [0.16066711161, 0.728609168, 0.11072372038]
    ],
    [
      [0.018369969542, 0.47837327573, 0.50325675473],
      [0.25951101159, 0.27202214227, 0.46846684614],
      [0.11841708166, 0.75725961106, 0.12432330728]
    ],
    [
      [0.02254317439, 0.41849564916, 0.55896117645],
      [0.29622543727, 0.22095440878, 0.48282015395],
      [0.15372068831, 0.70044120612, 0.14583810557]
    ],
    [
      [0.014297627044, 0.37746819306, 0.6082341799],
      [0.20541302932, 0.21847905138, 0.57610791929],
      [0.10947746217, 0.71202667161, 0.17849586622]
    ],
    [
      [0.016770144425, 0.42727724801, 0.55595260757],
      [0.23756808407, 0.24361122856, 0.51882068737],
      [0.11716480803, 0.73393513291, 0.14890005905]
    ],
    [
      [0.017512566332, 0.46989627041, 0.51259116326],
      [0.24974642146, 0.26938829645, 0.48086528209],
      [0.11489384784, 0.75631034119, 0.12879581097]
    ],
    [
      [0.024549757666, 0.55357380566, 0.42187643667],
      [0.32926285153, 0.29837604096, 0.37236110751],
      [0.13924129162, 0.76906369798, 0.091695010395]
    ],
    [
      [0.018690022056, 0.44753088991, 0.53377908803],
      [0.26021289763, 0.25060622809, 0.48918087428],
      [0.12540516302, 0.73739264069, 0.13720219629]
    ],
    [
      [0.029787147332, 0.48508602875, 0.48512682392],
      [0.36719786091, 0.23995981597, 0.39284232312],
      [0.17816977187, 0.71079885692, 0.11103137122]
    ],
    [
      [0.019102564476, 0.41791180203, 0.56298563349],
      [0.26183418507, 0.23036387697, 0.50780193796],
      [0.13327287526, 0.71631997553, 0.15040714921]
    ],
    [
      [0.021354061662, 0.41500772603, 0.5636382123],
      [0.28441792472, 0.22207737582, 0.49350469946],
      [0.14745711418, 0.7035577375, 0.14898514832]
    ],
    [
      [0.033170999765, 0.45282541519, 0.51400358504],
      [0.39051480004, 0.21378856464, 0.39569663532],
      [0.20313889572, 0.67723378695, 0.11962731734]
    ],
    [
      [0.021663252254, 0.3903449336, 0.58799181414],
      [0.28605112081, 0.20689452524, 0.50705435395],
      [0.15584409048, 0.6843298161, 0.15982609342]
    ],
    [
      [0.015341133874, 0.41190056987, 0.57275829626],
      [0.22135632896, 0.23826314719, 0.54038052385],
