{
  "X": [
    [89, 11],
    [82, 18],
    [85, 15],
    [82, 18],
    [81, 19],
    [87, 13],
    [83, 17],
    [85, 15],
    [84, 16],
    [79, 21],
    [84, 16],
    [80, 20],
    [85, 15],
    [84, 16],
    [91, 9],
    [82, 18],
    [83, 17],
    [86, 14],
    [86, 14],
    [83, 17],
    [86, 14],
    [78, 22],
    [85, 15],
    [87, 13],
    [82, 18],
    [83, 17],
    [81, 19],
    [85, 15],
    [80, 20],
    [88, 12],
    [85, 15],
    [82, 18],
    [88, 12],
    [63, 37],
    [49, 51],
    [50, 50],
    [49, 51],
    [52, 48],
    [47, 53],
    [50, 50],
    [48, 52],
    [57, 43],
    [48, 52],
    [46, 54],
    [46, 54],
    [52, 48],
    [56, 44],
    [42, 58],
    [49, 51],
    [49, 51]
  ],
  "W": [
    [70, 16, 14],
    [68, 16, 16],
    [69, 17, 14],
    [68, 14, 18],
    [68, 14, 18],
    [64, 22, 14],
    [64, 17, 19],
    [71, 10, 19],
    [63, 21, 16],
    [63, 15, 22],
    [63, 19, 18],
    [60, 23, 17],
    [59, 21, 20],
    [63, 16, 21],
    [77, 11, 12],
    [74, 9, 17],
    [46, 32, 22],
    [14, 71, 15],
    [17, 72, 11],
    [14, 70, 16],
    [23, 61, 16],
    [15, 67, 18],
    [14, 70, 16],
    [19, 68, 13],
    [18, 67, 15],
    [23, 58, 19],
    [13, 64, 23],
    [22, 64, 14],
    [21, 59, 20],
    [22, 67, 11],
    [16, 62, 22],
    [17, 64, 19],
    [19, 71, 10],
    [19, 34, 47],
    [16, 12, 72],
    [15, 21, 64],
    [19, 13, 68],
    [13, 18, 69],
    [11, 23, 66],
    [15, 21, 64],
    [18, 18, 64],
    [17, 25, 58],
    [17, 14, 69],
    [21, 18, 61],
    [14, 15, 71],
    [14, 17, 69],
    [15, 21, 64],
    [13, 23, 64],
    [17, 13, 70],
    [16, 13, 71]
  ],
  "method": "exact",
  "cond_prob": [
    [
      [0.97849101398, 0.021508986017],
      [0.96947893158, 0.030521068417],
      [0.35671186542, 0.64328813458]
    ],
    [
      [0.94634965535, 0.053650344646],
      [0.92480377012, 0.075196229878],
      [0.17821019462, 0.82178980538]
    ],
    [
      [0.9570798142, 0.042920185804],
      [0.93958495417, 0.060415045826],
      [0.21346775711, 0.78653224289]
    ],
    [
      [0.95642339673, 0.043576603273],
      [0.93868938378, 0.06131061622],
      [0.21230875831, 0.78769124169]
    ],
    [
      [0.94980465024, 0.05019534976],
      [0.92955695838, 0.070443041619],
      [0.18886035369, 0.81113964631]
    ],
    [
      [0.96950874977, 0.030491250233],
      [0.95687780004, 0.043122199961],
      [0.278580601, 0.721419399]
    ],
    [
      [0.9663124465, 0.033687553502],
      [0.95242782519, 0.047572174811],
      [0.26130159978, 0.73869840022]
    ],
    [
      [0.9747611235, 0.0252388765],
      [0.9642451663, 0.035754833698],
      [0.32365834571, 0.67634165429]
    ],
    [
      [0.96043390563, 0.039566094365],
      [0.94424241607, 0.055757583927],
      [0.22897332547, 0.77102667453]
    ],
    [
      [0.95620271034, 0.043797289664],
      [0.9383961823, 0.061603817702],
      [0.21287665974, 0.78712334026]
    ],
    [
      [0.96795939951, 0.032040600486],
      [0.95472346196, 0.045276538042],
      [0.27104511408, 0.72895488592]
    ],
    [
      [0.9382082093, 0.0617917907],
      [0.9136793813, 0.0863206187],
      [0.15840480424, 0.84159519576]
    ],
    [
      [0.97737240866, 0.022627591341],
      [0.96791517941, 0.032084820585],
      [0.35044045607, 0.64955954393]
    ],
    [
      [0.97592663559, 0.024073364408],
      [0.96588478574, 0.034115214257],
      [0.33630787552, 0.66369212448]
    ],
    [
      [0.98160994563, 0.018390054367],
      [0.97387101321, 0.026128986786],
      [0.39195442007, 0.60804557993]
    ],
    [
      [0.95084652311, 0.049153476887],
      [0.93098556187, 0.06901443813],
      [0.19167571958, 0.80832428042]
    ],
    [
      [0.9751841344, 0.0248158656],
      [0.96484460983, 0.035155390167],
      [0.33029555923, 0.66970444077]
    ],
    [
      [0.97071069453, 0.029289305467],
      [0.95856780951, 0.041432190491],
      [0.29011572009, 0.70988427991]
    ],
    [
      [0.95526750697, 0.044732493033],
      [0.93708919434, 0.062910805656],
      [0.2081845808, 0.7918154192]
    ],
    [
      [0.9591058969, 0.040894103101],
      [0.94241345764, 0.057586542363],
      [0.22522346305, 0.77477653695]
    ],
    [
      [0.97309909606, 0.026900903941],
      [0.96191286245, 0.038087137546],
      [0.30887726131, 0.69112273869]
    ],
    [
      [0.93702515716, 0.062974842839],
      [0.91209866091, 0.087901339092],
      [0.15744513121, 0.84255486879]
    ],
    [
      [0.9691862592, 0.030813740799],
      [0.95643892035, 0.043561079651],
      [0.28004174667, 0.71995825333]
    ],
    [
      [0.96885626789, 0.031143732112],
      [0.9559703546, 0.044029645405],
      [0.27582667674, 0.72417332326]
    ],
    [
      [0.94830745232, 0.051692547684],
      [0.9275130532, 0.072486946802],
      [0.18580608627, 0.81419391373]
    ],
    [
      [0.96871458454, 0.031285415461],
      [0.95578494196, 0.044215058037],
      [0.27810725904, 0.72189274096]
    ],
    [
      [0.97165322286, 0.028346777141],
      [0.95989987856, 0.040100121436],
      [0.30151808151, 0.69848191849]
    ],
    [
      [0.96166260082, 0.03833739918],
      [0.94595312336, 0.054046876642],
      [0.23588734907, 0.76411265093]
    ],
    [
      [0.95769353097, 0.042306469027],
      [0.94046484854, 0.059535151463],
      [0.22005048929, 0.77994951071]
    ],
    [
      [0.9667715934, 0.033228406598],
      [0.95305464221, 0.046945357792],
      [0.26148762884, 0.73851237116]
    ],
    [
      [0.98168604939, 0.018313950612],
      [0.97399233576, 0.026007664241],
      [0.40479538149, 0.59520461851]
    ],
    [
      [0.96453743571, 0.035462564287],
      [0.94996244064, 0.050037559364],
      [0.25290881012, 0.74709118988]
    ],
    [
      [0.9630068638, 0.036993136195],
      [0.94781020578, 0.052189794223],
      [0.24083449775, 0.75916550225]
    ],
    [
      [0.96499038741, 0.035009612593],
      [0.95062671308, 0.049373286915],
      [0.26263562541, 0.73736437459]
    ],
    [
      [0.97082019486, 0.029179805135],
      [0.95876516573, 0.041234834265],
      [0.30502354019, 0.69497645981]
    ],
    [
      [0.96148909082, 0.038510909184],
      [0.9457745044, 0.054225495604],
      [0.24556873508, 0.75443126492]
    ],
    [
      [0.96558929971, 0.034410700293],
      [0.95147180808, 0.048528191916],
      [0.26889220295, 0.73110779705]
    ],
    [
      [0.97267145221, 0.027328547786],
      [0.9613520828, 0.0386479172],
      [0.31957874827, 0.68042125173]
    ],
    [
      [0.95713518532, 0.04286481468],
      [0.93974765455, 0.06025234545],
      [0.22511086222, 0.77488913778]
    ],
    [
      [0.96148909082, 0.038510909184],
      [0.9457745044, 0.054225495604],
      [0.24556873508, 0.75443126492]
    ],
    [
      [0.9554395077, 0.044560492305],
      [0.93740338903, 0.062596610973],
      [0.2176379353, 0.7823620647]
    ],
    [
      [0.96855238123, 0.03144761877],
      [0.95559475704, 0.044405242961],
      [0.28697828609, 0.71302171391]
    ],
    [
      [0.96493001315, 0.035069986849],
      [0.95055533664, 0.049444663357],
      [0.26504949367, 0.73495050633]
    ],
    [
      [0.9377889264, 0.062211073596],
      [0.91319543226, 0.086804567735],
      [0.16178548795, 0.83821451205]
    ],
    [
      [0.96357604624, 0.036423953759],
      [0.94867467009, 0.051325329912],
      [0.25746218734, 0.74253781266]
    ],
    [
      [0.97265367604, 0.027346323964],
      [0.96132720229, 0.038672797709],
      [0.31942443618, 0.68057556382]
    ],
    [
      [0.97401458235, 0.025985417648],
      [0.96323055674, 0.036769443255],
      [0.33065530583, 0.66934469417]
    ],
    [
      [0.92915991151, 0.070840088495],
      [0.90148633674, 0.098513663257],
      [0.14354274071, 0.85645725929]
    ],
    [
      [0.9684163106, 0.031583689397],
      [0.95540987963, 0.044590120371],
      [0.28737991835, 0.71262008165]
    ],
    [
      [0.96967340845, 0.030326591554],
      [0.95716374905, 0.042836250954],
