{
  "X": [
    [62, 38],
    [58, 42],
    [66, 34],
    [70, 30],
    [63, 37],
    [61, 39],
    [62, 38],
    [65, 35],
    [61, 39],
    [63, 37],
    [61, 39],
    [65, 35],
    [58, 42],
    [50, 50],
    [59, 41],
    [58, 42],
    [50, 50],
    [26, 74],
    [24, 76],
    [32, 68],
    [30, 70],
    [26, 74],
    [31, 69],
    [20, 80],
    [33, 67],
    [29, 71],
    [25, 75],
    [20, 80],
    [29, 71],
    [33, 67],
    [27, 73],
    [35, 65],
    [31, 69],
    [44, 56],
    [48, 52],
    [57, 43],
    [57, 43],
    [58, 42],
    [50, 50],
    [48, 52],
    [55, 45],
    [53, 47],
    [54, 46],
    [65, 35],
    [61, 39],
    [54, 46],
    [61, 39],
    [56, 44],
    [56, 44],
    [62, 38]
  ],
  "W": [
    [75, 13, 12],
    [68, 17, 15],
    [63, 20, 17],
    [74, 17, 9],
    [65, 16, 19],
    [68, 13, 19],
    [61, 12, 27],
    [66, 23, 11],
    [68, 13, 19],
    [69, 14, 17],
    [74, 12, 14],
    [69, 11, 20],
    [58, 21, 21],
    [64, 19, 17],
    [60, 15, 25],
    [68, 17, 15],
    [47, 34, 19],
    [13, 71, 16],
    [18, 65, 17],
    [18, 68, 14],
    [10, 68, 22],
    [21, 66, 13],
    [14, 63, 23],
    [14, 74, 12],
    [18, 63, 19],
    [17, 68, 15],
    [16, 64, 20],
    [13, 77, 10],
    [14, 71, 15],
    [22, 56, 22],
    [16, 70, 14],
    [13, 70, 17],
    [18, 61, 21],
    [18, 32, 50],
    [12, 16, 72],
    [20, 14, 66],
    [20, 16, 64],
    [21, 16, 63],
    [14, 20, 66],
    [25, 17, 58],
    [20, 16, 64],
    [17, 23, 60],
    [8, 27, 65],
    [22, 8, 70],
    [15, 13, 72],
    [18, 16, 66],
    [16, 19, 65],
    [14, 17, 69],
    [16, 18, 66],
    [19, 17, 64]
  ],
  "method": "exact",
  "cond_prob": [
    [
      [0.71433869279, 0.28566130721],
      [0.083896086232, 0.91610391377],
      [0.61116240998, 0.38883759002]
    ],
    [
      [0.70156936268, 0.29843063732],
      [0.079290192365, 0.92070980763],
      [0.59635667118, 0.40364332882]
    ],
    [
      [0.80914386827, 0.19085613173],
      [0.13312527883, 0.86687472117],
      [0.72714298368, 0.27285701632]
    ],
    [
      [0.82247262255, 0.17752737745],
      [0.14338641016, 0.85661358984],
      [0.74438410647, 0.25561589353]
    ],
    [
      [0.75267425529, 0.24732574471],
      [0.099941560341, 0.90005843966],
      [0.65668991792, 0.34331008208]
    ],
    [
      [0.7114035635, 0.2885964365],
      [0.082847682044, 0.91715231796],
      [0.60776514818, 0.39223485182]
    ],
    [
      [0.72375566653, 0.27624433347],
      [0.087570249083, 0.91242975092],
      [0.62222449455, 0.37777550545]
    ],
    [
      [0.81467914603, 0.18532085397],
      [0.13714613635, 0.86285386365],
      [0.73425592964, 0.26574407036]
    ],
    [
      [0.7114035635, 0.2885964365],
      [0.082847682044, 0.91715231796],
      [0.60776514818, 0.39223485182]
    ],
    [
      [0.73702677379, 0.26297322621],
      [0.092922590661, 0.90707740934],
      [0.63789625523, 0.36210374477]
    ],
    [
      [0.6992523655, 0.3007476345],
      [0.078579523111, 0.92142047689],
      [0.59374076253, 0.40625923747]
    ],
    [
      [0.74075204183, 0.25924795817],
      [0.09460279313, 0.90539720687],
      [0.64237391947, 0.35762608053]
    ],
    [
      [0.73603048567, 0.26396951433],
      [0.092393287504, 0.9076067125],
      [0.63666537113, 0.36333462887]
    ],
    [
      [0.62737361341, 0.37262638659],
      [0.058337111397, 0.9416628886],
      [0.51409903678, 0.48590096322]
    ],
    [
      [0.71012437642, 0.28987562358],
      [0.082374664955, 0.91762533504],
      [0.60627669763, 0.39372330237]
    ],
    [
      [0.70156936268, 0.29843063732],
      [0.079290192365, 0.92070980763],
      [0.59635667118, 0.40364332882]
    ],
    [
      [0.73817468789, 0.26182531211],
      [0.093024195217, 0.90697580478],
      [0.63910352799, 0.36089647201]
    ],
    [
      [0.73279015253, 0.26720984747],
      [0.089560305341, 0.91043969466],
      [0.63218414612, 0.36781585388]
    ],
    [
      [0.63247307833, 0.36752692167],
      [0.058453451432, 0.94154654857],
      [0.51858883806, 0.48141116194]
    ],
    [
      [0.78804006818, 0.21195993182],
      [0.11786151015, 0.88213848985],
      [0.70004972019, 0.29995027981]
    ],
    [
      [0.77115536122, 0.22884463878],
      [0.10811120481, 0.89188879519],
      [0.67894929367, 0.32105070633]
    ],
    [
      [0.6729104926, 0.3270895074],
      [0.068939384466, 0.93106061553],
      [0.56299079083, 0.43700920917]
    ],
    [
      [0.74052295605, 0.25947704395],
      [0.09326576306, 0.90673423694],
      [0.64160589315, 0.35839410685]
    ],
    [
      [0.64656678022, 0.35343321978],
      [0.06143234355, 0.93856765645],
      [0.53350597118, 0.46649402882]
    ],
    [
      [0.76315922816, 0.23684077184],
      [0.10397174724, 0.89602825276],
      [0.66910072719, 0.33089927281]
    ],
    [
      [0.74762074093, 0.25237925907],
      [0.096170601579, 0.90382939842],
      [0.65005643312, 0.34994356688]
    ],
    [
      [0.64679691175, 0.35320308825],
      [0.061995988681, 0.93800401132],
      [0.53417530682, 0.46582469318]
    ],
    [
      [0.68061594071, 0.31938405929],
      [0.070637085294, 0.92936291471],
      [0.57129372032, 0.42870627968]
    ],
    [
      [0.7761258852, 0.2238741148],
      [0.11067778886, 0.88932221114],
      [0.68507430655, 0.31492569345]
    ],
    [
      [0.70255909817, 0.29744090183],
      [0.078743023764, 0.92125697624],
      [0.59700411406, 0.40299588594]
    ],
    [
      [0.7352755429, 0.2647244571],
      [0.090619570971, 0.90938042903],
      [0.63515866755, 0.36484133245]
    ],
    [
      [0.83895444792, 0.16104555208],
      [0.15813836637, 0.84186163363],
      [0.76611214889, 0.23388785111]
    ],
    [
      [0.71847409899, 0.28152590101],
      [0.084315322607, 0.91568467739],
      [0.6154395971, 0.3845604029]
    ],
    [
      [0.69020904677, 0.30979095323],
      [0.075373642072, 0.92462635793],
      [0.58328561224, 0.41671438776]
    ],
    [
      [0.65413002247, 0.34586997753],
      [0.065105259327, 0.93489474067],
      [0.54317716085, 0.45682283915]
    ],
    [
      [0.72593976642, 0.27406023358],
      [0.088576430221, 0.91142356978],
      [0.62486567649, 0.37513432351]
    ],
    [
      [0.73642214579, 0.26357785421],
      [0.092879861189, 0.90712013881],
      [0.63727311414, 0.36272688586]
    ],
    [
      [0.74513105716, 0.25486894284],
      [0.096714222246, 0.90328577775],
      [0.64769555942, 0.35230444058]
    ],
    [
      [0.69352477044, 0.30647522956],
      [0.076709561509, 0.92329043849],
      [0.58721912096, 0.41278087904]
    ],
    [
      [0.64375580532, 0.35624419468],
      [0.062380375383, 0.93761962462],
      [0.5318213532, 0.4681786468]
    ],
    [
      [0.71680498515, 0.28319501485],
      [0.084982785247, 0.91501721475],
      [0.61412774583, 0.38587225417]
    ],
    [
      [0.73758573144, 0.26241426856],
      [0.093248416305, 0.90675158369],
      [0.63860548318, 0.36139451682]
    ],
    [
      [0.77805109816, 0.22194890184],
      [0.11336804515, 0.88663195485],
      [0.68791775378, 0.31208224622]
    ],
    [
      [0.76754817205, 0.23245182795],
      [0.10787541329, 0.89212458671],
      [0.67501338441, 0.32498661559]
    ],
    [
      [0.76287671133, 0.23712328867],
      [0.105379221, 0.894620779],
      [0.66926277024, 0.33073722976]
    ],
    [
      [0.70891011256, 0.29108988744],
      [0.082073598435, 0.91792640156],
      [0.60494606665, 0.39505393335]
    ],
    [
      [0.79342966663, 0.20657033337],
      [0.12286913014, 0.87713086986],
      [0.70724018248, 0.29275981752]
    ],
    [
      [0.73776194025, 0.26223805975],
      [0.093466067326, 0.90653393267],
      [0.63887550278, 0.36112449722]
    ],
    [
      [0.74115806821, 0.25884193179],
      [0.094920402887, 0.90507959711],
      [0.64292278268, 0.35707721732]
    ],
    [
      [0.78956123229, 0.21043876771],
      [0.12041901106, 0.87958098894],
      [0.70236270935, 0.29763729065]
    ]
  ],