{
  "X": [
    [41, 59],
    [34, 66],
    [36, 64],
    [46, 54],
    [36, 64],
    [42, 58],
    [41, 59],
    [38, 62],
    [43, 57],
    [45, 55],
    [50, 50],
    [37, 63],
    [36, 64],
    [41, 59],
    [28, 72],
    [43, 57],
    [38, 62],
    [21, 79],
    [23, 77],
    [31, 69],
    [27, 73],
    [29, 71],
    [24, 76],
    [22, 78],
    [21, 79],
    [17, 83],
    [27, 73],
    [32, 68],
    [27, 73],
    [24, 76],
    [21, 79],
    [18, 82],
    [28, 72],
    [43, 57],
    [46, 54],
    [56, 44],
    [50, 50],
    [46, 54],
    [39, 61],
    [50, 50],
    [50, 50],
    [55, 45],
    [44, 56],
    [54, 46],
    [54, 46],
    [57, 43],
    [50, 50],
    [46, 54],
    [52, 48],
    [53, 47]
  ],
  "W": [
    [57, 20, 23],
    [65, 26, 9],
    [58, 23, 19],
    [63, 14, 23],
    [65, 20, 15],
    [68, 20, 12],
    [73, 11, 16],
    [65, 23, 12],
    [65, 22, 13],
    [63, 18, 19],
    [69, 14, 17],
    [68, 17, 15],
    [71, 15, 14],
    [64, 15, 21],
    [66, 15, 19],
    [67, 21, 12],
    [55, 32, 13],
    [17, 65, 18],
    [16, 65, 19],
    [16, 65, 19],
    [22, 58, 20],
    [19, 64, 17],
    [13, 68, 19],
    [17, 66, 17],
    [17, 75, 8],
    [14, 70, 16],
    [18, 65, 17],
    [20, 69, 11],
    [17, 67, 16],
    [17, 64, 19],
    [22, 64, 14],
    [14, 73, 13],
    [18, 65, 17],
    [21, 30, 49],
    [13, 22, 65],
    [18, 15, 67],
    [13, 14, 73],
    [21, 12, 67],
    [15, 18, 67],
    [17, 13, 70],
    [12, 22, 66],
    [12, 13, 75],
    [16, 16, 68],
    [23, 15, 62],
    [18, 13, 69],
    [10, 13, 77],
    [20, 20, 60],
    [16, 19, 65],
    [18, 10, 72],
    [25, 13, 62]
  ],
  "method": "exact",
  "cond_prob": [
    [
      [0.43357525696, 0.56642474304],
      [0.11160718327, 0.88839281673],
      [0.61104637772, 0.38895362228]
    ],
    [
      [0.40280409434, 0.59719590566],
      [0.099662280848, 0.90033771915],
      [0.58072384067, 0.41927615933]
    ],
    [
      [0.39477835671, 0.60522164329],
      [0.096743998327, 0.90325600167],
      [0.57251280785, 0.42748719215]
    ],
    [
      [0.46745573887, 0.53254426113],
      [0.12590345127, 0.87409654873],
      [0.64294087537, 0.35705912463]
    ],
    [
      [0.39268992712, 0.60731007288],
      [0.096011259028, 0.90398874097],
      [0.57032863712, 0.42967136288]
    ],
    [
      [0.46722829453, 0.53277170547],
      [0.12575454667, 0.87424545333],
      [0.64278208658, 0.35721791342]
    ],
    [
      [0.4157835594, 0.5842164406],
      [0.10470536517, 0.89529463483],
      [0.59350257168, 0.40649742832]
    ],
    [
      [0.43262333408, 0.56737666592],
      [0.11119912968, 0.88880087032],
      [0.61015860853, 0.38984139147]
    ],
    [
      [0.4846115124, 0.5153884876],
      [0.13355354723, 0.86644645277],
      [0.65862105039, 0.34137894961]
    ],
    [
      [0.47953895721, 0.52046104279],
      [0.13126637281, 0.86873362719],
      [0.65401320976, 0.34598679024]
    ],
    [
      [0.52315030531, 0.47684969469],
      [0.1524068448, 0.8475931552],
      [0.69229018272, 0.30770981728]
    ],
    [
      [0.39392043878, 0.60607956122],
      [0.096484207567, 0.90351579243],
      [0.57154524228, 0.42845475772]
    ],
    [
      [0.37832401397, 0.62167598603],
      [0.090936918576, 0.90906308142],
      [0.55535294498, 0.44464705502]
    ],
    [
      [0.41970503777, 0.58029496223],
      [0.10618308561, 0.89381691439],
      [0.59743482375, 0.40256517625]
    ],
    [
      [0.28194492735, 0.71805507265],
      [0.060729076835, 0.93927092317],
      [0.44635256014, 0.55364743986]
    ],
    [
      [0.48258555665, 0.51741444335],
      [0.13263593989, 0.86736406011],
      [0.6567844139, 0.3432155861]
    ],
    [
      [0.46629931361, 0.53370068639],
      [0.1252019861, 0.8747980139],
      [0.64208263049, 0.35791736951]
    ],
    [
      [0.35563565672, 0.64436434328],
      [0.082638296486, 0.91736170351],
      [0.53237247578, 0.46762752422]
    ],
    [
      [0.38689737592, 0.61310262408],
      [0.093336314305, 0.9066636857],
      [0.56540955555, 0.43459044445]
    ],
    [
      [0.51720620431, 0.48279379569],
      [0.14855207647, 0.85144792353],
      [0.68783240845, 0.31216759155]
    ],
    [
      [0.41463239329, 0.58536760671],
      [0.1036786847, 0.8963213153],
      [0.59323618176, 0.40676381824]
    ],
    [
      [0.48588740517, 0.51411259483],
      [0.13345322055, 0.86654677945],
      [0.66041959922, 0.33958040078]
    ],
    [
      [0.4197572077, 0.5802427923],
      [0.10544024132, 0.89455975868],
      [0.59859052053, 0.40140947947]
    ],
    [
      [0.38087689027, 0.61912310973],
      [0.091189896915, 0.90881010308],
      [0.5592093923, 0.4407906077]
    ],
    [
      [0.44135983691, 0.55864016309],
      [0.11386164611, 0.88613835389],
      [0.61965741426, 0.38034258574]
    ],
    [
      [0.31332766262, 0.68667233738],
      [0.069271753257, 0.93072824674],
      [0.48527437471, 0.51472562529]
    ],
    [
      [0.45950467472, 0.54049532528],
      [0.12168688316, 0.87831311684],
      [0.63642755588, 0.36357244412]
    ],
    [
      [0.57435980056, 0.42564019944],
      [0.18012911905, 0.81987088095],
      [0.73489952494, 0.26510047506]
    ],
    [
      [0.47351625357, 0.52648374643],
      [0.12777425498, 0.87222574502],
      [0.64933428787, 0.35066571213]
    ],
    [
      [0.39875706566, 0.60124293434],
      [0.097633256092, 0.90236674391],
      [0.57750534178, 0.42249465822]
    ],
    [
      [0.3630686677, 0.6369313323],
      [0.085118650464, 0.91488134954],
      [0.54034969149, 0.45965030851]
    ],
    [
      [0.35708871251, 0.64291128749],
      [0.08294009077, 0.91705990923],
      [0.5343177999, 0.4656822001]
    ],
    [
      [0.47560671745, 0.52439328255],
      [0.12875167513, 0.87124832487],
      [0.65118942367, 0.34881057633]
    ],
    [
      [0.44106044013, 0.55893955987],
      [0.11451065385, 0.88548934615],
      [0.61841655391, 0.38158344609]
    ],
    [
      [0.41236287711, 0.58763712289],
      [0.10330108271, 0.89669891729],
      [0.59025628889, 0.40974371111]
    ],
    [
      [0.49810606134, 0.50189393866],
      [0.13983865421, 0.86016134579],
      [0.67069419527, 0.32930580473]
    ],
    [
      [0.41358699049, 0.58641300951],
      [0.10384103899, 0.89615896101],
      [0.59136430928, 0.40863569072]
    ],
    [
      [0.37582922497, 0.62417077503],
      [0.090125598556, 0.90987440144],
      [0.55262804616, 0.44737195384]
    ],
    [
      [0.31991123353, 0.68008876647],
      [0.071892274502, 0.9281077255],
      [0.49115329188, 0.50884670812]
    ],
    [
      [0.41603640329, 0.58396359671],
      [0.10478515244, 0.89521484756],
      [0.59378820232, 0.40621179768]
    ],
    [
      [0.45753178843, 0.54246821157],
      [0.12146354218, 0.87853645782],
      [0.63390031229, 0.36609968771]
    ],
    [
      [0.46204200048, 0.53795799952],
      [0.12349014867, 0.87650985133],
      [0.63800165415, 0.36199834585]
    ],
    [
      [0.36476999414, 0.63523000586],
      [0.086309017741, 0.91369098226],
      [0.54092258544, 0.45907741456]
    ],
    [
      [0.48478344539, 0.51521655461],
      [0.13361485371, 0.86638514629],
      [0.65880254759, 0.34119745241]
    ],
    [
      [0.46268378771, 0.53731621229],
      [0.12377461329, 0.87622538671],
      [0.63858872244, 0.36141127756]
    ],
    [
      [0.48111727985, 0.51888272015],
      [0.13193410893, 0.86806589107],
      [0.65550238682, 0.34449761318]
    ],
    [
      [0.4621195191, 0.5378804809],
      [0.12346303632, 0.87653696368],
      [0.63813914819, 0.36186085181]
    ],
    [
      [0.40191437267, 0.59808562733],
      [0.099416013192, 0.90058398681],
      [0.57969947364, 0.42030052636]
    ],
    [
      [0.42370625361, 0.57629374639],
      [0.10777902347, 0.89222097653],
      [0.60132635, 0.39867365]
    ],
    [
      [0.46531591286, 0.53468408714],
      [0.1249260968, 0.8750739032],
      [0.64101714387, 0.35898285613]
    ]
  ],