{
  "X": [
    [16, 84],
    [14, 86],
    [15, 85],
    [15, 85],
    [12, 88],
    [17, 83],
    [20, 80],
    [17, 83],
    [17, 83],
    [10, 90],
    [14, 86],
    [14, 86],
    [15, 85],
    [16, 84],
    [18, 82],
    [22, 78],
    [10, 90],
    [10, 90],
    [14, 86],
    [17, 83],
    [15, 85],
    [11, 89],
    [9, 91],
    [9, 91],
    [14, 86],
    [45, 55],
    [35, 65],
    [39, 61],
    [45, 55],
    [42, 58],
    [37, 63],
    [42, 58],
    [49, 51],
    [43, 57],
    [43, 57],
    [44, 56],
    [42, 58],
    [36, 64],
    [42, 58],
    [43, 57],
    [41, 59],
    [40, 60],
    [35, 65],
    [39, 61],
    [39, 61],
    [38, 62],
    [44, 56],
    [41, 59],
    [35, 65],
    [47, 53]
  ],
  "W": [
    [77, 23],
    [74, 26],
    [75, 25],
    [79, 21],
    [78, 22],
    [76, 24],
    [74, 26],
    [73, 27],
    [73, 27],
    [77, 23],
    [75, 25],
    [78, 22],
    [77, 23],
    [66, 34],
    [77, 23],
    [67, 33],
    [84, 16],
    [78, 22],
    [78, 22],
    [70, 30],
    [69, 31],
    [75, 25],
    [72, 28],
    [86, 14],
    [73, 27],
    [23, 77],
    [31, 69],
    [23, 77],
    [20, 80],
    [24, 76],
    [25, 75],
    [26, 74],
    [18, 82],
    [24, 76],
    [24, 76],
    [26, 74],
    [19, 81],
    [33, 67],
    [27, 73],
    [18, 82],
    [21, 79],
    [26, 74],
    [24, 76],
    [25, 75],
    [20, 80],
    [29, 71],
    [32, 68],
    [25, 75],
    [32, 68],
    [24, 76]
  ],
  "method": "mvn_cdf",
  "mvncdf_method": "genz",
  "mvncdf_samples": 5000,
  "mvncdf_error": 1e-06,
  "cond_prob": [
    [
      [0.027209654636, 0.97279034536],
      [0.60292012166, 0.39707987834]
    ],
    [
      [0.017497627114, 0.98250237289],
      [0.48665045882, 0.51334954118]
    ],
    [
      [0.020957683494, 0.97904231651],
      [0.53437018738, 0.46562981262]
    ],
    [
      [0.027652442802, 0.9723475572],
      [0.60825411823, 0.39174588177]
    ],
    [
      [0.017079692147, 0.98292030785],
      [0.48217355668, 0.51782644332]
    ],
    [
      [0.028773816887, 0.97122618311],
      [0.61646055676, 0.38353944324]
    ],
    [
      [0.03588665652, 0.96411334348],
      [0.66928790142, 0.33071209858]
    ],
    [
      [0.023570464352, 0.97642953565],
      [0.56404639107, 0.43595360893]
    ],
    [
      [0.023570464352, 0.97642953565],
      [0.56404639107, 0.43595360893]
    ],
    [
      [0.012355839812, 0.98764416019],
      [0.39837778502, 0.60162221498]
    ],
    [
      [0.018515446585, 0.98148455342],
      [0.50189249502, 0.49810750498]
    ],
    [
      [0.022400411938, 0.97759958806],
      [0.55335961595, 0.44664038405]
    ],
    [
      [0.023876581313, 0.97612341869],
      [0.56938356831, 0.43061643169]
    ],
    [
      [0.01487362861, 0.98512637139],
      [0.441971129, 0.558028871]
    ],
    [
      [0.035284392181, 0.96471560782],
      [0.66692082948, 0.33307917052]
    ],
    [
      [0.028372584591, 0.97162741541],
      [0.60903683647, 0.39096316353]
    ],
    [
      [0.019201533193, 0.98079846681],
      [0.51705847053, 0.48294152947]
    ],
    [
      [0.013005668208, 0.98699433179],
      [0.41169892854, 0.58830107146]
    ],
    [
      [0.022400411938, 0.97759958806],
      [0.55335961595, 0.44664038405]
    ],
    [
      [0.019881998545, 0.98011800145],
      [0.51853847543, 0.48146152457]
    ],
    [
      [0.015280312481, 0.98471968752],
      [0.44970738237, 0.55029261763]
    ],
    [
      [0.012746591353, 0.98725340865],
      [0.40544274056, 0.59455725944]
    ],
    [
      [0.0088714707007, 0.9911285293],
      [0.3179570215, 0.6820429785]
    ],
    [
      [0.01904244639, 0.98095755361],
      [0.51669883598, 0.48330116402]
    ],
    [
      [0.016585740589, 0.98341425941],
      [0.47228159824, 0.52771840176]
    ],
    [
      [0.02572330712, 0.97427669288],
      [0.57705602341, 0.42294397659]
    ],
    [
      [0.018905904229, 0.98109409577],
      [0.49865746833, 0.50134253167]
    ],
    [
      [0.019106654222, 0.98089334578],
      [0.50075660244, 0.49924339756]
    ],
    [
      [0.023790150693, 0.97620984931],
      [0.55693832292, 0.44306167708]
    ],
    [
      [0.022749781309, 0.97725021869],
      [0.54578522805, 0.45421477195]
    ],
    [
      [0.018113607751, 0.98188639225],
      [0.48714655294, 0.51285344706]
    ],
    [
      [0.023987024155, 0.97601297584],
      [0.55951194843, 0.44048805157]
    ],
    [
      [0.027299947813, 0.97270005219],
      [0.59168629869, 0.40831370131]
    ],
    [
      [0.023918161003, 0.976081839],
      [0.55861397145, 0.44138602855]
    ],
    [
      [0.023918161003, 0.976081839],
      [0.55861397145, 0.44138602855]
    ],
    [
      [0.026572210798, 0.9734277892],
      [0.5855149647, 0.4144850353]
    ],
    [
      [0.02012821472, 0.97987178528],
      [0.51391114399, 0.48608885601]
    ],
    [
      [0.021089550412, 0.97891044959],
      [0.52705821241, 0.47294178759]
    ],
    [
      [0.024653629695, 0.97534637031],
      [0.56659268397, 0.43340731603]
    ],
    [
      [0.020617974298, 0.9793820257],
      [0.52004088713, 0.47995911287]
    ],
    [
      [0.020104711772, 0.97989528823],
      [0.51374591952, 0.48625408048]
    ],
    [
      [0.021647763041, 0.97835223696],
      [0.53317837442, 0.46682162558]
    ],
    [
      [0.015998361168, 0.98400163883],
      [0.45523758493, 0.54476241507]
    ],
    [
      [0.020054471067, 0.97994552893],
      [0.51339180592, 0.48660819408]
    ],
    [
      [0.017838844635, 0.98216115536],
      [0.48287287435, 0.51712712565]
    ],
    [
      [0.021094979167, 0.97890502083],
      [0.52676290502, 0.47323709498]
    ],
    [
      [0.03187741145, 0.96812258855],
      [0.63127412815, 0.36872587185]
    ],
    [
      [0.022198584696, 0.9778014153],
      [0.53956332382, 0.46043667618]
    ],
    [
      [0.019408968638, 0.98059103136],
      [0.50552497156, 0.49447502844]
    ],
    [
      [0.029204537644, 0.97079546236],
      [0.60899135345, 0.39100864655]
    ]
  ],