{
  "X": [
    [42, 58],
    [39, 61],
    [31, 69],
    [28, 72],
    [39, 61],
    [41, 59],
    [25, 75],
    [42, 58],
    [29, 71],
    [37, 63],
    [27, 73],
    [29, 71],
    [37, 63],
    [30, 70],
    [35, 65],
    [24, 76],
    [36, 64],
    [33, 67],
    [40, 60],
    [27, 73],
    [32, 68],
    [26, 74],
    [37, 63],
    [28, 72],
    [32, 68],
    [47, 53],
    [43, 57],
    [40, 60],
    [37, 63],
    [38, 62],
    [40, 60],
    [34, 66],
    [49, 51],
    [43, 57],
    [46, 54],
    [39, 61],
    [34, 66],
    [36, 64],
    [49, 51],
    [47, 53],
    [40, 60],
    [33, 67],
    [45, 55],
    [43, 57],
    [43, 57],
    [43, 57],
    [41, 59],
    [45, 55],
    [44, 56],
    [39, 61]
  ],
  "W": [
    [71, 29],
    [67, 33],
    [68, 32],
    [67, 33],
    [75, 25],
    [75, 25],
    [77, 23],
    [84, 16],
    [77, 23],
    [71, 29],
    [78, 22],
    [80, 20],
    [72, 28],
    [74, 26],
    [70, 30],
    [83, 17],
    [80, 20],
    [75, 25],
    [76, 24],
    [76, 24],
    [67, 33],
    [74, 26],
    [80, 20],
    [79, 21],
    [79, 21],
    [25, 75],
    [25, 75],
    [29, 71],
    [23, 77],
    [27, 73],
    [22, 78],
    [31, 69],
    [19, 81],
    [26, 74],
    [18, 82],
    [28, 72],
    [22, 78],
    [31, 69],
    [21, 79],
    [22, 78],
    [27, 73],
    [31, 69],
    [24, 76],
    [17, 83],
    [33, 67],
    [18, 82],
    [27, 73],
    [21, 79],
    [33, 67],
    [25, 75]
  ],
  "method": "mvn_cdf",
  "mvncdf_method": "genz",
  "mvncdf_samples": 5000,
  "mvncdf_error": 1e-06,
  "cond_prob": [
    [
      [0.37084960617, 0.62915039383],
      [0.55031711891, 0.44968288109]
    ],
    [
      [0.33198008141, 0.66801991859],
      [0.50772085782, 0.49227914218]
    ],
    [
      [0.25768434609, 0.74231565391],
      [0.4185831193, 0.5814168807]
    ],
    [
      [0.23100396642, 0.76899603358],
      [0.38378837261, 0.61621162739]
    ],
    [
      [0.34657464448, 0.65342535552],
      [0.52404491548, 0.47595508452]
    ],
    [
      [0.36791799036, 0.63208200964],
      [0.54721102203, 0.45278897797]
    ],
    [
      [0.21910472048, 0.78089527952],
      [0.36778408382, 0.63221591618]
    ],
    [
      [0.39737622841, 0.60262377159],
      [0.57799826422, 0.42200173578]
    ],
    [
      [0.25270918374, 0.74729081626],
      [0.41224573352, 0.58775426648]
    ],
    [
      [0.31882331724, 0.68117668276],
      [0.49272296367, 0.50727703633]
    ],
    [
      [0.23679857998, 0.76320142002],
      [0.3915164523, 0.6084835477]
    ],
    [
      [0.25695596986, 0.74304403014],
      [0.4176966848, 0.5823033152]
    ],
    [
      [0.32055757283, 0.67944242717],
      [0.49472396856, 0.50527603144]
    ],
    [
      [0.25732428129, 0.74267571871],
      [0.41814506926, 0.58185493074]
    ],
    [
      [0.2975083759, 0.7024916241],
      [0.46771310595, 0.53228689405]
    ],
    [
      [0.21834075739, 0.78165924261],
      [0.36676280114, 0.63323719886]
    ],
    [
      [0.3244876299, 0.6755123701],
      [0.49926125255, 0.50073874745]
    ],
    [
      [0.28637836336, 0.71362163664],
      [0.45432640518, 0.54567359482]
    ],
    [
      [0.35910071637, 0.64089928363],
      [0.53773793863, 0.46226206137]
    ],
    [
      [0.23419656297, 0.76580343703],
      [0.38806522207, 0.61193477793]
    ],
    [
      [0.26510675653, 0.73489324347],
      [0.42798290254, 0.57201709746]
    ],
    [
      [0.22348039628, 0.77651960372],
      [0.37370996561, 0.62629003439]
    ],
    [
      [0.33486174669, 0.66513825331],
      [0.51101956924, 0.48898043076]
    ],
    [
      [0.24671891394, 0.75328108606],
      [0.40451267327, 0.59548732673]
    ],
    [
      [0.2831734467, 0.7168265533],
      [0.45043576661, 0.54956423339]
    ],
    [
      [0.33807242884, 0.66192757116],
      [0.5144152049, 0.4855847951]
    ],
    [
      [0.30128663778, 0.69871336222],
      [0.47205175963, 0.52794824037]
    ],
    [
      [0.28085444965, 0.71914555035],
      [0.4474236875, 0.5525763125]
    ],
    [
      [0.24815896773, 0.75184103227],
      [0.40620164718, 0.59379835282]
    ],
    [
      [0.26130839682, 0.73869160318],
      [0.42305587946, 0.57694412054]
    ],
    [
      [0.27114653667, 0.72885346333],
      [0.43540147493, 0.56459852507]
    ],
    [
      [0.23454864651, 0.76545135349],
      [0.3883922232, 0.6116077768]
    ],
    [
      [0.34695920493, 0.65304079507],
      [0.52426364723, 0.47573635277]
    ],
    [
      [0.30279784166, 0.69720215834],
      [0.47384505738, 0.52615494262]
    ],
    [
      [0.31750567164, 0.68249432836],
      [0.49101496596, 0.50898503404]
    ],
    [
      [0.27095310596, 0.72904689404],
      [0.43517866786, 0.56482133214]
    ],
    [
      [0.22419570853, 0.77580429147],
      [0.37452220082, 0.62547779918]
    ],
    [
      [0.25025719523, 0.74974280477],
      [0.40893768122, 0.59106231878]
    ],
    [
      [0.35035477994, 0.64964522006],
      [0.52800476779, 0.47199523221]
    ],
    [
      [0.33310978941, 0.66689021059],
      [0.50883401071, 0.49116598929]
    ],
    [
      [0.27803417898, 0.72196582102],
      [0.44395088588, 0.55604911412]
    ],
    [
      [0.22695531314, 0.77304468686],
      [0.37826142861, 0.62173857139]
    ],
    [
      [0.31781495279, 0.68218504721],
      [0.49139159821, 0.50860840179]
    ],
    [
      [0.28954093655, 0.71045906345],
      [0.45796269648, 0.54203730352]
    ],
    [
      [0.31365194532, 0.68634805468],
      [0.4865977451, 0.5134022549]
    ],
    [
      [0.29097622444, 0.70902377556],
      [0.45969880383, 0.54030119617]
    ],
    [
      [0.28663960036, 0.71336039964],
      [0.4544780265, 0.5455219735]
    ],
    [
      [0.31312311483, 0.68687688517],
      [0.48594327929, 0.51405672071]
    ],
    [
      [0.32296807608, 0.67703192392],
      [0.49734811109, 0.50265188891]
    ],
    [
      [0.2668897524, 0.7331102476],
      [0.43008720264, 0.56991279736]
    ]
  ],