{
  "X": [
    [42, 58],
    [46, 54],
    [34, 66],
    [28, 72],
    [37, 63],
    [31, 69],
    [43, 57],
    [40, 60],
    [38, 62],
    [33, 67],
    [36, 64],
    [30, 70],
    [38, 62],
    [42, 58],
    [34, 66],
    [39, 61],
    [24, 76],
    [36, 64],
    [37, 63],
    [40, 60],
    [29, 71],
    [41, 59],
    [36, 64],
    [48, 52],
    [44, 56],
    [19, 81],
    [17, 83],
    [19, 81],
    [26, 74],
    [24, 76],
    [25, 75],
    [18, 82],
    [15, 85],
    [17, 83],
    [19, 81],
    [15, 85],
    [20, 80],
    [18, 82],
    [19, 81],
    [17, 83],
    [19, 81],
    [13, 87],
    [17, 83],
    [18, 82],
    [16, 84],
    [17, 83],
    [27, 73],
    [18, 82],
    [20, 80],
    [16, 84]
  ],
  "W": [
    [65, 35],
    [80, 20],
    [70, 30],
    [70, 30],
    [75, 25],
    [75, 25],
    [80, 20],
    [77, 23],
    [76, 24],
    [74, 26],
    [72, 28],
    [77, 23],
    [75, 25],
    [72, 28],
    [72, 28],
    [75, 25],
    [75, 25],
    [75, 25],
    [75, 25],
    [75, 25],
    [75, 25],
    [78, 22],
    [70, 30],
    [74, 26],
    [76, 24],
    [25, 75],
    [27, 73],
    [28, 72],
    [29, 71],
    [24, 76],
    [31, 69],
    [21, 79],
    [27, 73],
    [31, 69],
    [23, 77],
    [28, 72],
    [21, 79],
    [26, 74],
    [25, 75],
    [23, 77],
    [21, 79],
    [17, 83],
    [24, 76],
    [33, 67],
    [24, 76],
    [17, 83],
    [33, 67],
    [26, 74],
    [25, 75],
    [33, 67]
  ],
  "method": "mvn_cdf",
  "mvncdf_method": "genz",
  "mvncdf_samples": 5000,
  "mvncdf_error": 1e-06,
  "cond_prob": [
    [
      [0.57512844261, 0.42487155739],
      [0.1377741551, 0.8622258449]
    ],
    [
      [0.54486692783, 0.45513307217],
      [0.12420345836, 0.87579654164]
    ],
    [
      [0.44701758868, 0.55298241132],
      [0.087521383777, 0.91247861622]
    ],
    [
      [0.37387004375, 0.62612995625],
      [0.066314620216, 0.93368537978]
    ],
    [
      [0.46155259736, 0.53844740264],
      [0.092339076125, 0.90766092387]
    ],
    [
      [0.39054215464, 0.60945784536],
      [0.070826602857, 0.92917339714]
    ],
    [
      [0.51000237833, 0.48999762167],
      [0.10986774383, 0.89013225617]
    ],
    [
      [0.48850302332, 0.51149697668],
      [0.1017556736, 0.8982443264]
    ],
    [
      [0.46912050214, 0.53087949786],
      [0.094911817225, 0.90508818278]
    ],
    [
      [0.41784490881, 0.58215509119],
      [0.078589171683, 0.92141082832]
    ],
    [
      [0.46282627118, 0.53717372882],
      [0.092730073914, 0.90726992609]
    ],
    [
      [0.37207024765, 0.62792975235],
      [0.065894805214, 0.93410519479]
    ],
    [
      [0.47362348735, 0.52637651265],
      [0.096451083896, 0.9035489161]
    ],
    [
      [0.53719157501, 0.46280842499],
      [0.12077291763, 0.87922708237]
    ],
    [
      [0.43824039554, 0.56175960446],
      [0.084765982291, 0.91523401771]
    ],
    [
      [0.48572529776, 0.51427470224],
      [0.1007258872, 0.8992741128]
    ],
    [
      [0.31335567606, 0.68664432394],
      [0.051620230184, 0.94837976982]
    ],
    [
      [0.44952662068, 0.55047337932],
      [0.088385225451, 0.91161477455]
    ],
    [
      [0.46155259736, 0.53844740264],
      [0.092339076125, 0.90766092387]
    ],
    [
      [0.49784389118, 0.50215610882],
      [0.10516810762, 0.89483189238]
    ],
    [
      [0.3677188085, 0.6322811915],
      [0.064749911598, 0.9352500884]
    ],
    [
      [0.49577941367, 0.50422058633],
      [0.10443989972, 0.89556010028]
    ],
    [
      [0.47209014293, 0.52790985707],
      [0.095856694522, 0.90414330548]
    ],
    [
      [0.59905510075, 0.40094489925],
      [0.1500363463, 0.8499636537]
    ],
    [
      [0.54115214796, 0.45884785204],
      [0.12253128528, 0.87746871472]
    ],
    [
      [0.46925723192, 0.53074276808],
      [0.093956146987, 0.90604385301]
    ],
    [
      [0.41635997268, 0.58364002732],
      [0.077456160218, 0.92254383978]
    ],
    [
      [0.44783059457, 0.55216940543],
      [0.087034053692, 0.91296594631]
    ],
    [
      [0.57365576424, 0.42634423576],
      [0.13586591333, 0.86413408667]
    ],
    [
      [0.57775224177, 0.42224775823],
      [0.13756276332, 0.86243723668]
    ],
    [
      [0.53911180599, 0.46088819401],
      [0.12051113881, 0.87948886119]
    ],
    [
      [0.47962124971, 0.52037875029],
      [0.097363622531, 0.90263637747]
    ],
    [
      [0.37893545588, 0.62106454412],
      [0.067120269105, 0.9328797309]
    ],
    [
      [0.39216555649, 0.60783444351],
      [0.070735021316, 0.92926497868]
    ],
    [
      [0.48457525015, 0.51542474985],
      [0.099172911163, 0.90082708884]
    ],
    [
      [0.37327993612, 0.62672006388],
      [0.065663513814, 0.93433648619]
    ],
    [
      [0.52191652114, 0.47808347886],
      [0.11305681064, 0.88694318936]
    ],
    [
      [0.44230420372, 0.55769579628],
      [0.085240311927, 0.91475968807]
    ],
    [
      [0.46925723192, 0.53074276808],
      [0.093956146987, 0.90604385301]
    ],
    [
      [0.44362792141, 0.55637207859],
      [0.085567579184, 0.91443242082]
    ],
    [
      [0.50077016703, 0.49922983297],
      [0.10495154386, 0.89504845614]
    ],
    [
      [0.40287785803, 0.59712214197],
      [0.073363901512, 0.92663609849]
    ],
    [
      [0.43650018069, 0.56349981931],
      [0.08338895426, 0.91661104574]
    ],
    [
      [0.39836606304, 0.60163393696],
      [0.07247600141, 0.92752399859]
    ],
    [
      [0.41662270238, 0.58337729762],
      [0.077459280023, 0.92254071998]
    ],
    [
      [0.49121724763, 0.50878275237],
      [0.10129335509, 0.89870664491]
    ],
    [
      [0.560016127, 0.439983873],
      [0.12972323642, 0.87027676358]
    ],
    [
      [0.44230420372, 0.55769579628],
      [0.085240311927, 0.91475968807]
    ],
    [
      [0.48927280629, 0.51072719371],
      [0.10091631577, 0.89908368423]
    ],
    [
      [0.36412502762, 0.63587497238],
      [0.06340010315, 0.93659989685]
    ]
  ],