{
  "X": [
    [96, 4],
    [96, 4],
    [95, 5],
    [97, 3],
    [93, 7],
    [92, 8],
    [97, 3],
    [97, 3],
    [93, 7],
    [94, 6],
    [97, 3],
    [96, 4],
    [97, 3],
    [96, 4],
    [95, 5],
    [96, 4],
    [97, 3],
    [94, 6],
    [99, 1],
    [96, 4],
    [95, 5],
    [99, 1],
    [95, 5],
    [94, 6],
    [99, 1],
    [95, 5],
    [97, 3],
    [98, 2],
    [96, 4],
    [96, 4],
    [93, 7],
    [94, 6],
    [95, 5],
    [99, 1],
    [98, 2],
    [96, 4],
    [97, 3],
    [97, 3],
    [96, 4],
    [94, 6],
    [97, 3],
    [96, 4],
    [97, 3],
    [96, 4],
    [97, 3],
    [95, 5],
    [98, 2],
    [97, 3],
    [97, 3],
    [95, 5]
  ],
  "W": [
    [78, 22],
    [78, 22],
    [77, 23],
    [72, 28],
    [75, 25],
    [76, 24],
    [67, 33],
    [73, 27],
    [71, 29],
    [70, 30],
    [76, 24],
    [68, 32],
    [72, 28],
    [69, 31],
    [82, 18],
    [81, 19],
    [71, 29],
    [74, 26],
    [78, 22],
    [74, 26],
    [78, 22],
    [76, 24],
    [79, 21],
    [77, 23],
    [79, 21],
    [29, 71],
    [23, 77],
    [33, 67],
    [24, 76],
    [27, 73],
    [23, 77],
    [25, 75],
    [24, 76],
    [25, 75],
    [25, 75],
    [31, 69],
    [25, 75],
    [21, 79],
    [23, 77],
    [23, 77],
    [28, 72],
    [29, 71],
    [23, 77],
    [33, 67],
    [21, 79],
    [23, 77],
    [24, 76],
    [25, 75],
    [20, 80],
    [22, 78]
  ],
  "method": "mvn_cdf",
  "mvncdf_method": "genz",
  "mvncdf_samples": 5000,
  "mvncdf_error": 1e-06,
  "cond_prob": [
    [
      [0.96313625427, 0.036863745726],
      [0.96840054693, 0.031599453066]
    ],
    [
      [0.96313625427, 0.036863745726],
      [0.96840054693, 0.031599453066]
    ],
    [
      [0.95277126572, 0.047228734279],
      [0.95946740472, 0.040532595285]
    ],
    [
      [0.97108259321, 0.028917406786],
      [0.97523310962, 0.024766890381]
    ],
    [
      [0.92307820253, 0.076921797468],
      [0.93373625461, 0.066263745391]
    ],
    [
      [0.90287206386, 0.097127936135],
      [0.91610233508, 0.083897664915]
    ],
    [
      [0.9709416164, 0.029058383603],
      [0.97511218845, 0.024887811552]
    ],
    [
      [0.97111047379, 0.028889526209],
      [0.97525702372, 0.024742976276]
    ],
    [
      [0.92238357395, 0.077616426046],
      [0.93313259367, 0.066867406329]
    ],
    [
      [0.93892280207, 0.061077197932],
      [0.94749389213, 0.052506107868]
    ],
    [
      [0.97119349619, 0.02880650381],
      [0.97532823457, 0.02467176543]
    ],
    [
      [0.96265302988, 0.037346970123],
      [0.96798520118, 0.03201479882]
    ],
    [
      [0.97108259321, 0.028917406786],
      [0.97523310962, 0.024766890381]
    ],
    [
      [0.96270223766, 0.037297762335],
      [0.96802749806, 0.031972501944]
    ],
    [
      [0.95314836653, 0.046851633466],
      [0.95979240075, 0.040207599245]
    ],
    [
      [0.96327747325, 0.036722526751],
      [0.96852192342, 0.031478076577]
    ],
    [
      [0.97105460847, 0.028945391528],
      [0.97520910613, 0.024790893872]
    ],
    [
      [0.93939816255, 0.060601837447],
      [0.94790509994, 0.052094900062]
    ],
    [
      [0.982603393, 0.017396606999],
      [0.98511500043, 0.014884999574]
    ],
    [
      [0.96294530254, 0.037054697461],
      [0.96823642167, 0.031763578329]
    ],
    [
      [0.95284733461, 0.047152665394],
      [0.95953296489, 0.04046703511]
    ],
    [
      [0.98259424766, 0.017405752343],
      [0.98510717717, 0.014892822831]
    ],
    [
      [0.95292307715, 0.047076922851],
      [0.95959824286, 0.040401757139]
    ],
    [
      [0.93974897836, 0.060251021644],
      [0.94820854325, 0.051791456747]
    ],
    [
      [0.98260794491, 0.017392055089],
      [0.98511889431, 0.014881105687]
    ],
    [
      [0.94869290571, 0.051307094292],
      [0.95595105355, 0.044048946446]
    ],
    [
      [0.96957663173, 0.03042336827],
      [0.97394133275, 0.026058667246]
    ],
    [
      [0.97695478063, 0.023045219372],
      [0.98027404396, 0.019725956039]
    ],
    [
      [0.96027058626, 0.039729413743],
      [0.96593699373, 0.034063006274]
    ],
    [
      [0.96044772703, 0.039552272974],
      [0.96608930789, 0.033910692107]
    ],
    [
      [0.91286610169, 0.087133898311],
      [0.92485113607, 0.075148863925]
    ],
    [
      [0.93290173457, 0.067098265435],
      [0.94228161094, 0.057718389059]
    ],
    [
      [0.94821406499, 0.051785935013],
      [0.95553801538, 0.044461984624]
    ],
    [
      [0.98234067574, 0.017659324255],
      [0.98489028266, 0.015109717343]
    ],
    [
      [0.97682535573, 0.023174644267],
      [0.98016321247, 0.019836787534]
    ],
    [
      [0.96068030827, 0.039319691732],
      [0.96628928636, 0.033710713636]
    ],
    [
      [0.96964397424, 0.030356025759],
      [0.97399910024, 0.026000899765]
    ],
    [
      [0.9695087384, 0.030491261601],
      [0.97388309251, 0.026116907495]
    ],
    [
      [0.96021101536, 0.039788984642],
      [0.96588577089, 0.034114229106]
    ],
    [
      [0.93260194691, 0.067398053095],
      [0.94202190726, 0.057978092738]
    ],
    [
      [0.96974396941, 0.030256030587],
      [0.97408487721, 0.025915122791]
    ],
    [
      [0.96056452744, 0.03943547256],
      [0.96618973632, 0.033810263678]
    ],
    [
      [0.96957663173, 0.03042336827],
      [0.97394133275, 0.026058667246]
    ],
    [
      [0.96079508227, 0.039204917735],
      [0.96638796903, 0.033612030966]
    ],
    [
      [0.9695087384, 0.030491261601],
      [0.97388309251, 0.026116907495]
    ],
    [
      [0.94811692453, 0.051883075468],
      [0.95545421927, 0.044545780727]
    ],
    [
      [0.97680890911, 0.023191090892],
      [0.9801491287, 0.019850871303]
    ],
    [
      [0.96964397424, 0.030356025759],
      [0.97399910024, 0.026000899765]
    ],
    [
      [0.96947458312, 0.030525416883],
      [0.97385379332, 0.026146206676]
    ],
    [
      [0.94801931941, 0.051980680585],
      [0.95537002073, 0.044629979274]
    ]
  ],