{
  "X": [
    [60, 40],
    [67, 33],
    [70, 30],
    [51, 49],
    [69, 31],
    [65, 35],
    [66, 34],
    [64, 36],
    [64, 36],
    [64, 36],
    [62, 38],
    [65, 35],
    [53, 47],
    [63, 37],
    [63, 37],
    [57, 43],
    [57, 43],
    [69, 31],
    [64, 36],
    [66, 34],
    [60, 40],
    [69, 31],
    [65, 35],
    [56, 44],
    [63, 37],
    [35, 65],
    [34, 66],
    [25, 75],
    [29, 71],
    [25, 75],
    [27, 73],
    [20, 80],
    [33, 67],
    [25, 75],
    [30, 70],
    [29, 71],
    [21, 79],
    [29, 71],
    [30, 70],
    [33, 67],
    [28, 72],
    [25, 75],
    [28, 72],
    [26, 74],
    [36, 64],
    [33, 67],
    [25, 75],
    [39, 61],
    [35, 65],
    [36, 64]
  ],
  "W": [
    [69, 31],
    [79, 21],
    [77, 23],
    [63, 37],
    [76, 24],
    [73, 27],
    [79, 21],
    [78, 22],
    [77, 23],
    [69, 31],
    [73, 27],
    [79, 21],
    [65, 35],
    [71, 29],
    [76, 24],
    [75, 25],
    [75, 25],
    [73, 27],
    [80, 20],
    [79, 21],
    [77, 23],
    [78, 22],
    [81, 19],
    [66, 34],
    [72, 28],
    [29, 71],
    [24, 76],
    [25, 75],
    [22, 78],
    [19, 81],
    [24, 76],
    [17, 83],
    [28, 72],
    [25, 75],
    [25, 75],
    [29, 71],
    [19, 81],
    [27, 73],
    [23, 77],
    [28, 72],
    [20, 80],
    [22, 78],
    [31, 69],
    [23, 77],
    [27, 73],
    [29, 71],
    [25, 75],
    [32, 68],
    [32, 68],
    [35, 65]
  ],
  "method": "mvn_cdf",
  "mvncdf_method": "genz",
  "mvncdf_samples": 5000,
  "mvncdf_error": 1e-06,
  "cond_prob": [
    [
      [0.81691751273, 0.18308248727],
      [0.12145446196, 0.87854553804]
    ],
    [
      [0.81787706388, 0.18212293612],
      [0.12233027816, 0.87766972184]
    ],
    [
      [0.8588698839, 0.1411301161],
      [0.15867840686, 0.84132159314]
    ],
    [
      [0.75780165493, 0.24219834507],
      [0.088391397075, 0.91160860293]
    ],
    [
      [0.85637970417, 0.14362029583],
      [0.15596102564, 0.84403897436]
    ],
    [
      [0.83930535622, 0.16069464378],
      [0.13929990392, 0.86070009608]
    ],
    [
      [0.80739655865, 0.19260344135],
      [0.11515378699, 0.88484621301]
    ],
    [
      [0.79289749661, 0.20710250339],
      [0.10624452362, 0.89375547638]
    ],
    [
      [0.8005633683, 0.1994366317],
      [0.11079035253, 0.88920964747]
    ],
    [
      [0.85586571594, 0.14413428406],
      [0.15524592275, 0.84475407725]
    ],
    [
      [0.80875265298, 0.19124734702],
      [0.11593722636, 0.88406277364]
    ],
    [
      [0.79646303725, 0.20353696275],
      [0.10834632314, 0.89165367686]
    ],
    [
      [0.76642851414, 0.23357148586],
      [0.09231793634, 0.90768206366]
    ],
    [
      [0.83346368378, 0.16653631622],
      [0.13423580261, 0.86576419739]
    ],
    [
      [0.79704054533, 0.20295945467],
      [0.10864025498, 0.89135974502]
    ],
    [
      [0.73036967369, 0.26963032631],
      [0.077635142016, 0.92236485798]
    ],
    [
      [0.73036967369, 0.26963032631],
      [0.077635142016, 0.92236485798]
    ],
    [
      [0.87375807901, 0.12624192099],
      [0.17644438055, 0.82355561945]
    ],
    [
      [0.77709700002, 0.22290299998],
      [0.097733545867, 0.90226645413]
    ],
    [
      [0.80739655865, 0.19260344135],
      [0.11515378699, 0.88484621301]
    ],
    [
      [0.75257804799, 0.24742195201],
      [0.086345626857, 0.91365437314]
    ],
    [
      [0.84395805451, 0.15604194549],
      [0.14363204144, 0.85636795856]
    ],
    [
      [0.78089019106, 0.21910980894],
      [0.099701585101, 0.9002984149]
    ],
    [
      [0.79515600402, 0.20484399598],
      [0.10735277834, 0.89264722166]
    ],
    [
      [0.82651957341, 0.17348042659],
      [0.12865907836, 0.87134092164]
    ],
    [
      [0.84767865569, 0.15232134431],
      [0.14585684036, 0.85414315964]
    ],
    [
      [0.87353076769, 0.12646923231],
      [0.17454626524, 0.82545373476]
    ],
    [
      [0.75040930962, 0.24959069038],
      [0.084596056657, 0.91540394334]
    ],
    [
      [0.8351296573, 0.1648703427],
      [0.13435376317, 0.86564623683]
    ],
    [
      [0.81069196685, 0.18930803315],
      [0.11598906042, 0.88401093958]
    ],
    [
      [0.79091356811, 0.20908643189],
      [0.10403956799, 0.89596043201]
    ],
    [
      [0.75633221889, 0.24366778111],
      [0.086916780255, 0.91308321975]
    ],
    [
      [0.83297728993, 0.16702271007],
      [0.13274770016, 0.86725229984]
    ],
    [
      [0.75040930962, 0.24959069038],
      [0.084596056657, 0.91540394334]
    ],
    [
      [0.821848508, 0.178151492],
      [0.12397950034, 0.87602049966]
    ],
    [
      [0.77062922921, 0.22937077079],
      [0.093647751668, 0.90635224833]
    ],
    [
      [0.75072470126, 0.24927529874],
      [0.084603429318, 0.91539657068]
    ],
    [
      [0.79026905674, 0.20973094326],
      [0.1037513463, 0.8962486537]
    ],
    [
      [0.83869885384, 0.16130114616],
      [0.13744268267, 0.86255731733]
    ],
    [
      [0.83297728993, 0.16702271007],
      [0.13274770016, 0.86725229984]
    ],
    [
      [0.83983535159, 0.16016464841],
      [0.13834111, 0.86165889]
    ],
    [
      [0.78163659032, 0.21836340968],
      [0.098979306238, 0.90102069376]
    ],
    [
      [0.73415946314, 0.26584053686],
      [0.078379178889, 0.92162082111]
    ],
    [
      [0.78633286429, 0.21366713571],
      [0.10149293504, 0.89850706496]
    ],
    [
      [0.87220226999, 0.12779773001],
      [0.17295248358, 0.82704751642]
    ],
    [
      [0.82466717078, 0.17533282922],
      [0.12620425002, 0.87379574998]
    ],
    [
      [0.75040930962, 0.24959069038],
      [0.084596056657, 0.91540394334]
    ],
    [
      [0.86687986495, 0.13312013505],
      [0.16655359249, 0.83344640751]
    ],
    [
      [0.82370115046, 0.17629884954],
      [0.12555736594, 0.87444263406]
    ],
    [
      [0.81049129336, 0.18950870664],
      [0.11628130004, 0.88371869996]
    ]
  ],