{
  "X": [
    [79, 21],
    [77, 23],
    [79, 21],
    [82, 18],
    [79, 21],
    [76, 24],
    [77, 23],
    [78, 22],
    [87, 13],
    [80, 20],
    [73, 27],
    [83, 17],
    [82, 18],
    [83, 17],
    [73, 27],
    [80, 20],
    [80, 20],
    [78, 22],
    [78, 22],
    [81, 19],
    [77, 23],
    [79, 21],
    [80, 20],
    [78, 22],
    [82, 18],
    [74, 26],
    [71, 29],
    [72, 28],
    [76, 24],
    [76, 24],
    [80, 20],
    [72, 28],
    [71, 29],
    [68, 32],
    [73, 27],
    [70, 30],
    [71, 29],
    [75, 25],
    [75, 25],
    [75, 25],
    [75, 25],
    [72, 28],
    [76, 24],
    [65, 35],
    [72, 28],
    [73, 27],
    [78, 22],
    [75, 25],
    [76, 24],
    [78, 22]
  ],
  "W": [
    [75, 25],
    [72, 28],
    [76, 24],
    [70, 30],
    [70, 30],
    [86, 14],
    [86, 14],
    [78, 22],
    [78, 22],
    [79, 21],
    [74, 26],
    [80, 20],
    [80, 20],
    [81, 19],
    [67, 33],
    [70, 30],
    [82, 18],
    [65, 35],
    [75, 25],
    [77, 23],
    [75, 25],
    [76, 24],
    [72, 28],
    [72, 28],
    [81, 19],
    [24, 76],
    [23, 77],
    [17, 83],
    [19, 81],
    [26, 74],
    [24, 76],
    [19, 81],
    [24, 76],
    [29, 71],
    [25, 75],
    [20, 80],
    [23, 77],
    [35, 65],
    [24, 76],
    [24, 76],
    [20, 80],
    [27, 73],
    [24, 76],
    [27, 73],
    [26, 74],
    [22, 78],
    [19, 81],
    [29, 71],
    [24, 76],
    [29, 71]
  ],
  "method": "mvn_cdf",
  "mvncdf_method": "genz",
  "mvncdf_samples": 5000,
  "mvncdf_error": 1e-06,
  "cond_prob": [
    [
      [0.81957652892, 0.18042347108],
      [0.71267187453, 0.28732812547]
    ],
    [
      [0.80388212477, 0.19611787523],
      [0.69112102528, 0.30887897472]
    ],
    [
      [0.81860840769, 0.18139159231],
      [0.71132278848, 0.28867721152]
    ],
    [
      [0.84907243879, 0.15092756121],
      [0.75456389796, 0.24543610204]
    ],
    [
      [0.82425990317, 0.17574009683],
      [0.71922411019, 0.28077588981]
    ],
    [
      [0.77672083028, 0.22327916972],
      [0.65483187476, 0.34516812524]
    ],
    [
      [0.78764354376, 0.21235645624],
      [0.66922908039, 0.33077091961]
    ],
    [
      [0.80712271508, 0.19287728492],
      [0.69550404531, 0.30449595469]
    ],
    [
      [0.87998915487, 0.12001084513],
      [0.80040991072, 0.19959008928]
    ],
    [
      [0.82485776418, 0.17514223582],
      [0.72002044486, 0.27997955514]
    ],
    [
      [0.75973130667, 0.24026869333],
      [0.63294864976, 0.36705135024]
    ],
    [
      [0.84959154439, 0.15040845561],
      [0.75527977597, 0.24472022403]
    ],
    [
      [0.84139422032, 0.15860577968],
      [0.74345187078, 0.25654812922]
    ],
    [
      [0.8488389979, 0.1511610021],
      [0.75418413117, 0.24581586883]
    ],
    [
      [0.76925588623, 0.23074411377],
      [0.64523485788, 0.35476514212]
    ],
    [
      [0.8328693694, 0.1671306306],
      [0.73134259239, 0.26865740761]
    ],
    [
      [0.82200331697, 0.17799668303],
      [0.71601716729, 0.28398283271]
    ],
    [
      [0.82006684794, 0.17993315206],
      [0.71339833951, 0.28660166049]
    ],
    [
      [0.81027653871, 0.18972346129],
      [0.69983420495, 0.30016579505]
    ],
    [
      [0.83542534552, 0.16457465448],
      [0.73494057018, 0.26505942982]
    ],
    [
      [0.80061378185, 0.19938621815],
      [0.686675103, 0.313324897]
    ],
    [
      [0.81860840769, 0.18139159231],
      [0.71132278848, 0.28867721152]
    ],
    [
      [0.83115705674, 0.16884294326],
      [0.72891199078, 0.27108800922]
    ],
    [
      [0.8133269475, 0.1866730525],
      [0.70404054431, 0.29595945569]
    ],
    [
      [0.84057855784, 0.15942144216],
      [0.74227849784, 0.25772150216]
    ],
    [
      [0.82253296526, 0.17746703474],
      [0.71698674144, 0.28301325856]
    ],
    [
      [0.79936357943, 0.20063642057],
      [0.68521688759, 0.31478311241]
    ],
    [
      [0.81282248985, 0.18717751015],
      [0.70356615025, 0.29643384975]
    ],
    [
      [0.84075375017, 0.15924624983],
      [0.7427414545, 0.2572585455]
    ],
    [
      [0.83589765306, 0.16410234694],
      [0.7357945566, 0.2642054434]
    ],
    [
      [0.86389303348, 0.13610696652],
      [0.77641531048, 0.22358468952]
    ],
    [
      [0.81111795103, 0.18888204897],
      [0.70121876375, 0.29878123625]
    ],
    [
      [0.79841267471, 0.20158732529],
      [0.68393132799, 0.31606867201]
    ],
    [
      [0.76615470509, 0.23384529491],
      [0.64142644113, 0.35857355887]
    ],
    [
      [0.81390098603, 0.18609901397],
      [0.7050226495, 0.2949773505]
    ],
    [
      [0.79381562718, 0.20618437282],
      [0.67777434827, 0.32222565173]
    ],
    [
      [0.79936357943, 0.20063642057],
      [0.68521688759, 0.31478311241]
    ],
    [
      [0.8213535477, 0.1786464523],
      [0.71530603621, 0.28469396379]
    ],
    [
      [0.83005314049, 0.16994685951],
      [0.72752842472, 0.27247157528]
    ],
    [
      [0.83005314049, 0.16994685951],
      [0.72752842472, 0.27247157528]
    ],
    [
      [0.8329983753, 0.1670016247],
      [0.73170038125, 0.26829961875]
    ],
    [
      [0.80397154188, 0.19602845812],
      [0.69143784176, 0.30856215824]
    ],
    [
      [0.83731768818, 0.16268231182],
      [0.73782105121, 0.26217894879]
    ],
    [
      [0.73908577351, 0.26091422649],
      [0.60722531405, 0.39277468595]
    ],
    [
      [0.80489464595, 0.19510535405],
      [0.69269576397, 0.30730423603]
    ],
    [
      [0.81643695367, 0.18356304633],
      [0.70853149341, 0.29146850659]
    ],
    [
      [0.85409990905, 0.14590009095],
      [0.76203091161, 0.23796908839]
    ],
    [
      [0.82621210074, 0.17378789926],
      [0.72211353565, 0.27788646435]
    ],
    [
      [0.83731768818, 0.16268231182],
      [0.73782105121, 0.26217894879]
    ],
    [
      [0.84794444372, 0.15205555628],
      [0.75306042228, 0.24693957772]
    ]
  ],