{
  "X": [
    [34, 8, 0, 35, 23],
    [28, 9, 1, 30, 32],
    [28, 7, 1, 43, 21],
    [31, 10, 3, 38, 18],
    [23, 8, 3, 37, 29],
    [22, 8, 2, 40, 28],
    [26, 10, 2, 45, 17],
    [29, 5, 3, 38, 25],
    [27, 6, 3, 42, 22],
    [28, 5, 2, 37, 28],
    [28, 6, 3, 41, 22],
    [23, 13, 2, 45, 17],
    [40, 6, 1, 42, 11],
    [39, 8, 5, 33, 15],
    [19, 9, 5, 44, 23],
    [28, 9, 1, 40, 22],
    [25, 9, 0, 49, 17],
    [17, 9, 2, 51, 21],
    [24, 10, 0, 45, 21],
    [26, 9, 3, 44, 18],
    [27, 7, 1, 47, 18],
    [29, 10, 3, 43, 15],
    [28, 11, 1, 41, 19],
    [32, 6, 0, 43, 19],
    [30, 7, 1, 47, 15],
    [38, 14, 4, 32, 12],
    [29, 13, 10, 29, 19],
    [40, 15, 3, 27, 15],
    [34, 16, 4, 34, 12],
    [35, 15, 2, 25, 23],
    [40, 11, 1, 31, 17],
    [32, 13, 6, 35, 14],
    [31, 14, 4, 30, 21],
    [37, 13, 9, 25, 16],
    [28, 12, 11, 33, 16],
    [31, 17, 4, 31, 17],
    [41, 12, 5, 28, 14],
    [32, 14, 8, 32, 14],
    [32, 14, 10, 37, 7],
    [41, 17, 2, 18, 22],
    [29, 14, 9, 31, 17],
    [39, 11, 2, 31, 17],
    [31, 19, 6, 29, 15],
    [42, 17, 3, 23, 15],
    [38, 11, 3, 29, 19],
    [38, 6, 7, 32, 17],
    [34, 17, 5, 26, 18],
    [34, 13, 4, 33, 16],
    [36, 14, 3, 28, 19],
    [46, 11, 5, 28, 10]
  ],
  "W": [
    [76, 24],
    [67, 33],
    [72, 28],
    [74, 26],
    [78, 22],
    [77, 23],
    [78, 22],
    [67, 33],
    [76, 24],
    [73, 27],
    [76, 24],
    [74, 26],
    [64, 36],
    [77, 23],
    [71, 29],
    [76, 24],
    [83, 17],
    [83, 17],
    [81, 19],
    [78, 22],
    [77, 23],
    [77, 23],
    [84, 16],
    [77, 23],
    [79, 21],
    [19, 81],
    [20, 80],
    [26, 74],
    [22, 78],
    [30, 70],
    [24, 76],
    [22, 78],
    [30, 70],
    [16, 84],
    [30, 70],
    [20, 80],
    [26, 74],
    [18, 82],
    [24, 76],
    [29, 71],
    [21, 79],
    [22, 78],
    [21, 79],
    [28, 72],
    [24, 76],
    [27, 73],
    [26, 74],
    [25, 75],
    [29, 71],
    [26, 74]
  ],
  "method": "mult",
  "cond_prob": [
    [
      [0.29397452309, 0.057113901748, 0, 0.39591796537, 0.25299360979],
      [0.48591098077, 0.15326822623, 0, 0.20411886251, 0.15670193049]
    ],
    [
      [0.22735612994, 0.057256706606, 0.0022100345634, 0.35225798231, 0.36091914658],
      [0.3913351826, 0.15986178725, 0.026870513032, 0.18911525428, 0.23281726283]
    ],
    [
      [0.23228817365, 0.046798867971, 0.0024905131814, 0.48793407392, 0.23048837127],
      [0.41153050606, 0.13455198561, 0.031262901531, 0.26962905322, 0.15302555359]
    ],
    [
      [0.27125753037, 0.071363196309, 0.0082329218076, 0.44480356528, 0.20434278623],
      [0.41048116228, 0.17528905772, 0.088404366455, 0.20994766203, 0.11587775152]
    ],
    [
      [0.20132229932, 0.058564304167, 0.0090745291914, 0.41439309123, 0.31664577609],
      [0.33060385687, 0.15617511273, 0.10611847426, 0.21225494307, 0.19484761308]
    ],
    [
      [0.18908877312, 0.057135827944, 0.0057904054559, 0.44481553987, 0.3031694536],
      [0.32861941228, 0.16123092608, 0.071592001015, 0.24112245868, 0.19743520194]
    ],
    [
      [0.22839290564, 0.073466308207, 0.0060712491943, 0.50578798888, 0.18628154808],
      [0.36927283201, 0.19289269037, 0.069902654406, 0.25507185002, 0.1128599732]
    ],
    [
      [0.23498794423, 0.031743353538, 0.0066163621387, 0.44526866382, 0.28138367628],
      [0.40686993096, 0.089153601767, 0.080921504257, 0.24046708407, 0.18258787894]
    ],
    [
      [0.23300625187, 0.042753938261, 0.0085085316096, 0.47419774814, 0.24153353012],
      [0.38749594872, 0.11543539688, 0.10057400468, 0.24597444606, 0.15052020366]
    ],
    [
      [0.23450667352, 0.0339473888, 0.0051379193168, 0.41917244437, 0.30723557399],
      [0.41003850359, 0.096338453382, 0.063699262025, 0.22860898112, 0.20131479989]
    ],
    [
      [0.24228071576, 0.042867991183, 0.0085312294694, 0.4641422044, 0.24217785918],
      [0.39846264367, 0.11446301441, 0.099726808751, 0.23809525261, 0.14925228056]
    ],
    [
      [0.19745500662, 0.09102021359, 0.0053849656345, 0.51679390288, 0.18934591127],
      [0.32077370548, 0.24001453685, 0.062075731298, 0.26186614045, 0.11526988592]
    ],
    [
      [0.32410466099, 0.037491502811, 0.0020930085465, 0.50885191782, 0.12745890983],
      [0.53469728201, 0.10030467745, 0.024354369395, 0.26183622192, 0.078807449217]
    ],
    [
      [0.35804628768, 0.061029530654, 0.015462527629, 0.39198135036, 0.17348030369],
      [0.47460067884, 0.13135347382, 0.14581349651, 0.16206335534, 0.086168995499]
    ],
    [
      [0.15930921458, 0.060460255238, 0.012326278155, 0.51026316269, 0.25764108933],
      [0.26533697192, 0.16340441631, 0.1453647544, 0.26508238524, 0.16081147213]
    ],
    [
      [0.24121311431, 0.064018642331, 0.0028312123022, 0.45082632009, 0.24111071096],
      [0.40455534147, 0.17431981874, 0.033750560903, 0.23583985454, 0.15153442433]
    ],
    [
      [0.2226698467, 0.069366008399, 0, 0.52819330271, 0.1797708422],
      [0.3923774704, 0.19862192752, 0, 0.29030563862, 0.11869496346]
    ],
    [
      [0.15145911638, 0.069385991749, 0.0071104641063, 0.54991058873, 0.22213383903],
      [0.26576540684, 0.19783934572, 0.089385420158, 0.30096434092, 0.14604548637]
    ],
    [
      [0.21116989298, 0.075079035178, 0, 0.48998469718, 0.22376637466],
      [0.37059592205, 0.21404759173, 0, 0.26821046658, 0.14714601965]
    ],
    [
      [0.22944675486, 0.066424766417, 0.0091488946755, 0.49683019748, 0.19814938657],
      [0.36323134426, 0.17076318275, 0.10313851816, 0.24532321958, 0.11754373525]
    ],
    [
      [0.23148352284, 0.049868905175, 0.0028879670577, 0.52135203551, 0.19440756941],
      [0.40720659111, 0.14244161942, 0.036142235098, 0.2860592733, 0.12815028107]
    ],
    [
      [0.25697610882, 0.073632615218, 0.0089547181634, 0.49299226239, 0.16744429541],
      [0.39128087986, 0.18204487468, 0.097000920375, 0.23413493677, 0.095538388322]
    ],
    [
      [0.25592939804, 0.087632779029, 0.0037681148768, 0.44851909316, 0.2041506149],
      [0.39878779598, 0.22191471838, 0.042127218383, 0.21798156867, 0.11918869859]
    ],
    [
      [0.27454707243, 0.042775349238, 0, 0.47732281256, 0.20535476578],
      [0.48180021543, 0.12188663564, 0, 0.26127184099, 0.13504130794]
    ],
    [
      [0.26258729816, 0.051580243523, 0.0031061108615, 0.52055416421, 0.16217218325],
      [0.44383336231, 0.1415938257, 0.037425341472, 0.27443541792, 0.1027120526]
    ],
    [
      [0.24542339187, 0.058709785671, 0.0041490040829, 0.52047717574, 0.17124064263],
      [0.41198809285, 0.15945165201, 0.048631081669, 0.27220651463, 0.10772265884]
    ],
    [
      [0.18979674959, 0.05540196539, 0.010583235802, 0.47214548095, 0.27207256826],
      [0.31506781466, 0.1488005323, 0.12268215032, 0.24419630004, 0.16925320269]
    ],
    [
      [0.27805238812, 0.069119781496, 0.0035219792044, 0.43413355734, 0.21517229383],
      [0.4410352034, 0.17742053134, 0.039037740779, 0.21459855349, 0.12790797099]
    ],
    [
      [0.22161112982, 0.068304371072, 0.004275557169, 0.53798866506, 0.16782027688],
      [0.37401529553, 0.18652607252, 0.050400429804, 0.28291573235, 0.1061424698]
    ],
    [
      [0.2393849294, 0.068872598959, 0.0023839671291, 0.37708961695, 0.31226888756],
      [0.39758827362, 0.18514177412, 0.027683371201, 0.19520974697, 0.19437683408]
    ],
    [
      [0.2553651845, 0.046269414411, 0.0010622060715, 0.46893739315, 0.22836580187],
      [0.44850484532, 0.13149915877, 0.013033439563, 0.25665087528, 0.15031168106]
    ],
    [
      [0.20446783074, 0.054404425272, 0.006287041646, 0.54290596478, 0.19193473756],
      [0.35405476413, 0.15243087183, 0.076038845995, 0.29292486855, 0.1245506495]
    ],
    [
      [0.20813488532, 0.063101207683, 0.004680418437, 0.44420172763, 0.27988176093],
      [0.35497466459, 0.17418523499, 0.055810911171, 0.2361309344, 0.17889825486]
    ],
    [
      [0.24909716128, 0.056353461737, 0.00953891884, 0.43989358397, 0.24511687418],
