{
  "X": [
    [17, 7, 26, 16, 34],
    [13, 9, 22, 15, 41],
    [17, 6, 31, 16, 30],
    [17, 5, 28, 17, 33],
    [21, 7, 29, 14, 29],
    [21, 5, 26, 21, 27],
    [21, 3, 31, 13, 32],
    [28, 4, 23, 17, 28],
    [26, 8, 23, 8, 35],
    [20, 4, 22, 16, 38],
    [15, 3, 25, 25, 32],
    [17, 7, 33, 15, 28],
    [20, 3, 25, 16, 36],
    [24, 3, 26, 12, 35],
    [13, 3, 38, 25, 21],
    [17, 5, 25, 22, 31],
    [11, 3, 38, 15, 33],
    [18, 8, 29, 15, 30],
    [13, 9, 22, 23, 33],
    [13, 9, 30, 16, 32],
    [12, 4, 30, 21, 33],
    [10, 7, 28, 17, 38],
    [19, 5, 27, 20, 29],
    [18, 9, 29, 15, 29],
    [19, 8, 29, 14, 30],
    [21, 14, 11, 22, 32],
    [27, 15, 14, 20, 24],
    [23, 19, 11, 26, 21],
    [36, 17, 7, 14, 26],
    [28, 13, 11, 18, 30],
    [21, 13, 9, 22, 35],
    [26, 12, 9, 15, 38],
    [26, 24, 5, 21, 24],
    [26, 25, 8, 21, 20],
    [30, 9, 11, 13, 37],
    [22, 19, 7, 19, 33],
    [28, 22, 11, 19, 20],
    [25, 11, 17, 20, 27],
    [25, 16, 11, 19, 29],
    [31, 16, 5, 21, 27],
    [31, 14, 11, 21, 23],
    [34, 18, 12, 11, 25],
    [33, 12, 6, 19, 30],
    [23, 17, 13, 20, 27],
    [31, 8, 12, 23, 26],
    [19, 14, 8, 28, 31],
    [40, 5, 10, 19, 26],
    [32, 15, 9, 14, 30],
    [41, 15, 10, 15, 19],
    [32, 3, 14, 19, 32]
  ],
  "W": [
    [71, 29],
    [77, 23],
    [68, 32],
    [74, 26],
    [73, 27],
    [76, 24],
    [77, 23],
    [73, 27],
    [62, 38],
    [74, 26],
    [74, 26],
    [79, 21],
    [68, 32],
    [71, 29],
    [82, 18],
    [79, 21],
    [77, 23],
    [80, 20],
    [77, 23],
    [75, 25],
    [80, 20],
    [73, 27],
    [76, 24],
    [74, 26],
    [69, 31],
    [26, 74],
    [24, 76],
    [25, 75],
    [19, 81],
    [24, 76],
    [27, 73],
    [27, 73],
    [21, 79],
    [17, 83],
    [26, 74],
    [23, 77],
    [27, 73],
    [29, 71],
    [26, 74],
    [28, 72],
    [21, 79],
    [28, 72],
    [26, 74],
    [29, 71],
    [23, 77],
    [27, 73],
    [26, 74],
    [32, 68],
    [26, 74],
    [34, 66]
  ],
  "method": "mult",
  "cond_prob": [
    [
      [0.1091015008, 0.017800248798, 0.35730901813, 0.1496131516, 0.36617608067],
      [0.32088483763, 0.20178542467, 0.020420167116, 0.18434073999, 0.2725688306]
    ],
    [
      [0.092493857198, 0.027789158897, 0.28785468987, 0.14589433171, 0.44596796232],
      [0.24377191086, 0.28336926568, 0.014741003181, 0.16092631669, 0.29719150359]
    ],
    [
      [0.10143428943, 0.013654416912, 0.42749296985, 0.14331543686, 0.31410288694],
      [0.33600432172, 0.17408112489, 0.027513433196, 0.19896241454, 0.26343870565]
    ],
    [
      [0.11218544353, 0.013644614089, 0.36667643038, 0.15844058344, 0.34905292855],
      [0.34345666833, 0.16128443267, 0.021813447196, 0.20311196284, 0.27033348896]
    ],
    [
      [0.13993763072, 0.019005808379, 0.39333587388, 0.13315325094, 0.31456743608],
      [0.39278576803, 0.20584361749, 0.021453155742, 0.15652179919, 0.22339565955]
    ],
    [
      [0.14670628677, 0.014906637985, 0.34261713309, 0.20277529608, 0.29299464607],
      [0.39653392872, 0.15577353251, 0.017994295982, 0.22942376238, 0.20027448041]
    ],
    [
      [0.14383190866, 0.0089170367731, 0.39046196265, 0.12171859273, 0.33507049919],
      [0.44726127218, 0.10728356109, 0.023592162103, 0.15840936575, 0.26345363887]
    ],
    [
      [0.19140571017, 0.011141147763, 0.32001846108, 0.16586482565, 0.31156985534],
      [0.49216260092, 0.11053847933, 0.015989509912, 0.17861167611, 0.20269773373]
    ],
    [
      [0.15249395518, 0.016765891538, 0.36373973223, 0.074506817565, 0.39249360348],
      [0.42999776208, 0.18154198871, 0.019919484522, 0.088116981204, 0.28042378348]
    ],
    [
      [0.13439366039, 0.011115076168, 0.29336536778, 0.15184436978, 0.40928152589],
      [0.38384179106, 0.12256928931, 0.016281266399, 0.18159579777, 0.29571185546]
    ],
    [
      [0.098392861248, 0.0081376170868, 0.32542410204, 0.23160197753, 0.3364434421],
      [0.3091928656, 0.098732213838, 0.01987107919, 0.30474863168, 0.26745520969]
    ],
    [
      [0.12202329029, 0.02260047015, 0.41400086587, 0.14390030987, 0.29747506382],
      [0.34562675743, 0.24809027939, 0.022783248809, 0.17052590554, 0.21297380884]
    ],
    [
      [0.12039963822, 0.0068881481588, 0.34782965694, 0.14459467129, 0.38028788538],
      [0.38769385875, 0.085365949008, 0.021761362574, 0.19513448508, 0.31004434458]
    ],
    [
      [0.15278515898, 0.0075672383355, 0.35443132869, 0.11130614976, 0.37391012423],
      [0.46284724517, 0.088356636336, 0.020863417959, 0.14125660248, 0.28667609806]
    ],
    [
      [0.0943542975, 0.01040370901, 0.44649523186, 0.23412234445, 0.21462441717],
      [0.31921561147, 0.13681797433, 0.029343489024, 0.33119343494, 0.18342949024]
    ],
    [
      [0.12298197379, 0.016270022955, 0.31610112817, 0.2127119449, 0.33193493018],
      [0.33687106429, 0.17271818445, 0.016822791931, 0.24376881037, 0.22981914897]
    ],
    [
      [0.071829885642, 0.0085015301358, 0.45632806205, 0.13390024458, 0.32944027759],
      [0.28399286284, 0.13004867186, 0.035056002157, 0.22156517612, 0.32933728702]
    ],
    [
      [0.13375309098, 0.027256829001, 0.36715820172, 0.14725933252, 0.32457254578],
      [0.34274531503, 0.27093973417, 0.018278841259, 0.15784627513, 0.21018983441]
    ],
    [
      [0.093353439683, 0.028047414688, 0.29052983888, 0.22578361885, 0.36228568791],
      [0.23716940334, 0.2756942727, 0.014341746417, 0.24007041738, 0.23272416017]
    ],
    [
      [0.088031132884, 0.025593849457, 0.39304119361, 0.15138960236, 0.34194422168],
      [0.25559253501, 0.2870958036, 0.022174392461, 0.18402275927, 0.25111450965]
    ],
    [
      [0.085262931578, 0.01303145854, 0.36318188937, 0.19713264817, 0.34139107235],
      [0.27362618156, 0.16222586052, 0.022643799456, 0.26463041346, 0.27687374501]
    ],
    [
      [0.064117579169, 0.018287243223, 0.36541425547, 0.15557311757, 0.39660780457],
      [0.20866119137, 0.22963740978, 0.023107685763, 0.21203177602, 0.32656193707]
    ],
    [
      [0.13125723552, 0.014740761735, 0.35183554654, 0.19097036012, 0.31119609608],
      [0.37107468381, 0.16111661746, 0.019327333602, 0.22599340492, 0.22248796021]
    ],
    [
      [0.12250116136, 0.025328756863, 0.3916544581, 0.14417464266, 0.31634098102],
      [0.33261178567, 0.26552600012, 0.020663618103, 0.16391546805, 0.21728312806]
    ],
    [
      [0.11866818253, 0.019291940639, 0.408081094, 0.12998206148, 0.32397672135],
      [0.35174976755, 0.22018660095, 0.023502769398, 0.16145103267, 0.24310982944]
    ],
    [
      [0.082196388693, 0.015622887389, 0.35033610049, 0.17797709563, 0.3738675278],
      [0.25814165332, 0.18729617429, 0.021076134446, 0.23514307428, 0.29834296366]
    ],
    [
      [0.099996348815, 0.01571405048, 0.45808780046, 0.15492364595, 0.27127815429],
      [0.3301847203, 0.19804099961, 0.028916280613, 0.21523050596, 0.22762749351]
    ],
    [
      [0.096211224727, 0.02256954994, 0.38993517724, 0.22613691071, 0.26514713738],
      [0.27306570347, 0.24450739475, 0.021179228386, 0.27002320289, 0.19122447051]
    ],
    [
      [0.1549812611, 0.020323473095, 0.33414722521, 0.12973152761, 0.36081651299],
      [0.4023610269, 0.20131447316, 0.016474885503, 0.14174736503, 0.23810224941]
    ],
    [
      [0.10849838144, 0.014249022974, 0.3765808445, 0.1458831284, 0.35478862268],
      [0.33734980118, 0.16909720237, 0.022383927967, 0.19084270145, 0.28032636704]
    ],
    [
      [0.086201703138, 0.01527575662, 0.28892104728, 0.18552802774, 0.42407346522],
      [0.25666524207, 0.17364082049, 0.016494050761, 0.23237936075, 0.32082052593]
    ],
    [
      [0.10708286113, 0.014147857957, 0.28988733866, 0.12691944749, 0.46196249476],
      [0.31735906751, 0.16007352962, 0.016472409302, 0.15823258719, 0.34786240637]
    ],
    [
      [0.1277497706, 0.032982347035, 0.24771157105, 0.21959800592, 0.37195830539],
      [0.28690375661, 0.28265513647, 0.010596352382, 0.20753464461, 0.21231010993]
    ],
    [
