{
  "X": [
    [5, 20, 36, 21, 18],
    [7, 25, 36, 22, 10],
    [5, 23, 40, 22, 10],
    [5, 27, 38, 20, 10],
    [1, 22, 44, 20, 13],
    [8, 25, 39, 18, 10],
    [2, 29, 40, 12, 17],
    [8, 27, 38, 20, 7],
    [6, 27, 34, 22, 11],
    [6, 28, 36, 23, 7],
    [4, 23, 36, 24, 13],
    [6, 31, 37, 11, 15],
    [3, 29, 38, 18, 12],
    [5, 23, 36, 23, 13],
    [9, 25, 44, 11, 11],
    [7, 21, 40, 17, 15],
    [4, 29, 38, 15, 14],
    [3, 26, 50, 9, 12],
    [2, 22, 38, 21, 17],
    [10, 33, 32, 11, 14],
    [6, 28, 35, 20, 11],
    [6, 24, 32, 21, 17],
    [6, 21, 39, 19, 15],
    [4, 26, 40, 21, 9],
    [5, 18, 47, 13, 17],
    [17, 20, 16, 34, 13],
    [15, 20, 20, 29, 16],
    [12, 21, 24, 35, 8],
    [13, 19, 18, 39, 11],
    [9, 29, 28, 28, 6],
    [12, 23, 23, 29, 13],
    [8, 29, 19, 33, 11],
    [14, 21, 17, 40, 8],
    [18, 16, 21, 34, 11],
    [8, 22, 22, 33, 15],
    [11, 16, 27, 38, 8],
    [7, 16, 32, 32, 13],
    [7, 20, 22, 36, 15],
    [7, 16, 32, 31, 14],
    [7, 18, 31, 30, 14],
    [8, 23, 26, 34, 9],
    [11, 14, 22, 43, 10],
    [15, 20, 22, 28, 15],
    [13, 26, 17, 36, 8],
    [14, 23, 27, 22, 14],
    [10, 19, 26, 33, 12],
    [9, 23, 16, 34, 18],
    [11, 22, 31, 28, 8],
    [10, 17, 26, 37, 10],
    [12, 21, 26, 33, 8]
  ],
  "W": [
    [73, 27],
    [74, 26],
    [74, 26],
    [74, 26],
    [77, 23],
    [67, 33],
    [78, 22],
    [75, 25],
    [81, 19],
    [75, 25],
    [73, 27],
    [79, 21],
    [78, 22],
    [73, 27],
    [82, 18],
    [65, 35],
    [81, 19],
    [78, 22],
    [69, 31],
    [76, 24],
    [75, 25],
    [71, 29],
    [76, 24],
    [79, 21],
    [76, 24],
    [25, 75],
    [24, 76],
    [32, 68],
    [22, 78],
    [30, 70],
    [25, 75],
    [26, 74],
    [24, 76],
    [24, 76],
    [30, 70],
    [26, 74],
    [30, 70],
    [23, 77],
    [22, 78],
    [29, 71],
    [29, 71],
    [21, 79],
    [19, 81],
    [24, 76],
    [28, 72],
    [21, 79],
    [20, 80],
    [27, 73],
    [25, 75],
    [15, 85]
  ],
  "method": "mult",
  "cond_prob": [
    [
      [0.023921442896, 0.22390593696, 0.44021793018, 0.12289938938, 0.18905530058],
      [0.11816512807, 0.13732119701, 0.15255109668, 0.43646756753, 0.15549501071]
    ],
    [
      [0.034660975666, 0.28289618853, 0.44328834312, 0.13272413716, 0.10643035552],
      [0.16198142267, 0.16408015792, 0.14528131391, 0.44587351547, 0.082783590037]
    ],
    [
      [0.024350709789, 0.25598457739, 0.48444299307, 0.13054155683, 0.10468016293],
      [0.12093312128, 0.15778001082, 0.16872340771, 0.46603632099, 0.086527139202]
    ],
    [
      [0.02414716146, 0.29799171524, 0.45637384328, 0.11768214178, 0.10380513824],
      [0.12382608328, 0.18965084566, 0.16412162845, 0.43380440127, 0.088597041339]
    ],
    [
      [0.0050375199993, 0.23536417388, 0.50661743438, 0.12118628206, 0.13179458968],
      [0.028192851071, 0.1632774338, 0.19861633766, 0.48730619857, 0.1226071789]
    ],
    [
      [0.033481512587, 0.28015138553, 0.48871976923, 0.094127978223, 0.10351935443],
      [0.17840406716, 0.18570630305, 0.18299904419, 0.36085680333, 0.092033782267]
    ],
    [
      [0.010066255312, 0.30224318462, 0.44706306582, 0.072314146229, 0.16831334802],
      [0.063417058584, 0.23591822504, 0.19721518308, 0.32727205677, 0.17617747653]
    ],
    [
      [0.040172231164, 0.30248559884, 0.46153773144, 0.12185936674, 0.073945071814],
      [0.19134947255, 0.17874667511, 0.15411803639, 0.41718731934, 0.058598496608]
    ],
    [
      [0.034714739435, 0.29901171858, 0.39955746231, 0.15013765351, 0.11657842616],
      [0.15308099146, 0.16312279981, 0.12320352611, 0.47531118711, 0.085281495505]
    ],
    [
      [0.030276086326, 0.31521834792, 0.43937832975, 0.1408216004, 0.074305635601],
      [0.1416355046, 0.18294301856, 0.14409734284, 0.47349188584, 0.057832248156]
    ],
    [
      [0.019255705993, 0.25908694908, 0.44294501136, 0.1413265507, 0.13738578287],
      [0.093031998229, 0.15541339691, 0.15013030481, 0.49090443701, 0.11051986304]
    ],
    [
      [0.031531230811, 0.32877201795, 0.41931771766, 0.068881892045, 0.15149714154],
      [0.17892426249, 0.23103834604, 0.16653911727, 0.28073552624, 0.14276274797]
    ],
    [
      [0.015577083494, 0.3118052792, 0.43814649791, 0.11190293298, 0.12256820642],
      [0.08390964613, 0.20810189162, 0.16526408681, 0.43302674525, 0.10969763019]
    ],
    [
      [0.024095527467, 0.25936568413, 0.44342154753, 0.13558365343, 0.13753358743],
      [0.1159648731, 0.15497889065, 0.14971056907, 0.46913479663, 0.11021087055]
    ],
    [
      [0.05148795224, 0.26640360086, 0.4958354235, 0.073826497205, 0.1124465262],
      [0.26997269629, 0.17271740178, 0.18170520388, 0.27784795122, 0.097756746822]
    ],
    [
      [0.027827768499, 0.23323018883, 0.50088692178, 0.084967883178, 0.15308723772],
      [0.15565656829, 0.16238821306, 0.1969795686, 0.34201613254, 0.1429595175]
    ],
    [
      [0.022218700778, 0.3083318952, 0.4287261118, 0.098277525233, 0.14244576699],
      [0.12040719067, 0.20671467883, 0.16246141573, 0.38235698697, 0.1280597278]
    ],
    [
      [0.01483312984, 0.2661984146, 0.54897479222, 0.053279252664, 0.11671441068],
      [0.10306442711, 0.22916499615, 0.26709256566, 0.26593875364, 0.13473925743]
    ],
    [
      [0.0085847198031, 0.24205089584, 0.46379303587, 0.11188592992, 0.17368541856],
      [0.047509110876, 0.16654281107, 0.18027693136, 0.44539750017, 0.16027364653]
    ],
    [
      [0.050200008097, 0.36067059614, 0.37777560755, 0.066716218469, 0.14463756974],
      [0.25956979421, 0.23126659201, 0.13688858785, 0.24790334799, 0.12437167793]
    ],
    [
      [0.029920411185, 0.3115152494, 0.42215506073, 0.12101501473, 0.11539426394],
      [0.14642590362, 0.18913052119, 0.14483292271, 0.42565768556, 0.093952966915]
    ],
    [
      [0.027789886599, 0.27242243806, 0.39979275461, 0.11988063701, 0.18011428372],
      [0.13495140768, 0.16436703283, 0.13628362231, 0.41865501037, 0.14574292681]
    ],
    [
      [0.030416332694, 0.23177570183, 0.46494368534, 0.11637083492, 0.15649344521],
      [0.15103025313, 0.1427173597, 0.16178580684, 0.41524255534, 0.12922402499]
    ],
    [
      [0.021615648072, 0.28354702681, 0.46614397674, 0.13522290875, 0.093470439626],
      [0.10700829307, 0.173834183, 0.1615154179, 0.48079887647, 0.076843229559]
    ],
    [
      [0.024341401392, 0.19078362191, 0.53808833686, 0.07646344761, 0.17032319223],
      [0.14404781129, 0.14000836131, 0.22315037944, 0.32517381475, 0.16761963321]
    ],
    [
      [0.047197671873, 0.31056558192, 0.34971091439, 0.12785762949, 0.16466820232],
      [0.20466284022, 0.16865725273, 0.10692373819, 0.3997311229, 0.12002504596]
    ],
    [
      [0.037245579095, 0.28193044907, 0.39981443443, 0.097645896708, 0.1833636407],
      [0.18440892129, 0.17483011849, 0.13956954208, 0.34857289517, 0.15261852297]
    ],
    [
      [0.033349036425, 0.29338019141, 0.44937016185, 0.13061348485, 0.093287125472],
      [0.15761782875, 0.17354811649, 0.14978049626, 0.44499782432, 0.074055734183]
    ],
    [
      [0.034153736588, 0.291899381, 0.39823737883, 0.13925070301, 0.13645880058],
      [0.15374805756, 0.16460246764, 0.12638273376, 0.45198027974, 0.1032864613]
    ],
    [
      [0.021425501032, 0.35795345362, 0.46946209018, 0.08974117565, 0.06141777952],
      [0.12288471151, 0.25700533573, 0.18988244549, 0.37104750467, 0.059180002597]
    ],
    [
      [0.028550886388, 0.30606795286, 0.4308079754, 0.093457126477, 0.14111605888],
      [0.15157703481, 0.2035002503, 0.16126646744, 0.35772486628, 0.12593138116]
    ],
    [
      [0.019592905339, 0.39133427471, 0.35824001071, 0.10934348028, 0.12148932896],
      [0.10145943384, 0.25376981419, 0.13080768557, 0.40822498445, 0.10573808195]
    ],
    [
      [0.038754329557, 0.33001980438, 0.37886642102, 0.15014978401, 0.10220966104],
      [0.16687184801, 0.17797947546, 0.11502015562, 0.46614387119, 0.073984649723]
    ],
    [
