{
  "X": [
    [48, 15, 37],
    [51, 11, 38],
    [41, 19, 40],
    [53, 15, 32],
    [58, 12, 30],
    [48, 17, 35],
    [34, 17, 49],
    [48, 15, 37],
    [43, 17, 40],
    [52, 14, 34],
    [38, 24, 38],
    [51, 16, 33],
    [48, 18, 34],
    [48, 16, 36],
    [52, 12, 36],
    [48, 18, 34],
    [40, 31, 29],
    [27, 46, 27],
    [28, 47, 25],
    [20, 45, 35],
    [16, 53, 31],
    [27, 47, 26],
    [22, 55, 23],
    [24, 44, 32],
    [28, 41, 31],
    [19, 49, 32],
    [30, 43, 27],
    [21, 55, 24],
    [29, 42, 29],
    [25, 54, 21],
    [25, 52, 23],
    [27, 46, 27],
    [26, 40, 34],
    [40, 25, 35],
    [28, 33, 39],
    [29, 30, 41],
    [35, 20, 45],
    [32, 27, 41],
    [38, 18, 44],
    [33, 21, 46],
    [33, 22, 45],
    [34, 29, 37],
    [32, 31, 37],
    [32, 28, 40],
    [45, 25, 30],
    [42, 18, 40],
    [29, 30, 41],
    [36, 31, 33],
    [39, 30, 31],
    [28, 30, 42]
  ],
  "W": [
    [65, 22, 13],
    [70, 12, 18],
    [60, 23, 17],
    [70, 11, 19],
    [72, 13, 15],
    [65, 21, 14],
    [63, 21, 16],
    [70, 16, 14],
    [62, 22, 16],
    [70, 11, 19],
    [56, 19, 25],
    [69, 15, 16],
    [63, 20, 17],
    [70, 14, 16],
    [68, 12, 20],
    [66, 15, 19],
    [54, 34, 12],
    [18, 66, 16],
    [24, 58, 18],
    [13, 72, 15],
    [17, 61, 22],
    [23, 66, 11],
    [13, 69, 18],
    [16, 60, 24],
    [14, 64, 22],
    [20, 67, 13],
    [14, 69, 17],
    [12, 72, 16],
    [16, 72, 12],
    [11, 71, 18],
    [12, 63, 25],
    [18, 65, 17],
    [12, 76, 12],
    [22, 26, 52],
    [19, 17, 64],
    [20, 19, 61],
    [12, 18, 70],
    [16, 20, 64],
    [10, 14, 76],
    [18, 12, 70],
    [21, 14, 65],
    [15, 16, 69],
    [22, 21, 57],
    [17, 17, 66],
    [17, 16, 67],
    [21, 14, 65],
    [17, 17, 66],
    [20, 14, 66],
    [20, 20, 60],
    [14, 20, 66]
  ],
  "method": "mult",
  "cond_prob": [
    [
      [0.61012390981, 0.0056231574697, 0.38425293272],
      [0.17394115244, 0.56396685052, 0.26209199705],
      [0.34732619296, 0.17132492716, 0.48134887988]
    ],
    [
      [0.60943338824, 0.013579482702, 0.37698712906],
      [0.16998826829, 0.57529519717, 0.25471653454],
      [0.34998908911, 0.17477188027, 0.47523903063]
    ],
    [
      [0.54722739492, 0.026588330559, 0.42618427452],
      [0.13601601116, 0.60882034941, 0.25516363942],
      [0.29635223811, 0.20010777235, 0.50353998954]
    ],
    [
      [0.63752398364, 0.040215615154, 0.32226040121],
      [0.14502287122, 0.67760666608, 0.1773704627],
      [0.35674050325, 0.24901229539, 0.39424720136]
    ],
    [
      [0.68629947883, 0.01478499359, 0.29891552758],
      [0.18831480524, 0.61275386948, 0.19893132527],
      [0.40922300372, 0.19797867722, 0.39279831907]
    ],
    [
      [0.61273493458, 0.020291844689, 0.36697322074],
      [0.15889051066, 0.61241651509, 0.22869297426],
      [0.34539489492, 0.20144880559, 0.45315629949]
    ],
    [
      [0.44556320802, 0.028501655588, 0.5259351364],
      [0.1082240046, 0.58325615362, 0.30851984178],
      [0.22855086241, 0.18475102949, 0.5866981081]
    ],
    [
      [0.58767006166, 0.028578950576, 0.38375098776],
      [0.14460227352, 0.62752948455, 0.22786824192],
      [0.3249613791, 0.21135726477, 0.46368135613]
    ],
    [
      [0.56154360329, 0.017784853906, 0.42067154281],
      [0.14748494592, 0.58750403619, 0.26501101789],
      [0.30872673661, 0.18576564136, 0.50550762203]
    ],
    [
      [0.62452366582, 0.034135863588, 0.34134047059],
      [0.14811871496, 0.65609352708, 0.19578775796],
      [0.35021250148, 0.23123477637, 0.41855272215]
    ],
    [
      [0.52446390341, 0.068026924948, 0.40750917164],
      [0.10227936473, 0.70001257844, 0.19770805683],
      [0.26746853916, 0.2756101285, 0.45692133234]
    ],
    [
      [0.62557339326, 0.034938623635, 0.3394879831],
      [0.14819494838, 0.65736150152, 0.1944435501],
      [0.35078197745, 0.2330507779, 0.41616724466]
    ],
    [
      [0.61884329936, 0.026885911621, 0.35427078902],
      [0.15442825947, 0.63251826234, 0.2130534782],
      [0.34848864418, 0.21504837183, 0.43646298399]
    ],
    [
      [0.58617731162, 0.041449850028, 0.37237283835],
      [0.13282143428, 0.66310515291, 0.20407341281],
      [0.31925550666, 0.23843989733, 0.44230459601]
    ],
    [
      [0.62791445952, 0.016512894944, 0.35557264554],
      [0.1706567776, 0.5952445857, 0.2340986367],
      [0.36269677108, 0.18670940577, 0.45059382316]
    ],
    [
      [0.6022353565, 0.046235483375, 0.35152916013],
      [0.13324563298, 0.67815396743, 0.18860039958],
      [0.32914641981, 0.25137624136, 0.41947733884]
    ],
    [
      [0.59460368177, 0.066240126326, 0.3391561919],
      [0.11787521614, 0.71004080262, 0.17208398124],
      [0.32363698628, 0.27347049077, 0.40289252295]
    ],
    [
      [0.61983774889, 0.0334594993, 0.34670275181],
      [0.15526866066, 0.63445029524, 0.2102810441],
      [0.34969930729, 0.22025059541, 0.4300500973]
    ],
    [
      [0.61889097653, 0.049766071566, 0.33134295191],
      [0.12261969773, 0.70655600004, 0.17082430223],
      [0.33525967194, 0.26807590445, 0.39666442361]
    ],
    [
      [0.50620186626, 0.029780692892, 0.46401744084],
      [0.13026436174, 0.58058436544, 0.28915127282],
      [0.26935611289, 0.18738511206, 0.54325877505]
    ],
    [
      [0.45286166798, 0.063505339905, 0.48363299212],
      [0.061333396687, 0.74433440173, 0.19433220159],
      [0.20727338393, 0.29618230529, 0.49654431078]
    ],
    [
      [0.61015052787, 0.038614502145, 0.35123496998],
      [0.14023521012, 0.659419546, 0.20034524388],
      [0.33736490827, 0.23547058317, 0.42716450856]
    ],
    [
      [0.61554558112, 0.047847833665, 0.33660658522],
      [0.11743991063, 0.71606447619, 0.16649561318],
      [0.32747520067, 0.27608496141, 0.39643983792]
    ],
    [
      [0.55908029146, 0.036063551452, 0.40485615709],
      [0.13070930131, 0.63563569964, 0.23365499905],
      [0.30050655242, 0.2202017166, 0.47929173098]
    ],
    [
      [0.61490428829, 0.0248075079, 0.36028820381],
      [0.17981481162, 0.57255912666, 0.24762606172],
      [0.35832691, 0.18222321743, 0.45944987257]
    ],
    [
      [0.48390731472, 0.046219657188, 0.46987302809],
      [0.092208903139, 0.67102074662, 0.23677035024],
      [0.24183516887, 0.23978591019, 0.51837892094]
    ],
    [
      [0.66105427448, 0.02369849893, 0.31524722659],
      [0.20238937936, 0.57298429416, 0.22462632648],
      [0.3988454695, 0.18425321869, 0.4169013118]
    ],
    [
      [0.60088046644, 0.044768916582, 0.35435061697],
      [0.12038638608, 0.6980808745, 0.18153273942],
      [0.32010091281, 0.26255937732, 0.41733970987]
    ],
    [
      [0.63322527679, 0.021263112698, 0.34551161052],
      [0.19937230558, 0.5497232549, 0.25090443951],
      [0.37613246411, 0.17330965365, 0.45055788224]
    ],
    [
      [0.67254570184, 0.040402991137, 0.28705130702],
      [0.15094738221, 0.68909676026, 0.15995585753],
      [0.38248517461, 0.25720539549, 0.3603094299]
    ],
    [
      [0.64798821617, 0.045149345295, 0.30686243853],
      [0.1324569896, 0.7086331976, 0.1589098128],
      [0.35517404244, 0.27257265632, 0.37225330124]
    ],
    [
      [0.61940433388, 0.034387569096, 0.34620809703],
      [0.15274788441, 0.63972683952, 0.20752527607],
      [0.34835938257, 0.22345759925, 0.42818301818]
    ],
    [
      [0.58592079885, 0.018902177883, 0.39517702327],
      [0.19534043222, 0.5000511475, 0.30460842029],
      [0.34358979711, 0.14744055464, 0.50896964825]
    ],
    [
      [0.65408162118, 0.021825130716, 0.3240932481],
      [0.18822052492, 0.58975665053, 0.22202282455],
      [0.39839366704, 0.17665719636, 0.4249491366]
    ],
    [
      [0.53411242251, 0.056932819235, 0.40895475826],
      [0.096640744079, 0.71933209068, 0.18402716524],
      [0.25326517692, 0.3076504827, 0.43908434038]
    ],
    [
      [0.53360188035, 0.047072421505, 0.41932569815],
      [0.10869191899, 0.6804198949, 0.21088818611],
