{
  "X": [
    [10, 54, 36],
    [5, 37, 58],
    [12, 48, 40],
    [8, 42, 50],
    [7, 47, 46],
    [8, 51, 41],
    [12, 51, 37],
    [7, 43, 50],
    [9, 56, 35],
    [8, 42, 50],
    [10, 32, 58],
    [7, 50, 43],
    [6, 53, 41],
    [2, 47, 51],
    [9, 53, 38],
    [8, 52, 40],
    [11, 54, 35],
    [20, 40, 40],
    [17, 46, 37],
    [23, 33, 44],
    [22, 39, 39],
    [20, 35, 45],
    [26, 38, 36],
    [21, 38, 41],
    [22, 34, 44],
    [17, 31, 52],
    [19, 33, 48],
    [18, 40, 42],
    [26, 40, 34],
    [20, 36, 44],
    [28, 35, 37],
    [20, 34, 46],
    [21, 33, 46],
    [24, 47, 29],
    [15, 58, 27],
    [11, 58, 31],
    [16, 58, 26],
    [12, 62, 26],
    [15, 55, 30],
    [15, 59, 26],
    [13, 62, 25],
    [13, 62, 25],
    [9, 69, 22],
    [13, 68, 19],
    [13, 55, 32],
    [15, 56, 29],
    [19, 60, 21],
    [17, 60, 23],
    [12, 57, 31],
    [17, 62, 21]
  ],
  "W": [
    [56, 18, 26],
    [78, 17, 5],
    [62, 21, 17],
    [75, 11, 14],
    [68, 12, 20],
    [74, 14, 12],
    [66, 16, 18],
    [68, 20, 12],
    [64, 18, 18],
    [65, 16, 19],
    [69, 19, 12],
    [67, 14, 19],
    [58, 20, 22],
    [69, 13, 18],
    [61, 19, 20],
    [62, 15, 23],
    [50, 27, 23],
    [20, 61, 19],
    [21, 59, 20],
    [16, 65, 19],
    [15, 66, 19],
    [12, 71, 17],
    [15, 66, 19],
    [10, 72, 18],
    [19, 64, 17],
    [11, 74, 15],
    [15, 73, 12],
    [19, 62, 19],
    [14, 72, 14],
    [16, 68, 16],
    [18, 68, 14],
    [17, 67, 16],
    [21, 65, 14],
    [18, 36, 46],
    [16, 12, 72],
    [21, 17, 62],
    [20, 17, 63],
    [16, 19, 65],
    [17, 18, 65],
    [16, 20, 64],
    [19, 18, 63],
    [14, 16, 70],
    [13, 16, 71],
    [16, 16, 68],
    [26, 16, 58],
    [22, 12, 66],
    [14, 23, 63],
    [20, 11, 69],
    [19, 17, 64],
    [9, 20, 71]
  ],
  "method": "mult",
  "cond_prob": [
    [
      [0.021669605074, 0.51832179917, 0.46000859576],
      [0.29804524483, 0.28503897221, 0.41691578295],
      [0.13160337342, 0.76320299026, 0.10519363632]
    ],
    [
      [0.011389221753, 0.38048209712, 0.60812868113],
      [0.20940560996, 0.22103098049, 0.56956340954],
      [0.11034906678, 0.71297395131, 0.17667698191]
    ],
    [
      [0.031209558978, 0.49009488846, 0.47869555256],
      [0.34624781181, 0.25182640355, 0.40192578464],
      [0.16434137031, 0.72504484948, 0.11061378021]
    ],
    [
      [0.026516853403, 0.40327211445, 0.57021103215],
      [0.32501511567, 0.20625199091, 0.46873289342],
      [0.17400498017, 0.67755853688, 0.14843648295]
    ],
    [
      [0.017552694608, 0.43470433448, 0.54774297092],
      [0.2664542605, 0.24209475409, 0.49145098541],
      [0.13044828203, 0.72674841033, 0.14280330764]
    ],
    [
      [0.024483417502, 0.51513490116, 0.46038168134],
      [0.31977405082, 0.27581915976, 0.40440678942],
      [0.14261586612, 0.75154575648, 0.1058383774]
    ],
    [
      [0.038777284634, 0.51481696658, 0.44640574878],
      [0.38573768406, 0.25284959843, 0.36141271752],
      [0.18160534829, 0.72091592393, 0.097478727778]
    ],
    [
      [0.013362894499, 0.42970886439, 0.55692824111],
      [0.23560060402, 0.24714100531, 0.51725839067],
      [0.11494259113, 0.73641475963, 0.14864264924]
    ],
    [
      [0.020780288884, 0.56546795884, 0.41375175228],
      [0.30209123463, 0.31509472823, 0.38281403714],
      [0.12402329378, 0.78546364035, 0.090513065869]
    ],
    [
      [0.017420146286, 0.38952630847, 0.59305354524],
      [0.26382227898, 0.21494699782, 0.5212307232],
      [0.13929126461, 0.69692831495, 0.16378042043]
    ],
    [
      [0.026432970111, 0.31329603513, 0.66027099476],
      [0.30900721696, 0.15923139008, 0.53176139296],
      [0.19208232834, 0.61309809705, 0.19481957461]
    ],
    [
      [0.016440295276, 0.4757866632, 0.50777304152],
      [0.26010609212, 0.27009255621, 0.46980135167],
      [0.11879025931, 0.75478935676, 0.12642038393]
    ],
    [
      [0.0076425528753, 0.50332566138, 0.48903178575],
      [0.19053798041, 0.31211203443, 0.49734998516],
      [0.079362378413, 0.79840322506, 0.12223439652]
    ],
    [
      [0.002174062742, 0.42047592126, 0.577350016],
      [0.087968116699, 0.28625355357, 0.62577832973],
      [0.039244675206, 0.79254806872, 0.16820725608]
    ],
    [
      [0.018903229957, 0.52424656527, 0.45685020477],
      [0.28390555913, 0.29405757254, 0.42203686833],
      [0.12263486746, 0.77169328201, 0.10567185053]
    ],
    [
      [0.017990523288, 0.49056356855, 0.49144590816],
      [0.2714788884, 0.27587955428, 0.45264155732],
      [0.12227844479, 0.75855936676, 0.11916218845]
    ],
    [
      [0.016879487226, 0.54817783114, 0.43494268163],
      [0.27773135295, 0.31406641504, 0.40820223201],
      [0.11553387431, 0.78744848855, 0.097017637138]
    ],
    [
      [0.020585370252, 0.47629026701, 0.50312436274],
      [0.28031252794, 0.26709809751, 0.45258937455],
      [0.13101202056, 0.74637951113, 0.12260846831]
    ],
    [
      [0.015709070227, 0.52925900648, 0.45503192329],
      [0.24712443404, 0.32306934682, 0.42980621914],
      [0.10448839584, 0.79122347008, 0.10428813408]
    ],
    [
      [0.024254795629, 0.40629523253, 0.56944997184],
      [0.30135725445, 0.20622310525, 0.4924196403],
      [0.15914219637, 0.68919865464, 0.15165914899]
    ],
    [
      [0.021676258804, 0.48055867753, 0.49776506366],
      [0.28953918956, 0.26717708105, 0.44328372939],
      [0.13501418986, 0.74515434145, 0.1198314687]
    ],
    [
      [0.018186768775, 0.43360989998, 0.54820333124],
      [0.24919699755, 0.24430154716, 0.50650145529],
      [0.12286893814, 0.73242772658, 0.14470333528]
    ],
    [
      [0.027589356322, 0.49051776281, 0.48189288086],
      [0.34130320886, 0.25469409092, 0.40400270022],
      [0.16106041424, 0.72802229246, 0.1109172933]
    ],
    [
      [0.018756038082, 0.47371110071, 0.50753286121],
      [0.25903820916, 0.27337293746, 0.46758885338],
      [0.12009380887, 0.75444652756, 0.12545966357]
    ],
    [
      [0.02352448809, 0.42117331539, 0.55530219652],
      [0.2963240543, 0.21952236227, 0.48415358343],
      [0.15225266181, 0.70283975427, 0.14490758391]
    ],
    [
      [0.014589982672, 0.38245916651, 0.60295085082],
      [0.20550773754, 0.21719946422, 0.57729279824],
      [0.10879584084, 0.71467925442, 0.17652490474]
    ],
    [
      [0.017031745939, 0.42727956239, 0.55568869167],
      [0.23739755264, 0.24371590328, 0.51888654408],
      [0.11787520569, 0.73329546873, 0.14882932558]
    ],
    [
      [0.017407805039, 0.46686435225, 0.51572784271],
      [0.24929357044, 0.27106579249, 0.47964063707],
      [0.11647633352, 0.75386832488, 0.1296553416]
    ],
    [
      [0.025094489489, 0.54608092097, 0.42882458954],
      [0.32866074818, 0.30056342649, 0.37077582533],
      [0.14179309128, 0.76530717138, 0.092899737339]
    ],
    [
      [0.019017503389, 0.44664306722, 0.53433942939],
      [0.25996031949, 0.25105873476, 0.48898094575],
      [0.12615113878, 0.73635731004, 0.13749155118]
    ],
    [
      [0.031302756658, 0.48422202013, 0.48447522321],
      [0.36713878484, 0.23979706434, 0.39306415082],
      [0.17650807222, 0.71270023305, 0.11079169474]
    ],
    [
      [0.019580217858, 0.41987624162, 0.56054354052],
      [0.26179997579, 0.22962796227, 0.50857206193],
      [0.13290861989, 0.71731440126, 0.14977697885]
    ],
    [
      [0.022181774121, 0.41710706605, 0.56071115983],
      [0.28438953803, 0.22095225851, 0.49465820346],
      [0.14634734081, 0.70563248642, 0.14802017277]
    ],
    [
      [0.035699744466, 0.45360765855, 0.51069259698],
      [0.38779494748, 0.21401873545, 0.39818631707],
      [0.20427796718, 0.67674755804, 0.11897447477]
    ],
    [
      [0.022432651337, 0.39770512172, 0.57986222694],
      [0.28862293196, 0.2114399069, 0.49993716114],
      [0.15524447771, 0.68193665514, 0.16281886715]
    ],
    [
      [0.015427764862, 0.41698112657, 0.56759110857],
      [0.22456303786, 0.24171424447, 0.53372271766],
