{
  "X": [
    [37, 9, 54],
    [36, 5, 59],
    [44, 11, 45],
    [34, 9, 57],
    [29, 15, 56],
    [24, 15, 61],
    [40, 8, 52],
    [34, 10, 56],
    [37, 10, 53],
    [34, 11, 55],
    [38, 9, 53],
    [28, 13, 59],
    [36, 12, 52],
    [40, 9, 51],
    [21, 10, 69],
    [44, 6, 50],
    [40, 11, 49],
    [39, 3, 58],
    [46, 4, 50],
    [46, 7, 47],
    [46, 1, 53],
    [43, 7, 50],
    [40, 3, 57],
    [40, 0, 60],
    [40, 2, 58],
    [42, 7, 51],
    [44, 2, 54],
    [45, 3, 52],
    [46, 4, 50],
    [38, 6, 56],
    [45, 6, 49],
    [39, 1, 60],
    [38, 11, 51],
    [53, 5, 42],
    [77, 1, 22],
    [71, 7, 22],
    [76, 4, 20],
    [74, 2, 24],
    [72, 6, 22],
    [74, 4, 22],
    [73, 7, 20],
    [68, 4, 28],
    [73, 7, 20],
    [62, 6, 32],
    [63, 3, 34],
    [74, 1, 25],
    [63, 4, 33],
    [75, 1, 24],
    [74, 3, 23],
    [70, 5, 25]
  ],
  "W": [
    [67, 18, 15],
    [65, 16, 19],
    [66, 12, 22],
    [61, 24, 15],
    [66, 21, 13],
    [67, 21, 12],
    [64, 17, 19],
    [65, 16, 19],
    [60, 19, 21],
    [67, 18, 15],
    [68, 15, 17],
    [68, 20, 12],
    [76, 12, 12],
    [66, 18, 16],
    [77, 14, 9],
    [61, 17, 22],
    [51, 30, 19],
    [19, 69, 12],
    [19, 65, 16],
    [18, 60, 22],
    [16, 65, 19],
    [15, 65, 20],
    [16, 68, 16],
    [15, 71, 14],
    [15, 67, 18],
    [19, 67, 14],
    [12, 73, 15],
    [14, 67, 19],
    [15, 73, 12],
    [13, 74, 13],
    [20, 59, 21],
    [14, 70, 16],
    [27, 51, 22],
    [24, 31, 45],
    [15, 16, 69],
    [23, 14, 63],
    [15, 16, 69],
    [11, 16, 73],
    [14, 21, 65],
    [18, 12, 70],
    [16, 9, 75],
    [13, 23, 64],
    [18, 19, 63],
    [25, 19, 56],
    [20, 19, 61],
    [14, 13, 73],
    [17, 16, 67],
    [14, 16, 70],
    [12, 17, 71],
    [16, 18, 66]
  ],
  "method": "mult",
  "cond_prob": [
    [
      [0.23980416535, 0.12767315096, 0.63252268368],
      [0.38351939247, 0.014602813414, 0.60187779412],
      [0.93531812379, 0.012203216264, 0.052478659943]
    ],
    [
      [0.20273355889, 0.072632417801, 0.72463402331],
      [0.3297190514, 0.0081904332917, 0.66209051531],
      [0.92351651842, 0.0077813636999, 0.068702117876]
    ],
    [
      [0.27401720622, 0.15891693728, 0.5670658565],
      [0.42232112891, 0.018576943521, 0.55910192757],
      [0.94759140193, 0.013116309882, 0.039292288193]
    ],
    [
      [0.1969056006, 0.13732468606, 0.66576971334],
      [0.34091485689, 0.016483279852, 0.64260186326],
      [0.92045345319, 0.015173028919, 0.064373517893]
    ],
    [
      [0.15957987294, 0.21282540676, 0.6275947203],
      [0.31961433889, 0.028757282212, 0.65162837889],
      [0.90429440533, 0.026893863649, 0.068811731024]
    ],
    [
      [0.11697199706, 0.20916602812, 0.67386197482],
      [0.26559960537, 0.02925645471, 0.70514393992],
      [0.88210704036, 0.030957547259, 0.086935412378]
    ],
    [
      [0.24470256992, 0.11820985776, 0.63708757231],
      [0.38355740595, 0.013318432052, 0.60312416199],
      [0.93781892756, 0.010955566223, 0.051225506214]
    ],
    [
      [0.17689784432, 0.14443939473, 0.67866276094],
      [0.32317508601, 0.017832010626, 0.65899290337],
      [0.91214940752, 0.017164588025, 0.070686004458]
    ],
    [
      [0.18885710345, 0.15444238531, 0.65670051124],
      [0.33787772691, 0.0190839273, 0.64303834579],
      [0.91661414199, 0.017660107747, 0.065725750266]
    ],
    [
      [0.20526948842, 0.15534973097, 0.63938078062],
      [0.35535997988, 0.018907626743, 0.62573239337],
      [0.9233643092, 0.016748716262, 0.059886974538]
    ],
    [
      [0.24056478359, 0.12614743738, 0.63328777904],
      [0.38220925469, 0.014529188686, 0.60326155662],
      [0.93579152328, 0.012002142832, 0.052206333887]
    ],
    [
      [0.16051414434, 0.18026949868, 0.65921635698],
      [0.3111361734, 0.023481175496, 0.66538265111],
      [0.90519289309, 0.022670881638, 0.07213622527]
    ],
    [
      [0.25981974653, 0.15286860039, 0.58731165308],
      [0.41413677009, 0.018005831491, 0.56785739842],
      [0.94033816857, 0.013826366051, 0.045835465383]
    ],
    [
      [0.26550295485, 0.12968626688, 0.60481077827],
      [0.41025918785, 0.014438422121, 0.57530239003],
      [0.94325872492, 0.011300924226, 0.045440350858]
    ],
    [
      [0.12360433135, 0.1248768479, 0.75151882075],
      [0.25076482108, 0.015677407765, 0.73355777115],
      [0.88575099898, 0.018333222533, 0.095915778483]
    ],
    [
      [0.26874213448, 0.092878495631, 0.63837936988],
      [0.39791056039, 0.0098608754654, 0.59222856415],
      [0.94737501227, 0.0075807674357, 0.045044220296]
    ],
    [
      [0.21572129065, 0.1939191853, 0.59035952404],
      [0.37942041736, 0.024145108836, 0.59643447381],
      [0.92713692926, 0.020303593917, 0.052559476825]
    ],
    [
      [0.20772898483, 0.10932938934, 0.68294162583],
      [0.34710013923, 0.011409008297, 0.64149085247],
      [0.92526997343, 0.011293335841, 0.063436690732]
    ],
    [
      [0.23718758706, 0.14715706899, 0.61565534395],
      [0.40754123076, 0.015213869467, 0.57724489977],
      [0.93770349039, 0.013444635869, 0.048851873745]
    ],
    [
      [0.19539639721, 0.2430502222, 0.56155338059],
      [0.37117880603, 0.033606253591, 0.59521494038],
      [0.91873347675, 0.02766912659, 0.05359739666]
    ],
    [
      [0.2378895157, 0.043179781639, 0.71893070266],
      [0.37469217999, 0.0036546100284, 0.62165320998],
      [0.93888294998, 0.0037670443124, 0.057350005712]
    ],
    [
      [0.17657563911, 0.25913078141, 0.56429357948],
      [0.34160136326, 0.038024727847, 0.62037390889],
      [0.90736384007, 0.032071548437, 0.060564611498]
    ],
    [
      [0.1939505794, 0.11872491429, 0.68732450631],
      [0.32650475864, 0.013125966095, 0.66036927526],
      [0.91840419638, 0.012989729805, 0.06860607382]
    ],
    [
      [0.21998952097, 0, 0.78001047903],
      [0.33329910064, 0, 0.66670089936],
      [0.93113721712, 0, 0.068862782878]
    ],
    [
      [0.19008723066, 0.08330718356, 0.72660558578],
      [0.30834960323, 0.0087363981485, 0.68291399862],
      [0.91607045132, 0.009169642814, 0.074759905861]
    ],
    [
      [0.20074214587, 0.23624476703, 0.5630130871],
      [0.37749925144, 0.032073167397, 0.59042758116],
      [0.92096067014, 0.025889086482, 0.053150243376]
    ],
    [
      [0.2265442442, 0.096671366421, 0.67678438937],
      [0.3736771291, 0.0096339401633, 0.61668893073],
      [0.93353590966, 0.0091110647347, 0.057353025602]
    ],
    [
      [0.21356515066, 0.12981916466, 0.65661568469],
      [0.36379220568, 0.013970840509, 0.62223695381],
      [0.92821105842, 0.012972914772, 0.058816026805]
    ],
    [
      [0.24428177745, 0.16732460098, 0.58839362158],
      [0.42555612345, 0.017954335843, 0.5564895407],
      [0.93918136051, 0.014955372401, 0.04586326709]
    ],
    [
      [0.17093745739, 0.2392813722, 0.58978117042],
      [0.32452035419, 0.033807824501, 0.64167182131],
      [0.90486975725, 0.029812549878, 0.065317692872]
    ],
    [
      [0.20125321091, 0.2013596947, 0.59738709439],
      [0.36637126672, 0.025614348398, 0.60801438488],
      [0.9218586212, 0.021979026212, 0.056162352583]
    ],
    [
      [0.19629802188, 0.044537493019, 0.75916448511],
      [0.30763645241, 0.0042952632803, 0.68806828431],
      [0.91982975157, 0.0047379167569, 0.075432331677]
    ],
    [
      [0.14203219392, 0.28080580348, 0.5771620026],
      [0.28885650744, 0.04886211399, 0.66228137857],
      [0.88333858567, 0.04210343148, 0.074557982853]
    ],
    [
      [0.16432890086, 0.14687868716, 0.68879241198],
      [0.29483593215, 0.019021281603, 0.68614278625],
      [0.88702649962, 0.019672261743, 0.093301238641]
    ],
    [
      [0.25751342705, 0.048413457911, 0.69407311504],
      [0.3939307582, 0.0048189955727, 0.60125024622],
      [0.96861458642, 0.0028506406112, 0.028534772968]
    ],
    [
      [0.22971997768, 0.23332462522, 0.5369553971],
      [0.41223500387, 0.029001404405, 0.55876359173],
