{
  "X": [
    [19, 23, 58],
    [15, 17, 68],
    [13, 18, 69],
    [17, 16, 67],
    [17, 18, 65],
    [18, 15, 67],
    [15, 13, 72],
    [18, 18, 64],
    [19, 11, 70],
    [14, 15, 71],
    [16, 21, 63],
    [15, 14, 71],
    [20, 10, 70],
    [16, 16, 68],
    [17, 23, 60],
    [16, 22, 62],
    [23, 17, 60],
    [29, 39, 32],
    [43, 36, 21],
    [40, 26, 34],
    [30, 32, 38],
    [39, 34, 27],
    [30, 30, 40],
    [36, 32, 32],
    [35, 29, 36],
    [41, 32, 27],
    [31, 26, 43],
    [45, 32, 23],
    [38, 32, 30],
    [37, 36, 27],
    [42, 26, 32],
    [40, 31, 29],
    [32, 28, 40],
    [29, 31, 40],
    [19, 40, 41],
    [19, 51, 30],
    [14, 56, 30],
    [23, 42, 35],
    [17, 50, 33],
    [18, 49, 33],
    [17, 53, 30],
    [11, 46, 43],
    [13, 52, 35],
    [15, 45, 40],
    [21, 46, 33],
    [13, 46, 41],
    [22, 51, 27],
    [13, 46, 41],
    [17, 54, 29],
    [19, 42, 39]
  ],
  "W": [
    [66, 16, 18],
    [66, 13, 21],
    [65, 19, 16],
    [64, 18, 18],
    [62, 16, 22],
    [74, 18, 8],
    [72, 20, 8],
    [66, 20, 14],
    [68, 22, 10],
    [71, 16, 13],
    [63, 17, 20],
    [70, 16, 14],
    [67, 21, 12],
    [71, 18, 11],
    [58, 15, 27],
    [61, 19, 20],
    [59, 29, 12],
    [16, 58, 26],
    [9, 72, 19],
    [20, 66, 14],
    [21, 60, 19],
    [13, 69, 18],
    [20, 58, 22],
    [22, 57, 21],
    [19, 67, 14],
    [18, 68, 14],
    [15, 68, 17],
    [6, 80, 14],
    [13, 67, 20],
    [16, 67, 17],
    [18, 72, 10],
    [12, 69, 19],
    [20, 65, 15],
    [23, 31, 46],
    [20, 18, 62],
    [11, 19, 70],
    [15, 11, 74],
    [19, 25, 56],
    [19, 8, 73],
    [16, 21, 63],
    [14, 16, 70],
    [23, 9, 68],
    [15, 15, 70],
    [20, 12, 68],
    [12, 22, 66],
    [16, 16, 68],
    [9, 20, 71],
    [21, 12, 67],
    [13, 19, 68],
    [20, 17, 63]
  ],
  "method": "mult",
  "cond_prob": [
    [
      [0.12329878993, 0.077243396188, 0.79945781388],
      [0.55066006198, 0.31712551824, 0.13221441978],
      [0.11398438181, 0.71266264221, 0.17335297598]
    ],
    [
      [0.081724383537, 0.015291275559, 0.9029843409],
      [0.55011334352, 0.24987881459, 0.20000784189],
      [0.11689129622, 0.60677862969, 0.27633007409]
    ],
    [
      [0.050044080978, 0.021924930541, 0.92803098848],
      [0.44715016981, 0.32067718325, 0.23217264694],
      [0.078205094381, 0.65512581456, 0.26666909105]
    ],
    [
      [0.078380590031, 0.012805420068, 0.9088139899],
      [0.54874683904, 0.2444650403, 0.20678812067],
      [0.11701106307, 0.59889346613, 0.2840954708]
    ],
    [
      [0.086111613128, 0.014613115482, 0.89927527139],
      [0.56074052415, 0.24225728034, 0.19700219551],
      [0.12223779999, 0.60081228885, 0.27694991116]
    ],
    [
      [0.1034036927, 0.051746451971, 0.84484985533],
      [0.52877930145, 0.31285159754, 0.15836910101],
      [0.10376241427, 0.6924292248, 0.20380836093]
    ],
    [
      [0.06335687416, 0.024761106106, 0.91188201973],
      [0.48537381816, 0.30052949342, 0.21409668842],
      [0.091353587154, 0.6508263115, 0.25782010134]
    ],
    [
      [0.090784787754, 0.041182967661, 0.86803224458],
      [0.52661456984, 0.29723239954, 0.17615303062],
      [0.10542232939, 0.66694829597, 0.22762937464]
    ],
    [
      [0.076254602326, 0.0088530036589, 0.91489239402],
      [0.56948020269, 0.21586138625, 0.21465841106],
      [0.12861225826, 0.56490452538, 0.30648321637]
    ],
    [
      [0.068087378245, 0.02588748381, 0.90602513795],
      [0.49602032346, 0.29581492284, 0.2081647537],
      [0.09457468995, 0.64838076031, 0.25704454974]
    ],
    [
      [0.083151218746, 0.040236775373, 0.87661200588],
      [0.51425259217, 0.30180653354, 0.1839408743],
      [0.10095895761, 0.66671860407, 0.23232243832]
    ],
    [
      [0.072213926684, 0.016903583425, 0.91088248989],
      [0.52751542741, 0.2622792166, 0.21020535599],
      [0.10748416382, 0.61573440677, 0.27678142941]
    ],
    [
      [0.08203738213, 0.00043306088707, 0.91752955698],
      [0.60544280488, 0.17958162638, 0.21497556874],
      [0.14909970791, 0.51664756387, 0.33425272821]
    ],
    [
      [0.08257572819, 0.041152592279, 0.87627167953],
      [0.50427001822, 0.31269206947, 0.18303791231],
      [0.096387542782, 0.67724624525, 0.22636621197]
    ],
    [
      [0.094363365427, 0.031043238477, 0.8745933961],
      [0.55442555743, 0.26656259959, 0.17901184298],
      [0.11890894236, 0.6370760435, 0.24401501414]
    ],
    [
      [0.076807785142, 0.041621749382, 0.88157046548],
      [0.49633999495, 0.31477012849, 0.18888987656],
      [0.094213260112, 0.67402204232, 0.23176469757]
    ],
    [
      [0.093751147281, 0.02951579958, 0.87673305314],
      [0.55357490169, 0.2644316918, 0.18199340651],
      [0.11791751344, 0.63250406356, 0.24957842301]
    ],
    [
      [0.065727841718, 0.038613935509, 0.89565822277],
      [0.44685787213, 0.35232667254, 0.20081545533],
      [0.078099921112, 0.69027807787, 0.23162200102]
    ],
    [
      [0.1059158642, 0.04149591407, 0.85258822173],
      [0.55382552811, 0.31152308475, 0.13465138714],
      [0.1142799578, 0.69457235111, 0.19114769109]
    ],
    [
      [0.087123692708, 0.026959934733, 0.88591637256],
      [0.55426622277, 0.25479548816, 0.19093828907],
      [0.11971110306, 0.61744993477, 0.26283896217]
    ],
    [
      [0.060606191701, 0.030372255399, 0.9090215529],
      [0.4525890348, 0.31560155045, 0.23180941474],
      [0.08273304664, 0.65400471628, 0.26326223708]
    ],
    [
      [0.087315199796, 0.036418256194, 0.87626654401],
      [0.52157195232, 0.31009543036, 0.16833261732],
      [0.10424653849, 0.67388766525, 0.22186579626]
    ],
    [
      [0.05754349231, 0.022857545895, 0.91959896179],
      [0.46422130245, 0.27688797201, 0.25889072554],
      [0.087467936897, 0.61287939571, 0.2996526674]
    ],
    [
      [0.09846863277, 0.038586717154, 0.86294465008],
      [0.55102460763, 0.29949530607, 0.1494800863],
      [0.11548987829, 0.67046951317, 0.21404060854]
    ],
    [
      [0.067616147169, 0.028195567199, 0.90418828563],
      [0.48349142172, 0.29158281282, 0.22492576546],
      [0.094383424898, 0.63773112601, 0.26788544909]
    ],
    [
      [0.10419151789, 0.042630149517, 0.8531783326],
      [0.55220166369, 0.31690014628, 0.13089819003],
      [0.1124885391, 0.69167481152, 0.19583664938]
    ],
    [
      [0.043217410644, 0.015594371278, 0.94118821808],
      [0.42605878908, 0.24132627769, 0.33261493323],
      [0.081161246042, 0.55034691459, 0.36849183937]
    ],
    [
      [0.086900522567, 0.031936605779, 0.88116287165],
      [0.53654023253, 0.28389810785, 0.17956165962],
      [0.11109844729, 0.64975226694, 0.23914928577]
    ],
    [
      [0.079152166794, 0.029678115631, 0.89116971758],
      [0.52012344294, 0.28147512911, 0.19840142795],
      [0.10613755772, 0.63776754233, 0.25609489995]
    ],
    [
      [0.090282654706, 0.044495428633, 0.86522191666],
      [0.50610000883, 0.34710174424, 0.14679824692],
      [0.096869231347, 0.70777978103, 0.19535098762]
    ],
    [
      [0.086179067184, 0.028930098599, 0.88489083422],
      [0.54573964904, 0.26652832439, 0.18773202657],
      [0.11555220598, 0.62892188688, 0.25552590713]
    ],
    [
      [0.082331507792, 0.028795272641, 0.88887321957],
      [0.53460565662, 0.27075150869, 0.1946428347],
      [0.11180166315, 0.63013698047, 0.25806135638]
    ],
    [
      [0.05597646812, 0.023242240354, 0.92078129153],
      [0.45506119139, 0.28131898957, 0.26361981904],
      [0.086766213149, 0.61662805808, 0.29660572878]
    ],
    [
      [0.10367130537, 0.011877163522, 0.88445153111],
      [0.61691952085, 0.19174125675, 0.19133922239],
      [0.16284901804, 0.53875752782, 0.29839345414]
    ],
    [
      [0.079390903115, 0.018710089619, 0.90189900727],
      [0.55037138581, 0.23659550136, 0.21303311283],
      [0.12105640311, 0.57043676102, 0.30850683587]
    ],
    [
      [0.086328564881, 0.031923995437, 0.88174743968],
