{
  "X": [
    [9, 80, 11],
    [3, 86, 11],
    [5, 77, 18],
    [5, 75, 20],
    [8, 84, 8],
    [8, 75, 17],
    [4, 79, 17],
    [4, 78, 18],
    [6, 75, 19],
    [4, 80, 16],
    [4, 80, 16],
    [9, 82, 9],
    [6, 79, 15],
    [9, 81, 10],
    [8, 79, 13],
    [9, 76, 15],
    [10, 68, 22],
    [22, 30, 48],
    [29, 25, 46],
    [24, 41, 35],
    [30, 35, 35],
    [20, 42, 38],
    [18, 45, 37],
    [16, 46, 38],
    [20, 43, 37],
    [18, 38, 44],
    [24, 36, 40],
    [20, 43, 37],
    [20, 46, 34],
    [22, 45, 33],
    [16, 42, 42],
    [19, 50, 31],
    [23, 35, 42],
    [11, 65, 24],
    [5, 70, 25],
    [11, 67, 22],
    [4, 70, 26],
    [9, 56, 35],
    [8, 71, 21],
    [5, 72, 23],
    [11, 64, 25],
    [9, 73, 18],
    [5, 73, 22],
    [6, 77, 17],
    [11, 66, 23],
    [7, 69, 24],
    [8, 63, 29],
    [5, 77, 18],
    [8, 66, 26],
    [6, 64, 30]
  ],
  "W": [
    [67, 17, 16],
    [79, 10, 11],
    [60, 21, 19],
    [62, 21, 17],
    [66, 16, 18],
    [64, 17, 19],
    [64, 20, 16],
    [66, 13, 21],
    [70, 13, 17],
    [73, 13, 14],
    [65, 12, 23],
    [67, 15, 18],
    [67, 15, 18],
    [70, 13, 17],
    [61, 18, 21],
    [58, 19, 23],
    [54, 30, 16],
    [12, 73, 15],
    [10, 76, 14],
    [19, 67, 14],
    [16, 71, 13],
    [15, 63, 22],
    [19, 67, 14],
    [17, 62, 21],
    [19, 62, 19],
    [12, 69, 19],
    [15, 73, 12],
    [24, 63, 13],
    [19, 64, 17],
    [27, 58, 15],
    [18, 65, 17],
    [20, 63, 17],
    [15, 70, 15],
    [14, 29, 57],
    [16, 16, 68],
    [28, 25, 47],
    [18, 14, 68],
    [18, 24, 58],
    [15, 24, 61],
    [9, 15, 76],
    [13, 18, 69],
    [15, 13, 72],
    [12, 18, 70],
    [12, 22, 66],
    [17, 20, 63],
    [18, 12, 70],
    [17, 19, 64],
    [24, 14, 62],
    [16, 15, 69],
    [15, 20, 65]
  ],
  "method": "mult",
  "cond_prob": [
    [
      [0.016414355189, 0.95540981672, 0.028175828094],
      [0.43489902352, 0.17676505027, 0.38833592621],
      [0.031684675151, 0.81140852659, 0.15690679826]
    ],
    [
      [0.0065919423982, 0.95680895186, 0.036599105745],
      [0.23162382636, 0.18759533021, 0.58078084344],
      [0.01481802609, 0.77601268193, 0.20916929198]
    ],
    [
      [0.0032273718095, 0.96688571265, 0.029886915542],
      [0.21749421034, 0.1974238667, 0.58508192296],
      [0.012577856541, 0.78110294949, 0.20631919397]
    ],
    [
      [0.0075858220309, 0.94528610075, 0.047128077219],
      [0.2044168437, 0.1739208969, 0.62166225939],
      [0.013936783313, 0.7494072305, 0.23665598619]
    ],
    [
      [0.0025669200991, 0.98593593127, 0.011497148635],
      [0.45989768563, 0.21557433142, 0.32452798295],
      [0.0262344613, 0.85994662409, 0.11381891461]
    ],
    [
      [0.025140178829, 0.91536405966, 0.059495761514],
      [0.34243934871, 0.14123913142, 0.51632151987],
      [0.029976822472, 0.73766499725, 0.23235818028]
    ],
    [
      [0.0012121828171, 0.9737701012, 0.025017715984],
      [0.18778115567, 0.20653665482, 0.6056821895],
      [0.010424824141, 0.78424877668, 0.20532639918]
    ],
    [
      [0.012540669097, 0.92324054769, 0.064218783211],
      [0.21680382433, 0.15070093264, 0.63249524303],
      [0.016850767773, 0.71938151086, 0.26376772137]
    ],
    [
      [0.027044128653, 0.88478570259, 0.088170168759],
      [0.28055141217, 0.11786673345, 0.60158185437],
      [0.027043684475, 0.67839607553, 0.29456024]
    ],
    [
      [0.012024498045, 0.92852301155, 0.059452490405],
      [0.22212111239, 0.15513127646, 0.62274761114],
      [0.016759798686, 0.72865096877, 0.25458923254]
    ],
    [
      [0.01105393997, 0.93710015239, 0.051845907641],
      [0.24033077498, 0.16330867986, 0.59636054516],
      [0.017283678354, 0.74472982332, 0.23798649833]
    ],
    [
      [0.016752553533, 0.96040768663, 0.022839759835],
      [0.48352966981, 0.18081090339, 0.3356594268],
      [0.03470188145, 0.83002896916, 0.13526914939]
    ],
    [
      [0.014905710986, 0.93843814811, 0.046656140906],
      [0.30591052935, 0.16282698201, 0.53126248864],
      [0.022925523538, 0.76012440814, 0.21695006832]
    ],
    [
      [0.028883856513, 0.93561929104, 0.035496852449],
      [0.48340449883, 0.15319001293, 0.36340548825],
      [0.040815974079, 0.79501055643, 0.16417346949]
    ],
    [
      [0.010749380255, 0.9617894482, 0.027461171546],
      [0.37884268423, 0.18627553313, 0.43488178264],
      [0.02500568992, 0.80847066969, 0.16652364039]
    ],
    [
      [0.018080521349, 0.94408674907, 0.037832729577],
      [0.38334578702, 0.16719308747, 0.44946112551],
      [0.029033035147, 0.78549129965, 0.18547566521]
    ],
    [
      [0.014055789019, 0.94037966584, 0.045564545144],
      [0.29627112388, 0.16723907276, 0.53648980335],
      [0.022053354776, 0.76264536637, 0.21530127886]
    ],
    [
      [0.018056532626, 0.92187183437, 0.060071633005],
      [0.29305517796, 0.11354149289, 0.59340332915],
      [0.026019574494, 0.70993393379, 0.26404649172]
    ],
    [
      [0.025793408853, 0.91191060101, 0.062295990132],
      [0.37135641528, 0.081469509366, 0.54717407536],
      [0.037069882178, 0.69208651986, 0.27084359796]
    ],
    [
      [0.015973768768, 0.946214034, 0.037812197235],
      [0.34832898471, 0.17915234867, 0.47251866662],
      [0.025604029865, 0.78705185665, 0.18734411349]
    ],
    [
      [0.023003934272, 0.93568874587, 0.041307319863],
      [0.41103518853, 0.14074443589, 0.44822037558],
      [0.034495281985, 0.77200962445, 0.19349509357]
    ],
    [
      [0.014537232158, 0.94261115461, 0.042851613235],
      [0.30615475983, 0.17295001053, 0.52089522965],
      [0.022463256756, 0.77113554626, 0.20640119699]
    ],
    [
      [0.0080892192777, 0.96002147448, 0.031889306241],
      [0.26309641403, 0.23125919859, 0.50564438737],
      [0.015631792392, 0.80465897708, 0.17970923052]
    ],
    [
      [0.0089796713478, 0.95374320162, 0.037277127031],
      [0.25060441944, 0.21267693257, 0.53671864799],
      [0.014755789598, 0.79049503586, 0.19474917454]
    ],
    [
      [0.015049567261, 0.94156128931, 0.043389143432],
      [0.31084220657, 0.16933786338, 0.51981993005],
      [0.023254811313, 0.76902041967, 0.20772476902]
    ],
    [
      [0.01184627177, 0.94201493633, 0.046138791905],
      [0.25383857181, 0.17719763673, 0.56896379146],
      [0.018051751798, 0.76153599103, 0.22041225717]
    ],
    [
      [0.015402391225, 0.94294984016, 0.041647768614],
      [0.3216581219, 0.17205773238, 0.50628414573],
      [0.023993436101, 0.77462816117, 0.20137840272]
    ],
    [
      [0.015181001384, 0.94023209991, 0.044586898705],
      [0.30689123282, 0.16638397229, 0.52672479489],
      [0.023192946086, 0.76555687292, 0.21125018099]
    ],
    [
      [0.01022901226, 0.95810912291, 0.031661864833],
      [0.30453599063, 0.21976740746, 0.47569660192],
      [0.018549727473, 0.80769485808, 0.17375541445]
    ],
    [
      [0.021271273287, 0.93206587245, 0.046662854264],
      [0.36166966547, 0.14492012028, 0.49341021426],
      [0.029922334947, 0.76192363118, 0.20815403387]
    ],
    [
      [0.010437752795, 0.94447893568, 0.045083311529],
      [0.23896009892, 0.18486006816, 0.57617983292],
      [0.016453765859, 0.76373380751, 0.21981242663]
    ],
    [
      [0.0060101222397, 0.97075206893, 0.023237808834],
      [0.29574084567, 0.26030121084, 0.44395794349],
      [0.014595545781, 0.83446954932, 0.1509349049]
    ],
    [
      [0.017791499366, 0.93228101911, 0.049927481524],
      [0.31912857556, 0.14043717197, 0.54043425247],
      [0.02627514802, 0.74567884504, 0.22804600694]
    ],
    [
      [0.013561046394, 0.95155062429, 0.034888329316],
      [0.33856294761, 0.19174996804, 0.46968708436],
      [0.017400348595, 0.80907968749, 0.17351996392]
    ],
    [
      [0.010493589432, 0.94326169002, 0.046244720549],
      [0.2421807997, 0.17653284141, 0.58128635889],
      [0.014076614322, 0.76593069849, 0.21999268719]
    ],
    [
      [0.018232294738, 0.94110299907, 0.040664706197],
