{
  "X": [
    [84, 16],
    [92, 8],
    [87, 13],
    [92, 8],
    [96, 4],
    [94, 6],
    [91, 9],
    [90, 10],
    [89, 11],
    [91, 9],
    [87, 13],
    [91, 9],
    [89, 11],
    [91, 9],
    [88, 12],
    [93, 7],
    [96, 4],
    [97, 3],
    [87, 13],
    [92, 8],
    [87, 13],
    [82, 18],
    [88, 12],
    [91, 9],
    [96, 4],
    [69, 31],
    [72, 28],
    [80, 20],
    [73, 27],
    [72, 28],
    [73, 27],
    [81, 19],
    [76, 24],
    [81, 19],
    [76, 24],
    [82, 18],
    [70, 30],
    [79, 21],
    [81, 19],
    [74, 26],
    [79, 21],
    [82, 18],
    [85, 15],
    [83, 17],
    [78, 22],
    [76, 24],
    [77, 23],
    [79, 21],
    [78, 22],
    [85, 15]
  ],
  "W": [
    [77, 23],
    [78, 22],
    [74, 26],
    [76, 24],
    [79, 21],
    [80, 20],
    [74, 26],
    [78, 22],
    [75, 25],
    [75, 25],
    [68, 32],
    [76, 24],
    [72, 28],
    [80, 20],
    [73, 27],
    [74, 26],
    [80, 20],
    [74, 26],
    [74, 26],
    [72, 28],
    [69, 31],
    [75, 25],
    [72, 28],
    [68, 32],
    [76, 24],
    [26, 74],
    [23, 77],
    [23, 77],
    [28, 72],
    [18, 82],
    [17, 83],
    [28, 72],
    [20, 80],
    [27, 73],
    [28, 72],
    [31, 69],
    [22, 78],
    [29, 71],
    [17, 83],
    [22, 78],
    [27, 73],
    [24, 76],
    [37, 63],
    [26, 74],
    [25, 75],
    [29, 71],
    [26, 74],
    [26, 74],
    [30, 70],
    [22, 78]
  ],
  "method": "mcmc",
  "mcmc_stepsize": 3000,
  "mcmc_samples": 100,
  "burn_in": 10000,
  "cond_prob": [
    [
      [0.94724628408, 0.052753715922],
      [0.48095809243, 0.51904190757]
    ],
    [
      [0.97513996405, 0.024860035955],
      [0.72450376384, 0.27549623616]
    ],
    [
      [0.96341248376, 0.036587516242],
      [0.60413370007, 0.39586629993]
    ],
    [
      [0.97687248182, 0.023127518182],
      [0.73990380758, 0.26009619242]
    ],
    [
      [0.99054306027, 0.0094569397278],
      [0.84509991612, 0.15490008388]
    ],
    [
      [0.98256131292, 0.017438687079],
      [0.76975474832, 0.23024525168]
    ],
    [
      [0.97522616563, 0.024773834374],
      [0.72435629783, 0.27564370217]
    ],
    [
      [0.96730593041, 0.03269406959],
      [0.66136988309, 0.33863011691]
    ],
    [
      [0.96733185654, 0.032668143457],
      [0.65800443037, 0.34199556963]
    ],
    [
      [0.97459271788, 0.025407282122],
      [0.71622184637, 0.28377815363]
    ],
    [
      [0.97060692307, 0.029393076931],
      [0.65621028848, 0.34378971152]
    ],
    [
      [0.97360524178, 0.026394758222],
      [0.70858340104, 0.29141659896]
    ],
    [
      [0.97076378893, 0.029236211065],
      [0.6823216856, 0.3176783144]
    ],
    [
      [0.96926596341, 0.030734036588],
      [0.67293614635, 0.32706385365]
    ],
    [
      [0.96700127017, 0.032998729834],
      [0.64477434363, 0.35522565637]
    ],
    [
      [0.98236429091, 0.017635709089],
      [0.78096317202, 0.21903682798]
    ],
    [
      [0.98994416669, 0.010055833306],
      [0.84022333322, 0.15977666678]
    ],
    [
      [0.99484425539, 0.0051557446083],
      [0.89928942696, 0.10071057304]
    ],
    [
      [0.96324705349, 0.036752946508],
      [0.60460454006, 0.39539545994]
    ],
    [
      [0.98005679875, 0.019943201255],
      [0.7655682318, 0.2344317682]
    ],
    [
      [0.96920150613, 0.030798493868],
      [0.64919664764, 0.35080335236]
    ],
    [
      [0.93963992341, 0.060360076588],
      [0.46108022976, 0.53891977024]
    ],
    [
      [0.9683284479, 0.031671552096],
      [0.65286970539, 0.34713029461]
    ],
    [
      [0.97998962676, 0.020010373237],
      [0.76127204313, 0.23872795687]
    ],
    [
      [0.99158738149, 0.008412618514],
      [0.85997329196, 0.14002670804]
    ],
    [
      [0.95913709643, 0.040862903567],
      [0.59543831747, 0.40456168253]
    ],
    [
      [0.97247422512, 0.027525774885],
      [0.64458562107, 0.35541437893]
    ],
    [
      [0.98328176643, 0.016718233571],
      [0.74525349834, 0.25474650166]
    ],
    [
      [0.96933654194, 0.030663458063],
      [0.63692467814, 0.36307532186]
    ],
    [
      [0.97711639152, 0.022883608483],
      [0.6635598165, 0.3364401835]
    ],
    [
      [0.97759302746, 0.022406972538],
      [0.6792881751, 0.3207118249]
    ],
    [
      [0.98162354292, 0.018376457082],
      [0.74325751109, 0.25674248891]
    ],
    [
      [0.97847508672, 0.021524913276],
      [0.70538122832, 0.29461877168]
    ],
    [
      [0.98196385756, 0.018036142437],
      [0.74639692939, 0.25360307061]
    ],
    [
      [0.97226566762, 0.027734332379],
      [0.67745224037, 0.32254775963]
    ],
    [
      [0.98467794469, 0.015322055306],
      [0.74601425673, 0.25398574327]
    ],
    [
      [0.96863453445, 0.03136546555],
      [0.62423128516, 0.37576871484]
    ],
    [
      [0.97891388251, 0.021086117485],
      [0.71283799165, 0.28716200835]
    ],
    [
      [0.98694559548, 0.013054404522],
      [0.77375813105, 0.22624186895]
    ],
    [
      [0.97549742162, 0.024502578381],
      [0.67357765031, 0.32642234969]
    ],
    [
      [0.98104897318, 0.018951026822],
      [0.71933805102, 0.28066194898]
    ],
    [
      [0.98688316826, 0.013116831742],
      [0.76730005213, 0.23269994787]
    ],
    [
      [0.98337810506, 0.016621894941],
      [0.77166682719, 0.22833317281]
    ],
    [
      [0.98739644835, 0.012603551654],
      [0.77469854518, 0.22530145482]
    ],
    [
      [0.97977725709, 0.020222742913],
      [0.71340758097, 0.28659241903]
    ],
    [
      [0.96955991657, 0.030440083431],
      [0.6744051045, 0.3255948955]
    ],
    [
      [0.97774192456, 0.022258075445],
      [0.69700959408, 0.30299040592]
    ],
    [
      [0.98052286423, 0.019477135768],
      [0.72305953419, 0.27694046581]
    ],
    [
      [0.9769986586, 0.023001341403],
      [0.69557200346, 0.30442799654]
    ],
    [
      [0.98697847789, 0.013021522109],
      [0.8113650447, 0.1886349553]
    ]
  ],