{
  "X": [
    [25, 75],
    [25, 75],
    [24, 76],
    [23, 77],
    [21, 79],
    [30, 70],
    [24, 76],
    [20, 80],
    [20, 80],
    [20, 80],
    [29, 71],
    [25, 75],
    [21, 79],
    [26, 74],
    [17, 83],
    [31, 69],
    [22, 78],
    [22, 78],
    [27, 73],
    [24, 76],
    [27, 73],
    [29, 71],
    [24, 76],
    [20, 80],
    [28, 72],
    [59, 41],
    [60, 40],
    [61, 39],
    [59, 41],
    [57, 43],
    [64, 36],
    [62, 38],
    [62, 38],
    [61, 39],
    [55, 45],
    [66, 34],
    [54, 46],
    [63, 37],
    [55, 45],
    [59, 41],
    [61, 39],
    [65, 35],
    [65, 35],
    [61, 39],
    [61, 39],
    [59, 41],
    [65, 35],
    [57, 43],
    [63, 37],
    [74, 26]
  ],
  "W": [
    [73, 27],
    [74, 26],
    [74, 26],
    [74, 26],
    [77, 23],
    [67, 33],
    [78, 22],
    [75, 25],
    [81, 19],
    [75, 25],
    [73, 27],
    [79, 21],
    [78, 22],
    [73, 27],
    [82, 18],
    [65, 35],
    [81, 19],
    [78, 22],
    [69, 31],
    [76, 24],
    [75, 25],
    [71, 29],
    [76, 24],
    [79, 21],
    [76, 24],
    [25, 75],
    [24, 76],
    [32, 68],
    [22, 78],
    [30, 70],
    [25, 75],
    [26, 74],
    [24, 76],
    [24, 76],
    [30, 70],
    [26, 74],
    [30, 70],
    [23, 77],
    [22, 78],
    [29, 71],
    [29, 71],
    [21, 79],
    [19, 81],
    [24, 76],
    [28, 72],
    [21, 79],
    [20, 80],
    [27, 73],
    [25, 75],
    [15, 85]
  ],
  "method": "mcmc",
  "mcmc_stepsize": 3000,
  "mcmc_samples": 100,
  "burn_in": 10000,
  "cond_prob": [
    [
      [0.048308690262, 0.95169130974],
      [0.79531354114, 0.20468645886]
    ],
    [
      [0.054859241183, 0.94514075882],
      [0.80540062125, 0.19459937875]
    ],
    [
      [0.04674631838, 0.95325368162],
      [0.79002970923, 0.20997029077]
    ],
    [
      [0.04043348982, 0.95956651018],
      [0.76953545205, 0.23046454795]
    ],
    [
      [0.045554501699, 0.9544454983],
      [0.76053492909, 0.23946507091]
    ],
    [
      [0.051761001951, 0.94823899805],
      [0.80400038998, 0.19599961002]
    ],
    [
      [0.070078017613, 0.92992198239],
      [0.84245066483, 0.15754933517]
    ],
    [
      [0.030122112297, 0.9698778877],
      [0.70963366311, 0.29036633689]
    ],
    [
      [0.055592987027, 0.94440701297],
      [0.81562989741, 0.18437010259]
    ],
    [
      [0.030122112298, 0.9698778877],
      [0.70963366311, 0.29036633689]
    ],
    [
      [0.078991669391, 0.92100833061],
      [0.86050400498, 0.13949599502]
    ],
    [
      [0.083293330107, 0.91670666989],
      [0.87713461531, 0.12286538469]
    ],
    [
      [0.050044408774, 0.94995559123],
      [0.77711527798, 0.22288472202]
    ],
    [
      [0.055908946626, 0.94409105337],
      [0.8118017369, 0.1881982631]
    ],
    [
      [0.040557416259, 0.95944258374],
      [0.75968288149, 0.24031711851]
    ],
    [
      [0.04631191854, 0.95368808146],
      [0.799706437, 0.200293563]
    ],
    [
      [0.070202904416, 0.92979709558],
      [0.85860867065, 0.14139132935]
    ],
    [
      [0.058360667834, 0.94163933217],
      [0.79308490495, 0.20691509505]
    ],
    [
      [0.042609077155, 0.95739092285],
      [0.77612818311, 0.22387181689]
    ],
    [
      [0.059888068025, 0.94011193197],
      [0.81035445125, 0.18964554875]
    ],
    [
      [0.072660471233, 0.92733952877],
      [0.8620185863, 0.1379814137]
    ],
    [
      [0.068171491981, 0.93182850802],
      [0.8330973817, 0.1669026183]
    ],
    [
      [0.059710242233, 0.94028975777],
      [0.81091756626, 0.18908243374]
    ],
    [
      [0.046338133843, 0.95366186616],
      [0.77806130602, 0.22193869398]
    ],
    [
      [0.086616749773, 0.91338325023],
      [0.89238029239, 0.10761970761]
    ],
    [
      [0.039510813952, 0.96048918605],
      [0.77349639535, 0.22650360465]
    ],
    [
      [0.040843613367, 0.95915638663],
      [0.77657570104, 0.22342429896]
    ],
    [
      [0.065148137889, 0.93485186211],
      [0.86640087629, 0.13359912371]
    ],
    [
      [0.036833018954, 0.96316698105],
      [0.74602145619, 0.25397854381]
    ],
    [
      [0.037707752218, 0.96229224778],
      [0.79812524905, 0.20187475095]
    ],
    [
      [0.052418887186, 0.94758111281],
      [0.83586037094, 0.16413962906]
    ],
    [
      [0.048259577702, 0.9517404223],
      [0.82088177, 0.17911823]
    ],
    [
      [0.045325315928, 0.95467468407],
      [0.80147621602, 0.19852378398]
    ],
    [
      [0.042970460942, 0.95702953906],
      [0.7890619597, 0.2109380403]
    ],
    [
      [0.035557747877, 0.96444225212],
      [0.77047525091, 0.22952474909]
    ],
    [
      [0.066853090685, 0.93314690932],
      [0.86840296814, 0.13159703186]
    ],
    [
      [0.03148709513, 0.96851290487],
      [0.75793410209, 0.24206589791]
    ],
    [
      [0.047408669861, 0.95259133014],
      [0.80402078692, 0.19597921308]
    ],
    [
      [0.031492762734, 0.96850723727],
      [0.69624563102, 0.30375436898]
    ],
    [
      [0.04153535202, 0.95846464798],
      [0.81402077171, 0.18597922829]
    ],
    [
      [0.049291473947, 0.95070852605],
      [0.83902179233, 0.16097820767]
    ],
    [
      [0.03942030811, 0.96057969189],
      [0.81230599405, 0.18769400595]
    ],
    [
      [0.051884860251, 0.94811513975],
      [0.79029861303, 0.20970138697]
    ],
    [
      [0.042970460942, 0.95702953906],
      [0.7890619597, 0.2109380403]
    ],
    [
      [0.047164689156, 0.95283531084],
      [0.82888039866, 0.17111960134]
    ],
    [
      [0.036682657224, 0.96331734278],
      [0.73708435694, 0.26291564306]
    ],
    [
      [0.049994279505, 0.95000572049],
      [0.80000143012, 0.19999856988]
    ],
    [
      [0.035595762297, 0.9644042377],
      [0.76765636189, 0.23234363811]
    ],
    [
      [0.049154934525, 0.95084506547],
      [0.82361502182, 0.17638497818]
    ],
    [
      [0.078601132474, 0.92139886753],
      [0.85671744721, 0.14328255279]
    ]
  ],