{
  "X": [
    [83, 17],
    [78, 22],
    [85, 15],
    [77, 23],
    [83, 17],
    [88, 12],
    [83, 17],
    [85, 15],
    [83, 17],
    [75, 25],
    [83, 17],
    [79, 21],
    [89, 11],
    [84, 16],
    [75, 25],
    [84, 16],
    [79, 21],
    [79, 21],
    [81, 19],
    [78, 22],
    [75, 25],
    [85, 15],
    [84, 16],
    [87, 13],
    [76, 24],
    [58, 42],
    [69, 31],
    [58, 42],
    [61, 39],
    [54, 46],
    [54, 46],
    [64, 36],
    [50, 50],
    [70, 30],
    [58, 42],
    [56, 44],
    [69, 31],
    [57, 43],
    [48, 52],
    [49, 51],
    [57, 43],
    [58, 42],
    [59, 41],
    [60, 40],
    [66, 34],
    [54, 46],
    [62, 38],
    [57, 43],
    [60, 40],
    [68, 32]
  ],
  "W": [
    [73, 27],
    [72, 28],
    [76, 24],
    [71, 29],
    [75, 25],
    [79, 21],
    [75, 25],
    [81, 19],
    [77, 23],
    [72, 28],
    [79, 21],
    [79, 21],
    [82, 18],
    [72, 28],
    [69, 31],
    [70, 30],
    [74, 26],
    [77, 23],
    [79, 21],
    [70, 30],
    [67, 33],
    [73, 27],
    [82, 18],
    [81, 19],
    [79, 21],
    [25, 75],
    [32, 68],
    [21, 79],
    [22, 78],
    [21, 79],
    [26, 74],
    [30, 70],
    [24, 76],
    [33, 67],
    [29, 71],
    [24, 76],
    [24, 76],
    [25, 75],
    [15, 85],
    [22, 78],
    [29, 71],
    [26, 74],
    [23, 77],
    [18, 82],
    [25, 75],
    [20, 80],
    [26, 74],
    [20, 80],
    [23, 77],
    [33, 67]
  ],
  "method": "mcmc",
  "mcmc_stepsize": 3000,
  "mcmc_samples": 100,
  "burn_in": 10000,
  "cond_prob": [
    [
      [0.95290493157, 0.047095068427],
      [0.4977014813, 0.5022985187]
    ],
    [
      [0.92959167195, 0.070408328054],
      [0.39533570071, 0.60466429929]
    ],
    [
      [0.95662927374, 0.043370726256],
      [0.51234063314, 0.48765936686]
    ],
    [
      [0.92756084989, 0.072439150111],
      [0.38424757441, 0.61575242559]
    ],
    [
      [0.9490754375, 0.0509245625],
      [0.4727736875, 0.5272263125]
    ],
    [
      [0.9605214443, 0.039478555699],
      [0.57708599525, 0.42291400475]
    ],
    [
      [0.94907543748, 0.05092456252],
      [0.47277368756, 0.52722631244]
    ],
    [
      [0.94273775934, 0.057262240662],
      [0.45464428914, 0.54535571086]
    ],
    [
      [0.94436441608, 0.055635583918],
      [0.44712782442, 0.55287217558]
    ],
    [
      [0.90974681504, 0.090253184956],
      [0.3392224756, 0.6607775244]
    ],
    [
      [0.93755429235, 0.062445707653],
      [0.42539099546, 0.57460900454]
    ],
    [
      [0.90720418523, 0.092795814773],
      [0.34908901748, 0.65091098252]
    ],
    [
      [0.95855646299, 0.041443537011],
      [0.57768722416, 0.42231277584]
    ],
    [
      [0.95807317079, 0.04192682921],
      [0.53638327511, 0.46361672489]
    ],
    [
      [0.92288267001, 0.077117329987],
      [0.36519663771, 0.63480336229]
    ],
    [
      [0.96087963565, 0.039120364349],
      [0.55794751681, 0.44205248319]
    ],
    [
      [0.9283989145, 0.0716010855],
      [0.39609539719, 0.60390460281]
    ],
    [
      [0.91539660865, 0.084603391345],
      [0.37019396233, 0.62980603767]
    ],
    [
      [0.9220315962, 0.077968403797],
      [0.38854780476, 0.61145219524]
    ],
    [
      [0.93612896092, 0.063871039075],
      [0.41569909118, 0.58430090882]
    ],
    [
      [0.92968399012, 0.070316009881],
      [0.38518705037, 0.61481294963]
    ],
    [
      [0.96108000819, 0.038919991806],
      [0.54967257044, 0.45032742956]
    ],
    [
      [0.93309596456, 0.066904035444],
      [0.41589616147, 0.58410383853]
    ],
    [
      [0.95252000819, 0.047479991809],
      [0.51820417561, 0.48179582439]
    ],
    [
      [0.88486598188, 0.11513401812],
      [0.29026606817, 0.70973393183]
    ],
    [
      [0.93532452343, 0.064675476572],
      [0.46155849219, 0.53844150781]
    ],
    [
      [0.96409558558, 0.035904414423],
      [0.56101384208, 0.43898615792]
    ],
    [
      [0.94790022775, 0.052099772255],
      [0.48220373693, 0.51779626307]
    ],
    [
      [0.9534648302, 0.046535169799],
      [0.5131253043, 0.4868746957]
    ],
    [
      [0.93522619612, 0.06477380388],
      [0.43493987192, 0.56506012808]
    ],
    [
      [0.9182230848, 0.081776915196],
      [0.40711080804, 0.59288919196]
    ],
    [
      [0.95333548202, 0.04666451798],
      [0.50571336485, 0.49428663515]
    ],
    [
      [0.91349483203, 0.086505167971],
      [0.36942268462, 0.63057731538]
    ],
    [
      [0.96477722701, 0.035222772993],
      [0.56958733595, 0.43041266405]
    ],
    [
      [0.93448762723, 0.065512372774],
      [0.43520927902, 0.56479072098]
    ],
    [
      [0.93522520678, 0.064774793218],
      [0.44150782944, 0.55849217056]
    ],
    [
      [0.96587362326, 0.034126376741],
      [0.60288201371, 0.39711798629]
    ],
    [
      [0.9323738804, 0.067626119596],
      [0.44920870653, 0.55079129347]
    ],
    [
      [0.9263530303, 0.073646969699],
      [0.40123181818, 0.59876818182]
    ],
    [
      [0.91324013254, 0.086759867461],
      [0.370624578, 0.629375422]
    ],
    [
      [0.92845355615, 0.071546443851],
      [0.42358939256, 0.57641060744]
    ],
    [
      [0.94048325269, 0.05951674731],
      [0.45334372203, 0.54665627797]
    ],
    [
      [0.9477335859, 0.052266414098],
      [0.4831445133, 0.5168554867]
    ],
    [
      [0.95971146806, 0.040288531936],
      [0.52103894603, 0.47896105397]
    ],
    [
      [0.95648131003, 0.043518689973],
      [0.56117289666, 0.43882710334]
    ],
    [
      [0.93266495753, 0.067335042469],
      [0.44183376062, 0.55816623938]
    ],
    [
      [0.94491920017, 0.055080799834],
      [0.50583919994, 0.49416080006]
    ],
    [
      [0.94500724294, 0.054992757059],
      [0.47624818926, 0.52375181074]
    ],
    [
      [0.94915464013, 0.050845359873],
      [0.49570705555, 0.50429294445]
    ],
    [
      [0.95904767528, 0.040952324719],
      [0.5425586077, 0.4574413923]
    ]
  ],