{
  "X": [
    [50, 50],
    [50, 50],
    [58, 42],
    [55, 45],
    [59, 41],
    [62, 38],
    [56, 44],
    [45, 55],
    [64, 36],
    [52, 48],
    [60, 40],
    [55, 45],
    [50, 50],
    [44, 56],
    [48, 52],
    [62, 38],
    [61, 39],
    [55, 45],
    [57, 43],
    [59, 41],
    [51, 49],
    [68, 32],
    [47, 53],
    [61, 39],
    [56, 44],
    [26, 74],
    [28, 72],
    [23, 77],
    [23, 77],
    [22, 78],
    [18, 82],
    [21, 79],
    [29, 71],
    [37, 63],
    [18, 82],
    [26, 74],
    [29, 71],
    [30, 70],
    [23, 77],
    [34, 66],
    [23, 77],
    [23, 77],
    [24, 76],
    [31, 69],
    [24, 76],
    [28, 72],
    [31, 69],
    [23, 77],
    [28, 72],
    [20, 80]
  ],
  "W": [
    [79, 21],
    [75, 25],
    [75, 25],
    [83, 17],
    [75, 25],
    [76, 24],
    [67, 33],
    [79, 21],
    [78, 22],
    [77, 23],
    [81, 19],
    [74, 26],
    [66, 34],
    [71, 29],
    [68, 32],
    [76, 24],
    [75, 25],
    [74, 26],
    [75, 25],
    [78, 22],
    [70, 30],
    [81, 19],
    [59, 41],
    [80, 20],
    [76, 24],
    [27, 73],
    [25, 75],
    [20, 80],
    [23, 77],
    [28, 72],
    [23, 77],
    [17, 83],
    [27, 73],
    [27, 73],
    [20, 80],
    [27, 73],
    [25, 75],
    [29, 71],
    [25, 75],
    [34, 66],
    [23, 77],
    [29, 71],
    [21, 79],
    [28, 72],
    [19, 81],
    [27, 73],
    [31, 69],
    [23, 77],
    [28, 72],
    [26, 74]
  ],
  "method": "mcmc",
  "mcmc_stepsize": 3000,
  "mcmc_samples": 100,
  "burn_in": 10000,
  "cond_prob": [
    [
      [0.6175401895, 0.3824598105],
      [0.057825001409, 0.94217499859]
    ],
    [
      [0.64333250044, 0.35666749956],
      [0.070002498682, 0.92999750132]
    ],
    [
      [0.74012776684, 0.25987223316],
      [0.099616699483, 0.90038330052]
    ],
    [
      [0.64930320683, 0.35069679317],
      [0.065166696048, 0.93483330395]
    ],
    [
      [0.7520014762, 0.2479985238],
      [0.1039955714, 0.8960044286]
    ],
    [
      [0.77924224011, 0.22075775989],
      [0.11573290632, 0.88426709368]
    ],
    [
      [0.77904741039, 0.22095258961],
      [0.1152673789, 0.8847326211]
    ],
    [
      [0.55798561942, 0.44201438058],
      [0.043768384088, 0.95623161591]
    ],
    [
      [0.78582239217, 0.21417760783],
      [0.12299333684, 0.87700666316]
    ],
    [
      [0.65530037247, 0.34469962753],
      [0.067037883475, 0.93296211653]
    ],
    [
      [0.71997882197, 0.28002117803],
      [0.088511337906, 0.91148866209]
    ],
    [
      [0.71033240836, 0.28966759164],
      [0.093669299276, 0.90633070072]
    ],
    [
      [0.71343531903, 0.28656468097],
      [0.085684380697, 0.9143156193]
    ],
    [
      [0.59848788349, 0.40151211651],
      [0.051977940415, 0.94802205958]
    ],
    [
      [0.67241013838, 0.32758986162],
      [0.071128455948, 0.92887154405]
    ],
    [
      [0.77982048531, 0.22017951469],
      [0.11390179653, 0.88609820347]
    ],
    [
      [0.77551227104, 0.22448772896],
      [0.11346318688, 0.88653681312]
    ],
    [
      [0.710332407, 0.289667593],
      [0.09366930315, 0.90633069685]
    ],
    [
      [0.72819012343, 0.27180987657],
      [0.095429629697, 0.9045703703]
    ],
    [
      [0.72925427227, 0.27074572773],
      [0.096280307423, 0.90371969258]
    ],
    [
      [0.69419729665, 0.30580270335],
      [0.080206307826, 0.91979369217]
    ],
    [
      [0.80716906387, 0.19283093613],
      [0.13785820139, 0.86214179861]
    ],
    [
      [0.73081018054, 0.26918981946],
      [0.094687788981, 0.90531221102]
    ],
    [
      [0.73764805735, 0.26235194265],
      [0.099407770588, 0.90059222941]
    ],
    [
      [0.70929131608, 0.29070868392],
      [0.087244165751, 0.91275583425]
    ],
    [
      [0.730136859, 0.269863141],
      [0.086113764481, 0.91388623552]
    ],
    [
      [0.78689860925, 0.21310139075],
      [0.11103379692, 0.88896620308]
    ],
    [
      [0.7564932606, 0.2435067394],
      [0.098376684849, 0.90162331515]
    ],
    [
      [0.71147617076, 0.28852382924],
      [0.086182442501, 0.9138175575]
    ],
    [
      [0.63852931033, 0.36147068967],
      [0.057238601538, 0.94276139846]
    ],
    [
      [0.6140449319, 0.3859550681],
      [0.050350215147, 0.94964978485]
    ],
    [
      [0.76347365699, 0.23652634301],
      [0.096637925676, 0.90336207432]
    ],
    [
      [0.78225082185, 0.21774917815],
      [0.10793462754, 0.89206537246]
    ],
    [
      [0.86097563878, 0.13902436122],
      [0.18840627059, 0.81159372941]
    ],
    [
      [0.65476719404, 0.34523280596],
      [0.061308201491, 0.93869179851]
    ],
    [
      [0.72931417926, 0.27068582074],
      [0.086418043287, 0.91358195671]
    ],
    [
      [0.8027906559, 0.1972093441],
      [0.11906978137, 0.88093021863]
    ],
    [
      [0.76656662702, 0.23343337298],
      [0.10943053263, 0.89056946737]
    ],
    [
      [0.69653991603, 0.30346008397],
      [0.074486694657, 0.92551330534]
    ],
    [
      [0.76710996244, 0.23289003756],
      [0.11997365571, 0.88002634429]
    ],
    [
      [0.71146598729, 0.28853401271],
      [0.086185484316, 0.91381451568]
    ],
    [
      [0.64227625858, 0.35772374142],
      [0.061605471849, 0.93839452815]
    ],
    [
      [0.76102890793, 0.23897109207],
      [0.10149864473, 0.89850135527]
    ],
    [
      [0.79246009292, 0.20753990708],
      [0.12237663053, 0.87762336947]
    ],
    [
      [0.78675861448, 0.21324138552],
      [0.11174797932, 0.88825202068]
    ],
    [
      [0.76416076362, 0.23583923638],
      [0.10092684085, 0.89907315915]
    ],
    [
      [0.75548455153, 0.24451544847],
      [0.1098547667, 0.8901452333]
    ],
    [
      [0.70915357058, 0.29084642942],
      [0.086876206189, 0.91312379381]
    ],
    [
      [0.75106510071, 0.24893489929],
      [0.096808016391, 0.90319198361]
    ],
    [
      [0.6190537657, 0.3809462343],
      [0.052764893134, 0.94723510687]
    ]
  ],