{
  "X": [
    [42, 58],
    [46, 54],
    [34, 66],
    [28, 72],
    [37, 63],
    [31, 69],
    [43, 57],
    [40, 60],
    [38, 62],
    [33, 67],
    [36, 64],
    [30, 70],
    [38, 62],
    [42, 58],
    [34, 66],
    [39, 61],
    [24, 76],
    [36, 64],
    [37, 63],
    [40, 60],
    [29, 71],
    [41, 59],
    [36, 64],
    [48, 52],
    [44, 56],
    [19, 81],
    [17, 83],
    [19, 81],
    [26, 74],
    [24, 76],
    [25, 75],
    [18, 82],
    [15, 85],
    [17, 83],
    [19, 81],
    [15, 85],
    [20, 80],
    [18, 82],
    [19, 81],
    [17, 83],
    [19, 81],
    [13, 87],
    [17, 83],
    [18, 82],
    [16, 84],
    [17, 83],
    [27, 73],
    [18, 82],
    [20, 80],
    [16, 84]
  ],
  "W": [
    [65, 35],
    [80, 20],
    [70, 30],
    [70, 30],
    [75, 25],
    [75, 25],
    [80, 20],
    [77, 23],
    [76, 24],
    [74, 26],
    [72, 28],
    [77, 23],
    [75, 25],
    [72, 28],
    [72, 28],
    [75, 25],
    [75, 25],
    [75, 25],
    [75, 25],
    [75, 25],
    [75, 25],
    [78, 22],
    [70, 30],
    [74, 26],
    [76, 24],
    [25, 75],
    [27, 73],
    [28, 72],
    [29, 71],
    [24, 76],
    [31, 69],
    [21, 79],
    [27, 73],
    [31, 69],
    [23, 77],
    [28, 72],
    [21, 79],
    [26, 74],
    [25, 75],
    [23, 77],
    [21, 79],
    [17, 83],
    [24, 76],
    [33, 67],
    [24, 76],
    [17, 83],
    [33, 67],
    [26, 74],
    [25, 75],
    [33, 67]
  ],
  "method": "mcmc",
  "mcmc_stepsize": 3000,
  "mcmc_samples": 100,
  "burn_in": 10000,
  "cond_prob": [
    [
      [0.58041649816, 0.41958350184],
      [0.12208364627, 0.87791635373]
    ],
    [
      [0.54648409042, 0.45351590958],
      [0.11406363833, 0.88593636167]
    ],
    [
      [0.45144055706, 0.54855944294],
      [0.079972033536, 0.92002796646]
    ],
    [
      [0.37405066566, 0.62594933434],
      [0.060548446784, 0.93945155322]
    ],
    [
      [0.46415545688, 0.53584454312],
      [0.087533629348, 0.91246637065]
    ],
    [
      [0.39051074571, 0.60948925429],
      [0.068467762856, 0.93153223714]
    ],
    [
      [0.51207287761, 0.48792712239],
      [0.10170848957, 0.89829151043]
    ],
    [
      [0.491187021, 0.508812979],
      [0.094721712306, 0.90527828769]
    ],
    [
      [0.4722610325, 0.5277389675],
      [0.087840063766, 0.91215993623]
    ],
    [
      [0.41873117735, 0.58126882265],
      [0.077457418299, 0.9225425817]
    ],
    [
      [0.4659190886, 0.5340809114],
      [0.087636629319, 0.91236337068]
    ],
    [
      [0.37219243674, 0.62780756326],
      [0.058312276998, 0.941687723]
    ],
    [
      [0.47651399017, 0.52348600983],
      [0.090458029493, 0.90954197051]
    ],
    [
      [0.53823296069, 0.46176703931],
      [0.11597238679, 0.88402761321]
    ],
    [
      [0.44074233738, 0.55925766262],
      [0.080948275303, 0.9190517247]
    ],
    [
      [0.48915422306, 0.51084577694],
      [0.092537330817, 0.90746266918]
    ],
    [
      [0.30521980226, 0.69478019774],
      [0.044340593215, 0.95565940679]
    ],
    [
      [0.45190271032, 0.54809728968],
      [0.084291869046, 0.91570813095]
    ],
    [
      [0.46415545755, 0.53584454245],
      [0.087533627335, 0.91246637266]
    ],
    [
      [0.50084131474, 0.49915868526],
      [0.09747605578, 0.90252394422]
    ],
    [
      [0.36590686424, 0.63409313576],
      [0.06227940727, 0.93772059273]
    ],
    [
      [0.49817991712, 0.50182008288],
      [0.09736211202, 0.90263788798]
    ],
    [
      [0.47679909059, 0.52320090941],
      [0.087468788621, 0.91253121138]
    ],
    [
      [0.60253364117, 0.39746635883],
      [0.13125040589, 0.86874959411]
    ],
    [
      [0.54418617523, 0.45581382477],
      [0.11007711176, 0.88992288824]
    ],
    [
      [0.48625764693, 0.51374235307],
      [0.091247451023, 0.90875254898]
    ],
    [
      [0.43813552419, 0.56186447581],
      [0.070826586944, 0.92917341306]
    ],
    [
      [0.46512555414, 0.53487444586],
      [0.083006728946, 0.91699327105]
    ],
    [
      [0.57501311823, 0.42498688177],
      [0.13133267002, 0.86866732998]
    ],
    [
      [0.57252613193, 0.42747386807],
      [0.13499174781, 0.86500825219]
    ],
    [
      [0.54879619769, 0.45120380231],
      [0.11575823002, 0.88424176998]
    ],
    [
      [0.49765677518, 0.50234322482],
      [0.095559591407, 0.90444040859]
    ],
    [
      [0.39417316532, 0.60582683468],
      [0.059689377212, 0.94031062279]
    ],
    [
      [0.41146242912, 0.58853757088],
      [0.06151687967, 0.93848312033]
    ],
    [
      [0.50224003808, 0.49775996192],
      [0.096733495119, 0.90326650488]
    ],
    [
      [0.3862914381, 0.6137085619],
      [0.058108885182, 0.94189111482]
    ],
    [
      [0.53892128711, 0.46107871289],
      [0.10990699963, 0.89009300037]
    ],
    [
      [0.46270809845, 0.53729190155],
      [0.080670127571, 0.91932987243]
    ],
    [
      [0.48698816602, 0.51301183398],
      [0.091003944661, 0.90899605534]
    ],
    [
      [0.46157484195, 0.53842515805],
      [0.082906216042, 0.91709378396]
    ],
    [
      [0.51900204045, 0.48099795955],
      [0.1025437614, 0.8974562386]
    ],
    [
      [0.3964566392, 0.6035433608],
      [0.075424543778, 0.92457545622]
    ],
    [
      [0.45493443335, 0.54506556665],
      [0.080020705256, 0.91997929474]
    ],
    [
      [0.41473571009, 0.58526428991],
      [0.064383903986, 0.93561609601]
    ],
    [
      [0.43343023879, 0.56656976121],
      [0.073653608803, 0.9263463912]
    ],
    [
      [0.4901085536, 0.5098914464],
      [0.10443559746, 0.89556440254]
    ],
    [
      [0.57677551487, 0.42322448513],
      [0.11890161208, 0.88109838792]
    ],
    [
      [0.46065870113, 0.53934129887],
      [0.081390186091, 0.91860981391]
    ],
    [
      [0.50389329522, 0.49610670478],
      [0.098702234927, 0.90129776507]
    ],
    [
      [0.37622526026, 0.62377473974],
      [0.053500991216, 0.94649900878]
    ]
  ],