{
  "X": [
    [49, 18, 33],
    [53, 12, 35],
    [54, 21, 25],
    [45, 16, 39],
    [47, 18, 35],
    [54, 17, 29],
    [47, 20, 33],
    [54, 15, 31],
    [57, 15, 28],
    [47, 19, 34],
    [43, 23, 34],
    [42, 23, 35],
    [43, 20, 37],
    [46, 16, 38],
    [46, 17, 37],
    [42, 22, 36],
    [60, 13, 27],
    [48, 19, 33],
    [46, 15, 39],
    [54, 21, 25],
    [46, 23, 31],
    [55, 16, 29],
    [48, 20, 32],
    [31, 30, 39],
    [43, 18, 39],
    [19, 55, 26],
    [30, 49, 21],
    [24, 51, 25],
    [25, 47, 28],
    [27, 61, 12],
    [28, 51, 21],
    [27, 43, 30],
    [35, 47, 18],
    [32, 49, 19],
    [34, 50, 16],
    [44, 38, 18],
    [31, 50, 19],
    [35, 44, 21],
    [24, 53, 23],
    [24, 54, 22],
    [39, 36, 25],
    [26, 49, 25],
    [31, 45, 24],
    [27, 54, 19],
    [26, 49, 25],
    [31, 43, 26],
    [35, 39, 26],
    [30, 55, 15],
    [25, 44, 31],
    [25, 50, 25]
  ],
  "W": [
    [77, 23],
    [78, 22],
    [74, 26],
    [76, 24],
    [79, 21],
    [80, 20],
    [74, 26],
    [78, 22],
    [75, 25],
    [75, 25],
    [68, 32],
    [76, 24],
    [72, 28],
    [80, 20],
    [73, 27],
    [74, 26],
    [80, 20],
    [74, 26],
    [74, 26],
    [72, 28],
    [69, 31],
    [75, 25],
    [72, 28],
    [68, 32],
    [76, 24],
    [26, 74],
    [23, 77],
    [23, 77],
    [28, 72],
    [18, 82],
    [17, 83],
    [28, 72],
    [20, 80],
    [27, 73],
    [28, 72],
    [31, 69],
    [22, 78],
    [29, 71],
    [17, 83],
    [22, 78],
    [27, 73],
    [24, 76],
    [37, 63],
    [26, 74],
    [25, 75],
    [29, 71],
    [26, 74],
    [26, 74],
    [30, 70],
    [22, 78]
  ],
  "method": "exact",
  "cond_prob": [
    [
      [0.57877114402, 0.039125935434, 0.38210292054],
      [0.19280964827, 0.65162186833, 0.1555684834]
    ],
    [
      [0.59674153309, 0.019575094058, 0.38368337285],
      [0.29337092814, 0.47605193925, 0.23057713261]
    ],
    [
      [0.65789894177, 0.044037794205, 0.29806326402],
      [0.20444147342, 0.68235397034, 0.11320455625]
    ],
    [
      [0.52603216273, 0.029109407196, 0.44485843008],
      [0.2092314847, 0.57448687721, 0.21628163809]
    ],
    [
      [0.55092796448, 0.045432614254, 0.40363942127],
      [0.16555670507, 0.68622968924, 0.1482136057]
    ],
    [
      [0.62606310102, 0.043042050899, 0.33089484808],
      [0.19574759592, 0.6778317964, 0.12642060768]
    ],
    [
      [0.56928297631, 0.040010675246, 0.39070634844],
      [0.18742537512, 0.65535423199, 0.15722039289]
    ],
    [
      [0.62191313428, 0.028953737976, 0.34913312775],
      [0.24958070574, 0.5791640199, 0.17125527435]
    ],
    [
      [0.6607878187, 0.023775178828, 0.31543700248],
      [0.29763654391, 0.52867446352, 0.17368899257]
    ],
    [
      [0.56321135035, 0.038325568476, 0.39846308117],
      [0.19036594894, 0.64502329457, 0.16461075649]
    ],
    [
      [0.54453516371, 0.037807799199, 0.41765703709],
      [0.18661277711, 0.6384084267, 0.17497879618]
    ],
    [
      [0.51420714616, 0.063792807734, 0.42200004611],
      [0.12167737051, 0.75632277551, 0.12199985398]
    ],
    [
      [0.52479859911, 0.035488098514, 0.43971330238],
      [0.18623217373, 0.62303060382, 0.19073722245]
    ],
    [
      [0.53061773734, 0.038430426904, 0.43095183576],
      [0.17752905066, 0.64627829238, 0.17619265696]
    ],
    [
      [0.54617890661, 0.027148919283, 0.4266721741],
      [0.22699777101, 0.55622699601, 0.21677523298]
    ],
    [
      [0.51627713951, 0.049905326698, 0.43381753379],
      [0.14598044909, 0.70411560863, 0.14990394228]
    ],
    [
      [0.67665648285, 0.025326434095, 0.29801708306],
      [0.29337406861, 0.54869426362, 0.15793166777]
    ],
    [
      [0.5769951062, 0.035828958467, 0.38717593533],
      [0.20393700543, 0.62879450283, 0.16726849174]
    ],
    [
      [0.53608941875, 0.022898455199, 0.44101212605],
      [0.24343780816, 0.51175055059, 0.24481164125]
    ],
    [
      [0.66245669478, 0.038609925339, 0.29893337988],
      [0.22511135628, 0.65071733484, 0.12417130887]
    ],
    [
      [0.58015341325, 0.039843531889, 0.38000305486],
      [0.19256175761, 0.65325149354, 0.15418674886]
    ],
    [
      [0.64309204139, 0.026856689316, 0.33005126929],
      [0.27072387583, 0.55942993205, 0.16984619212]
    ],
    [
      [0.58509816072, 0.035169385484, 0.3797324538],
      [0.20974758672, 0.62385015161, 0.16640226167]
    ],
    [
      [0.4145878831, 0.074113087371, 0.51129902953],
      [0.087750748419, 0.78000968934, 0.13223956224]
    ],
    [
      [0.51023998851, 0.036864116694, 0.4528958948],
      [0.17590670306, 0.63326363047, 0.19082966647]
    ],
    [
      [0.41923083284, 0.057253533034, 0.52351563413],
      [0.10945943711, 0.72312713704, 0.16741342585]
    ],
    [
      [0.5933947999, 0.036508082645, 0.37009711745],
      [0.21236259224, 0.62545862466, 0.1621787831]
    ],
    [
      [0.49632455842, 0.041146254853, 0.46252918673],
      [0.16343552151, 0.65004722258, 0.18651725591]
    ],
    [
      [0.47704825288, 0.039176558723, 0.48377518839],
      [0.16170345721, 0.63754244939, 0.2007540934]
    ],
    [
      [0.67602769967, 0.056653012839, 0.26731928749],
      [0.18087196836, 0.73146641182, 0.08766161982]
    ],
    [
      [0.5836321867, 0.034100985455, 0.38226682785],
      [0.21781027501, 0.60747329214, 0.17471643285]
    ],
    [
      [0.48422951053, 0.031717001583, 0.48405348789],
      [0.18668852368, 0.58488783272, 0.2284236436]
    ],
    [
      [0.66816654365, 0.030054403224, 0.30177905312],
      [0.27045836409, 0.57998639919, 0.14955523672]
    ],
    [
      [0.62401852268, 0.041054747409, 0.33492672991],
      [0.20755479298, 0.65604824411, 0.13639696291]
    ],
    [
      [0.66938617072, 0.04443116837, 0.28618266091],
      [0.21190537805, 0.67716565675, 0.1109289652]
    ],
    [
      [0.71242066816, 0.025350966781, 0.26222836506],
      [0.31760810561, 0.5393350729, 0.14305682149]
    ],
    [
      [0.62338524359, 0.037054782567, 0.33955997385],
      [0.22160929027, 0.6305742921, 0.14781641763]
    ],
    [
      [0.62692176032, 0.03348737825, 0.33959086143],
      [0.23689111198, 0.60604036663, 0.15706852139]
    ],
    [
      [0.52302683513, 0.03790059542, 0.43907256945],
      [0.18203064823, 0.63079144431, 0.18717790746]
    ],
    [
      [0.52381959572, 0.046267848935, 0.42991255534],
      [0.15994831915, 0.6792577862, 0.16079389465]
    ],
    [
      [0.62405260829, 0.020994796964, 0.35495259475],
      [0.30343259693, 0.48538548605, 0.21118191701]
    ],
    [
      [0.51696324471, 0.038159288109, 0.44487746718],
      [0.1788537122, 0.6326865406, 0.18845974721]
    ],
    [
      [0.5540820421, 0.047185761363, 0.39873219653],
      [0.16665022924, 0.68657344174, 0.14677632902]
    ],
    [
      [0.57773740214, 0.052569849626, 0.36969274823],
      [0.1618760479, 0.71125924202, 0.12686471008]
    ],
    [
      [0.51543847202, 0.039345144877, 0.4452163831],
      [0.17485384266, 0.64021828504, 0.1849278723]
    ],
    [
      [0.55093694983, 0.032232017455, 0.41683103272],
      [0.21158913317, 0.59246861259, 0.19594225424]
    ],
    [
      [0.58802722282, 0.024044170392, 0.38792860678],
      [0.2663688136, 0.51857907527, 0.21505211113]
    ],
    [
      [0.64945440695, 0.0548775703, 0.29566802275],
      [0.17721872188, 0.72396193476, 0.098819343357]
    ],
    [
      [0.45376193577, 0.035670176801, 0.51056788743],
      [0.1626734561, 0.61328420994, 0.22404233396]
    ],
    [
      [0.50913255988, 0.037881424292, 0.45298601583],
      [0.17691132927, 0.63034113674, 0.192747534]
    ]
  ],