{
  "X": [
    [10, 35, 55],
    [6, 52, 42],
    [6, 32, 62],
    [9, 50, 41],
    [4, 51, 45],
    [9, 31, 60],
    [13, 43, 44],
    [10, 46, 44],
    [9, 40, 51],
    [10, 44, 46],
    [8, 47, 45],
    [9, 42, 49],
    [10, 49, 41],
    [10, 44, 46],
    [8, 32, 60],
    [13, 39, 48],
    [9, 45, 46],
    [10, 39, 51],
    [6, 45, 49],
    [7, 43, 50],
    [8, 49, 43],
    [6, 51, 43],
    [10, 45, 45],
    [6, 43, 51],
    [8, 42, 50],
    [14, 31, 55],
    [23, 26, 51],
    [17, 34, 49],
    [32, 27, 41],
    [23, 31, 46],
    [16, 25, 59],
    [23, 31, 46],
    [21, 28, 51],
    [21, 28, 51],
    [26, 31, 43],
    [19, 26, 55],
    [21, 28, 51],
    [19, 29, 52],
    [31, 25, 44],
    [21, 28, 51],
    [19, 25, 56],
    [25, 32, 43],
    [29, 24, 47],
    [23, 36, 41],
    [23, 26, 51],
    [20, 23, 57],
    [20, 37, 43],
    [26, 22, 52],
    [18, 31, 51],
    [25, 33, 42]
  ],
  "W": [
    [67, 33],
    [87, 13],
    [70, 30],
    [80, 20],
    [76, 24],
    [83, 17],
    [72, 28],
    [78, 22],
    [74, 26],
    [73, 27],
    [77, 23],
    [73, 27],
    [65, 35],
    [77, 23],
    [71, 29],
    [67, 33],
    [73, 27],
    [70, 30],
    [74, 26],
    [75, 25],
    [72, 28],
    [73, 27],
    [70, 30],
    [77, 23],
    [75, 25],
    [23, 77],
    [26, 74],
    [29, 71],
    [25, 75],
    [24, 76],
    [23, 77],
    [28, 72],
    [27, 73],
    [24, 76],
    [24, 76],
    [33, 67],
    [26, 74],
    [24, 76],
    [26, 74],
    [25, 75],
    [30, 70],
    [24, 76],
    [22, 78],
    [26, 74],
    [34, 66],
    [27, 73],
    [28, 72],
    [27, 73],
    [27, 73],
    [19, 81]
  ],
  "method": "exact",
  "cond_prob": [
    [
      [0.019399824793, 0.43446940915, 0.54613076605],
      [0.26364277996, 0.17850150263, 0.55785571741]
    ],
    [
      [0.021689522949, 0.56176043793, 0.41655003913],
      [0.31638550027, 0.24052630004, 0.4430881997]
    ],
    [
      [0.01186353245, 0.38472028829, 0.60341617926],
      [0.17231842428, 0.16898599399, 0.65869558172]
    ],
    [
      [0.025221617114, 0.56667802133, 0.40810036156],
      [0.34911353155, 0.2332879147, 0.41759855376]
    ],
    [
      [0.0079875510037, 0.57447324332, 0.41753920568],
      [0.14137275515, 0.3058347295, 0.55279251534]
    ],
    [
      [0.032751510068, 0.3495168492, 0.61773164073],
      [0.3695073332, 0.11706479509, 0.51342787171]
    ],
    [
      [0.030743736762, 0.5210513552, 0.44820490804],
      [0.38523039118, 0.19586794376, 0.41890166505]
    ],
    [
      [0.027141450725, 0.53078918671, 0.44206936256],
      [0.3583166747, 0.20902015621, 0.43266316909]
    ],
    [
      [0.02090648558, 0.47221140227, 0.50688211215],
      [0.28665077181, 0.19447523969, 0.5188739885]
    ],
    [
      [0.02233024385, 0.52219869273, 0.45547106342],
      [0.30999600737, 0.21775909002, 0.47224490262]
    ],
    [
      [0.019333605587, 0.53973866243, 0.44092773199],
      [0.28310053782, 0.23652708666, 0.48037237552]
    ],
    [
      [0.019825575489, 0.49730809506, 0.48286632945],
      [0.27973085146, 0.21098181707, 0.50928733147]
    ],
    [
      [0.016180544758, 0.59943508212, 0.38438437312],
      [0.25566470259, 0.28676341891, 0.45757187849]
    ],
    [
      [0.026324504651, 0.51133002302, 0.46234547233],
      [0.3466527453, 0.20119948815, 0.45214776655]
    ],
    [
      [0.017201995674, 0.38605640507, 0.59674159926],
      [0.23374683818, 0.15827569793, 0.60797746389]
    ],
    [
      [0.026381800214, 0.48846307228, 0.48515512751],
      [0.34037634502, 0.19009012598, 0.469533529]
    ],
    [
      [0.019372897424, 0.53083879583, 0.44978830675],
      [0.28095475882, 0.23143584832, 0.48760939286]
    ],
    [
      [0.020783875717, 0.47333560915, 0.50588051513],
      [0.28483762333, 0.19555024531, 0.51961213136]
    ],
    [
      [0.012320226501, 0.52063087017, 0.46704890333],
      [0.19570397073, 0.24897367722, 0.55532235205]
    ],
    [
      [0.01559249591, 0.49863689769, 0.4857706064],
      [0.23322251227, 0.22408930694, 0.54268818079]
    ],
    [
      [0.015621184559, 0.57474115741, 0.40963765803],
      [0.24554552542, 0.27209416667, 0.48236030792]
    ],
    [
      [0.011321263557, 0.58775482826, 0.40092390819],
      [0.19161288001, 0.29977398286, 0.50861313712]
    ],
    [
      [0.019814013162, 0.54151350404, 0.43867248279],
      [0.28710063595, 0.23646849057, 0.47643087348]
    ],
    [
      [0.014040300149, 0.49138319742, 0.49457650243],
      [0.21386508211, 0.22449973037, 0.56163518752]
    ],
    [
      [0.018486714424, 0.48985354656, 0.49165973902],
      [0.26453985673, 0.21043936032, 0.52502078295]
    ],
    [
      [0.011318045214, 0.51417773785, 0.47450421694],
      [0.17843746701, 0.24901184454, 0.57255068845]
    ],
    [
      [0.023096518753, 0.46698897036, 0.50991451088],
      [0.30269581774, 0.18727414555, 0.51003003672]
    ],
    [
      [0.015280029179, 0.54639566841, 0.43832430241],
      [0.23319548104, 0.25569754389, 0.51110697507]
    ],
    [
      [0.035279843176, 0.52007461603, 0.44464554079],
      [0.41490671894, 0.18664179466, 0.3984514864]
    ],
    [
      [0.020965388075, 0.54503274758, 0.43400186435],
      [0.29601093008, 0.23577913234, 0.46820993758]
    ],
    [
      [0.014136882688, 0.43849105259, 0.54737206472],
      [0.20356950257, 0.1936974778, 0.60273301963]
    ],
    [
      [0.022643877435, 0.53238540212, 0.44497072045],
      [0.31063849211, 0.22351678807, 0.46584471983]
    ],
    [
      [0.020451203857, 0.4859928871, 0.49355590904],
      [0.28010708898, 0.20381084998, 0.51608206104]
    ],
    [
      [0.019348921896, 0.49538485797, 0.48526622013],
      [0.27020560361, 0.21198372906, 0.51781066733]
    ],
    [
      [0.024602526119, 0.55739919934, 0.41799827455],
      [0.33433604438, 0.23187393705, 0.43379001856]
    ],
    [
      [0.020660318064, 0.43249990906, 0.54683977287],
      [0.273406112, 0.17503735822, 0.55155652978]
    ],
    [
      [0.02007253089, 0.48911846688, 0.49080900223],
      [0.27673127293, 0.20652594407, 0.516742783]
    ],
    [
      [0.016896072318, 0.50219608496, 0.48090784272],
      [0.24466439822, 0.22299071001, 0.53234489177]
    ],
    [
      [0.035295083984, 0.48075249832, 0.48395241769],
      [0.40651794346, 0.16892479789, 0.42455725865]
    ],
    [
      [0.019705265566, 0.49224932417, 0.48804541027],
      [0.27343157814, 0.20925022528, 0.51731819658]
    ],
    [
      [0.019723606526, 0.42689546268, 0.55338093079],
      [0.2629755972, 0.17418765885, 0.56283674395]
    ],
    [
      [0.023082158901, 0.56701761039, 0.40990023071],
      [0.32165826561, 0.24199443883, 0.43634729556]
    ],
    [
      [0.02994132189, 0.47125226546, 0.49880641265],
      [0.36334988357, 0.17477500205, 0.46187511438]
    ],
    [
      [0.020553241436, 0.60506857261, 0.37437818595],
      [0.30358940166, 0.27389482584, 0.4225157725]
    ],
    [
      [0.027103106993, 0.44165351221, 0.5312433808],
      [0.33452264185, 0.16642091795, 0.49905644019]
    ],
    [
      [0.020365042301, 0.40901216682, 0.57062279088],
      [0.26644032682, 0.16379002049, 0.56976965269]
    ],
    [
      [0.017705305423, 0.59895752046, 0.38333717411],
      [0.27089238122, 0.28096096426, 0.44814665451]
    ],
    [
      [0.029121340283, 0.41163882892, 0.5592398308],
      [0.34539347688, 0.14911988519, 0.50548663792]
    ],
    [
      [0.016318218118, 0.51674752404, 0.46693425784],
      [0.24053983713, 0.23353173768, 0.52592842518]
    ],
    [
      [0.020765311478, 0.59622707765, 0.38300761087],
      [0.30377109978, 0.26755167314, 0.42867722708]
    ]
  ],