{
  "X": [
    [73, 13, 14],
    [62, 22, 16],
    [74, 14, 12],
    [64, 17, 19],
    [64, 16, 20],
    [63, 26, 11],
    [71, 19, 10],
    [64, 15, 21],
    [68, 19, 13],
    [77, 10, 13],
    [65, 23, 12],
    [65, 19, 16],
    [66, 18, 16],
    [66, 21, 13],
    [62, 23, 15],
    [70, 15, 15],
    [71, 15, 14],
    [67, 20, 13],
    [70, 14, 16],
    [65, 20, 15],
    [70, 19, 11],
    [70, 14, 16],
    [76, 14, 10],
    [64, 18, 18],
    [66, 25, 9],
    [55, 39, 6],
    [55, 31, 14],
    [56, 41, 3],
    [42, 50, 8],
    [48, 49, 3],
    [42, 49, 9],
    [45, 45, 10],
    [43, 52, 5],
    [45, 50, 5],
    [57, 36, 7],
    [50, 43, 7],
    [47, 44, 9],
    [55, 39, 6],
    [51, 43, 6],
    [58, 39, 3],
    [53, 41, 6],
    [52, 35, 13],
    [47, 46, 7],
    [51, 42, 7],
    [49, 36, 15],
    [49, 45, 6],
    [49, 40, 11],
    [58, 34, 8],
    [49, 44, 7],
    [51, 44, 5]
  ],
  "W": [
    [76, 24],
    [73, 27],
    [83, 17],
    [74, 26],
    [80, 20],
    [72, 28],
    [72, 28],
    [72, 28],
    [83, 17],
    [80, 20],
    [72, 28],
    [83, 17],
    [74, 26],
    [74, 26],
    [67, 33],
    [77, 23],
    [75, 25],
    [72, 28],
    [70, 30],
    [71, 29],
    [79, 21],
    [85, 15],
    [76, 24],
    [71, 29],
    [69, 31],
    [29, 71],
    [27, 73],
    [20, 80],
    [21, 79],
    [20, 80],
    [22, 78],
    [30, 70],
    [19, 81],
    [21, 79],
    [29, 71],
    [19, 81],
    [21, 79],
    [26, 74],
    [30, 70],
    [23, 77],
    [27, 73],
    [26, 74],
    [25, 75],
    [21, 79],
    [22, 78],
    [21, 79],
    [36, 64],
    [34, 66],
    [23, 77],
    [28, 72]
  ],
  "method": "exact",
  "cond_prob": [
    [
      [0.79190943341, 0.039835005271, 0.16825556132],
      [0.53395346088, 0.41552248331, 0.050524055812]
    ],
    [
      [0.71843196026, 0.078845803772, 0.20272223597],
      [0.35386914448, 0.60163912314, 0.044491732389]
    ],
    [
      [0.80122859953, 0.061114267038, 0.13765713344],
      [0.44106036702, 0.52514799034, 0.033791642635]
    ],
    [
      [0.71234445258, 0.053248380708, 0.23440716671],
      [0.43409655805, 0.50229307029, 0.063610371659]
    ],
    [
      [0.7017916592, 0.062885724189, 0.23532261661],
      [0.39283336318, 0.54845710324, 0.058709533576]
    ],
    [
      [0.75387230497, 0.10356258855, 0.14256510648],
      [0.3114712158, 0.66226762944, 0.026261154769]
    ],
    [
      [0.81202151744, 0.061196975113, 0.12678150745],
      [0.44765895516, 0.52120777828, 0.031133266558]
    ],
    [
      [0.69946578232, 0.040240187639, 0.26029403004],
      [0.48708798833, 0.4322395175, 0.08067249417]
    ],
    [
      [0.75287609867, 0.096429272441, 0.15069462888],
      [0.3241931653, 0.64684531691, 0.028961517799]
    ],
    [
      [0.81641021726, 0.03308649724, 0.1505032855],
      [0.58435913095, 0.36765401104, 0.047986858014]
    ],
    [
      [0.76276254245, 0.083173310823, 0.15406414673],
      [0.36003917657, 0.6075543436, 0.032406479834]
    ],
    [
      [0.71892193199, 0.09569628941, 0.1853817786],
      [0.31349880266, 0.65042399876, 0.03607719858]
    ],
    [
      [0.74247147308, 0.059099361838, 0.19842916509],
      [0.42527349971, 0.52410181631, 0.050624683985]
    ],
    [
      [0.76000256847, 0.076932744006, 0.16306468753],
      [0.37537730513, 0.58872988244, 0.035892812422]
    ],
    [
      [0.7320063871, 0.067670000458, 0.20032361244],
      [0.39259309286, 0.55957908998, 0.047827817163]
    ],
    [
      [0.7689265744, 0.050899494433, 0.18017393117],
      [0.46924581614, 0.48177125777, 0.048982926091]
    ],
    [
      [0.78226644786, 0.047043440093, 0.17069011205],
      [0.49320065643, 0.45886967972, 0.047929663853]
    ],
    [
      [0.76934273151, 0.065515829183, 0.16514143931],
      [0.41454726183, 0.54581643924, 0.039636298924]
    ],
    [
      [0.76420627721, 0.034819096171, 0.20097462662],
      [0.55018535319, 0.38542210893, 0.06439253788]
    ],
    [
      [0.74578968266, 0.062381142488, 0.19182917485],
      [0.4154804321, 0.53692892701, 0.04759064089]
    ],
    [
      [0.78689513104, 0.081274677961, 0.131830191],
      [0.37310879276, 0.59901430672, 0.027876900519]
    ],
    [
      [0.75272564418, 0.066618924793, 0.18065543103],
      [0.40122134967, 0.55582609284, 0.042952557489]
    ],
    [
      [0.8339910558, 0.045146979488, 0.12086196472],
      [0.52569498998, 0.44036789829, 0.033937111734]
    ],
    [
      [0.72013469804, 0.051890819441, 0.22797448252],
      [0.44380815308, 0.49364661447, 0.062545232449]
    ],
    [
      [0.79361701876, 0.086877784144, 0.11950519709],
      [0.36259437759, 0.61307848045, 0.024327141953]
    ],
    [
      [0.80774935676, 0.062686683859, 0.12956395938],
      [0.44472209372, 0.52369135448, 0.031586551802]
    ],
    [
      [0.68578972094, 0.037328800543, 0.27688147852],
      [0.49977640458, 0.41085099158, 0.089372603836]
    ],
    [
      [0.86565220207, 0.058877575472, 0.075470222457],
      [0.48358694948, 0.49778060613, 0.018632444386]
    ],
    [
      [0.70663758054, 0.082660253307, 0.21070216615],
      [0.34380520011, 0.61093841368, 0.045256386214]
    ],
    [
      [0.83480452251, 0.083126789359, 0.082068688129],
      [0.39129886937, 0.59171830266, 0.016982827968]
    ],
    [
      [0.69013759669, 0.080037948906, 0.2298244544],
      [0.34380734452, 0.6056303221, 0.050562333374]
    ],
    [
      [0.69793879133, 0.081107830412, 0.22095337826],
      [0.343740518, 0.60809664411, 0.048162837889]
    ],
    [
      [0.7687298191, 0.089601066891, 0.14166911401],
      [0.35054485725, 0.62095777443, 0.02849736832]
    ],
    [
      [0.77936244258, 0.086304733017, 0.1343328244],
      [0.3624479583, 0.60996962793, 0.027582413766]
    ],
    [
      [0.79958639257, 0.053750267958, 0.14666333947],
      [0.47622527628, 0.48508791872, 0.038686805004]
    ],
    [
      [0.76343574782, 0.059515344356, 0.17704890782],
      [0.43820642952, 0.51690380811, 0.044889762363]
    ],
    [
      [0.71591867295, 0.063103291729, 0.22097803532],
      [0.40462921352, 0.54018773258, 0.055183053902]
    ],
    [
      [0.80697589675, 0.058664157319, 0.13435994593],
      [0.45971117141, 0.50641529608, 0.033873532511]
    ],
    [
      [0.79012621813, 0.07741124794, 0.13246253393],
      [0.38994590651, 0.58110946517, 0.028944628317]
    ],
    [
      [0.87181561858, 0.057184742471, 0.070999638952],
      [0.49283429575, 0.48941234965, 0.017753354599]
    ],
    [
      [0.79912935621, 0.065742374532, 0.13512826926],
      [0.43045900524, 0.53732816284, 0.032212831918]
    ],
    [
      [0.684902579, 0.044826959321, 0.27027046168],
      [0.46206125603, 0.45722296024, 0.080715783735]
    ],
    [
      [0.75375710267, 0.077631540221, 0.16861135711],
      [0.37541429911, 0.58745615326, 0.03712954763]
    ],
    [
      [0.76978112013, 0.05948740849, 0.17073147138],
      [0.44094425921, 0.51583246103, 0.04322327976]
    ],
    [
      [0.63476091921, 0.042094844744, 0.32314423605],
      [0.44916999715, 0.44966555661, 0.10116444624]
    ],
    [
      [0.77944786483, 0.068636781384, 0.15191535378],
      [0.41305816251, 0.5513750328, 0.03556680469]
    ],
    [
      [0.7089331251, 0.074010624844, 0.21705625006],
      [0.36685011713, 0.58336902353, 0.049780859344]
    ],
    [
      [0.79063317896, 0.053866743613, 0.15550007743],
      [0.47149199872, 0.48740198056, 0.041106020717]
    ],
    [
      [0.76244717606, 0.067820445579, 0.16973237836],
      [0.40861967468, 0.55117051626, 0.040209809061]
    ],
    [
      [0.80710034183, 0.078150792248, 0.11474886592],
      [0.39446097818, 0.58071913635, 0.024819885476]
    ]
  ],