{
  "X": [
    [59, 7, 34],
    [56, 8, 36],
    [51, 12, 37],
    [56, 4, 40],
    [48, 10, 42],
    [47, 8, 45],
    [54, 11, 35],
    [58, 10, 32],
    [50, 7, 43],
    [55, 9, 36],
    [59, 7, 34],
    [49, 9, 42],
    [54, 9, 37],
    [57, 8, 35],
    [50, 8, 42],
    [46, 7, 47],
    [59, 8, 33],
    [52, 16, 32],
    [54, 5, 41],
    [50, 8, 42],
    [54, 10, 36],
    [59, 8, 33],
    [51, 13, 36],
    [42, 11, 47],
    [59, 6, 35],
    [43, 8, 49],
    [55, 2, 43],
    [49, 3, 48],
    [51, 8, 41],
    [57, 5, 38],
    [48, 4, 48],
    [47, 6, 47],
    [50, 7, 43],
    [54, 3, 43],
    [57, 4, 39],
    [49, 2, 49],
    [53, 4, 43],
    [47, 7, 46],
    [53, 5, 42],
    [47, 4, 49],
    [46, 7, 47],
    [57, 6, 37],
    [52, 9, 39],
    [49, 5, 46],
    [45, 7, 48],
    [61, 6, 33],
    [39, 2, 59],
    [46, 2, 52],
    [49, 3, 48],
    [54, 5, 41]
  ],
  "W": [
    [79, 21],
    [75, 25],
    [74, 26],
    [71, 29],
    [72, 28],
    [77, 23],
    [80, 20],
    [68, 32],
    [79, 21],
    [86, 14],
    [73, 27],
    [71, 29],
    [73, 27],
    [75, 25],
    [82, 18],
    [69, 31],
    [81, 19],
    [78, 22],
    [69, 31],
    [73, 27],
    [77, 23],
    [79, 21],
    [74, 26],
    [75, 25],
    [77, 23],
    [33, 67],
    [26, 74],
    [22, 78],
    [26, 74],
    [19, 81],
    [23, 77],
    [26, 74],
    [33, 67],
    [21, 79],
    [32, 68],
    [21, 79],
    [18, 82],
    [22, 78],
    [20, 80],
    [23, 77],
    [32, 68],
    [25, 75],
    [28, 72],
    [15, 85],
    [28, 72],
    [26, 74],
    [27, 73],
    [22, 78],
    [21, 79],
    [24, 76]
  ],
  "method": "exact",
  "cond_prob": [
    [
      [0.60211530408, 0.082136514105, 0.31574818182],
      [0.5444233799, 0.024343589795, 0.4312330303]
    ],
    [
      [0.57338258735, 0.097055378729, 0.32956203392],
      [0.51985223795, 0.028833863814, 0.45131389824]
    ],
    [
      [0.51909917672, 0.14644319265, 0.33445763063],
      [0.48410234318, 0.04473860553, 0.47115905129]
    ],
    [
      [0.58245885116, 0.050480330541, 0.3670608183],
      [0.50501453681, 0.014341259709, 0.48064420348]
    ],
    [
      [0.49381306995, 0.12460058694, 0.38158634312],
      [0.44448067728, 0.036741347879, 0.51877797485]
    ],
    [
      [0.48452270066, 0.095743140993, 0.41973415834],
      [0.42138052387, 0.027294701894, 0.55132477424]
    ],
    [
      [0.54808091504, 0.12780020051, 0.32411888446],
      [0.50767633985, 0.038799197973, 0.45352446217]
    ],
    [
      [0.5902396178, 0.1283546901, 0.2814056921],
      [0.55824081218, 0.039746283529, 0.40201290429]
    ],
    [
      [0.51412815845, 0.082368418258, 0.40350342329],
      [0.44685121345, 0.023471188457, 0.52967759809]
    ],
    [
      [0.5575965954, 0.099839764925, 0.34256363968],
      [0.50333519969, 0.029555729747, 0.46710907056]
    ],
    [
      [0.60478607876, 0.086371883609, 0.30884203763],
      [0.55002282409, 0.025735277651, 0.42424189826]
    ],
    [
      [0.50552711975, 0.11321625507, 0.38125662517],
      [0.4519853275, 0.033160203098, 0.5148544694]
    ],
    [
      [0.55317700725, 0.11102184723, 0.33580114552],
      [0.5043732767, 0.033163153779, 0.46246356952]
    ],
    [
      [0.58302136395, 0.097016800268, 0.31996183578],
      [0.53093590814, 0.028949599196, 0.44011449266]
    ],
    [
      [0.51136602112, 0.091770960929, 0.39686301795],
      [0.44822145936, 0.026376733544, 0.5254018071]
    ],
    [
      [0.48039436528, 0.090015066579, 0.42959056814],
      [0.41460609017, 0.025450335678, 0.55994357415]
    ],
    [
      [0.59990024343, 0.09228555102, 0.30781420555],
      [0.54779369905, 0.027624756177, 0.42458154477]
    ],
    [
      [0.52240663739, 0.18811130661, 0.289482056],
      [0.51146737651, 0.060332640209, 0.42819998328]
    ],
    [
      [0.56238819839, 0.06422504604, 0.37338675557],
      [0.49016820359, 0.01833780075, 0.49149399566]
    ],
    [
      [0.51602291481, 0.098973714754, 0.38500337043],
      [0.45667878587, 0.028700697147, 0.51462051698]
    ],
    [
      [0.55030598893, 0.11915631673, 0.33053769435],
      [0.50549734142, 0.035867983133, 0.45863467544]
    ],
    [
      [0.60072451702, 0.093788977309, 0.30548650567],
      [0.54965538835, 0.028127180601, 0.42221743104]
    ],
    [
      [0.51748618535, 0.15845403217, 0.32405978248],
      [0.48869316478, 0.049015446893, 0.46229138833]
    ],
    [
      [0.43256224782, 0.13375321398, 0.4336845382],
      [0.38231325655, 0.038740358046, 0.57894638541]
    ],
    [
      [0.6045760961, 0.071643302228, 0.32378060168],
      [0.54120176524, 0.021020249063, 0.43777798569]
    ],
    [
      [0.45727294654, 0.15123778792, 0.39148926554],
      [0.41656705618, 0.044912731321, 0.5385202125]
    ],
    [
      [0.60845956069, 0.042583753573, 0.34895668574],
      [0.52946015435, 0.012065167664, 0.45847467798]
    ],
    [
      [0.54581673203, 0.068115186196, 0.38606808178],
      [0.47425681917, 0.019249562868, 0.50649361796]
    ],
    [
      [0.52768057436, 0.16326168779, 0.30905773785],
      [0.50378790631, 0.05074589348, 0.44546620021]
    ],
    [
      [0.6008775833, 0.11452092142, 0.28460149527],
      [0.56275711009, 0.034865462876, 0.40237742703]
    ],
    [
      [0.52848727709, 0.088760077613, 0.38275264529],
      [0.46551678736, 0.025435301492, 0.50904791115]
    ],
    [
      [0.50513230687, 0.12545346162, 0.3694142315],
      [0.4576562165, 0.037002837809, 0.50534094569]
    ],
    [
      [0.52766127594, 0.13174319546, 0.3405955286],
      [0.48637578946, 0.039589172383, 0.47403503815]
    ],
    [
      [0.59259352226, 0.068487170644, 0.33891930709],
      [0.52601944345, 0.01976923312, 0.45421132343]
    ],
    [
      [0.61033240434, 0.07690276861, 0.31276482705],
      [0.55102004502, 0.022633991242, 0.42634596374]
    ],
    [
      [0.55428346439, 0.046602667258, 0.39911386835],
      [0.47291199048, 0.012928404906, 0.51415960462]
    ],
    [
      [0.57452225563, 0.094952916052, 0.33052482832],
      [0.52022682194, 0.027937164769, 0.4518360133]
    ],
    [
      [0.4969206104, 0.15348228493, 0.34959710468],
      [0.46240700732, 0.046453714508, 0.49113927817]
    ],
    [
      [0.56601379391, 0.11378934604, 0.32019686005],
      [0.52099655152, 0.034052663491, 0.44495078499]
    ],
    [
      [0.51904485369, 0.088936930066, 0.39201821624],
      [0.45535023851, 0.025382475435, 0.51926728606]
    ],
    [
      [0.49055065219, 0.13426886206, 0.37518048576],
      [0.4456232225, 0.03975582962, 0.51462094788]
    ],
    [
      [0.59474093676, 0.12484287758, 0.28041618566],
      [0.56175302108, 0.038385707474, 0.39986127145]
    ],
    [
      [0.53087570821, 0.1772247432, 0.29189954858],
      [0.51577055792, 0.056079266533, 0.42815017555]
    ],
    [
      [0.52827283174, 0.12424795602, 0.34747921224],
      [0.48324597087, 0.036897419526, 0.4798566096]
    ],
    [
      [0.48058512753, 0.14176878803, 0.37764608444],
      [0.43810578374, 0.042089915767, 0.51980430049]
    ],
    [
      [0.62964044207, 0.12224979437, 0.24810976356],
      [0.60309930414, 0.038128450625, 0.35877224524]
    ],
    [
      [0.45133834452, 0.043153619439, 0.50550803604],
      [0.36731321504, 0.011436332536, 0.62125045242]
    ],
    [
      [0.5246907662, 0.04612772714, 0.42918150666],
      [0.44175388646, 0.012630641063, 0.54561547248]
    ],
    [
      [0.54608943507, 0.06920793637, 0.38470262856],
      [0.47509015017, 0.019577637167, 0.50533221266]
    ],
    [
      [0.5759150399, 0.10705761095, 0.31702734915],
      [0.52865840845, 0.031981807069, 0.43935978448]
    ]
  ],