{
  "X": [
    [10, 72, 18],
    [5, 79, 16],
    [13, 70, 17],
    [10, 66, 24],
    [7, 73, 20],
    [4, 79, 17],
    [6, 75, 19],
    [5, 71, 24],
    [6, 73, 21],
    [7, 76, 17],
    [11, 74, 15],
    [10, 69, 21],
    [8, 72, 20],
    [7, 74, 19],
    [8, 77, 15],
    [12, 70, 18],
    [5, 79, 16],
    [13, 67, 20],
    [5, 80, 15],
    [11, 81, 8],
    [10, 72, 18],
    [8, 75, 17],
    [13, 75, 12],
    [9, 73, 18],
    [12, 68, 20],
    [27, 31, 42],
    [26, 38, 36],
    [19, 43, 38],
    [21, 35, 44],
    [24, 42, 34],
    [23, 45, 32],
    [27, 39, 34],
    [16, 39, 45],
    [22, 33, 45],
    [22, 40, 38],
    [17, 47, 36],
    [22, 33, 45],
    [19, 43, 38],
    [24, 34, 42],
    [18, 33, 49],
    [21, 31, 48],
    [29, 35, 36],
    [23, 31, 46],
    [25, 34, 41],
    [21, 35, 44],
    [18, 37, 45],
    [26, 39, 35],
    [20, 41, 39],
    [26, 33, 41],
    [23, 41, 36]
  ],
  "W": [
    [77, 23],
    [84, 16],
    [74, 26],
    [68, 32],
    [74, 26],
    [75, 25],
    [75, 25],
    [73, 27],
    [76, 24],
    [81, 19],
    [73, 27],
    [75, 25],
    [72, 28],
    [77, 23],
    [71, 29],
    [67, 33],
    [80, 20],
    [72, 28],
    [76, 24],
    [79, 21],
    [74, 26],
    [73, 27],
    [76, 24],
    [71, 29],
    [75, 25],
    [22, 78],
    [24, 76],
    [32, 68],
    [26, 74],
    [32, 68],
    [24, 76],
    [26, 74],
    [23, 77],
    [20, 80],
    [28, 72],
    [38, 62],
    [26, 74],
    [31, 69],
    [28, 72],
    [17, 83],
    [20, 80],
    [21, 79],
    [17, 83],
    [21, 79],
    [26, 74],
    [25, 75],
    [30, 70],
    [30, 70],
    [21, 79],
    [24, 76]
  ],
  "method": "exact",
  "cond_prob": [
    [
      [0.028546497463, 0.89376393006, 0.077689572476],
      [0.3392138998, 0.13826858197, 0.52251751823]
    ],
    [
      [0.016025433732, 0.90868555197, 0.075289014301],
      [0.22836647291, 0.16690085217, 0.60473267492]
    ],
    [
      [0.034089523088, 0.89741409474, 0.068496382177],
      [0.40297597275, 0.13812911498, 0.45889491227]
    ],
    [
      [0.020885988224, 0.89952661206, 0.079587399717],
      [0.26811727502, 0.15100594937, 0.5808767756]
    ],
    [
      [0.014477500496, 0.92028303286, 0.065239466647],
      [0.22802557551, 0.18842521418, 0.58354921031]
    ],
    [
      [0.0059053940198, 0.95342531619, 0.040669289794],
      [0.14228381794, 0.29972405144, 0.55799213062]
    ],
    [
      [0.011704537144, 0.9295801452, 0.058715317655],
      [0.20488638857, 0.2112595644, 0.58385404703]
    ],
    [
      [0.010691626746, 0.90854477778, 0.080763595472],
      [0.15627819435, 0.17319374896, 0.67052805669]
    ],
    [
      [0.014395340154, 0.90760733862, 0.077997321225],
      [0.20441475618, 0.16757676103, 0.62800848279]
    ],
    [
      [0.021172477557, 0.90225013482, 0.07657738762],
      [0.27815943778, 0.1535652147, 0.56827534752]
    ],
    [
      [0.020275286414, 0.9355930144, 0.044131699186],
      [0.35258904044, 0.21117444255, 0.43623651702]
    ],
    [
      [0.02903474413, 0.87870397872, 0.092261277148],
      [0.31289576761, 0.12388806383, 0.56321616856]
    ],
    [
      [0.015216529842, 0.9241686021, 0.060614868061],
      [0.24658606612, 0.19499502318, 0.5584189107]
    ],
    [
      [0.01725124454, 0.91058666407, 0.07216209139],
      [0.24659365958, 0.16890551594, 0.58450082448]
    ],
    [
      [0.010219728333, 0.95832943221, 0.03145083946],
      [0.25084135477, 0.30891759701, 0.44024104822]
    ],
    [
      [0.018293718656, 0.93699555491, 0.04471072643],
      [0.32649457121, 0.21882720669, 0.4546782221]
    ],
    [
      [0.011262132803, 0.93282894417, 0.055908923023],
      [0.20495146879, 0.2186842233, 0.57636430791]
    ],
    [
      [0.034942900179, 0.88246216447, 0.082594935348],
      [0.3744325424, 0.12366871993, 0.50189873768]
    ],
    [
      [0.0075114002719, 0.95605124806, 0.036437351673],
      [0.18454723247, 0.30583771449, 0.50961505304]
    ],
    [
      [0.020765127404, 0.95533593786, 0.02389893474],
      [0.44569309215, 0.26326004331, 0.29104686455]
    ],
    [
      [0.022593138978, 0.9138375949, 0.063569266124],
      [0.32031183522, 0.16830838375, 0.51137978103]
    ],
    [
      [0.013507001078, 0.94035138536, 0.046141613559],
      [0.25977736746, 0.23534625439, 0.50487637815]
    ],
    [
      [0.029229043942, 0.92867325739, 0.042097698667],
      [0.44910802752, 0.18420135159, 0.36669062089]
    ],
    [
      [0.014950357063, 0.93682103566, 0.048228607279],
      [0.27374222926, 0.22364505063, 0.50261272011]
    ],
    [
      [0.037383550363, 0.86928552716, 0.093330922473],
      [0.36784934891, 0.11214341851, 0.52000723258]
    ],
    [
      [0.027910973405, 0.89749546131, 0.07459356529],
      [0.33828152032, 0.14429615194, 0.51742232774]
    ],
    [
      [0.020387799055, 0.93099355422, 0.048618646721],
      [0.33566701082, 0.20600203551, 0.45833095367]
    ],
    [
      [0.017025717782, 0.92472405025, 0.058250231964],
      [0.27139966222, 0.19718868223, 0.53141165555]
    ],
    [
      [0.021262430614, 0.90239155095, 0.076346018439],
      [0.27631320005, 0.1559164821, 0.56777031785]
    ],
    [
      [0.02287768447, 0.92174584933, 0.055376466198],
      [0.34217520731, 0.1838843062, 0.47394048649]
    ],
    [
      [0.01333443031, 0.95461019863, 0.032055371061],
      [0.29842070622, 0.29064941096, 0.41092988282]
    ],
    [
      [0.022219832815, 0.92967481506, 0.04810535213],
      [0.35705789658, 0.20038452444, 0.44255757898]
    ],
    [
      [0.011322642062, 0.93373832202, 0.054939035915],
      [0.2044101199, 0.22758465706, 0.56800522304]
    ],
    [
      [0.018171807295, 0.9177049236, 0.064123269101],
      [0.27045704818, 0.1830737691, 0.54646918272]
    ],
    [
      [0.018877196715, 0.92516605424, 0.055956749048],
      [0.2982144235, 0.19576875669, 0.50601681981]
    ],
    [
      [0.016843354599, 0.92251232519, 0.060644320215],
      [0.26387020202, 0.19265373618, 0.5434760618]
    ],
    [
      [0.025174454181, 0.88677651299, 0.088049032832],
      [0.2884522188, 0.13437581976, 0.57717196144]
    ],
    [
      [0.016186453533, 0.92835022339, 0.055463323078],
      [0.26809014406, 0.20610352283, 0.52580633311]
    ],
    [
      [0.02920291677, 0.88366493771, 0.087132145518],
      [0.32197664348, 0.12857474645, 0.54944861008]
    ],
    [
      [0.012878710885, 0.92646066857, 0.060660620543],
      [0.21422966163, 0.20783335704, 0.57793698133]
    ],
    [
      [0.019279108461, 0.90478972149, 0.075931170049],
      [0.25768022288, 0.16130256963, 0.58101720749]
    ],
    [
      [0.022913522958, 0.92801994748, 0.049066529559],
      [0.36099767111, 0.19634912788, 0.442653201]
    ],
    [
      [0.018198669855, 0.91887664103, 0.062924689117],
      [0.27338099533, 0.18529032654, 0.54132867813]
    ],
    [
      [0.020679215414, 0.92084894953, 0.058471835053],
      [0.31095868957, 0.18559711468, 0.50344419575]
    ],
    [
      [0.021262430614, 0.90239155095, 0.076346018439],
      [0.27631320005, 0.1559164821, 0.56777031785]
    ],
    [
      [0.015426142084, 0.91826963381, 0.066304224101],
      [0.23485795264, 0.1872434554, 0.57789859197]
    ],
    [
      [0.026362537906, 0.91299327156, 0.060644190539],
      [0.3601303409, 0.16586002648, 0.47400963263]
    ],
    [
      [0.017983227642, 0.92195718784, 0.060059584518],
      [0.27800718815, 0.19058977664, 0.53140303521]
    ],
    [
      [0.022689683669, 0.91565941797, 0.061650898362],
      [0.32308248915, 0.17431838256, 0.50259912828]
    ],
    [
      [0.015667965112, 0.9420268989, 0.042305135983],
      [0.29768380049, 0.24199150561, 0.4603246939]
    ]
  ],