{
  "X": [
    [65, 13, 22],
    [70, 13, 17],
    [67, 16, 17],
    [72, 11, 17],
    [63, 16, 21],
    [70, 12, 18],
    [58, 22, 20],
    [76, 14, 10],
    [65, 17, 18],
    [73, 16, 11],
    [67, 13, 20],
    [75, 10, 15],
    [65, 17, 18],
    [71, 16, 13],
    [68, 18, 14],
    [70, 18, 12],
    [62, 20, 18],
    [66, 15, 19],
    [73, 12, 15],
    [73, 18, 9],
    [74, 13, 13],
    [70, 16, 14],
    [83, 9, 8],
    [72, 17, 11],
    [71, 18, 11],
    [73, 16, 11],
    [70, 17, 13],
    [70, 15, 15],
    [66, 17, 17],
    [72, 16, 12],
    [64, 17, 19],
    [71, 17, 12],
    [73, 19, 8],
    [66, 21, 13],
    [69, 20, 11],
    [66, 23, 11],
    [66, 19, 15],
    [63, 22, 15],
    [73, 12, 15],
    [67, 15, 18],
    [60, 21, 19],
    [71, 18, 11],
    [70, 13, 17],
    [69, 17, 14],
    [73, 16, 11],
    [67, 23, 10],
    [69, 14, 17],
    [75, 12, 13],
    [65, 17, 18],
    [75, 14, 11]
  ],
  "W": [
    [69, 31],
    [79, 21],
    [77, 23],
    [63, 37],
    [76, 24],
    [73, 27],
    [79, 21],
    [78, 22],
    [77, 23],
    [69, 31],
    [73, 27],
    [79, 21],
    [65, 35],
    [71, 29],
    [76, 24],
    [75, 25],
    [75, 25],
    [73, 27],
    [80, 20],
    [79, 21],
    [77, 23],
    [78, 22],
    [81, 19],
    [66, 34],
    [72, 28],
    [29, 71],
    [24, 76],
    [25, 75],
    [22, 78],
    [19, 81],
    [24, 76],
    [17, 83],
    [28, 72],
    [25, 75],
    [25, 75],
    [29, 71],
    [19, 81],
    [27, 73],
    [23, 77],
    [28, 72],
    [20, 80],
    [22, 78],
    [31, 69],
    [23, 77],
    [27, 73],
    [29, 71],
    [25, 75],
    [32, 68],
    [32, 68],
    [35, 65]
  ],
  "method": "exact",
  "cond_prob": [
    [
      [0.65194547753, 0.11961822971, 0.22843629276],
      [0.64566974356, 0.1531078113, 0.20122244514]
    ],
    [
      [0.7024190542, 0.1229929833, 0.1745879625],
      [0.69089974848, 0.1563597295, 0.15274052202]
    ],
    [
      [0.67374395985, 0.1509316114, 0.17532442875],
      [0.65746587354, 0.19035938792, 0.15217473854]
    ],
    [
      [0.72250913406, 0.099666150321, 0.17782471562],
      [0.71572769065, 0.12759547378, 0.15667683557]
    ],
    [
      [0.63298196205, 0.15036168461, 0.21665635334],
      [0.62055712018, 0.19052133205, 0.18892154777]
    ],
    [
      [0.70226253038, 0.11164915662, 0.186088313],
      [0.69388278822, 0.14257820618, 0.1635390056]
    ],
    [
      [0.58453944008, 0.20924937315, 0.20621118677],
      [0.56292305874, 0.26044283434, 0.17663410691]
    ],
    [
      [0.76447797428, 0.13247915823, 0.10304286748],
      [0.74412354573, 0.16666480262, 0.089211651646]
    ],
    [
      [0.65386687584, 0.1604347304, 0.18569839376],
      [0.63705437219, 0.20202285909, 0.16092276871]
    ],
    [
      [0.73679611618, 0.14832404074, 0.11487984308],
      [0.71487316077, 0.18598842546, 0.09913841378]
    ],
    [
      [0.67224328251, 0.12097001478, 0.20678670271],
      [0.66393482877, 0.15441440448, 0.18165076675]
    ],
    [
      [0.75165870007, 0.094466882668, 0.15387441726],
      [0.74376012831, 0.12081506044, 0.13542481125]
    ],
    [
      [0.65552423239, 0.15575795452, 0.18871781309],
      [0.63974071128, 0.19644951303, 0.16380977569]
    ],
    [
      [0.71576884957, 0.14892296227, 0.13530818815],
      [0.69587626484, 0.18711964409, 0.11700409107]
    ],
    [
      [0.68535347031, 0.16979713298, 0.1448493967],
      [0.66304734401, 0.21230907889, 0.1246435771]
    ],
    [
      [0.7061036542, 0.1695020792, 0.12439426661],
      [0.68168903741, 0.21149376241, 0.10681720018]
    ],
    [
      [0.6252025323, 0.18826152859, 0.1865359391],
      [0.60439240309, 0.23521541422, 0.16039218269]
    ],
    [
      [0.66336545164, 0.13987317235, 0.196761376],
      [0.65090081592, 0.17737994141, 0.17171924266]
    ],
    [
      [0.73234674029, 0.11381341633, 0.15383984337],
      [0.72061303883, 0.14474633466, 0.13464062651]
    ],
    [
      [0.73591889012, 0.17126252563, 0.092818584249],
      [0.70773369908, 0.21286954643, 0.07939675449]
    ],
    [
      [0.74352037311, 0.12250899635, 0.13397063055],
      [0.72821440307, 0.15507857745, 0.11670701948]
    ],
    [
      [0.7042699978, 0.15144282594, 0.14428717625],
      [0.68486091688, 0.19033907165, 0.12480001146]
    ],
    [
      [0.83248671035, 0.085574547057, 0.081938742592],
      [0.81939876113, 0.10886640465, 0.071734834213]
    ],
    [
      [0.72791271815, 0.1566307273, 0.11545655455],
      [0.70464001771, 0.19595211759, 0.099407864693]
    ],
    [
      [0.71708286309, 0.1683648244, 0.11455231252],
      [0.69178692349, 0.20991902298, 0.098294053532]
    ],
    [
      [0.74339034211, 0.13512044975, 0.12148920813],
      [0.72453070533, 0.17016206982, 0.10530722485]
    ],
    [
      [0.71346472166, 0.14195059612, 0.14458468222],
      [0.69574798263, 0.17885770649, 0.12539431088]
    ],
    [
      [0.70947016178, 0.12481155661, 0.16571828161],
      [0.69684327941, 0.1583961478, 0.1447605728]
    ],
    [
      [0.67035619173, 0.14074616722, 0.18889764105],
      [0.65707902284, 0.17825108104, 0.16466989611]
    ],
    [
      [0.73375179369, 0.13197565846, 0.13427254786],
      [0.71677427062, 0.16657361098, 0.1166521184]
    ],
    [
      [0.64869975946, 0.14112019346, 0.21018004708],
      [0.63725270754, 0.17911993891, 0.18362735355]
    ],
    [
      [0.72520970889, 0.13988351112, 0.13490677999],
      [0.70688475842, 0.17616843748, 0.1169468041]
    ],
    [
      [0.74940124077, 0.16144379572, 0.089154963515],
      [0.72245507304, 0.20110519055, 0.076439736411]
    ],
    [
      [0.67748886572, 0.1771065294, 0.14540460488],
      [0.65417037809, 0.2209644902, 0.12486513171]
    ],
    [
      [0.70828986558, 0.16867446807, 0.12303566635],
      [0.68390337814, 0.21044184398, 0.10565477788]
    ],
    [
      [0.68030676515, 0.19677412187, 0.12291911298],
      [0.65170568747, 0.24357113332, 0.10472317921]
    ],
    [
      [0.6745104345, 0.15718441637, 0.16830514913],
      [0.65659631783, 0.19769748258, 0.14570619959]
    ],
    [
      [0.64636576857, 0.1863565273, 0.16727770413],
      [0.62394690752, 0.2324434762, 0.14360961628]
    ],
    [
      [0.73592868158, 0.098808538456, 0.16526277996],
      [0.72822909511, 0.12632991708, 0.1454409878]
    ],
    [
      [0.67708696086, 0.12533595873, 0.1975770804],
      [0.66724395966, 0.1595915716, 0.17316446873]
    ],
    [
      [0.61303040142, 0.17410221516, 0.21286738342],
      [0.59674239964, 0.21897444621, 0.18428315415]
    ],
    [
      [0.72664277346, 0.15022160841, 0.12313561813],
      [0.70530588441, 0.18839903352, 0.10629508207]
    ],
    [
      [0.70546591337, 0.10910210327, 0.18543198337],
      [0.69754429979, 0.13938891013, 0.16306679008]
    ],
    [
      [0.70272829648, 0.14149032502, 0.1557813785],
      [0.68619804131, 0.17851587694, 0.13528608175]
    ],
    [
      [0.7436599941, 0.1345101152, 0.1218298907],
      [0.72494767341, 0.16942776561, 0.10562456097]
    ],
    [
      [0.69120758723, 0.19695519624, 0.11183721652],
      [0.66133774606, 0.24349717336, 0.095165080575]
    ],
    [
      [0.69680194031, 0.11604393244, 0.18715412725],
      [0.68773268656, 0.14798535585, 0.16428195758]
    ],
    [
      [0.75703223133, 0.10112601068, 0.14184175799],
      [0.74669071467, 0.12888187733, 0.124427408]
    ],
    [
      [0.65888296205, 0.14391801124, 0.19719902672],
      [0.64581978257, 0.18227387706, 0.17190634037]
    ],
    [
      [0.76045502194, 0.11944041603, 0.12010456203],
      [0.7443703728, 0.15107054521, 0.10455908198]
    ]
  ],