{
  "X": [
    [21, 16, 63],
    [25, 12, 63],
    [24, 14, 62],
    [25, 11, 64],
    [17, 16, 67],
    [23, 13, 64],
    [19, 9, 72],
    [21, 11, 68],
    [27, 14, 59],
    [20, 13, 67],
    [27, 11, 62],
    [22, 12, 66],
    [25, 16, 59],
    [27, 13, 60],
    [26, 8, 66],
    [21, 14, 65],
    [21, 16, 63],
    [28, 13, 59],
    [17, 13, 70],
    [19, 13, 68],
    [13, 17, 70],
    [16, 14, 70],
    [27, 13, 60],
    [24, 9, 67],
    [24, 13, 63],
    [25, 27, 48],
    [22, 34, 44],
    [12, 46, 42],
    [22, 40, 38],
    [18, 37, 45],
    [24, 32, 44],
    [30, 26, 44],
    [22, 29, 49],
    [24, 42, 34],
    [18, 36, 46],
    [19, 33, 48],
    [23, 32, 45],
    [28, 30, 42],
    [29, 32, 39],
    [22, 37, 41],
    [22, 36, 42],
    [21, 36, 43],
    [26, 31, 43],
    [20, 38, 42],
    [20, 38, 42],
    [19, 33, 48],
    [20, 30, 50],
    [29, 26, 45],
    [27, 30, 43],
    [21, 34, 45]
  ],
  "W": [
    [71, 29],
    [77, 23],
    [68, 32],
    [74, 26],
    [73, 27],
    [76, 24],
    [77, 23],
    [73, 27],
    [62, 38],
    [74, 26],
    [74, 26],
    [79, 21],
    [68, 32],
    [71, 29],
    [82, 18],
    [79, 21],
    [77, 23],
    [80, 20],
    [77, 23],
    [75, 25],
    [80, 20],
    [73, 27],
    [76, 24],
    [74, 26],
    [69, 31],
    [26, 74],
    [24, 76],
    [25, 75],
    [19, 81],
    [24, 76],
    [27, 73],
    [27, 73],
    [21, 79],
    [17, 83],
    [26, 74],
    [23, 77],
    [27, 73],
    [29, 71],
    [26, 74],
    [28, 72],
    [21, 79],
    [28, 72],
    [26, 74],
    [29, 71],
    [23, 77],
    [27, 73],
    [26, 74],
    [32, 68],
    [26, 74],
    [34, 66]
  ],
  "method": "exact",
  "cond_prob": [
    [
      [0.20871230413, 0.032188473922, 0.75909922195],
      [0.21315263472, 0.47291787419, 0.31392949109]
    ],
    [
      [0.24671765042, 0.02796590449, 0.72531644509],
      [0.26098873556, 0.42811414584, 0.3108971186]
    ],
    [
      [0.22884968917, 0.023531016521, 0.74761929431],
      [0.26369441052, 0.38749658989, 0.34880899959]
    ],
    [
      [0.23857289858, 0.021296531915, 0.74013056951],
      [0.28252328866, 0.36246371686, 0.35501299448]
    ],
    [
      [0.16927283388, 0.034115361225, 0.7966118049],
      [0.17196604173, 0.50035476409, 0.32767919417]
    ],
    [
      [0.22755143126, 0.029636197816, 0.74281237092],
      [0.237753801, 0.44781870692, 0.31442749208]
    ],
    [
      [0.17674603294, 0.017424718418, 0.80582924864],
      [0.23437197667, 0.33296942095, 0.43265860238]
    ],
    [
      [0.19638792206, 0.019651182249, 0.78396089569],
      [0.24680302554, 0.35427643318, 0.39892054129]
    ],
    [
      [0.24950816712, 0.01949416795, 0.73099766493],
      [0.30343404312, 0.33661477861, 0.35995117828]
    ],
    [
      [0.19357773007, 0.026189627179, 0.78023264276],
      [0.21827876827, 0.42546029188, 0.35626093985]
    ],
    [
      [0.25921656006, 0.021675328957, 0.71910811098],
      [0.30069132905, 0.3613856022, 0.33792306875]
    ],
    [
      [0.21825883629, 0.030313248446, 0.75142791526],
      [0.22655009206, 0.45739301775, 0.3160568902]
    ],
    [
      [0.24671524153, 0.029336969484, 0.72394778898],
      [0.25698011174, 0.43765893985, 0.30536094841]
    ],
    [
      [0.26164526883, 0.024408603402, 0.71394612777],
      [0.29045468665, 0.38851686753, 0.32102844581]
    ],
    [
      [0.25157364018, 0.020367549697, 0.72805881013],
      [0.29838675031, 0.35165894027, 0.34995430942]
    ],
    [
      [0.21329037314, 0.038611962642, 0.74809766422],
      [0.19762192963, 0.52141214054, 0.28096592983]
    ],
    [
      [0.21642704379, 0.043436183897, 0.74013677231],
      [0.18848337513, 0.55023538435, 0.26128124052]
    ],
    [
      [0.28590045783, 0.038074284775, 0.67602525739],
      [0.25639816866, 0.4977028609, 0.24589897044]
    ],
    [
      [0.16674296272, 0.029632435498, 0.80362460178],
      [0.18090399438, 0.46601315072, 0.3530828549]
    ],
    [
      [0.18469473033, 0.027235342395, 0.78806992727],
      [0.20591580901, 0.43829397281, 0.35579021818]
    ],
    [
      [0.1356360171, 0.054419520856, 0.80994446205],
      [0.10745593162, 0.63232191658, 0.26022215181]
    ],
    [
      [0.15407643344, 0.027074038053, 0.81884952851],
      [0.17601556884, 0.44531834156, 0.37866608959]
    ],
    [
      [0.26975838353, 0.030636412258, 0.69960520422],
      [0.27076511884, 0.44465136118, 0.28458351998]
    ],
    [
      [0.22166830069, 0.015920518586, 0.76241118072],
      [0.29217483649, 0.30084160095, 0.40698356257]
    ],
    [
      [0.22698909587, 0.021881658064, 0.75112924606],
      [0.26895975434, 0.37065050302, 0.36038974264]
    ],
    [
      [0.21403714318, 0.020816583684, 0.76514627314],
      [0.26263559834, 0.35755093006, 0.3798134716]
    ],
    [
      [0.2058801349, 0.028687993904, 0.7654318712],
      [0.22445890477, 0.43830905456, 0.33723204067]
    ],
    [
      [0.13291269045, 0.048740593572, 0.81834671597],
      [0.11569576985, 0.59708646881, 0.28721776134]
    ],
    [
      [0.22271069439, 0.035174001616, 0.74211530399],
      [0.21936415811, 0.48557646876, 0.29505937314]
    ],
    [
      [0.17213351324, 0.032071131651, 0.79579535511],
      [0.18248415371, 0.47671437948, 0.34080146681]
    ],
    [
      [0.22605886223, 0.028136864393, 0.74580427337],
      [0.24515631123, 0.42794937892, 0.32689430985]
    ],
    [
      [0.26589501786, 0.021152867561, 0.71295211458],
      [0.31261417148, 0.34834072022, 0.33904510831]
    ],
    [
      [0.18191737494, 0.020452164233, 0.79763046083],
      [0.23012322945, 0.36165195634, 0.40822481421]
    ],
    [
      [0.25500857907, 0.038249323513, 0.70674209741],
      [0.23692595368, 0.49818989759, 0.26488414872]
    ],
    [
      [0.17198524845, 0.031873559353, 0.7961411922],
      [0.18281599379, 0.47528766834, 0.34189633788]
    ],
    [
      [0.16770912797, 0.025642467954, 0.80664840407],
      [0.19665831242, 0.42091199009, 0.38242969748]
    ],
    [
      [0.21462955946, 0.027799765348, 0.75757067519],
      [0.23568495746, 0.42807405939, 0.33624098315]
    ],
    [
      [0.26755374442, 0.027506258636, 0.70493999694],
      [0.28508368186, 0.41130026056, 0.30361605759]
    ],
    [
      [0.28385406193, 0.029237315428, 0.68690862264],
      [0.29215938365, 0.42215986215, 0.28568075421]
    ],
    [
      [0.22742223522, 0.037215166841, 0.73536259794],
      [0.21711357519, 0.49941632401, 0.2834701008]
    ],
    [
      [0.20849562196, 0.029879367481, 0.76162501056],
      [0.22305812581, 0.44775358586, 0.32918828833]
    ],
    [
      [0.21054226564, 0.034754168103, 0.75470356626],
      [0.20978911892, 0.48648449018, 0.3037263909]
    ],
    [
      [0.24248398753, 0.026619186875, 0.73089682559],
      [0.26615427465, 0.40956623164, 0.32427949371]
    ],
    [
      [0.20919161636, 0.039339936347, 0.75146844729],
      [0.19624567783, 0.5191428429, 0.28461147927]
    ],
    [
      [0.19736696899, 0.033879906532, 0.76875312448],
      [0.20078648978, 0.48338652143, 0.31582698879]
    ],
    [
      [0.17421718156, 0.028025645622, 0.79775717282],
      [0.19583748079, 0.44168914477, 0.36247337444]
    ],
    [
      [0.17305213256, 0.023433596289, 0.80351427115],
      [0.20946816964, 0.39717197968, 0.39335985068]
    ],
    [
      [0.26535176064, 0.023287514922, 0.71136072443],
      [0.30159917146, 0.37139411062, 0.32700671791]
    ],
    [
      [0.24924026773, 0.025427542988, 0.72533218928],
      [0.27729395999, 0.39647140382, 0.3262346362]
    ],
    [
      [0.2135941995, 0.0361856593, 0.7502201412],
      [0.20814844268, 0.49651041794, 0.29534113938]
    ]
  ],