{
  "X": [
    [49, 18, 33],
    [53, 12, 35],
    [54, 21, 25],
    [45, 16, 39],
    [47, 18, 35],
    [54, 17, 29],
    [47, 20, 33],
    [54, 15, 31],
    [57, 15, 28],
    [47, 19, 34],
    [43, 23, 34],
    [42, 23, 35],
    [43, 20, 37],
    [46, 16, 38],
    [46, 17, 37],
    [42, 22, 36],
    [60, 13, 27],
    [48, 19, 33],
    [46, 15, 39],
    [54, 21, 25],
    [46, 23, 31],
    [55, 16, 29],
    [48, 20, 32],
    [31, 30, 39],
    [43, 18, 39],
    [19, 55, 26],
    [30, 49, 21],
    [24, 51, 25],
    [25, 47, 28],
    [27, 61, 12],
    [28, 51, 21],
    [27, 43, 30],
    [35, 47, 18],
    [32, 49, 19],
    [34, 50, 16],
    [44, 38, 18],
    [31, 50, 19],
    [35, 44, 21],
    [24, 53, 23],
    [24, 54, 22],
    [39, 36, 25],
    [26, 49, 25],
    [31, 45, 24],
    [27, 54, 19],
    [26, 49, 25],
    [31, 43, 26],
    [35, 39, 26],
    [30, 55, 15],
    [25, 44, 31],
    [25, 50, 25]
  ],
  "W": [
    [77, 23],
    [78, 22],
    [74, 26],
    [76, 24],
    [79, 21],
    [80, 20],
    [74, 26],
    [78, 22],
    [75, 25],
    [75, 25],
    [68, 32],
    [76, 24],
    [72, 28],
    [80, 20],
    [73, 27],
    [74, 26],
    [80, 20],
    [74, 26],
    [74, 26],
    [72, 28],
    [69, 31],
    [75, 25],
    [72, 28],
    [68, 32],
    [76, 24],
    [26, 74],
    [23, 77],
    [23, 77],
    [28, 72],
    [18, 82],
    [17, 83],
    [28, 72],
    [20, 80],
    [27, 73],
    [28, 72],
    [31, 69],
    [22, 78],
    [29, 71],
    [17, 83],
    [22, 78],
    [27, 73],
    [24, 76],
    [37, 63],
    [26, 74],
    [25, 75],
    [29, 71],
    [26, 74],
    [26, 74],
    [30, 70],
    [22, 78]
  ],
  "method": "mvn_pdf",
  "cond_prob": [
    [
      [0.57985436556, 0.039206052607, 0.38093958183],
      [0.19390184756, 0.65053244868, 0.15556570375]
    ],
    [
      [0.59802152023, 0.020296876335, 0.38168160343],
      [0.29080235452, 0.48245773636, 0.22673990912]
    ],
    [
      [0.65439063027, 0.043568448695, 0.30204092103],
      [0.20547147012, 0.6784085116, 0.11612001828]
    ],
    [
      [0.52427846495, 0.029146036167, 0.44657549889],
      [0.20967811866, 0.57258584314, 0.2177360382]
    ],
    [
      [0.55207103624, 0.04547106523, 0.40245789853],
      [0.16648841525, 0.6854160356, 0.14809554915]
    ],
    [
      [0.62558972524, 0.042694700844, 0.33171557391],
      [0.19737066332, 0.67465095417, 0.1279783825]
    ],
    [
      [0.57028007985, 0.040225307071, 0.38949461308],
      [0.18804804315, 0.65513359665, 0.1568183602]
    ],
    [
      [0.62349216389, 0.029034263637, 0.34747357248],
      [0.25123461251, 0.57757309017, 0.17119229731]
    ],
    [
      [0.66283116662, 0.02382511075, 0.31334372263],
      [0.2995551219, 0.52706700799, 0.1733778701]
    ],
    [
      [0.56415304119, 0.038484368568, 0.39736259024],
      [0.19118738219, 0.64442845231, 0.16438416551]
    ],
    [
      [0.54498360039, 0.03810830917, 0.41690809044],
      [0.1868091528, 0.63881553678, 0.17437531042]
    ],
    [
      [0.51618704286, 0.064762268659, 0.41905068848],
      [0.12080680901, 0.75961556185, 0.11957762914]
    ],
    [
      [0.52428309763, 0.03554234044, 0.44017456193],
      [0.18691834948, 0.62173884436, 0.19134280616]
    ],
    [
      [0.5309696509, 0.038217306248, 0.43081304285],
      [0.1793358651, 0.64324267904, 0.17742145586]
    ],
    [
      [0.5451437409, 0.027359255027, 0.42749700408],
      [0.22683801528, 0.55615478635, 0.21700719837]
    ],
    [
      [0.51768572477, 0.050081508371, 0.43223276685],
      [0.14668475389, 0.70400175508, 0.14931349103]
    ],
    [
      [0.67676832337, 0.025171967286, 0.29805970935],
      [0.29604678806, 0.54428428561, 0.15966892633]
    ],
    [
      [0.57804399324, 0.036021600873, 0.38593440588],
      [0.20468572904, 0.62842121395, 0.16689305702]
    ],
    [
      [0.53317878832, 0.02319544334, 0.44362576834],
      [0.24188855482, 0.51268637777, 0.24542506741]
    ],
    [
      [0.66005298529, 0.038210712655, 0.30173630205],
      [0.22658125161, 0.64656899867, 0.12684974972]
    ],
    [
      [0.58105358959, 0.040204641639, 0.37874176877],
      [0.19266506763, 0.65392174609, 0.15341318628]
    ],
    [
      [0.64485278603, 0.026900958328, 0.32824625564],
      [0.27248747389, 0.55778888385, 0.16972364226]
    ],
    [
      [0.58621135073, 0.035406921682, 0.37838172759],
      [0.21030761896, 0.62386144022, 0.16583094083]
    ],
    [
      [0.42426938779, 0.072722860658, 0.50300775156],
      [0.091500720913, 0.77658657941, 0.13191269967]
    ],
    [
      [0.50951721739, 0.036665306944, 0.45381747567],
      [0.17731100563, 0.63022999671, 0.19245899767]
    ],
    [
      [0.43751188561, 0.055575018648, 0.50691309575],
      [0.11808269513, 0.71557926567, 0.16633803921]
    ],
    [
      [0.59451407178, 0.037206888662, 0.36827903956],
      [0.21109867288, 0.62877533275, 0.16012599436]
    ],
    [
      [0.49740210754, 0.041531948229, 0.46106594423],
      [0.16393895381, 0.65083598197, 0.18522506422]
    ],
    [
      [0.47611134491, 0.039207013388, 0.4846816417],
      [0.16239801226, 0.63630315556, 0.20129883217]
    ],
    [
      [0.65489953603, 0.055773352699, 0.28932711127],
      [0.17803454027, 0.72523778649, 0.096727673246]
    ],
    [
      [0.5848812361, 0.034741912096, 0.38037685181],
      [0.21665754028, 0.61083987795, 0.17250258177]
    ],
    [
      [0.47617693043, 0.031535803861, 0.49228726571],
      [0.18512672009, 0.5818617232, 0.23301155671]
    ],
    [
      [0.67485134046, 0.029763505201, 0.29538515434],
      [0.27507882453, 0.57684984862, 0.14807132685]
    ],
    [
      [0.62267133562, 0.041647875874, 0.33568078851],
      [0.20596706846, 0.65789674279, 0.13613618875]
    ],
    [
      [0.6613969274, 0.044402311752, 0.29420076085],
      [0.21008855908, 0.6751085656, 0.11480287531]
    ],
    [
      [0.72146062579, 0.024214973746, 0.25432440046],
      [0.329663134, 0.52725089513, 0.14308597087]
    ],
    [
      [0.6241487164, 0.037598252556, 0.33825303105],
      [0.22058024744, 0.63280619248, 0.14661356007]
    ],
    [
      [0.62939127688, 0.03383125383, 0.33677746929],
      [0.23703654583, 0.60746130876, 0.1555021454]
    ],
    [
      [0.52242114241, 0.038516445614, 0.43906241198],
      [0.18104490844, 0.6332602415, 0.18569485006]
    ],
    [
      [0.5270772135, 0.046949546695, 0.42597323981],
      [0.16053945734, 0.6810695785, 0.15839096416]
    ],
    [
      [0.63377641743, 0.020682792808, 0.34554078977],
      [0.31108296308, 0.48097065641, 0.2079463805]
    ],
    [
      [0.51640290921, 0.038691274011, 0.44490581678],
      [0.17815423321, 0.63460614572, 0.18723962107]
    ],
    [
      [0.55547295898, 0.047948970032, 0.39657807098],
      [0.16632625872, 0.68858149733, 0.14509224395]
    ],
    [
      [0.577052931, 0.053129048236, 0.36981802076],
      [0.16162262569, 0.71162121582, 0.12675615849]
    ],
    [
      [0.51552722951, 0.039893901473, 0.44457886902],
      [0.17441229655, 0.64211049216, 0.18347721129]
    ],
    [
      [0.54983853365, 0.032687055753, 0.4174744106],
      [0.2103026789, 0.59465687305, 0.19504044805]
    ],
    [
      [0.59033891259, 0.024027505508, 0.3856335819],
      [0.26821812412, 0.51737941434, 0.21440246154]
    ],
    [
      [0.63734425485, 0.054596595294, 0.30805914986],
      [0.17549299664, 0.7203814231, 0.10412558026]
    ],
    [
      [0.44833063307, 0.035155599277, 0.51651376765],
      [0.16317930842, 0.60820497434, 0.22861571724]
    ],
    [
      [0.50809701664, 0.038335551248, 0.45356743211],
      [0.17629682124, 0.63179210438, 0.19191107438]
    ]
  ],