{
  "X": [
    [10, 28, 62],
    [11, 21, 68],
    [13, 25, 62],
    [6, 36, 58],
    [9, 24, 67],
    [11, 28, 61],
    [15, 26, 59],
    [14, 32, 54],
    [13, 30, 57],
    [4, 41, 55],
    [12, 27, 61],
    [13, 26, 61],
    [7, 23, 70],
    [13, 25, 62],
    [15, 28, 57],
    [16, 21, 63],
    [8, 27, 65],
    [8, 27, 65],
    [12, 26, 62],
    [16, 28, 56],
    [9, 20, 71],
    [8, 28, 64],
    [11, 27, 62],
    [4, 31, 65],
    [10, 33, 57],
    [34, 23, 43],
    [26, 23, 51],
    [24, 29, 47],
    [35, 23, 42],
    [27, 22, 51],
    [29, 27, 44],
    [29, 29, 42],
    [37, 26, 37],
    [23, 27, 50],
    [30, 28, 42],
    [33, 22, 45],
    [27, 33, 40],
    [23, 25, 52],
    [39, 19, 42],
    [31, 29, 40],
    [32, 21, 47],
    [31, 30, 39],
    [35, 22, 43],
    [34, 18, 48],
    [36, 17, 47],
    [34, 26, 40],
    [26, 18, 56],
    [27, 24, 49],
    [24, 32, 44],
    [35, 29, 36]
  ],
  "W": [
    [77, 23],
    [74, 26],
    [75, 25],
    [79, 21],
    [78, 22],
    [76, 24],
    [74, 26],
    [73, 27],
    [73, 27],
    [77, 23],
    [75, 25],
    [78, 22],
    [77, 23],
    [66, 34],
    [77, 23],
    [67, 33],
    [84, 16],
    [78, 22],
    [78, 22],
    [70, 30],
    [69, 31],
    [75, 25],
    [72, 28],
    [86, 14],
    [73, 27],
    [23, 77],
    [31, 69],
    [23, 77],
    [20, 80],
    [24, 76],
    [25, 75],
    [26, 74],
    [18, 82],
    [24, 76],
    [24, 76],
    [26, 74],
    [19, 81],
    [33, 67],
    [27, 73],
    [18, 82],
    [21, 79],
    [26, 74],
    [24, 76],
    [25, 75],
    [20, 80],
    [29, 71],
    [32, 68],
    [25, 75],
    [32, 68],
    [24, 76]
  ],
  "method": "mvn_pdf",
  "cond_prob": [
    [
      [0.016425512854, 0.28744543725, 0.6961290499],
      [0.37357923064, 0.24901314333, 0.37740762603]
    ],
    [
      [0.015657812661, 0.21799910259, 0.76634308475],
      [0.36976504001, 0.19711795959, 0.43311700039]
    ],
    [
      [0.022163163468, 0.26384579466, 0.71399104187],
      [0.45183276272, 0.20355017834, 0.34461705894]
    ],
    [
      [0.010028256049, 0.36714400465, 0.6228277393],
      [0.2552344755, 0.3610676997, 0.38369782479]
    ],
    [
      [0.014567053261, 0.24380881981, 0.74162412692],
      [0.35043568119, 0.22380745906, 0.42575685975]
    ],
    [
      [0.018009030904, 0.29003870487, 0.69195226423],
      [0.39567333092, 0.24239829794, 0.36192837114]
    ],
    [
      [0.02743882677, 0.27984248308, 0.69271869015],
      [0.50524782348, 0.19408354429, 0.30066863223]
    ],
    [
      [0.023227444073, 0.34450831576, 0.63226424017],
      [0.4526362219, 0.25464525552, 0.29271852258]
    ],
    [
      [0.020379542699, 0.3173290256, 0.6622914317],
      [0.42234746886, 0.25042754724, 0.32722498391]
    ],
    [
      [0.007004613116, 0.4202971293, 0.57269825758],
      [0.18658200856, 0.43874064952, 0.37467734192]
    ],
    [
      [0.019550049629, 0.28176593028, 0.69868402009],
      [0.41709739142, 0.22843577884, 0.35446682974]
    ],
    [
      [0.026749020666, 0.27602890009, 0.69722207924],
      [0.50116879791, 0.19327604523, 0.30555515685]
    ],
    [
      [0.010300908885, 0.22706780435, 0.76263128677],
      [0.27463413477, 0.23402834542, 0.4913375198]
    ],
    [
      [0.014881067697, 0.25611807599, 0.72900085631],
      [0.35062869412, 0.2336067419, 0.41576456397]
    ],
    [
      [0.033603177181, 0.30275737366, 0.66363944916],
      [0.55719758198, 0.18663339201, 0.25616902601]
    ],
    [
      [0.020896507446, 0.22702092333, 0.75208256922],
      [0.43883593117, 0.18274623502, 0.37841783381]
    ],
    [
      [0.017613503523, 0.27561274031, 0.70677375617],
      [0.39626095394, 0.23175315956, 0.3719858865]
    ],
    [
      [0.012757394894, 0.27089209943, 0.71635050567],
      [0.31629278524, 0.25757425166, 0.42613296311]
    ],
    [
      [0.023066963198, 0.2731548874, 0.70377814941],
      [0.46250670421, 0.20574733564, 0.33174596015]
    ],
    [
      [0.025119891959, 0.30284262369, 0.67203748435],
      [0.47732547764, 0.21878257359, 0.30389194878]
    ],
    [
      [0.01001791371, 0.19809901768, 0.79188306861],
      [0.27063540499, 0.20858008775, 0.52078450727]
    ],
    [
      [0.011389358875, 0.27870410299, 0.70990653814],
      [0.28958443898, 0.27391828415, 0.43649727687]
    ],
    [
      [0.014956802396, 0.27586840064, 0.70917479697],
      [0.35077688951, 0.24891579521, 0.40030731528]
    ],
    [
      [0.0091853902606, 0.30734095125, 0.68347365849],
      [0.24585412354, 0.31525025263, 0.43889562383]
    ],
    [
      [0.013996697469, 0.34162790288, 0.64437539966],
      [0.32785346348, 0.30816634911, 0.36398018742]
    ],
    [
      [0.021719202398, 0.27274944609, 0.70553135152],
      [0.43665678275, 0.21532919921, 0.34801401804]
    ],
    [
      [0.016231572839, 0.24689242934, 0.73687599782],
      [0.36854392406, 0.22046867928, 0.41098739665]
    ],
    [
      [0.013035211945, 0.30238432602, 0.68458046203],
      [0.3111957624, 0.28520890132, 0.40359533629]
    ],
    [
      [0.021491197111, 0.27383748465, 0.70467131824],
      [0.43365574948, 0.21718114122, 0.34916310931]
    ],
    [
      [0.014855758634, 0.23109609118, 0.75404815018],
      [0.34922446856, 0.21429022068, 0.43648531076]
    ],
    [
      [0.017603968787, 0.30301990905, 0.67937612216],
      [0.38074347734, 0.25785478406, 0.3614017386]
    ],
    [
      [0.018108979148, 0.33136066322, 0.65053035763],
      [0.38421857043, 0.27639506882, 0.33938636074]
    ],
    [
      [0.023252136932, 0.32155784176, 0.65519002131],
      [0.4473833813, 0.24301226747, 0.30960435122]
    ],
    [
      [0.012370215517, 0.27275464692, 0.71487513756],
      [0.30313940021, 0.26422366431, 0.43263693548]
    ],
    [
      [0.018324338494, 0.32038149436, 0.66129416715],
      [0.38831608889, 0.26702910676, 0.34465480435]
    ],
    [
      [0.021804985273, 0.25946715902, 0.71872785571],
      [0.43961079047, 0.20523892208, 0.35515028745]
    ],
    [
      [0.014526442968, 0.37068989957, 0.61478365746],
      [0.32760662498, 0.32996799521, 0.3424253798]
    ],
    [
      [0.014273063062, 0.25963320156, 0.72609373538],
      [0.336964982, 0.24134971996, 0.42168529805]
    ],
    [
      [0.030775003245, 0.25065115229, 0.71857384447],
      [0.5297739416, 0.16848942969, 0.3017366287]
    ],
    [
      [0.01734009247, 0.33270111339, 0.64995879414],
      [0.37315321813, 0.28215220046, 0.34469458141]
    ],
    [
      [0.018350469781, 0.23724563977, 0.74440389045],
      [0.39901293397, 0.20311297153, 0.3978740945]
    ],
    [
      [0.020272714195, 0.3558114387, 0.62391584711],
      [0.40903664322, 0.28178569518, 0.30917766159]
    ],
    [
      [0.023304992951, 0.26603032842, 0.71066467863],
      [0.45557814385, 0.20398420185, 0.3404376543]
    ],
    [
      [0.021742789555, 0.21698839053, 0.76126881991],
      [0.44455879283, 0.17413490114, 0.38130630603]
    ],
    [
      [0.021450320275, 0.208188869, 0.77036081073],
      [0.44200432047, 0.16864495374, 0.38935072579]
    ],
    [
      [0.02539408686, 0.31833630825, 0.65626960489],
      [0.47116213255, 0.23099859996, 0.29783926749]
    ],
    [
      [0.015760930384, 0.19524330158, 0.78899576804],
      [0.36823194408, 0.17940869444, 0.45235936148]
    ],
    [
      [0.015413955106, 0.25561768653, 0.72896835837],
      [0.35486651074, 0.23196460737, 0.41316888189]
    ],
    [
      [0.015399572734, 0.35410106566, 0.63049936161],
      [0.34341720048, 0.31056202469, 0.34602077483]
    ],
    [
      [0.024051809878, 0.36027572575, 0.61567246437],
      [0.45152622076, 0.26504285208, 0.28343092716]
    ]
  ],