{
  "X": [
    [62, 38],
    [58, 42],
    [66, 34],
    [70, 30],
    [63, 37],
    [61, 39],
    [62, 38],
    [65, 35],
    [61, 39],
    [63, 37],
    [61, 39],
    [65, 35],
    [58, 42],
    [50, 50],
    [59, 41],
    [58, 42],
    [50, 50],
    [26, 74],
    [24, 76],
    [32, 68],
    [30, 70],
    [26, 74],
    [31, 69],
    [20, 80],
    [33, 67],
    [29, 71],
    [25, 75],
    [20, 80],
    [29, 71],
    [33, 67],
    [27, 73],
    [35, 65],
    [31, 69],
    [44, 56],
    [48, 52],
    [57, 43],
    [57, 43],
    [58, 42],
    [50, 50],
    [48, 52],
    [55, 45],
    [53, 47],
    [54, 46],
    [65, 35],
    [61, 39],
    [54, 46],
    [61, 39],
    [56, 44],
    [56, 44],
    [62, 38]
  ],
  "W": [
    [75, 13, 12],
    [68, 17, 15],
    [63, 20, 17],
    [74, 17, 9],
    [65, 16, 19],
    [68, 13, 19],
    [61, 12, 27],
    [66, 23, 11],
    [68, 13, 19],
    [69, 14, 17],
    [74, 12, 14],
    [69, 11, 20],
    [58, 21, 21],
    [64, 19, 17],
    [60, 15, 25],
    [68, 17, 15],
    [47, 34, 19],
    [13, 71, 16],
    [18, 65, 17],
    [18, 68, 14],
    [10, 68, 22],
    [21, 66, 13],
    [14, 63, 23],
    [14, 74, 12],
    [18, 63, 19],
    [17, 68, 15],
    [16, 64, 20],
    [13, 77, 10],
    [14, 71, 15],
    [22, 56, 22],
    [16, 70, 14],
    [13, 70, 17],
    [18, 61, 21],
    [18, 32, 50],
    [12, 16, 72],
    [20, 14, 66],
    [20, 16, 64],
    [21, 16, 63],
    [14, 20, 66],
    [25, 17, 58],
    [20, 16, 64],
    [17, 23, 60],
    [8, 27, 65],
    [22, 8, 70],
    [15, 13, 72],
    [18, 16, 66],
    [16, 19, 65],
    [14, 17, 69],
    [16, 18, 66],
    [19, 17, 64]
  ],
  "method": "mcmc",
  "mcmc_stepsize": 3000,
  "mcmc_samples": 1000,
  "burn_in": 10000,
  "cond_prob": [
    [
      [0.71353197139, 0.28646802861],
      [0.076278531731, 0.92372146827],
      [0.62445676946, 0.37554323054]
    ],
    [
      [0.69828021231, 0.30171978769],
      [0.08058349944, 0.91941650056],
      [0.60980173817, 0.39019826183]
    ],
    [
      [0.80605070081, 0.19394929919],
      [0.13309768351, 0.86690231649],
      [0.73863836346, 0.26136163654]
    ],
    [
      [0.82052691331, 0.17947308669],
      [0.1468423465, 0.8531576535],
      [0.75385428049, 0.24614571951]
    ],
    [
      [0.74874108103, 0.25125891897],
      [0.089813581207, 0.91018641879],
      [0.67867433861, 0.32132566139]
    ],
    [
      [0.70695607631, 0.29304392369],
      [0.07443417682, 0.92556582318],
      [0.62943907959, 0.37056092041]
    ],
    [
      [0.7162274548, 0.2837725452],
      [0.086485762795, 0.9135142372],
      [0.63971467051, 0.36028532949]
    ],
    [
      [0.81508097069, 0.18491902931],
      [0.13901237989, 0.86098762011],
      [0.72794283611, 0.27205716389]
    ],
    [
      [0.70697443746, 0.29302556254],
      [0.07429009371, 0.92570990629],
      [0.62947194918, 0.37052805082]
    ],
    [
      [0.73384479679, 0.26615520321],
      [0.087070571099, 0.9129294289],
      [0.65563064858, 0.34436935142]
    ],
    [
      [0.69745760253, 0.30254239747],
      [0.075776841881, 0.92422315812],
      [0.605629665, 0.394370335]
    ],
    [
      [0.73602822673, 0.26397177327],
      [0.087775080675, 0.91222491932],
      [0.66242632339, 0.33757367661]
    ],
    [
      [0.73168769263, 0.26831230737],
      [0.088644644543, 0.91135535546],
      [0.65240839485, 0.34759160515]
    ],
    [
      [0.62377382161, 0.37622617839],
      [0.059567367432, 0.94043263257],
      [0.52627620211, 0.47372379789]
    ],
    [
      [0.70842724925, 0.29157275075],
      [0.074126922552, 0.92587307745],
      [0.61529844826, 0.38470155174]
    ],
    [
      [0.69806919176, 0.30193080824],
      [0.081138872283, 0.91886112772],
      [0.61012894211, 0.38987105789]
    ],
    [
      [0.73480064083, 0.26519935917],
      [0.083392816343, 0.91660718366],
      [0.66468495397, 0.33531504603]
    ],
    [
      [0.73940101382, 0.26059898618],
      [0.086580925597, 0.9134190744],
      [0.64003381893, 0.35996618107]
    ],
    [
      [0.62947181916, 0.37052818084],
      [0.057468020682, 0.94253197932],
      [0.52553446534, 0.47446553466]
    ],
    [
      [0.785100148, 0.214899852],
      [0.11661794344, 0.88338205656],
      [0.70986979873, 0.29013020127]
    ],
    [
      [0.78305096538, 0.21694903462],
      [0.10205091926, 0.89794908074],
      [0.69227399257, 0.30772600743]
    ],
    [
      [0.66504915052, 0.33495084948],
      [0.069954042735, 0.93004595726],
      [0.57053853989, 0.42946146011]
    ],
    [
      [0.72620488392, 0.27379511608],
      [0.090217816182, 0.90978218382],
      [0.65866996546, 0.34133003454]
    ],
    [
      [0.64337282101, 0.35662717899],
      [0.060477069907, 0.93952293009],
      [0.54312311106, 0.45687688894]
    ],
    [
      [0.75473996658, 0.24526003342],
      [0.10062952244, 0.89937047756],
      [0.68815898357, 0.31184101643]
    ],
    [
      [0.7410614292, 0.2589385708],
      [0.094235494411, 0.90576450559],
      [0.66626280557, 0.33373719443]
    ],
    [
      [0.64884911202, 0.35115088798],
      [0.060771825097, 0.9392281749],
      [0.53645087007, 0.46354912993]
    ],
    [
      [0.67736871903, 0.32263128097],
      [0.070230394896, 0.9297696051],
      [0.57864662456, 0.42135337544]
    ],
    [
      [0.77751423244, 0.22248576756],
      [0.10813234393, 0.89186765607],
      [0.69582695513, 0.30417304487]
    ],
    [
      [0.69365080074, 0.30634919926],
      [0.077822156582, 0.92217784342],
      [0.60825643705, 0.39174356295]
    ],
    [
      [0.72748446835, 0.27251553165],
      [0.089707966632, 0.91029203337],
      [0.64862077444, 0.35137922556]
    ],
    [
      [0.83438774017, 0.16561225983],
      [0.15733840983, 0.84266159017],
      [0.77289827585, 0.22710172415]
    ],
    [
      [0.71004961806, 0.28995038194],
      [0.082778617673, 0.91722138233],
      [0.62712434271, 0.37287565729]
    ],
    [
      [0.68517135973, 0.31482864027],
      [0.070782912818, 0.92921708718],
      [0.58803724629, 0.41196275371]
    ],
    [
      [0.66251036848, 0.33748963152],
      [0.051448337089, 0.94855166291],
      [0.54481530812, 0.45518469188]
    ],
    [
      [0.71025003614, 0.28974996386],
      [0.083118126943, 0.91688187306],
      [0.63077796212, 0.36922203788]
    ],
    [
      [0.72835525548, 0.27164474452],
      [0.087846044794, 0.91215395521],
      [0.64105247146, 0.35894752854]
    ],
    [
      [0.73621651756, 0.26378348244],
      [0.091587378999, 0.908412621],
      [0.65196912805, 0.34803087195]
    ],
    [
      [0.69168356046, 0.30831643954],
      [0.067275820046, 0.93272417995],
      [0.59046839019, 0.40953160981]
    ],
    [
      [0.64314029486, 0.35685970514],
      [0.054522898422, 0.94547710158],
      [0.53438971302, 0.46561028698]
    ],
    [
      [0.70892541318, 0.29107458682],
      [0.07992883023, 0.92007116977],
      [0.61785360082, 0.38214639918]
    ],
    [
      [0.73518881356, 0.26481118644],
      [0.091003434746, 0.90899656525],
      [0.64014518617, 0.35985481383]
    ],
    [
      [0.78439733329, 0.21560266671],
      [0.10668910976, 0.89331089024],
      [0.68991100569, 0.31008899431]
    ],
    [
      [0.75847261369, 0.24152738631],
      [0.1098983292, 0.8901016708],
      [0.67763451236, 0.32236548764]
    ],
    [
      [0.73307789304, 0.26692210696],
      [0.091475294494, 0.90852470551],
      [0.67798128855, 0.32201871145]
    ],
    [
      [0.69246904536, 0.30753095464],
      [0.073583793918, 0.92641620608],
      [0.6114881285, 0.3885118715]
    ],
    [
      [0.76607735722, 0.23392264278],
      [0.11317831843, 0.88682168157],
      [0.71680575745, 0.28319424255]
    ],
    [
      [0.73072218647, 0.26927781353],
      [0.080325751201, 0.9196742488],
      [0.64354132781, 0.35645867219]
    ],
    [
      [0.72874567469, 0.27125432531],
      [0.084039507455, 0.91596049254],
      [0.64889936471, 0.35110063529]
    ],
    [
      [0.77955624796, 0.22044375204],
      [0.11896014075, 0.88103985925],
