{
  "X": [
    [26, 74],
    [20, 80],
    [24, 76],
    [20, 80],
    [32, 68],
    [29, 71],
    [18, 82],
    [20, 80],
    [23, 77],
    [24, 76],
    [26, 74],
    [25, 75],
    [21, 79],
    [19, 81],
    [23, 77],
    [27, 73],
    [37, 63],
    [59, 41],
    [59, 41],
    [52, 48],
    [58, 42],
    [58, 42],
    [55, 45],
    [55, 45],
    [55, 45],
    [55, 45],
    [65, 35],
    [61, 39],
    [65, 35],
    [52, 48],
    [55, 45],
    [60, 40],
    [54, 46],
    [45, 55],
    [42, 58],
    [36, 64],
    [34, 66],
    [38, 62],
    [36, 64],
    [33, 67],
    [30, 70],
    [31, 69],
    [40, 60],
    [29, 71],
    [43, 57],
    [38, 62],
    [29, 71],
    [43, 57],
    [29, 71],
    [41, 59]
  ],
  "W": [
    [68, 14, 18],
    [64, 16, 20],
    [64, 19, 17],
    [67, 20, 13],
    [65, 19, 16],
    [59, 19, 22],
    [76, 6, 18],
    [68, 16, 16],
    [73, 14, 13],
    [67, 18, 15],
    [64, 14, 22],
    [67, 20, 13],
    [69, 15, 16],
    [65, 12, 23],
    [72, 21, 7],
    [56, 24, 20],
    [48, 42, 10],
    [14, 73, 13],
    [13, 65, 22],
    [22, 62, 16],
    [16, 70, 14],
    [15, 66, 19],
    [25, 60, 15],
    [17, 67, 16],
    [21, 63, 16],
    [16, 62, 22],
    [17, 74, 9],
    [22, 66, 12],
    [13, 68, 19],
    [24, 58, 18],
    [17, 63, 20],
    [21, 59, 20],
    [17, 66, 17],
    [16, 39, 45],
    [14, 26, 60],
    [16, 16, 68],
    [17, 23, 60],
    [17, 19, 64],
    [14, 18, 68],
    [17, 18, 65],
    [22, 19, 59],
    [13, 19, 68],
    [11, 14, 75],
    [17, 12, 71],
    [17, 22, 61],
    [15, 10, 75],
    [16, 10, 74],
    [17, 19, 64],
    [16, 17, 67],
    [10, 15, 75]
  ],
  "method": "mcmc",
  "mcmc_stepsize": 3000,
  "mcmc_samples": 1000,
  "burn_in": 10000,
  "cond_prob": [
    [
      [0.10784879844, 0.89215120156],
      [0.83089788434, 0.16910211566],
      [0.39076174029, 0.60923825971]
    ],
    [
      [0.05642724028, 0.94357275972],
      [0.70708137082, 0.29291862918],
      [0.25376773445, 0.74623226555]
    ],
    [
      [0.070747779208, 0.92925222079],
      [0.75031888657, 0.24968111343],
      [0.30682842859, 0.69317157141]
    ],
    [
      [0.049876571954, 0.95012342805],
      [0.6818807775, 0.3181192225],
      [0.23235800994, 0.76764199006]
    ],
    [
      [0.13111738929, 0.86888261071],
      [0.8478676092, 0.1521323908],
      [0.4604928201, 0.5395071799]
    ],
    [
      [0.091648923418, 0.90835107658],
      [0.80216315925, 0.19783684075],
      [0.37961879512, 0.62038120488]
    ],
    [
      [0.09033840143, 0.90966159857],
      [0.81206416456, 0.18793583544],
      [0.34788313911, 0.65211686089]
    ],
    [
      [0.060016022724, 0.93998397728],
      [0.72399297915, 0.27600702085],
      [0.27093892428, 0.72906107572]
    ],
    [
      [0.095412129148, 0.90458787085],
      [0.81482824728, 0.18517175272],
      [0.35594762387, 0.64405237613]
    ],
    [
      [0.078278552967, 0.92172144703],
      [0.77244770583, 0.22755229417],
      [0.32341854976, 0.67658145024]
    ],
    [
      [0.10114493649, 0.89885506351],
      [0.81376296489, 0.18623703511],
      [0.3697292071, 0.6302707929]
    ],
    [
      [0.080508992737, 0.91949100726],
      [0.76692120181, 0.23307879819],
      [0.32826718849, 0.67173281151]
    ],
    [
      [0.070434439614, 0.92956556039],
      [0.75647306437, 0.24352693563],
      [0.29955798131, 0.70044201869]
    ],
    [
      [0.062690896713, 0.93730910329],
      [0.72107831359, 0.27892168641],
      [0.27270225872, 0.72729774128]
    ],
    [
      [0.07185706512, 0.92814293488],
      [0.7490913418, 0.2509086582],
      [0.29933901909, 0.70066098091]
    ],
    [
      [0.064941620408, 0.93505837959],
      [0.73498432076, 0.26501567924],
      [0.28618227795, 0.71381772205]
    ],
    [
      [0.069855922186, 0.93014407781],
      [0.73294316676, 0.26705683324],
      [0.28633027313, 0.71366972687]
    ],
    [
      [0.080457792593, 0.91954220741],
      [0.74137821745, 0.25862178255],
      [0.28869084843, 0.71130915157]
    ],
    [
      [0.087217269843, 0.91278273016],
      [0.7750673571, 0.2249326429],
      [0.34030896731, 0.65969103269]
    ],
    [
      [0.077661015611, 0.92233898439],
      [0.73289666464, 0.26710333536],
      [0.30324152807, 0.69675847193]
    ],
    [
      [0.08137662639, 0.91862337361],
      [0.74969070737, 0.25030929263],
      [0.30140174728, 0.69859825272]
    ],
    [
      [0.085400189661, 0.91459981034],
      [0.76425471015, 0.23574528985],
      [0.33043085711, 0.66956914289]
    ],
    [
      [0.099497542423, 0.90050245758],
      [0.78516361091, 0.21483638909],
      [0.36018298564, 0.63981701436]
    ],
    [
      [0.072618034461, 0.92738196554],
      [0.73196198298, 0.26803801702],
      [0.29525253466, 0.70474746534]
    ],
    [
      [0.087385338742, 0.91261466126],
      [0.76043654132, 0.23956345868],
      [0.32858786147, 0.67141213853]
    ],
    [
      [0.082894598783, 0.91710540122],
      [0.75130946594, 0.24869053406],
      [0.32238634234, 0.67761365766]
    ],
    [
      [0.10689067901, 0.89310932099],
      [0.80898538222, 0.19101461778],
      [0.36866001916, 0.63133998084]
    ],
    [
      [0.11280387405, 0.88719612595],
      [0.81535778108, 0.18464221892],
      [0.39205843499, 0.60794156501]
    ],
    [
      [0.11548590797, 0.88451409203],
      [0.82041993205, 0.17958006795],
      [0.40579620091, 0.59420379909]
    ],
    [
      [0.077119314643, 0.92288068536],
      [0.76054080274, 0.23945919726],
      [0.33543166054, 0.66456833946]
    ],
    [
      [0.081364507523, 0.91863549248],
      [0.74874751544, 0.25125248456],
      [0.32228549496, 0.67771450504]
    ],
    [
      [0.12216781911, 0.87783218089],
      [0.831201452, 0.168798548],
      [0.41967950653, 0.58032049347]
    ],
    [
      [0.071457468363, 0.92854253164],
      [0.72476742547, 0.27523257453],
      [0.29121017394, 0.70878982606]
    ],
    [
      [0.092896954964, 0.90710304504],
      [0.7568958603, 0.2431041397],
      [0.31099355931, 0.68900644069]
    ],
    [
      [0.11123178883, 0.88876821117],
      [0.78113817632, 0.21886182368],
      [0.3355527062, 0.6644472938]
    ],
    [
      [0.090547406233, 0.90945259377],
      [0.76112459177, 0.23887540823],
      [0.32901835341, 0.67098164659]
    ],
    [
      [0.07146642405, 0.92853357595],
      [0.71690856611, 0.28309143389],
      [0.27160289618, 0.72839710382]
    ],
    [
      [0.10586156034, 0.89413843966],
      [0.76145482201, 0.23854517799],
      [0.33957362275, 0.66042637725]
    ],
    [
      [0.085278843666, 0.91472115633],
      [0.74415676939, 0.25584323061],
      [0.31487168147, 0.68512831853]
    ],
    [
      [0.076260118554, 0.92373988145],
      [0.71636427184, 0.28363572816],
      [0.28936955525, 0.71063044475]
    ],
    [
      [0.066169485318, 0.93383051468],
      [0.70312314819, 0.29687685181],
      [0.25737172046, 0.74262827954]
    ],
    [
      [0.062706742148, 0.93729325785],
      [0.6819247939, 0.3180752061],
      [0.25335648924, 0.74664351076]
    ],
    [
      [0.10680821287, 0.89319178713],
      [0.80156101201, 0.19843898799],
      [0.36804340654, 0.63195659346]
    ],
    [
      [0.072582118399, 0.9274178816],
      [0.72798240503, 0.27201759497],
      [0.26803260742, 0.73196739258]
    ],
    [
      [0.12602731792, 0.87397268208],
      [0.81191464837, 0.18808535163],
      [0.37697398904, 0.62302601096]
    ],
    [
      [0.10520279694, 0.89479720306],
      [0.82424929049, 0.17575070951],
      [0.37572620188, 0.62427379812]
    ],
    [
      [0.071803962738, 0.92819603726],
      [0.73859429894, 0.26140570106],
      [0.27655667036, 0.72344332964]
    ],
    [
      [0.13314985959, 0.86685014041],
      [0.81382981861, 0.18617018139],
      [0.39490134115, 0.60509865885]
    ],
    [
      [0.055858037321, 0.94414196268],
      [0.68710635775, 0.31289364225],
      [0.24515616897, 0.75484383103]
    ],
    [
      [0.11060338855, 0.88939661145],
      [0.80034981335, 0.19965018665],
