{
  "X": [
    [86, 14],
    [93, 7],
    [88, 12],
    [90, 10],
    [87, 13],
    [89, 11],
    [86, 14],
    [90, 10],
    [89, 11],
    [95, 5],
    [89, 11],
    [91, 9],
    [82, 18],
    [86, 14],
    [92, 8],
    [82, 18],
    [81, 19],
    [73, 27],
    [73, 27],
    [74, 26],
    [79, 21],
    [76, 24],
    [72, 28],
    [74, 26],
    [84, 16],
    [82, 18],
    [80, 20],
    [80, 20],
    [77, 23],
    [75, 25],
    [81, 19],
    [80, 20],
    [71, 29],
    [76, 24],
    [83, 17],
    [83, 17],
    [85, 15],
    [85, 15],
    [80, 20],
    [82, 18],
    [82, 18],
    [77, 23],
    [79, 21],
    [70, 30],
    [83, 17],
    [80, 20],
    [78, 22],
    [75, 25],
    [88, 12],
    [77, 23]
  ],
  "W": [
    [65, 22, 13],
    [70, 12, 18],
    [60, 23, 17],
    [70, 11, 19],
    [72, 13, 15],
    [65, 21, 14],
    [63, 21, 16],
    [70, 16, 14],
    [62, 22, 16],
    [70, 11, 19],
    [56, 19, 25],
    [69, 15, 16],
    [63, 20, 17],
    [70, 14, 16],
    [68, 12, 20],
    [66, 15, 19],
    [54, 34, 12],
    [18, 66, 16],
    [24, 58, 18],
    [13, 72, 15],
    [17, 61, 22],
    [23, 66, 11],
    [13, 69, 18],
    [16, 60, 24],
    [14, 64, 22],
    [20, 67, 13],
    [14, 69, 17],
    [12, 72, 16],
    [16, 72, 12],
    [11, 71, 18],
    [12, 63, 25],
    [18, 65, 17],
    [12, 76, 12],
    [22, 26, 52],
    [19, 17, 64],
    [20, 19, 61],
    [12, 18, 70],
    [16, 20, 64],
    [10, 14, 76],
    [18, 12, 70],
    [21, 14, 65],
    [15, 16, 69],
    [22, 21, 57],
    [17, 17, 66],
    [17, 16, 67],
    [21, 14, 65],
    [17, 17, 66],
    [20, 14, 66],
    [20, 20, 60],
    [14, 20, 66]
  ],
  "method": "mcmc",
  "mcmc_stepsize": 3000,
  "mcmc_samples": 1000,
  "burn_in": 10000,
  "cond_prob": [
    [
      [0.93569621637, 0.064303783633],
      [0.69202686061, 0.30797313939],
      [0.76578115406, 0.23421884594]
    ],
    [
      [0.96510246242, 0.034897537585],
      [0.82699490393, 0.17300509607],
      [0.86216048799, 0.13783951201]
    ],
    [
      [0.94912530018, 0.05087469982],
      [0.75117099225, 0.24882900775],
      [0.81032642161, 0.18967357839]
    ],
    [
      [0.94808150594, 0.051918494061],
      [0.7476250737, 0.2523749263],
      [0.8110746723, 0.1889253277]
    ],
    [
      [0.93040242951, 0.069597570492],
      [0.67221468255, 0.32778531745],
      [0.75148228015, 0.24851771985]
    ],
    [
      [0.95004249364, 0.049957506363],
      [0.75563806461, 0.24436193539],
      [0.81277418263, 0.18722581737]
    ],
    [
      [0.93744675857, 0.062553241434],
      [0.69655619794, 0.30344380206],
      [0.76957337834, 0.23042662166]
    ],
    [
      [0.95006307507, 0.049936924934],
      [0.75756372671, 0.24243627329],
      [0.812468937, 0.187531063]
    ],
    [
      [0.95239844831, 0.04760155169],
      [0.76509078003, 0.23490921997],
      [0.81995619026, 0.18004380974]
    ],
    [
      [0.97512073751, 0.024879262491],
      [0.87379690496, 0.12620309504],
      [0.90156749578, 0.098432504218]
    ],
    [
      [0.95558612598, 0.044413874024],
      [0.77324538834, 0.22675461166],
      [0.83182058267, 0.16817941733]
    ],
    [
      [0.95554718776, 0.044452812239],
      [0.78191865984, 0.21808134016],
      [0.83365400918, 0.16634599082]
    ],
    [
      [0.91384144118, 0.086158558818],
      [0.62226604825, 0.37773395175],
      [0.70486283768, 0.29513716232]
    ],
    [
      [0.92752161759, 0.072478382413],
      [0.66110335901, 0.33889664099],
      [0.73862748392, 0.26137251608]
    ],
    [
      [0.96077000776, 0.039229992243],
      [0.80497517718, 0.19502482282],
      [0.85039686732, 0.14960313268]
    ],
    [
      [0.90633983252, 0.093660167479],
      [0.60740074327, 0.39259925673],
      [0.6879242055, 0.3120757945]
    ],
    [
      [0.92253170171, 0.077468298293],
      [0.6574669854, 0.3425330146],
      [0.73578421702, 0.26421578298]
    ],
    [
      [0.92486026515, 0.075139734852],
      [0.67261695422, 0.32738304578],
      [0.74748726555, 0.25251273445]
    ],
    [
      [0.92333334542, 0.076666654582],
      [0.64997506376, 0.35002493624],
      [0.73008033401, 0.26991966599]
    ],
    [
      [0.93106921997, 0.068930780028],
      [0.69884387828, 0.30115612172],
      [0.77195606028, 0.22804393972]
    ],
    [
      [0.94036211343, 0.059637886571],
      [0.74353778331, 0.25646221669],
      [0.80263814954, 0.19736185046]
    ],
    [
      [0.93737427766, 0.062625722345],
      [0.69499207665, 0.30500792335],
      [0.77917405048, 0.22082594952]
    ],
    [
      [0.91911585339, 0.080884146613],
      [0.67421555751, 0.32578444249],
      [0.75170113544, 0.24829886456]
    ],
    [
      [0.92317521916, 0.076824780844],
      [0.68447415853, 0.31552584147],
      [0.75669779089, 0.24330220911]
    ],
    [
      [0.95724763051, 0.042752369488],
      [0.80708668485, 0.19291331515],
      [0.8611356974, 0.1388643026]
    ],
    [
      [0.95502753008, 0.044972469923],
      [0.77608144673, 0.22391855327],
      [0.8386148052, 0.1613851948]
    ],
    [
      [0.95137270396, 0.048627296041],
      [0.76131031385, 0.23868968615],
      [0.83237473465, 0.16762526535]
    ],
    [
      [0.95206964571, 0.047930354291],
      [0.76618504196, 0.23381495804],
      [0.83811507688, 0.16188492312]
    ],
    [
      [0.94568400356, 0.054315996443],
      [0.72591267003, 0.27408732997],
      [0.80027864172, 0.19972135828]
    ],
    [
      [0.94251537823, 0.057484621766],
      [0.71287248574, 0.28712751426],
      [0.77879913064, 0.22120086936]
    ],
    [
      [0.95019969372, 0.049800306276],
      [0.77465101816, 0.22534898184],
      [0.83178358126, 0.16821641874]
    ],
    [
      [0.94893553993, 0.051064460066],
      [0.75250656779, 0.24749343221],
      [0.82389608086, 0.17610391914]
    ],
    [
      [0.92487566704, 0.075124332962],
      [0.67000055493, 0.32999944507],
      [0.74845415176, 0.25154584824]
    ],
    [
      [0.92411387189, 0.075886128108],
      [0.66353588906, 0.33646411094],
      [0.73879926352, 0.26120073648]
    ],
    [
      [0.95258627474, 0.047413725256],
      [0.75497325213, 0.24502674787],
      [0.81353617959, 0.18646382041]
    ],
    [
      [0.9535619547, 0.046438045305],
      [0.75380166084, 0.24619833916],
      [0.81322179263, 0.18677820737]
    ],
    [
      [0.95817226879, 0.041827731214],
      [0.78861948672, 0.21138051328],
      [0.84723974305, 0.15276025695]
    ],
    [
      [0.95999444272, 0.040005557278],
      [0.78120582415, 0.21879417585],
      [0.84399956927, 0.15600043073]
    ],
    [
      [0.9454716657, 0.054528334298],
      [0.72647554492, 0.27352445508],
      [0.79440296992, 0.20559703008]
    ],
    [
      [0.9477637532, 0.052236246804],
      [0.74129541968, 0.25870458032],
      [0.80063867723, 0.19936132277]
    ],
    [
      [0.94599581749, 0.054004182511],
      [0.7414510108, 0.2585489892],
      [0.79621190279, 0.20378809721]
    ],
    [
      [0.93070068946, 0.069299310539],
      [0.68526621318, 0.31473378682],
      [0.75471348184, 0.24528651816]
    ],
    [
      [0.93512201603, 0.064877983966],
      [0.69453451393, 0.30546548607],
      [0.76915948868, 0.23084051132]
    ],
    [
      [0.90186655234, 0.098133447659],
      [0.59601490902, 0.40398509098],
      [0.67478810844, 0.32521189156]
    ],
    [
      [0.95256564324, 0.047434356762],
      [0.7586881979, 0.2413118021],
      [0.81593093878, 0.18406906122]
    ],
    [
      [0.93885945995, 0.061140540046],
      [0.71429372792, 0.28570627208],
      [0.77359752539, 0.22640247461]
    ],
    [
      [0.93466679106, 0.065333208941],
      [0.69498219735, 0.30501780265],
      [0.76206010905, 0.23793989095]
    ],
    [
      [0.92189506007, 0.078104939926],
      [0.64832949399, 0.35167050601],
      [0.71947705883, 0.28052294117]
    ],
    [
      [0.96569303518, 0.034306964822],
      [0.82328983868, 0.17671016132],
      [0.87033904205, 0.12966095795]
    ],
    [
      [0.93435118159, 0.065648818405],
