{
  "X": [
    [85, 15],
    [85, 15],
    [85, 15],
    [86, 14],
    [80, 20],
    [90, 10],
    [86, 14],
    [84, 16],
    [87, 13],
    [86, 14],
    [85, 15],
    [77, 23],
    [84, 16],
    [80, 20],
    [82, 18],
    [87, 13],
    [74, 26],
    [67, 33],
    [54, 46],
    [63, 37],
    [57, 43],
    [62, 38],
    [53, 47],
    [55, 45],
    [61, 39],
    [65, 35],
    [70, 30],
    [54, 46],
    [64, 36],
    [58, 42],
    [61, 39],
    [75, 25],
    [50, 50],
    [72, 28],
    [79, 21],
    [80, 20],
    [83, 17],
    [90, 10],
    [89, 11],
    [82, 18],
    [86, 14],
    [79, 21],
    [88, 12],
    [81, 19],
    [86, 14],
    [91, 9],
    [86, 14],
    [83, 17],
    [86, 14],
    [83, 17]
  ],
  "W": [
    [70, 14, 16],
    [63, 19, 18],
    [70, 15, 15],
    [66, 15, 19],
    [73, 12, 15],
    [67, 17, 16],
    [64, 17, 19],
    [69, 9, 22],
    [73, 18, 9],
    [65, 24, 11],
    [67, 13, 20],
    [67, 17, 16],
    [64, 19, 17],
    [64, 18, 18],
    [58, 24, 18],
    [72, 11, 17],
    [49, 35, 16],
    [21, 56, 23],
    [14, 64, 22],
    [18, 65, 17],
    [11, 75, 14],
    [18, 70, 12],
    [16, 70, 14],
    [12, 68, 20],
    [12, 68, 20],
    [21, 60, 19],
    [17, 60, 23],
    [14, 71, 15],
    [16, 67, 17],
    [13, 72, 15],
    [17, 65, 18],
    [15, 67, 18],
    [13, 73, 14],
    [15, 36, 49],
    [18, 19, 63],
    [10, 19, 71],
    [13, 19, 68],
    [20, 11, 69],
    [25, 12, 63],
    [17, 16, 67],
    [21, 13, 66],
    [10, 25, 65],
    [17, 14, 69],
    [14, 22, 64],
    [18, 18, 64],
    [19, 9, 72],
    [27, 16, 57],
    [24, 17, 59],
    [12, 17, 71],
    [18, 16, 66]
  ],
  "method": "mcmc",
  "mcmc_stepsize": 3000,
  "mcmc_samples": 1000,
  "burn_in": 10000,
  "cond_prob": [
    [
      [0.9165227741, 0.083477225902],
      [0.42491526324, 0.57508473676],
      [0.93091200799, 0.06908799201]
    ],
    [
      [0.93125127901, 0.068748720994],
      [0.49261918361, 0.50738081639],
      [0.94285582967, 0.057144170331]
    ],
    [
      [0.92065864684, 0.079341353163],
      [0.43708406129, 0.56291593871],
      [0.93317558681, 0.066824413192]
    ],
    [
      [0.92763202948, 0.072367970518],
      [0.46287258478, 0.53712741522],
      [0.93858933066, 0.061410669343]
    ],
    [
      [0.86329432799, 0.13670567201],
      [0.30700854108, 0.69299145892],
      [0.8863607709, 0.1136392291]
    ],
    [
      [0.95792127861, 0.042078721388],
      [0.60754461318, 0.39245538682],
      [0.9681884943, 0.031811505697]
    ],
    [
      [0.93279920232, 0.067200797678],
      [0.4923700377, 0.5076299623],
      [0.94371370582, 0.056286294184]
    ],
    [
      [0.88502030199, 0.11497969801],
      [0.34159302694, 0.65840697306],
      [0.90269372363, 0.097306276367]
    ],
    [
      [0.942106413, 0.057893586997],
      [0.53421288186, 0.46578711814],
      [0.95671110858, 0.043288891418]
    ],
    [
      [0.94901223608, 0.050987763915],
      [0.57246798084, 0.42753201916],
      [0.96136119222, 0.038638807782]
    ],
    [
      [0.91279777624, 0.087202223761],
      [0.41022723619, 0.58977276381],
      [0.92547974608, 0.074520253921]
    ],
    [
      [0.86462991096, 0.13537008904],
      [0.29541285545, 0.70458714455],
      [0.87798608897, 0.12201391103]
    ],
    [
      [0.92534583816, 0.074654161836],
      [0.46574269135, 0.53425730865],
      [0.93698560128, 0.063014398717]
    ],
    [
      [0.89545075219, 0.10454924781],
      [0.35019581287, 0.64980418713],
      [0.91042373491, 0.089576265086]
    ],
    [
      [0.92842081578, 0.071579184216],
      [0.46946274192, 0.53053725808],
      [0.9380270488, 0.061972951201]
    ],
    [
      [0.92071976185, 0.079280238149],
      [0.43779660204, 0.56220339796],
      [0.93484791319, 0.065152086807]
    ],
    [
      [0.9082522086, 0.091747791395],
      [0.41722944204, 0.58277055796],
      [0.93078820669, 0.069211793312]
    ],
    [
      [0.93611682937, 0.063883170634],
      [0.46208800259, 0.53791199741],
      [0.93324427993, 0.066755720072]
    ],
    [
      [0.89461202721, 0.10538797279],
      [0.3402760354, 0.6597239646],
      [0.8953529706, 0.1046470294]
    ],
    [
      [0.93437403879, 0.065625961211],
      [0.46624492735, 0.53375507265],
      [0.93384394257, 0.066156057426]
    ],
    [
      [0.92841245886, 0.071587541136],
      [0.45012426932, 0.54987573068],
      [0.93058162524, 0.069418374761]
    ],
    [
      [0.936311392, 0.063688608002],
      [0.48368098207, 0.51631901793],
      [0.94072718326, 0.059272816743]
    ],
    [
      [0.90488038364, 0.09511961636],
      [0.3672294379, 0.6327705621],
      [0.91541808634, 0.08458191366]
    ],
    [
      [0.91012457524, 0.089875424755],
      [0.37940973125, 0.62059026875],
      [0.9139321686, 0.086067831395]
    ],
    [
      [0.93345993293, 0.066540067072],
      [0.45699116676, 0.54300883324],
      [0.93615407325, 0.063845926748]
    ],
    [
      [0.93356113402, 0.066438865982],
      [0.46080671902, 0.53919328098],
      [0.9340427918, 0.065957208199]
    ],
    [
      [0.94800336672, 0.051996633283],
      [0.53464385577, 0.46535614423],
      [0.94805701824, 0.051942981764]
    ],
    [
      [0.91152442889, 0.088475571108],
      [0.38666917584, 0.61333082416],
      [0.91900976741, 0.080990232593]
    ],
    [
      [0.93803684835, 0.061963151645],
      [0.49344873381, 0.50655126619],
      [0.93707913301, 0.062920866992]
    ],
    [
      [0.92662491821, 0.07337508179],
      [0.44450678067, 0.55549321933],
      [0.92995919032, 0.070040809683]
    ],
    [
      [0.92702350881, 0.07297649119],
      [0.43892665926, 0.56107334074],
      [0.92835374992, 0.071646250077]
    ],
    [
      [0.96858355104, 0.031416448958],
      [0.64306098986, 0.35693901014],
      [0.96589780077, 0.034102199226]
    ],
    [
      [0.89688741892, 0.10311258108],
      [0.35223530779, 0.64776469221],
      [0.9019490061, 0.098050993896]
    ],
    [
      [0.89707391161, 0.10292608839],
      [0.38610745891, 0.61389254109],
      [0.91110250623, 0.088897493772]
    ],
    [
      [0.88769143364, 0.11230856636],
      [0.33308281748, 0.66691718252],
      [0.89988858194, 0.10011141806]
    ],
    [
      [0.88112483622, 0.11887516378],
      [0.35948272435, 0.64051727565],
      [0.90645887148, 0.093541128519]
    ],
    [
      [0.9099945517, 0.090005448302],
      [0.43521953684, 0.56478046316],
      [0.92501322982, 0.074986770177]
    ],
    [
      [0.94224378962, 0.057756210385],
      [0.52402134005, 0.47597865995],
      [0.94769405025, 0.052305949752]
    ],
    [
      [0.9370016765, 0.062998323497],
      [0.50963767304, 0.49036232696],
      [0.94379850811, 0.05620149189]
    ],
    [
      [0.89468999423, 0.10531000577],
      [0.37186247012, 0.62813752988],
      [0.90806672502, 0.091933274983]
    ],
    [
      [0.91846579207, 0.081534207931],
      [0.42659002927, 0.57340997073],
      [0.92676587858, 0.073234121425]
    ],
    [
      [0.9076481756, 0.092351824403],
      [0.4021550284, 0.5978449716],
      [0.9210714236, 0.078928576399]
    ],
    [
      [0.93724111738, 0.062758882619],
      [0.49628963219, 0.50371036781],
      [0.94375139353, 0.056248606466]
    ],
    [
      [0.90728275234, 0.092717247659],
      [0.42258421932, 0.57741578068],
      [0.92189357253, 0.078106427466]
    ],
    [
      [0.93518015386, 0.064819846142],
      [0.49878953629, 0.50121046371],
      [0.94044602465, 0.059553975354]
    ],
    [
      [0.94382263441, 0.056177365593],
      [0.52494888081, 0.47505111919],
      [0.94920597249, 0.050794027515]
    ],
    [
      [0.92937769233, 0.070622307668],
      [0.47307705004, 0.52692294996],
      [0.93574683344, 0.064253166556]
    ],
    [
      [0.90691970168, 0.093080298324],
      [0.41100599738, 0.58899400262],
      [0.91943771533, 0.080562284674]
    ],
    [
      [0.9347315514, 0.065268448604],
      [0.47931417128, 0.52068582872],
      [0.93851944326, 0.061480556738]
    ],
    [
      [0.90211699609, 0.097883003912],
