{
  "X": [
    [23, 77],
    [17, 83],
    [21, 79],
    [14, 86],
    [20, 80],
    [17, 83],
    [13, 87],
    [23, 77],
    [19, 81],
    [16, 84],
    [24, 76],
    [15, 85],
    [25, 75],
    [18, 82],
    [27, 73],
    [25, 75],
    [27, 73],
    [55, 45],
    [50, 50],
    [56, 44],
    [54, 46],
    [63, 37],
    [55, 45],
    [64, 36],
    [52, 48],
    [54, 46],
    [57, 43],
    [56, 44],
    [53, 47],
    [65, 35],
    [56, 44],
    [56, 44],
    [54, 46],
    [45, 55],
    [30, 70],
    [25, 75],
    [38, 62],
    [34, 66],
    [29, 71],
    [36, 64],
    [35, 65],
    [34, 66],
    [30, 70],
    [31, 69],
    [33, 67],
    [31, 69],
    [39, 61],
    [32, 68],
    [33, 67],
    [35, 65]
  ],
  "W": [
    [56, 18, 26],
    [78, 17, 5],
    [62, 21, 17],
    [75, 11, 14],
    [68, 12, 20],
    [74, 14, 12],
    [66, 16, 18],
    [68, 20, 12],
    [64, 18, 18],
    [65, 16, 19],
    [69, 19, 12],
    [67, 14, 19],
    [58, 20, 22],
    [69, 13, 18],
    [61, 19, 20],
    [62, 15, 23],
    [50, 27, 23],
    [20, 61, 19],
    [21, 59, 20],
    [16, 65, 19],
    [15, 66, 19],
    [12, 71, 17],
    [15, 66, 19],
    [10, 72, 18],
    [19, 64, 17],
    [11, 74, 15],
    [15, 73, 12],
    [19, 62, 19],
    [14, 72, 14],
    [16, 68, 16],
    [18, 68, 14],
    [17, 67, 16],
    [21, 65, 14],
    [18, 36, 46],
    [16, 12, 72],
    [21, 17, 62],
    [20, 17, 63],
    [16, 19, 65],
    [17, 18, 65],
    [16, 20, 64],
    [19, 18, 63],
    [14, 16, 70],
    [13, 16, 71],
    [16, 16, 68],
    [26, 16, 58],
    [22, 12, 66],
    [14, 23, 63],
    [20, 11, 69],
    [19, 17, 64],
    [9, 20, 71]
  ],
  "method": "mcmc",
  "mcmc_stepsize": 3000,
  "mcmc_samples": 1000,
  "burn_in": 10000,
  "cond_prob": [
    [
      [0.041404582192, 0.95859541781],
      [0.7272285087, 0.2727714913],
      [0.29197039387, 0.70802960613]
    ],
    [
      [0.039126577263, 0.96087342274],
      [0.73665734768, 0.26334265232],
      [0.28499041259, 0.71500958741]
    ],
    [
      [0.036886889702, 0.9631131103],
      [0.6870948959, 0.3129051041],
      [0.25200117791, 0.74799882209]
    ],
    [
      [0.033713637404, 0.9662863626],
      [0.71652066791, 0.28347933209],
      [0.25641070341, 0.74358929659]
    ],
    [
      [0.050508988, 0.949491012],
      [0.79075719782, 0.20924280218],
      [0.35381512211, 0.64618487789]
    ],
    [
      [0.041066005314, 0.95893399469],
      [0.74197979658, 0.25802020342],
      [0.29778320455, 0.70221679545]
    ],
    [
      [0.018863396038, 0.98113660396],
      [0.56197732989, 0.43802267011],
      [0.1535210324, 0.8464789676]
    ],
    [
      [0.050114036052, 0.94988596395],
      [0.77156298852, 0.22843701148],
      [0.34674881483, 0.65325118517]
    ],
    [
      [0.034964438708, 0.96503556129],
      [0.69046206302, 0.30953793698],
      [0.24077548824, 0.75922451176]
    ],
    [
      [0.027681463399, 0.9723185366],
      [0.63918158765, 0.36081841235],
      [0.20914734088, 0.79085265912]
    ],
    [
      [0.058924601575, 0.94107539843],
      [0.80580971991, 0.19419028009],
      [0.38531815109, 0.61468184891]
    ],
    [
      [0.028060007407, 0.97193999259],
      [0.65170216334, 0.34829783666],
      [0.210323643, 0.789676357]
    ],
    [
      [0.047288503738, 0.95271149626],
      [0.75482125663, 0.24517874337],
      [0.3254928023, 0.6745071977]
    ],
    [
      [0.041811298235, 0.95818870177],
      [0.74791535834, 0.25208464166],
      [0.29956226463, 0.70043773537]
    ],
    [
      [0.058805415925, 0.94119458408],
      [0.8095782999, 0.1904217001],
      [0.40154409653, 0.59845590347]
    ],
    [
      [0.064389583268, 0.93561041673],
      [0.80507551867, 0.19492448133],
      [0.38833535032, 0.61166464968]
    ],
    [
      [0.03803843169, 0.96196156831],
      [0.6967565011, 0.3032434989],
      [0.2732892559, 0.7267107441]
    ],
    [
      [0.055953045929, 0.94404695407],
      [0.7724297902, 0.2275702098],
      [0.35593273048, 0.64406726952]
    ],
    [
      [0.042890998487, 0.95710900151],
      [0.72757345611, 0.27242654389],
      [0.30862275606, 0.69137724394]
    ],
    [
      [0.046921689371, 0.95307831063],
      [0.75319548927, 0.24680451073],
      [0.33113400881, 0.66886599119]
    ],
    [
      [0.041466314301, 0.9585336857],
      [0.72220531157, 0.27779468843],
      [0.30065551169, 0.69934448831]
    ],
    [
      [0.05635765085, 0.94364234915],
      [0.78889400036, 0.21110599964],
      [0.37130789202, 0.62869210798]
    ],
    [
      [0.043527190661, 0.95647280934],
      [0.73401172909, 0.26598827091],
      [0.31064831685, 0.68935168315]
    ],
    [
      [0.063159839275, 0.93684016072],
      [0.7858619245, 0.2141380755],
      [0.37701905798, 0.62298094202]
    ],
    [
      [0.04253313469, 0.95746686531],
      [0.72082952409, 0.27917047591],
      [0.29757534702, 0.70242465298]
    ],
    [
      [0.039922771972, 0.96007722803],
      [0.67560029192, 0.32439970808],
      [0.23776186042, 0.76223813958]
    ],
    [
      [0.045467053544, 0.95453294646],
      [0.72440779897, 0.27559220103],
      [0.28635207266, 0.71364792734]
    ],
    [
      [0.056233147876, 0.94376685212],
      [0.77524185472, 0.22475814528],
      [0.36139869462, 0.63860130538]
    ],
    [
      [0.040136471279, 0.95986352872],
      [0.67894822426, 0.32105177574],
      [0.25384408969, 0.74615591031]
    ],
    [
      [0.075756418961, 0.92424358104],
      [0.83579014039, 0.16420985961],
      [0.43463548438, 0.56536451562]
    ],
    [
      [0.049073781385, 0.95092621861],
      [0.74609431299, 0.25390568701],
      [0.31301847512, 0.68698152488]
    ],
    [
      [0.046792041419, 0.95320795858],
      [0.74695738241, 0.25304261759],
      [0.32239941716, 0.67760058284]
    ],
    [
      [0.048954676328, 0.95104532367],
      [0.74629446956, 0.25370553044],
      [0.31877223396, 0.68122776604]
    ],
    [
      [0.067368483194, 0.93263151681],
      [0.77748311785, 0.22251688215],
      [0.34343424044, 0.65656575956]
    ],
    [
      [0.047491407105, 0.9525085929],
      [0.73718451529, 0.26281548471],
      [0.28324893476, 0.71675106524]
    ],
    [
      [0.024024372902, 0.9759756271],
      [0.65778175507, 0.34221824493],
      [0.21472900537, 0.78527099463]
    ],
    [
      [0.061867044905, 0.93813295509],
      [0.78129325243, 0.21870674757],
      [0.37270910811, 0.62729089189]
    ],
    [
      [0.046055542391, 0.95394445761],
      [0.70619785486, 0.29380214514],
      [0.30531310892, 0.69468689108]
    ],
    [
      [0.034432374872, 0.96556762513],
      [0.68465949554, 0.31534050446],
      [0.24755044165, 0.75244955835]
    ],
    [
      [0.054673153181, 0.94532684682],
      [0.72839172412, 0.27160827588],
      [0.32120929792, 0.67879070208]
    ],
    [
      [0.05276894023, 0.94723105977],
      [0.74615890323, 0.25384109677],
      [0.3264528552, 0.6735471448]
    ],
    [
      [0.042881651617, 0.95711834838],
      [0.73951692591, 0.26048307409],
      [0.30810551518, 0.69189448482]
    ],
    [
      [0.036250819127, 0.96374918087],
      [0.70377133772, 0.29622866228],
      [0.25730137955, 0.74269862045]
    ],
    [
      [0.038395778335, 0.96160422167],
      [0.71361553159, 0.28638446841],
      [0.27893851531, 0.72106148469]
    ],
    [
      [0.052165527819, 0.94783447218],
      [0.76190405911, 0.23809594089],
      [0.33540054019, 0.66459945981]
    ],
    [
      [0.047903463742, 0.95209653626],
      [0.76643850793, 0.23356149207],
      [0.31437669246, 0.68562330754]
    ],
    [
      [0.060804787636, 0.93919521236],
      [0.76184570772, 0.23815429228],
      [0.32740129675, 0.67259870325]
    ],
    [
      [0.05234868955, 0.94765131045],
      [0.77481722461, 0.22518277539],
      [0.32507299621, 0.67492700379]
    ],
    [
      [0.046780419817, 0.95321958018],
      [0.73681804442, 0.26318195558],
      [0.30601976982, 0.69398023018]
    ],
    [
      [0.040959377685, 0.95904062232],
      [0.72722015226, 0.27277984774],
