{
  "X": [
    [0, 7, 14, 16],
    [42, 97, 749, 197],
    [19, 28, 302, 29],
    [39, 388, 778, 264],
    [13, 370, 434, 245],
    [19, 445, 487, 243],
    [38, 84, 836, 137],
    [44, 63, 837, 133],
    [20, 113, 639, 119],
    [25, 57, 659, 101],
    [73, 9, 860, 106],
    [46, 43, 795, 133],
    [9, 17, 228, 25],
    [32, 26, 889, 117],
    [10, 6, 232, 39],
    [27, 6, 759, 103],
    [22, 93, 533, 123],
    [30, 131, 550, 133],
    [27, 39, 747, 106],
    [26, 40, 888, 125],
    [35, 118, 662, 179],
    [25, 25, 613, 103],
    [14, 72, 530, 92],
    [6, 51, 245, 59],
    [18, 225, 379, 75],
    [17, 125, 363, 92],
    [12, 156, 447, 116],
    [30, 200, 731, 186],
    [2, 27, 153, 29],
    [39, 195, 813, 194],
    [14, 59, 264, 59],
    [115, 273, 2127, 408],
    [4, 25, 90, 22]
  ],
  "W": [
    [21, 6, 0, 10],
    [808, 111, 30, 136],
    [299, 29, 16, 34],
    [816, 383, 83, 187],
    [457, 371, 82, 152],
    [498, 458, 91, 147],
    [863, 103, 36, 93],
    [872, 79, 26, 100],
    [676, 97, 42, 76],
    [684, 51, 33, 74],
    [875, 48, 28, 97],
    [835, 54, 30, 98],
    [240, 17, 1, 21],
    [910, 38, 23, 93],
    [247, 6, 9, 25],
    [759, 30, 25, 81],
    [558, 109, 26, 78],
    [565, 129, 51, 99],
    [756, 42, 27, 94],
    [927, 36, 33, 83],
    [696, 116, 54, 128],
    [655, 32, 13, 66],
    [543, 84, 18, 63],
    [246, 55, 18, 42],
    [384, 213, 36, 64],
    [362, 142, 41, 52],
    [454, 154, 41, 82],
    [770, 219, 51, 107],
    [150, 29, 10, 22],
    [816, 211, 90, 124],
    [279, 63, 20, 34],
    [2256, 302, 80, 285],
    [81, 26, 7, 27]
  ],
  "method": "mvn_cdf",
  "mvncdf_method": "genz",
  "mvncdf_samples": 5000,
  "mvncdf_error": 1e-06,
  "cond_prob": [
    [
      [0, 0, 0.31714940538, 0.68285059462],
      [0, 0.98159033108, 0.016810917379, 0.0015987515455],
      [0.01504214741, 0.9460422242, 0.032536928239, 0.0063787001479],
      [0, 0.11104580135, 0.72389969827, 0.16505450038]
    ],
    [
      [0.00090603403678, 0.0015989350262, 0.88447031651, 0.11302471443],
      [0.0034331892153, 0.71680571598, 0.027770075739, 0.25199101906],
      [0.24331130783, 0.28289519519, 0.025134469369, 0.44865902761],
      [0.24696692103, 0.056292427713, 0.22434905714, 0.47239159411]
    ],
    [
      [0, 0.00061380204239, 0.96265445566, 0.036731742294],
      [0.0070898276412, 0.75892393461, 0.054028616322, 0.17995762143],
      [0.43932979373, 0.24740301259, 0.041502656222, 0.27176453745],
      [0.34603289114, 0.054389143651, 0.35104251128, 0.24853545393]
    ],
    [
      [0, 0.0022169563148, 0.8878383446, 0.10994469908],
      [0, 0.84138129771, 0.016938413756, 0.14168028853],
      [0.12582608164, 0.48580605109, 0.021824849889, 0.36654301739],
      [0.15270820975, 0.12631029082, 0.2418451112, 0.47913638822]
    ],
    [
      [0, 0.0025148837932, 0.85280644589, 0.14467867032],
      [0, 0.82648796301, 0.014560670619, 0.15895136638],
      [0.078119161401, 0.48548092947, 0.018452185871, 0.41794772326],
      [0.043383083981, 0.14746202378, 0.24573925123, 0.56341564101]
    ],
    [
      [0, 0.0021225355537, 0.88034225749, 0.11753520696],
      [0, 0.82870517997, 0.016965573177, 0.15432924685],
      [0.093162256191, 0.4836842848, 0.022516464952, 0.40063699405],
      [0.0715798278, 0.13864445545, 0.26374370711, 0.52603200964]
    ],
    [
      [0, 0.00037685834824, 0.92793638974, 0.071686751911],
      [0.0014219295392, 0.69063342441, 0.05252738892, 0.25541725713],
      [0.31948313895, 0.24023349415, 0.039028662234, 0.40125470466],
      [0.28335643285, 0.041840029477, 0.30511336295, 0.36969017472]
    ],
    [
      [0, 0.0001835558154, 0.92272178159, 0.077094662599],
      [0.007127437628, 0.68074197695, 0.047332997162, 0.26479758826],
      [0.39426221541, 0.20719749313, 0.033204792098, 0.36533549937],
      [0.33186114827, 0.036741883287, 0.27783975087, 0.35355721757]
    ],
    [
      [0.00016815954919, 0.0017389654219, 0.9094946921, 0.088598182925],
      [0.0014194139683, 0.84937582064, 0.019648309035, 0.12955645636],
      [0.14671132924, 0.49013551802, 0.025990548457, 0.33716260428],
      [0.17877322581, 0.11643832916, 0.2787381464, 0.42605029863]
    ],
    [
      [0.00054198882098, 0.0009836596695, 0.92529555569, 0.073178795815],
      [0.0028108817519, 0.77776851638, 0.034330329839, 0.18509027203],
      [0.23071060246, 0.35251249539, 0.035907757767, 0.38086914438],
      [0.22800641616, 0.067946893283, 0.31300050104, 0.39104618952]
    ],
    [
      [0, 0, 0.93994783348, 0.060052166516],
      [0.044547456547, 0.16843815629, 0.14510329482, 0.64191109234],
      [0.74571946075, 0.032677446365, 0.023763938924, 0.19783915396],
      [0.5152739916, 0, 0.30840512639, 0.17632088201]
    ],
    [
      [0, 0, 0.91695826099, 0.083041739012],
      [0.008036435397, 0.64767205831, 0.04877952679, 0.2955119795],
      [0.41040717393, 0.1815123216, 0.031595855781, 0.37648464868],
      [0.33932466603, 0.026329991869, 0.26283553015, 0.37150981196]
    ],
    [
      [0, 0.0014262961934, 0.92748834354, 0.071085360269],
      [0.0047898683638, 0.85293758571, 0.022723613473, 0.11954893246],
      [0.40292732048, 0.34049766699, 0.022632015109, 0.23394299742],
      [0.40550690083, 0.086535823313, 0.2378030527, 0.27015422316]
    ],
    [
      [0.000243994897, 0, 0.93588379055, 0.06387221455],
      [0.0060787451588, 0.57044619195, 0.074487512779, 0.34898755011],
      [0.32221592631, 0.16546015623, 0.050142047092, 0.46218187037],
      [0.25952694648, 0.005564097984, 0.35873073149, 0.37617822405]
    ],
    [
      [0.00032151677647, 0, 0.90959755835, 0.090080924875],
      [0.0053598102315, 0.63079257149, 0.046904624724, 0.31694299355],
      [0.31846129832, 0.18727205122, 0.034542178481, 0.45972447198],
      [0.2808909924, 0.021191844402, 0.26948382933, 0.42843333387]
    ],
    [
      [0.00016462341245, 0, 0.94379991311, 0.056035463474],
      [0.082179141703, 0.13460793003, 0.2602325713, 0.52298035696],
      [0.29945706684, 0.078470483962, 0.069518829715, 0.55255361949],
      [0.20892901121, 0, 0.40877676624, 0.38229422255]
    ],
    [
      [0.00074992809236, 0.0010437707492, 0.90722800487, 0.090978296288],
      [0.0027167039378, 0.73106252357, 0.033882160529, 0.23233861197],
      [0.20854509282, 0.31133790932, 0.03313385279, 0.44698314507],
      [0.20337496131, 0.05944840014, 0.28477099503, 0.45240564353]
    ],
    [
      [0.00048401896741, 0.0010187189944, 0.91314546356, 0.085351798476],
      [0.0021477208193, 0.79438196157, 0.027810949791, 0.17565936782],
      [0.18901358264, 0.39077034836, 0.031299556914, 0.38891651209],
      [0.20009879377, 0.081008716761, 0.29180730466, 0.42708518481]
    ],
    [
      [0.00082603054388, 0, 0.93772307087, 0.061450898591],
      [0.0036445307663, 0.67643598976, 0.057359505688, 0.26255997379],
      [0.24812964445, 0.25379211545, 0.049776891535, 0.44830134857],
      [0.20769095975, 0.039758524607, 0.36519450123, 0.38735601442]
    ],
    [
      [0.00058582725801, 0.00048468707067, 0.92544855396, 0.073480931713],
      [0.0032029760531, 0.71587595024, 0.043939915451, 0.23698115825],
      [0.23450033044, 0.28907224001, 0.041031328102, 0.43539610145],
      [0.21208578421, 0.051081650079, 0.32738939394, 0.40944317177]
    ],
    [
      [0.00043126228683, 0.0014618021059, 0.89652537965, 0.10158155596],
      [0.0022030310981, 0.76309788722, 0.026579896706, 0.20811918498],
      [0.18271961137, 0.35420939122, 0.028228425156, 0.43484257225],
      [0.19201117833, 0.072936903834, 0.26102134992, 0.47403056792]
    ],
    [
      [0, 0, 0.90705023463, 0.092949765366],
      [0.006237746441, 0.63872559359, 0.045022848672, 0.3100138113],
      [0.34780571125, 0.19165809485, 0.031658957803, 0.4288772361],
      [0.30725633133, 0.031351905637, 0.25802725311, 0.40336450992]
    ],
    [
      [0.00012140320476, 0.00087272988793, 0.92754436913, 0.071461497774],
      [0.0022375331694, 0.73648190287, 0.041866152444, 0.21941441151],
