{
  "X": [
    [57, 43],
    [58, 42],
    [52, 48],
    [52, 48],
    [51, 49],
    [50, 50],
    [60, 40],
    [51, 49],
    [66, 34],
    [60, 40],
    [60, 40],
    [58, 42],
    [57, 43],
    [54, 46],
    [55, 45],
    [63, 37],
    [60, 40],
    [55, 45],
    [60, 40],
    [55, 45],
    [65, 35],
    [64, 36],
    [60, 40],
    [55, 45],
    [59, 41],
    [26, 74],
    [30, 70],
    [19, 81],
    [23, 77],
    [24, 76],
    [32, 68],
    [25, 75],
    [40, 60],
    [36, 64],
    [26, 74],
    [37, 63],
    [21, 79],
    [53, 47],
    [76, 24],
    [77, 23],
    [80, 20],
    [73, 27],
    [75, 25],
    [68, 32],
    [79, 21],
    [82, 18],
    [73, 27],
    [77, 23],
    [79, 21],
    [76, 24]
  ],
  "W": [
    [66, 11, 12, 11],
    [63, 9, 13, 15],
    [62, 12, 12, 14],
    [55, 13, 22, 10],
    [64, 10, 16, 10],
    [63, 10, 19, 8],
    [58, 13, 16, 13],
    [63, 10, 11, 16],
    [58, 12, 10, 20],
    [61, 20, 7, 12],
    [65, 9, 11, 15],
    [63, 15, 13, 9],
    [40, 41, 9, 10],
    [14, 57, 17, 12],
    [15, 69, 10, 6],
    [5, 64, 12, 19],
    [13, 63, 10, 14],
    [16, 67, 9, 8],
    [12, 65, 12, 11],
    [17, 53, 12, 18],
    [8, 69, 11, 12],
    [9, 64, 13, 14],
    [12, 64, 13, 11],
    [11, 69, 9, 11],
    [11, 64, 15, 10],
    [14, 14, 62, 10],
    [10, 16, 63, 11],
    [12, 7, 65, 16],
    [11, 13, 69, 7],
    [11, 9, 71, 9],
    [13, 14, 58, 15],
    [10, 8, 72, 10],
    [26, 8, 47, 19],
    [21, 9, 56, 14],
    [10, 12, 66, 12],
    [16, 15, 57, 12],
    [12, 10, 68, 10],
    [9, 11, 37, 43],
    [13, 14, 10, 63],
    [12, 9, 13, 66],
    [11, 9, 8, 72],
    [11, 8, 22, 59],
    [13, 17, 10, 60],
    [18, 20, 9, 53],
    [18, 15, 12, 55],
    [12, 6, 13, 69],
    [8, 17, 15, 60],
    [13, 10, 12, 65],
    [10, 13, 7, 70],
    [12, 13, 14, 61]
  ],
  "method": "mvn_cdf",
  "mvncdf_method": "genz",
  "mvncdf_samples": 5000,
  "mvncdf_error": 0.001,
  "cond_prob": [
    [
      [0.59150255032, 0.40849744968],
      [0.63322081285, 0.36677918715],
      [0.034778888337, 0.96522111166],
      [0.96164146162, 0.038358538384]
    ],
    [
      [0.59362573945, 0.40637426055],
      [0.63534239789, 0.36465760211],
      [0.034989528528, 0.96501047147],
      [0.9619088642, 0.038091135804]
    ],
    [
      [0.51232006695, 0.48767993305],
      [0.55454516671, 0.44545483329],
      [0.025645641607, 0.97435435839],
      [0.94813329637, 0.051866703635]
    ],
    [
      [0.60346872211, 0.39653127789],
      [0.64456233762, 0.35543766238],
      [0.036147204989, 0.96385279501],
      [0.96346713853, 0.036532861469]
    ],
    [
      [0.54808914075, 0.45191085925],
      [0.59067483928, 0.40932516072],
      [0.029294426949, 0.97070557305],
      [0.95468357677, 0.045316423226]
    ],
    [
      [0.56601881148, 0.43398118852],
      [0.60838868871, 0.39161131129],
      [0.031321690396, 0.9686783096],
      [0.957726984, 0.042273016003]
    ],
    [
      [0.65063369008, 0.34936630992],
      [0.68821135874, 0.31178864126],
      [0.044201581059, 0.95579841894],
      [0.96994407808, 0.03005592192]
    ],
    [
      [0.48300279819, 0.51699720181],
      [0.5242683411, 0.4757316589],
      [0.02301426452, 0.97698573548],
      [0.94218646207, 0.057813537927]
    ],
    [
      [0.65286011547, 0.34713988453],
      [0.69015720494, 0.30984279506],
      [0.044538527507, 0.95546147249],
      [0.97034207843, 0.029657921571]
    ],
    [
      [0.58515713951, 0.41484286049],
      [0.62699481722, 0.37300518278],
      [0.034031971189, 0.96596802881],
      [0.96060786225, 0.03939213775]
    ],
    [
      [0.60502898532, 0.39497101468],
      [0.64618884983, 0.35381115017],
      [0.036694936682, 0.96330506332],
      [0.96358480014, 0.036415199856]
    ],
    [
      [0.61800294778, 0.38199705222],
      [0.65823011006, 0.34176988994],
      [0.038681710731, 0.96131828927],
      [0.96550004436, 0.03449995564]
    ],
    [
      [0.56104632149, 0.43895367851],
      [0.60276060202, 0.39723939798],
      [0.030841216538, 0.96915878346],
      [0.95673915086, 0.043260849141]
    ],
    [
      [0.55878222808, 0.44121777192],
      [0.59976767543, 0.40023232457],
      [0.030248523926, 0.96975147607],
      [0.95633886671, 0.043661133291]
    ],
    [
      [0.54901327061, 0.45098672939],
      [0.59046435599, 0.40953564401],
      [0.029442034005, 0.970557966],
      [0.95472333964, 0.045276660357]
    ],
    [
      [0.60537522623, 0.39462477377],
      [0.64425395034, 0.35574604966],
      [0.036417714016, 0.96358228598],
      [0.96336097258, 0.036639027417]
    ],
    [
      [0.57533065027, 0.42466934973],
      [0.61542624852, 0.38457375148],
      [0.032447339969, 0.96755266003],
      [0.95888389214, 0.041116107855]
    ],
    [
      [0.53375851247, 0.46624148753],
      [0.57601626854, 0.42398373146],
      [0.027815223045, 0.97218477696],
      [0.9520546001, 0.047945399901]
    ],
    [
      [0.60295252564, 0.39704747436],
      [0.64208206284, 0.35791793716],
      [0.036197694115, 0.96380230588],
      [0.96316938894, 0.03683061106]
    ],
    [
      [0.50482160451, 0.49517839549],
      [0.54851012509, 0.45148987491],
      [0.025038274455, 0.97496172555],
      [0.94702982223, 0.052970177774]
    ],
    [
      [0.65183042789, 0.34816957211],
      [0.69062203672, 0.30937796328],
      [0.04456876253, 0.95543123747],
      [0.97018163794, 0.029818362059]
    ],
    [
      [0.64899191172, 0.35100808828],
      [0.68765611892, 0.31234388108],
      [0.043971647192, 0.95602835281],
      [0.9698178407, 0.030182159296]
    ],
    [
      [0.6107193875, 0.3892806125],
      [0.6496637989, 0.3503362011],
      [0.037338591134, 0.96266140887],
      [0.96431659414, 0.035683405864]
    ],
    [
      [0.51678995149, 0.48321004851],
      [0.5600154429, 0.4399845571],
      [0.026122251926, 0.97387774807],
      [0.94901315511, 0.050986844894]
    ],
    [
      [0.61717596359, 0.38282403641],
      [0.65599297583, 0.34400702417],
      [0.038314410795, 0.9616855892],
      [0.96527977854, 0.034720221463]
    ],
    [
      [0.51276636826, 0.48723363174],
      [0.55614867578, 0.44385132422],
      [0.024862952259, 0.97513704774],
      [0.94936863434, 0.050631365655]
    ],
    [
      [0.62600029021, 0.37399970979],
      [0.66584870259, 0.33415129741],
      [0.038821917189, 0.96117808281],
      [0.96733064305, 0.032669356955]
    ],
    [
      [0.25941195791, 0.74058804209],
      [0.29565907586, 0.70434092414],
      [0, 1],
      [0.86359018588, 0.13640981412]
    ],
    [
      [0.56677249085, 0.43322750915],
      [0.60909440078, 0.39090559922],
      [0.030943110399, 0.9690568896],
      [0.9588858247, 0.0411141753]
    ],
    [
      [0.61463716317, 0.38536283683],
      [0.65517083369, 0.34482916631],
      [0.037293602092, 0.96270639791],
      [0.96606755037, 0.033932449631]
    ],
    [
      [0.56552476691, 0.43447523309],
      [0.6077757411, 0.3922242589],
      [0.030378854314, 0.96962114569],
      [0.95848960697, 0.041510393032]
    ],
    [
      [0.65685704025, 0.34314295975],
      [0.69517476427, 0.30482523573],
      [0.043818021263, 0.95618197874],
      [0.97151339524, 0.028486604758]
    ],
    [
      [0.58450577069, 0.41549422931],
      [0.62614151648, 0.37385848352],
      [0.032636240922, 0.96736375908],
      [0.96104286878, 0.038957131216]
    ],
    [
      [0.65400204312, 0.34599795688],
      [0.69216310795, 0.30783689205],
      [0.043669395535, 0.95633060446],
      [0.97078592665, 0.029214073354]
    ],
    [
      [0.55041776261, 0.44958223739],
      [0.59326026539, 0.40673973461],
      [0.028794524098, 0.9712054759],
      [0.9563550499, 0.043644950104]
    ],
    [
      [0.69988144513, 0.30011855487],
      [0.73501587609, 0.26498412391],
      [0.053725208745, 0.94627479126],
      [0.97619348651, 0.023806513494]
    ],
    [
      [0.4516359366, 0.5483640634],
      [0.49539054725, 0.50460945275],
      [0.018491834102, 0.9815081659],
      [0.93690185693, 0.063098143068]
    ],
