{
  "X": [
    [86, 14],
    [86, 14],
    [80, 20],
    [84, 16],
    [83, 17],
    [83, 17],
    [78, 22],
    [79, 21],
    [84, 16],
    [76, 24],
    [85, 15],
    [82, 18],
    [66, 34],
    [60, 40],
    [60, 40],
    [63, 37],
    [66, 34],
    [64, 36],
    [60, 40],
    [55, 45],
    [60, 40],
    [54, 46],
    [55, 45],
    [56, 44],
    [65, 35],
    [69, 31],
    [67, 33],
    [79, 21],
    [84, 16],
    [75, 25],
    [72, 28],
    [70, 30],
    [69, 31],
    [72, 28],
    [73, 27],
    [73, 27],
    [80, 20],
    [79, 21],
    [79, 21],
    [82, 18],
    [73, 27],
    [79, 21],
    [76, 24],
    [77, 23],
    [81, 19],
    [76, 24],
    [80, 20],
    [83, 17],
    [70, 30],
    [76, 24]
  ],
  "W": [
    [59, 14, 13, 14],
    [58, 14, 15, 13],
    [59, 17, 10, 14],
    [61, 10, 15, 14],
    [60, 15, 13, 12],
    [64, 15, 10, 11],
    [54, 21, 17, 8],
    [74, 7, 13, 6],
    [65, 12, 14, 9],
    [55, 17, 15, 13],
    [68, 11, 7, 14],
    [67, 12, 11, 10],
    [42, 40, 11, 7],
    [10, 62, 14, 14],
    [10, 59, 11, 20],
    [15, 55, 19, 11],
    [12, 62, 13, 13],
    [13, 64, 10, 13],
    [13, 66, 10, 11],
    [9, 61, 13, 17],
    [8, 59, 15, 18],
    [18, 55, 15, 12],
    [20, 62, 11, 7],
    [17, 64, 11, 8],
    [17, 62, 12, 9],
    [15, 10, 60, 15],
    [20, 12, 52, 16],
    [13, 8, 69, 10],
    [14, 8, 65, 13],
    [9, 12, 67, 12],
    [12, 14, 62, 12],
    [10, 20, 62, 8],
    [8, 16, 60, 16],
    [11, 22, 56, 11],
    [16, 13, 62, 9],
    [8, 16, 62, 14],
    [13, 11, 66, 10],
    [10, 15, 48, 27],
    [9, 6, 13, 72],
    [7, 15, 13, 65],
    [14, 15, 12, 59],
    [11, 15, 11, 63],
    [11, 12, 8, 69],
    [7, 11, 12, 70],
    [15, 10, 10, 65],
    [11, 9, 14, 66],
    [18, 8, 12, 62],
    [10, 10, 19, 61],
    [11, 12, 11, 66],
    [19, 14, 6, 61]
  ],
  "method": "mvn_cdf",
  "mvncdf_method": "genz",
  "mvncdf_samples": 5000,
  "mvncdf_error": 0.001,
  "cond_prob": [
    [
      [0.93948128442, 0.060518715581],
      [0.54652023821, 0.45347976179],
      [0.82554089423, 0.17445910577],
      [0.87052066138, 0.12947933862]
    ],
    [
      [0.94065835904, 0.05934164096],
      [0.54962611978, 0.45037388022],
      [0.82749162754, 0.17250837246],
      [0.87189808351, 0.12810191649]
    ],
    [
      [0.90471049787, 0.095289502129],
      [0.44594963338, 0.55405036662],
      [0.75969953395, 0.24030046605],
      [0.81742439419, 0.18257560581]
    ],
    [
      [0.91486917647, 0.085130823531],
      [0.47737154736, 0.52262845264],
      [0.78159129791, 0.21840870209],
      [0.83538537808, 0.16461462192]
    ],
    [
      [0.92016717321, 0.079832826794],
      [0.49199706029, 0.50800293971],
      [0.79151719829, 0.20848280171],
      [0.84335751045, 0.15664248955]
    ],
    [
      [0.91698733289, 0.083012667113],
      [0.48243786541, 0.51756213459],
      [0.78537998494, 0.21462001506],
      [0.83840389679, 0.16159610321]
    ],
    [
      [0.90686920523, 0.093130794772],
      [0.45164423516, 0.54835576484],
      [0.76333947772, 0.23666052228],
      [0.82097035726, 0.17902964274]
    ],
    [
      [0.86277574384, 0.13722425616],
      [0.32380297485, 0.67619702515],
      [0.6548705005, 0.3451294995],
      [0.72910960419, 0.27089039581]
    ],
    [
      [0.91738022532, 0.082619774679],
      [0.48402220881, 0.51597779119],
      [0.78628610582, 0.21371389418],
      [0.83933481854, 0.16066518146]
    ],
    [
      [0.88441112022, 0.11558887978],
      [0.38614948479, 0.61385051521],
      [0.71181442086, 0.28818557914],
      [0.77812544876, 0.22187455124]
    ],
    [
      [0.91766585231, 0.082334147686],
      [0.48476766812, 0.51523233188],
      [0.78720459119, 0.21279540881],
      [0.83970325393, 0.16029674607]
    ],
    [
      [0.90114647707, 0.098853522932],
      [0.43587646981, 0.56412353019],
      [0.75231410675, 0.24768589325],
      [0.81172132245, 0.18827867755]
    ],
    [
      [0.88520514278, 0.11479485722],
      [0.38824571304, 0.61175428696],
      [0.71274613422, 0.28725386578],
      [0.77876400077, 0.22123599923]
    ],
    [
      [0.91156874969, 0.088431250312],
      [0.46075788717, 0.53924211283],
      [0.76902811531, 0.23097188469],
      [0.82506642032, 0.17493357968]
    ],
    [
      [0.90652898552, 0.093471014481],
      [0.44537673133, 0.55462326867],
      [0.75799050156, 0.24200949844],
      [0.81597937396, 0.18402062604]
    ],
    [
      [0.91275388153, 0.087246118466],
      [0.46443329213, 0.53556670787],
      [0.77176189744, 0.22823810256],
      [0.82739860533, 0.17260139467]
    ],
    [
      [0.93187623842, 0.06812376158],
      [0.53241731078, 0.46758268922],
      [0.8153408297, 0.1846591703],
      [0.86216777573, 0.13783222427]
    ],
    [
      [0.92683530985, 0.073164690152],
      [0.51292612576, 0.48707387424],
      [0.80364163031, 0.19635836969],
      [0.85288097081, 0.14711902919]
    ],
    [
      [0.91520304193, 0.084796958066],
      [0.47245859836, 0.52754140164],
      [0.77717663536, 0.22282336464],
      [0.83166605542, 0.16833394458]
    ],
    [
      [0.88875005852, 0.11124994148],
      [0.39822392691, 0.60177607309],
      [0.72035025946, 0.27964974054],
      [0.78500215052, 0.21499784948]
    ],
    [
      [0.9082066691, 0.091793330898],
      [0.45033354417, 0.54966645583],
      [0.76156658105, 0.23843341895],
      [0.81895382363, 0.18104617637]
    ],
    [
      [0.86694293243, 0.13305706757],
      [0.35036785988, 0.64963214012],
      [0.6766419299, 0.3233580701],
      [0.74793049786, 0.25206950214]
    ],
    [
      [0.88445212596, 0.11554787404],
      [0.38777201299, 0.61222798701],
      [0.71146989579, 0.28853010421],
      [0.77756054597, 0.22243945403]
    ],
    [
      [0.89439342578, 0.10560657422],
      [0.41226320885, 0.58773679115],
      [0.73204174511, 0.26795825489],
      [0.79475089987, 0.20524910013]
    ],
    [
      [0.92728470809, 0.072715291906],
      [0.51447544628, 0.48552455372],
      [0.80463859463, 0.19536140537],
      [0.8536687953, 0.1463312047]
    ],
    [
      [0.87000032919, 0.12999967081],
      [0.35315472894, 0.64684527106],
      [0.68554038048, 0.31445961952],
      [0.75240166291, 0.24759833709]
    ],
    [
      [0.85641973309, 0.14358026691],
      [0.32323449498, 0.67676550502],
      [0.66064643365, 0.33935356635],
      [0.72744855305, 0.27255144695]
    ],
    [
      [0.92198220586, 0.078017794138],
      [0.49503980238, 0.50496019762],
      [0.79149222605, 0.20850777395],
      [0.84409493075, 0.15590506925]
    ],
    [
      [0.94188021861, 0.058119781389],
      [0.56585246818, 0.43414753182],
      [0.84394031101, 0.15605968899],
      [0.87928745986, 0.12071254014]
    ],
    [
      [0.91154732145, 0.088452678553],
      [0.46078111759, 0.53921888241],
      [0.76665558815, 0.23334441185],
      [0.82506469083, 0.17493530917]
    ],
    [
      [0.89778450546, 0.10221549454],
      [0.42100225026, 0.57899774974],
      [0.73746115495, 0.26253884505],
      [0.80083023534, 0.19916976466]
    ],
    [
      [0.90005187868, 0.099948121322],
      [0.4269763137, 0.5730236863],
      [0.74227885545, 0.25772114455],
      [0.80483323763, 0.19516676237]
    ],
    [
      [0.88766266016, 0.11233733984],
      [0.39470257144, 0.60529742856],
      [0.71759208985, 0.28240791015],
      [0.78299576157, 0.21700423843]
    ],
    [
      [0.91060012979, 0.089399870212],
      [0.45786627866, 0.54213372134],
      [0.7651922895, 0.2348077105],
      [0.82359747545, 0.17640252455]
    ],
    [
      [0.89884608672, 0.10115391328],
      [0.42430292593, 0.57569707407],
      [0.73991019293, 0.26008980707],
      [0.80312140155, 0.19687859845]
    ],
    [
      [0.9081539052, 0.091846094798],
      [0.45020938925, 0.54979061075],
      [0.75915824905, 0.24084175095],
      [0.81882907781, 0.18117092219]
    ],
    [
      [0.9299684376, 0.070031562401],
      [0.52283398546, 0.47716601454],
      [0.81176205302, 0.18823794698],
      [0.85829409719, 0.14170590281]
    ],
