{
  "X": [
    [69, 31],
    [60, 40],
    [71, 29],
    [57, 43],
    [64, 36],
    [67, 33],
    [66, 34],
    [57, 43],
    [65, 35],
    [73, 27],
    [71, 29],
    [60, 40],
    [52, 48],
    [37, 63],
    [42, 58],
    [26, 74],
    [37, 63],
    [25, 75],
    [37, 63],
    [42, 58],
    [31, 69],
    [36, 64],
    [36, 64],
    [30, 70],
    [28, 72],
    [28, 72],
    [30, 70],
    [26, 74],
    [28, 72],
    [22, 78],
    [15, 85],
    [30, 70],
    [26, 74],
    [19, 81],
    [27, 73],
    [29, 71],
    [26, 74],
    [44, 56],
    [66, 34],
    [52, 48],
    [67, 33],
    [65, 35],
    [68, 32],
    [63, 37],
    [67, 33],
    [60, 40],
    [65, 35],
    [66, 34],
    [71, 29],
    [68, 32]
  ],
  "W": [
    [59, 20, 12, 9],
    [62, 13, 10, 15],
    [63, 11, 16, 10],
    [59, 12, 13, 16],
    [57, 15, 16, 12],
    [59, 18, 12, 11],
    [71, 9, 10, 10],
    [57, 11, 16, 16],
    [64, 15, 10, 11],
    [71, 15, 7, 7],
    [64, 9, 12, 15],
    [54, 17, 13, 16],
    [41, 32, 16, 11],
    [11, 64, 9, 16],
    [16, 66, 6, 12],
    [10, 59, 23, 8],
    [11, 70, 10, 9],
    [13, 65, 15, 7],
    [13, 56, 15, 16],
    [14, 59, 11, 16],
    [16, 61, 10, 13],
    [15, 64, 9, 12],
    [15, 59, 12, 14],
    [12, 63, 17, 8],
    [10, 67, 13, 10],
    [18, 15, 59, 8],
    [16, 10, 54, 20],
    [12, 10, 63, 15],
    [15, 11, 64, 10],
    [11, 8, 71, 10],
    [10, 13, 66, 11],
    [15, 11, 57, 17],
    [17, 16, 57, 10],
    [8, 13, 67, 12],
    [14, 18, 61, 7],
    [10, 11, 68, 11],
    [10, 8, 70, 12],
    [12, 10, 41, 37],
    [7, 13, 13, 67],
    [13, 10, 17, 60],
    [18, 14, 13, 55],
    [14, 11, 11, 64],
    [17, 11, 15, 57],
    [9, 6, 13, 72],
    [17, 11, 10, 62],
    [10, 16, 13, 61],
    [12, 15, 2, 71],
    [9, 13, 11, 67],
    [9, 12, 8, 71],
    [10, 14, 13, 63]
  ],
  "method": "mvn_cdf",
  "mvncdf_method": "genz",
  "mvncdf_samples": 5000,
  "mvncdf_error": 0.001,
  "cond_prob": [
    [
      [0.9064862717, 0.093513728301],
      [0.32733375317, 0.67266624683],
      [0.090410236587, 0.90958976341],
      [0.8761902297, 0.1238097703]
    ],
    [
      [0.76054058789, 0.23945941211],
      [0.14384941793, 0.85615058207],
      [0.033833199854, 0.96616680015],
      [0.70920727462, 0.29079272538]
    ],
    [
      [0.90800345031, 0.091996549694],
      [0.32545082732, 0.67454917268],
      [0.090832827359, 0.90916717264],
      [0.87624982925, 0.12375017075]
    ],
    [
      [0.74525415325, 0.25474584675],
      [0.13254360468, 0.86745639532],
      [0.031935638937, 0.96806436106],
      [0.68901989973, 0.31098010027]
    ],
    [
      [0.86276096383, 0.13723903617],
      [0.25363163885, 0.74636836115],
      [0.064587155649, 0.93541284435],
      [0.83206299903, 0.16793700097]
    ],
    [
      [0.87815970851, 0.12184029149],
      [0.27719686711, 0.72280313289],
      [0.072500400376, 0.92749959962],
      [0.84809352595, 0.15190647405]
    ],
    [
      [0.79539564888, 0.20460435112],
      [0.17429091849, 0.82570908151],
      [0.041210890495, 0.9587891095],
      [0.75461817582, 0.24538182418]
    ],
    [
      [0.76234004961, 0.23765995039],
      [0.14517936699, 0.85482063301],
      [0.034628635321, 0.96537136468],
      [0.71222412313, 0.28777587687]
    ],
    [
      [0.82425567887, 0.17574432113],
      [0.20456743042, 0.79543256958],
      [0.049592151978, 0.95040784802],
      [0.78938214328, 0.21061785672]
    ],
    [
      [0.87872825012, 0.12127174988],
      [0.27766893492, 0.72233106508],
      [0.07253257247, 0.92746742753],
      [0.84821888715, 0.15178111285]
    ],
    [
      [0.86519339018, 0.13480660982],
      [0.25741205036, 0.74258794964],
      [0.06584914568, 0.93415085432],
      [0.83471498848, 0.16528501152]
    ],
    [
      [0.81124909301, 0.18875090699],
      [0.18984494227, 0.81015505773],
      [0.045320492037, 0.95467950796],
      [0.77350116016, 0.22649883984]
    ],
    [
      [0.84729020084, 0.15270979916],
      [0.23085742622, 0.76914257378],
      [0.057557148011, 0.94244285199],
      [0.81388634166, 0.18611365834]
    ],
    [
      [0.84079700656, 0.15920299344],
      [0.22427529326, 0.77572470674],
      [0.055392370595, 0.94460762941],
      [0.80619267647, 0.19380732353]
    ],
    [
      [0.86990743488, 0.13009256512],
      [0.26640396263, 0.73359603737],
      [0.068927411166, 0.93107258883],
      [0.84043792011, 0.15956207989]
    ],
    [
      [0.80517242575, 0.19482757425],
      [0.18338744178, 0.81661255822],
      [0.043945510716, 0.95605448928],
      [0.76470874135, 0.23529125865]
    ],
    [
      [0.87381683644, 0.12618316356],
      [0.2724499238, 0.7275500762],
      [0.071047434581, 0.92895256542],
      [0.84511619859, 0.15488380141]
    ],
    [
      [0.76501320627, 0.23498679373],
      [0.14626556853, 0.85373443147],
      [0.034005989445, 0.96599401056],
      [0.71963950324, 0.28036049676]
    ],
    [
      [0.8390877262, 0.1609122738],
      [0.22150870502, 0.77849129498],
      [0.054771619131, 0.94522838087],
      [0.80411236197, 0.19588763803]
    ],
    [
      [0.86925343671, 0.13074656329],
      [0.26515061637, 0.73484938363],
      [0.06842333012, 0.93157666988],
      [0.83961930558, 0.16038069442]
    ],
    [
      [0.76588276426, 0.23411723574],
      [0.14809673234, 0.85190326766],
      [0.034671966136, 0.96532803386],
      [0.72040426444, 0.27959573556]
    ],
    [
      [0.83069593673, 0.16930406327],
      [0.21163543113, 0.78836456887],
      [0.051654909162, 0.94834509084],
      [0.79416659788, 0.20583340212]
    ],
    [
      [0.82426747691, 0.17573252309],
      [0.20384833698, 0.79615166302],
      [0.049527087485, 0.95047291252],
      [0.78675792247, 0.21324207753]
    ],
    [
      [0.82529655893, 0.17470344107],
      [0.20544334092, 0.79455665908],
      [0.050057617687, 0.94994238231],
      [0.78781641424, 0.21218358576]
    ],
    [
      [0.79886420587, 0.20113579413],
      [0.17742028908, 0.82257971092],
      [0.042191250342, 0.95780874966],
      [0.75757123188, 0.24242876812]
    ],
    [
      [0.83957454986, 0.16042545014],
      [0.21668258811, 0.78331741189],
      [0.054308797761, 0.94569120224],
      [0.80415002661, 0.19584997339]
    ],
    [
      [0.76700256522, 0.23299743478],
      [0.14868812448, 0.85131187552],
      [0.033700316948, 0.96629968305],
      [0.72106302982, 0.27893697018]
    ],
    [
      [0.81222394613, 0.18777605387],
      [0.1857626083, 0.8142373917],
      [0.044545155226, 0.95545484477],
      [0.77262278561, 0.22737721439]
    ],
    [
      [0.86160683095, 0.13839316905],
      [0.24689709171, 0.75310290829],
      [0.063408079016, 0.93659192098],
      [0.830191247, 0.169808753]
    ],
    [
      [0.82507695673, 0.17492304327],
      [0.19798705758, 0.80201294242],
      [0.048823004589, 0.95117699541],
      [0.78738236896, 0.21261763104]
    ],
    [
      [0.65745576703, 0.34254423297],
      [0.090042352137, 0.90995764786],
      [0.0098157167177, 0.99018428328],
      [0.6006413135, 0.3993586865]
    ],
    [
      [0.81379854457, 0.18620145543],
      [0.18802868577, 0.81197131423],
      [0.044885214117, 0.95511478588],
      [0.7744852402, 0.2255147598]
    ],
    [
      [0.7942467572, 0.2057532428],
      [0.16972174797, 0.83027825203],
      [0.039679633743, 0.96032036626],
      [0.75205180367, 0.24794819633]
    ],
    [
      [0.76991800451, 0.23008199549],
      [0.14938838544, 0.85061161456],
      [0.032962921488, 0.96703707851],
      [0.72417426779, 0.27582573221]
    ],
    [
      [0.87117089679, 0.12882910321],
      [0.26337190222, 0.73662809778],
      [0.068394819148, 0.93160518085],
      [0.84154703385, 0.15845296615]
    ],
    [
      [0.91015527557, 0.089844724431],
      [0.34917698173, 0.65082301827],
      [0.092387696456, 0.90761230354],
      [0.88864882602, 0.11135117398]
    ],
    [
      [0.87569898296, 0.12430101704],
      [0.2698369913, 0.7301630087],
      [0.07027632909, 0.92972367091],
      [0.84708093364, 0.15291906636]
