{
  "X": [
    [69, 31],
    [67, 33],
    [76, 24],
    [63, 37],
    [63, 37],
    [69, 31],
    [73, 27],
    [73, 27],
    [67, 33],
    [77, 23],
    [70, 30],
    [70, 30],
    [70, 30],
    [65, 35],
    [56, 44],
    [60, 40],
    [62, 38],
    [58, 42],
    [63, 37],
    [59, 41],
    [63, 37],
    [64, 36],
    [64, 36],
    [64, 36],
    [59, 41],
    [61, 39],
    [49, 51],
    [53, 47],
    [51, 49],
    [60, 40],
    [62, 38],
    [59, 41],
    [59, 41],
    [51, 49],
    [56, 44],
    [59, 41],
    [54, 46],
    [56, 44],
    [36, 64],
    [35, 65],
    [40, 60],
    [29, 71],
    [36, 64],
    [29, 71],
    [38, 62],
    [46, 54],
    [24, 76],
    [35, 65],
    [36, 64],
    [35, 65]
  ],
  "W": [
    [63, 12, 13, 12],
    [63, 9, 15, 13],
    [63, 13, 10, 14],
    [60, 10, 17, 13],
    [60, 10, 12, 18],
    [71, 15, 7, 7],
    [68, 18, 8, 6],
    [62, 16, 12, 10],
    [66, 12, 13, 9],
    [67, 12, 13, 8],
    [58, 16, 9, 17],
    [63, 17, 9, 11],
    [31, 49, 10, 10],
    [10, 71, 11, 8],
    [7, 60, 17, 16],
    [18, 52, 11, 19],
    [19, 63, 9, 9],
    [14, 51, 14, 21],
    [8, 67, 12, 13],
    [14, 63, 13, 10],
    [15, 60, 11, 14],
    [8, 68, 11, 13],
    [15, 57, 12, 16],
    [15, 57, 14, 14],
    [13, 68, 7, 12],
    [10, 14, 62, 14],
    [10, 13, 65, 12],
    [4, 13, 72, 11],
    [9, 10, 61, 20],
    [12, 14, 60, 14],
    [13, 11, 70, 6],
    [10, 9, 66, 15],
    [15, 9, 61, 15],
    [17, 12, 61, 10],
    [15, 10, 60, 15],
    [8, 12, 68, 12],
    [10, 13, 63, 14],
    [17, 18, 35, 30],
    [13, 11, 9, 67],
    [13, 11, 18, 58],
    [13, 7, 17, 63],
    [18, 9, 10, 63],
    [9, 15, 14, 62],
    [14, 13, 11, 62],
    [8, 18, 14, 60],
    [12, 10, 17, 61],
    [7, 12, 14, 67],
    [20, 9, 7, 64],
    [10, 14, 12, 64],
    [12, 17, 13, 58]
  ],
  "method": "mvn_cdf",
  "mvncdf_method": "genz",
  "mvncdf_samples": 5000,
  "mvncdf_error": 0.001,
  "cond_prob": [
    [
      [0.8167297438, 0.1832702562],
      [0.68564746483, 0.31435253517],
      [0.58144967971, 0.41855032029],
      [0.14661756055, 0.85338243945]
    ],
    [
      [0.80556418773, 0.19443581227],
      [0.66916905025, 0.33083094975],
      [0.56274346298, 0.43725653702],
      [0.13736790587, 0.86263209413]
    ],
    [
      [0.88677548961, 0.11322451039],
      [0.78033605204, 0.21966394796],
      [0.6929157891, 0.3070842109],
      [0.21854411337, 0.78145588663]
    ],
    [
      [0.77549153325, 0.22450846675],
      [0.62360974232, 0.37639025768],
      [0.51339217958, 0.48660782042],
      [0.11590334839, 0.88409665161]
    ],
    [
      [0.79411624973, 0.20588375027],
      [0.65179488084, 0.34820511916],
      [0.5436909613, 0.4563090387],
      [0.12837692623, 0.87162307377]
    ],
    [
      [0.77716752298, 0.22283247702],
      [0.62613123102, 0.37386876898],
      [0.51591447633, 0.48408552367],
      [0.11681943837, 0.88318056163]
    ],
    [
      [0.81295972078, 0.18704027922],
      [0.68036020408, 0.31963979592],
      [0.57601736784, 0.42398263216],
      [0.14401939511, 0.85598060489]
    ],
    [
      [0.84267958955, 0.15732041045],
      [0.72254659516, 0.27745340484],
      [0.62407957001, 0.37592042999],
      [0.17041650849, 0.82958349151]
    ],
    [
      [0.78103327856, 0.21896672144],
      [0.63209223746, 0.36790776254],
      [0.52238648582, 0.47761351418],
      [0.11951916113, 0.88048083887]
    ],
    [
      [0.86411980883, 0.13588019117],
      [0.75118285933, 0.24881714067],
      [0.6579272498, 0.3420727502],
      [0.19209053111, 0.80790946889]
    ],
    [
      [0.85217293922, 0.14782706078],
      [0.73546730086, 0.26453269914],
      [0.63915135342, 0.36084864658],
      [0.1796547371, 0.8203452629]
    ],
    [
      [0.81709520084, 0.18290479916],
      [0.68610795352, 0.31389204648],
      [0.58240656051, 0.41759343949],
      [0.14704619027, 0.85295380973]
    ],
    [
      [0.8472808411, 0.1527191589],
      [0.72802086768, 0.27197913232],
      [0.63104845295, 0.36895154705],
      [0.17507868803, 0.82492131197]
    ],
    [
      [0.82365510707, 0.17634489293],
      [0.69100762637, 0.30899237363],
      [0.58980810899, 0.41019189101],
      [0.15175228231, 0.84824771769]
    ],
    [
      [0.79557983866, 0.20442016134],
      [0.65168631512, 0.34831368488],
      [0.5445529411, 0.4554470589],
      [0.12952263895, 0.87047736105]
    ],
    [
      [0.82244351102, 0.17755648898],
      [0.6898696621, 0.3101303379],
      [0.58805623463, 0.41194376537],
      [0.1502197785, 0.8497802215]
    ],
    [
      [0.79363644148, 0.20636355852],
      [0.64902894381, 0.35097105619],
      [0.54191324308, 0.45808675692],
      [0.12831832934, 0.87168167066]
    ],
    [
      [0.82186971713, 0.17813028287],
      [0.68897335112, 0.31102664888],
      [0.58676024799, 0.41323975201],
      [0.14959712293, 0.85040287707]
    ],
    [
      [0.83119164235, 0.16880835765],
      [0.70241332036, 0.29758667964],
      [0.60241520808, 0.39758479192],
      [0.15844553079, 0.84155446921]
    ],
    [
      [0.78284244773, 0.21715755227],
      [0.634864724, 0.365135276],
      [0.52546205024, 0.47453794976],
      [0.12127214669, 0.87872785331]
    ],
    [
      [0.82774328034, 0.17225671966],
      [0.69741999162, 0.30258000838],
      [0.59686760717, 0.40313239283],
      [0.15522197278, 0.84477802722]
    ],
    [
      [0.83740762151, 0.16259237849],
      [0.71200363599, 0.28799636401],
      [0.61319724115, 0.38680275885],
      [0.16456324064, 0.83543675936]
    ],
    [
      [0.84339058865, 0.15660941135],
      [0.72160702209, 0.27839297791],
      [0.62384550591, 0.37615449409],
      [0.1707121775, 0.8292878225]
    ],
    [
      [0.8370624023, 0.1629375977],
      [0.71168314077, 0.28831685923],
      [0.61277872323, 0.38722127677],
      [0.16423020117, 0.83576979883]
    ],
    [
      [0.78722286113, 0.21277713887],
      [0.64050322693, 0.35949677307],
      [0.53199363674, 0.46800636326],
      [0.1239939931, 0.8760060069]
    ],
    [
      [0.85200627494, 0.14799372506],
      [0.73546108421, 0.26453891579],
      [0.63954949274, 0.36045050726],
      [0.18081525154, 0.81918474846]
    ],
    [
      [0.76080913327, 0.23919086673],
      [0.60526044289, 0.39473955711],
      [0.49563119508, 0.50436880492],
      [0.10895793577, 0.89104206423]
    ],
    [
      [0.80056446693, 0.19943553307],
      [0.65945106313, 0.34054893687],
      [0.55217054306, 0.44782945694],
      [0.13350901921, 0.86649098079]
    ],
    [
      [0.80702691184, 0.19297308816],
      [0.66860436892, 0.33139563108],
      [0.56214138705, 0.43785861295],
      [0.13800447472, 0.86199552528]
    ],
    [
      [0.84316617188, 0.15683382812],
      [0.72192393019, 0.27807606981],
      [0.623052566, 0.376947434],
      [0.17085121104, 0.82914878896]
    ],
    [
      [0.83356245757, 0.16643754243],
      [0.70757367079, 0.29242632921],
      [0.60588965524, 0.39411034476],
      [0.16135030101, 0.83864969899]
    ],
    [
      [0.84555242244, 0.15444757756],
      [0.72557066665, 0.27442933335],
      [0.62745895291, 0.37254104709],
      [0.17346992558, 0.82653007442]
    ],
    [
      [0.83851967332, 0.16148032668],
      [0.71500177287, 0.28499822713],
      [0.61471927178, 0.38528072822],
      [0.16595422438, 0.83404577562]
    ],
    [
      [0.75651808609, 0.24348191391],
      [0.59918672716, 0.40081327284],
      [0.4898957654, 0.5101042346],
      [0.10653101213, 0.89346898787]
    ],
    [
      [0.81729811002, 0.18270188998],
      [0.6835938727, 0.3164061273],
      [0.57850313244, 0.42149686756],
      [0.14629344507, 0.85370655493]
    ],
    [
      [0.83803837842, 0.16196162158],
      [0.71414515874, 0.28585484126],
      [0.61380496733, 0.38619503267],
      [0.16560110742, 0.83439889258]
    ],
    [
      [0.8062641236, 0.1937358764],
      [0.66754035256, 0.33245964744],
      [0.56084913666, 0.43915086334],
      [0.13755989793, 0.86244010207]
    ],
    [
      [0.85547184087, 0.14452815913],
