{
  "X": [
    [13, 37, 30, 20],
    [8, 43, 32, 17],
    [7, 46, 26, 21],
    [12, 44, 21, 23],
    [8, 46, 23, 23],
    [10, 42, 30, 18],
    [7, 40, 22, 31],
    [11, 38, 32, 19],
    [11, 43, 27, 19],
    [13, 44, 19, 24],
    [17, 42, 27, 14],
    [14, 39, 29, 18],
    [16, 44, 23, 17],
    [17, 41, 21, 21],
    [14, 33, 34, 19],
    [9, 52, 24, 15],
    [10, 45, 28, 17],
    [13, 44, 25, 18],
    [9, 44, 21, 26],
    [12, 44, 23, 21],
    [6, 45, 26, 23],
    [9, 49, 23, 19],
    [12, 51, 17, 20],
    [10, 45, 20, 25],
    [16, 41, 29, 14],
    [14, 69, 11, 6],
    [10, 74, 9, 7],
    [19, 69, 8, 4],
    [17, 62, 8, 13],
    [18, 68, 5, 9],
    [9, 79, 8, 4],
    [27, 60, 6, 7],
    [20, 65, 6, 9],
    [17, 68, 6, 9],
    [12, 73, 10, 5],
    [19, 62, 5, 14],
    [20, 66, 10, 4],
    [18, 64, 6, 12],
    [17, 69, 7, 7],
    [15, 62, 12, 11],
    [15, 76, 4, 5],
    [16, 65, 7, 12],
    [18, 66, 9, 7],
    [15, 69, 5, 11],
    [12, 71, 10, 7],
    [21, 66, 6, 7],
    [13, 72, 6, 9],
    [13, 68, 7, 12],
    [13, 67, 14, 6],
    [17, 65, 9, 9]
  ],
  "W": [
    [77, 23],
    [78, 22],
    [76, 24],
    [72, 28],
    [78, 22],
    [79, 21],
    [71, 29],
    [74, 26],
    [75, 25],
    [80, 20],
    [80, 20],
    [72, 28],
    [68, 32],
    [72, 28],
    [87, 13],
    [78, 22],
    [68, 32],
    [69, 31],
    [76, 24],
    [76, 24],
    [77, 23],
    [74, 26],
    [81, 19],
    [79, 21],
    [78, 22],
    [20, 80],
    [28, 72],
    [28, 72],
    [34, 66],
    [21, 79],
    [23, 77],
    [22, 78],
    [20, 80],
    [21, 79],
    [25, 75],
    [24, 76],
    [22, 78],
    [18, 82],
    [25, 75],
    [24, 76],
    [20, 80],
    [31, 69],
    [21, 79],
    [22, 78],
    [28, 72],
    [20, 80],
    [26, 74],
    [26, 74],
    [27, 73],
    [29, 71]
  ],
  "method": "mult",
  "cond_prob": [
    [
      [0.10083474105, 0.26412311147, 0.38516433648, 0.24987781099],
      [0.22764021473, 0.72445740942, 0.014884612644, 0.033017763199]
    ],
    [
      [0.064044348077, 0.31913505337, 0.40628894049, 0.21053165806],
      [0.13657003863, 0.82306662896, 0.014066483721, 0.026296848683]
    ],
    [
      [0.055839512865, 0.33936408886, 0.33862538225, 0.26617101602],
      [0.11484154259, 0.8420137186, 0.011019622866, 0.032125115943]
    ],
    [
      [0.093198404863, 0.31339305259, 0.28810687493, 0.30530166761],
      [0.18891838749, 0.76556072192, 0.0091537501677, 0.03636714042]
    ],
    [
      [0.066244482761, 0.35550298029, 0.29252444664, 0.28572809031],
      [0.12876956112, 0.83048943352, 0.0083224164591, 0.032418588901]
    ],
    [
      [0.081917463066, 0.32073286256, 0.37654712212, 0.22080255225],
      [0.1680247818, 0.79343351703, 0.012037016781, 0.026504684387]
    ],
    [
      [0.047137796057, 0.23960056918, 0.30297853096, 0.4102831038],
      [0.12597298207, 0.79270205477, 0.016845665572, 0.064479297589]
    ],
    [
      [0.079925802766, 0.25010923071, 0.42554247173, 0.2444224948],
      [0.19559579213, 0.7496891126, 0.019609888163, 0.03510520711]
    ],
    [
      [0.086935816438, 0.313459981, 0.35610047618, 0.24350372639],
      [0.17919255068, 0.779620057, 0.011698571472, 0.029488820841]
    ],
    [
      [0.11245088556, 0.35893979096, 0.2361393698, 0.29246995369],
      [0.20019645778, 0.76424083617, 0.0054425208128, 0.030120185236]
    ],
    [
      [0.14808812881, 0.34549500766, 0.33569322977, 0.17072363377],
      [0.25764748477, 0.71801996938, 0.0072270809394, 0.017105464914]
    ],
    [
      [0.10364944537, 0.26229387719, 0.39643287843, 0.23762379901],
      [0.23347285477, 0.71838717293, 0.016315455465, 0.031824516834]
    ],
    [
      [0.1223145402, 0.30664564838, 0.33378715111, 0.23725266031],
      [0.24008160207, 0.7233779972, 0.0094523038936, 0.027088096837]
    ],
    [
      [0.13425681391, 0.29788977697, 0.28851607665, 0.27933733247],
      [0.26191104995, 0.69828343064, 0.008101517193, 0.031704002219]
    ],
    [
      [0.12222242276, 0.27441416874, 0.38891631017, 0.21444709834],
      [0.25897301694, 0.70199748615, 0.012637001154, 0.026392495753]
    ],
    [
      [0.078560388809, 0.4278269206, 0.30623973192, 0.18737295867],
      [0.1305586215, 0.84679546334, 0.005150041367, 0.017495873801]
    ],
    [
      [0.071553185072, 0.28985767129, 0.40356245909, 0.23502668454],
      [0.16044948172, 0.7903024485, 0.01742977443, 0.031818295345]
    ],
    [
      [0.097228541007, 0.29899028811, 0.35667604613, 0.24710512475],
      [0.20294292486, 0.75386032647, 0.012559768284, 0.03063698039]
    ],
    [
      [0.071870353372, 0.32502410036, 0.27352372962, 0.32958181665],
      [0.14741054765, 0.80409034886, 0.0088415228733, 0.039657580617]
    ],
    [
      [0.098243234437, 0.33483284116, 0.30003723866, 0.26688668575],
      [0.18889642428, 0.77302933633, 0.0082154109254, 0.029858828462]
    ],
    [
      [0.047619688201, 0.3302433829, 0.33418601183, 0.28795091708],
      [0.1014471308, 0.85092432683, 0.011638134323, 0.035990408046]
    ],
    [
      [0.073471300329, 0.37092790333, 0.3081771609, 0.24742363544],
      [0.13704322214, 0.82889750592, 0.0074957728153, 0.026563499125]
    ],
    [
      [0.10873649522, 0.44007894292, 0.20917503346, 0.24200952841],
      [0.16801809933, 0.80808450652, 0.0029906468465, 0.020906747305]
    ],
    [
      [0.084484529163, 0.35655717786, 0.25141793862, 0.30754035435],
      [0.15836772362, 0.80152299756, 0.0065706118476, 0.033538666968]
    ],
    [
      [0.13439566039, 0.3223040123, 0.36913354047, 0.17416678684],
      [0.25077902226, 0.72092213822, 0.0094356292355, 0.018863210288]
    ],
    [
      [0.069415916754, 0.28969649025, 0.45388027121, 0.18700732178],
      [0.15764602081, 0.79007587744, 0.024029932197, 0.028248169554]
    ],
    [
      [0.066003178346, 0.40478744879, 0.32142857143, 0.20778080143],
      [0.1132209862, 0.87036043658, 0, 0.01641857722]
    ],
    [
      [0.16356563099, 0.42071911852, 0.28571428571, 0.13000096477],
      [0.20028003239, 0.7947203428, 0, 0.004999624812]
    ],
    [
      [0.107408441, 0.33895110367, 0.23079858598, 0.32284186935],
      [0.20224413645, 0.76478276477, 0.002315879952, 0.03065721882]
    ],
    [
      [0.10704356323, 0.34425402936, 0.2306011748, 0.31810123262],
      [0.19939348319, 0.76924892891, 0.0019920927757, 0.029365495126]
    ],
    [
      [0.072594905833, 0.43731961619, 0.34782608696, 0.14225939102],
      [0.095198924232, 0.89534608867, 0, 0.0094549870985]
    ],
    [
      [0.16628993849, 0.31516146239, 0.27211325722, 0.2464353419],
      [0.29925155581, 0.68033907471, 0.00017318386152, 0.020236185617]
    ],
    [
      [0.11094189165, 0.30619204268, 0.27317792026, 0.30968814541],
      [0.22226452709, 0.73595198933, 0.0067055199349, 0.035077963647]
    ],
    [
      [0.096988213931, 0.32997244042, 0.26661053783, 0.30642880781],
      [0.1894081963, 0.77304530065, 0.0050782114624, 0.032468291594]
    ],
    [
      [0.07285201576, 0.37914507565, 0.39108824507, 0.15691466352],
      [0.13571599475, 0.84695164145, 0.0029705849754, 0.014361778828]
    ],
    [
      [0.10445644567, 0.2903562943, 0.18780715828, 0.41738010175],
      [0.217013754, 0.72409801232, 0.0064819500167, 0.052406283659]
    ],
    [
      [0.11535432732, 0.32419192486, 0.42768990286, 0.13276384495],
      [0.2238744205, 0.75471509812, 0.0075746427819, 0.013835838605]
    ],
    [
      [0.08614084934, 0.25880126373, 0.26573662227, 0.38932126465],
      [0.20060322819, 0.72367777138, 0.014838302428, 0.060880698003]
    ],
    [
      [0.1139686291, 0.37679296697, 0.28, 0.22923840393],
      [0.18867712363, 0.79440234434, 0, 0.016920532023]
    ],
    [
      [0.070082473571, 0.24492490616, 0.3967394848, 0.28825313546],
      [0.17523711361, 0.73844476648, 0.032608583746, 0.053709536169]
    ],
    [
      [0.13160786479, 0.45439751245, 0.2, 0.21399462276],
      [0.1545980338, 0.83640062189, 0, 0.0090013443105]
    ],
    [
      [0.1007569791, 0.35298883887, 0.22322511987, 0.32302906216],
