{
  "X": [
    [9, 16, 24, 51],
    [21, 14, 19, 46],
    [25, 19, 15, 41],
    [17, 21, 14, 48],
    [20, 15, 26, 39],
    [19, 19, 16, 46],
    [16, 20, 18, 46],
    [13, 13, 30, 44],
    [23, 13, 26, 38],
    [26, 10, 19, 45],
    [15, 18, 18, 49],
    [15, 14, 32, 39],
    [14, 19, 19, 48],
    [19, 18, 12, 51],
    [19, 15, 19, 47],
    [14, 22, 31, 33],
    [20, 11, 26, 43],
    [22, 18, 11, 49],
    [19, 22, 24, 35],
    [26, 19, 20, 35],
    [27, 8, 25, 40],
    [22, 13, 22, 43],
    [18, 16, 19, 47],
    [20, 11, 24, 45],
    [13, 13, 22, 52],
    [12, 32, 33, 23],
    [10, 34, 31, 25],
    [8, 48, 29, 15],
    [8, 37, 39, 16],
    [5, 40, 32, 23],
    [7, 43, 27, 23],
    [7, 42, 35, 16],
    [5, 38, 30, 27],
    [6, 38, 39, 17],
    [8, 40, 31, 21],
    [5, 40, 33, 22],
    [3, 39, 38, 20],
    [6, 42, 32, 20],
    [8, 40, 35, 17],
    [4, 43, 37, 16],
    [6, 28, 36, 30],
    [8, 46, 26, 20],
    [3, 42, 29, 26],
    [8, 48, 28, 16],
    [10, 47, 23, 20],
    [9, 37, 39, 15],
    [11, 43, 31, 15],
    [5, 38, 35, 22],
    [10, 37, 38, 15],
    [5, 43, 37, 15]
  ],
  "W": [
    [79, 21],
    [75, 25],
    [74, 26],
    [71, 29],
    [72, 28],
    [77, 23],
    [80, 20],
    [68, 32],
    [79, 21],
    [86, 14],
    [73, 27],
    [71, 29],
    [73, 27],
    [75, 25],
    [82, 18],
    [69, 31],
    [81, 19],
    [78, 22],
    [69, 31],
    [73, 27],
    [77, 23],
    [79, 21],
    [74, 26],
    [75, 25],
    [77, 23],
    [33, 67],
    [26, 74],
    [22, 78],
    [26, 74],
    [19, 81],
    [23, 77],
    [26, 74],
    [33, 67],
    [21, 79],
    [32, 68],
    [21, 79],
    [18, 82],
    [22, 78],
    [20, 80],
    [23, 77],
    [32, 68],
    [25, 75],
    [28, 72],
    [15, 85],
    [28, 72],
    [26, 74],
    [27, 73],
    [22, 78],
    [21, 79],
    [24, 76]
  ],
  "method": "mult",
  "cond_prob": [
    [
      [0.1121942121, 0.066469428107, 0.19637332595, 0.62496303385],
      [0.0065074878256, 0.51185310379, 0.40411939286, 0.077520015529]
    ],
    [
      [0.27153906182, 0.023155029225, 0.12612517405, 0.5791807349],
      [0.025382814534, 0.49053491232, 0.38162447784, 0.1024577953]
    ],
    [
      [0.3282602505, 0.043017034821, 0.10434152941, 0.52438118527],
      [0.027259287042, 0.60833613166, 0.27995103169, 0.084453549605]
    ],
    [
      [0.23134914539, 0.041731844042, 0.09333348415, 0.63358552642],
      [0.019800368185, 0.62196686459, 0.25425250432, 0.1039802629]
    ],
    [
      [0.26970243631, 0.036880263803, 0.18207265514, 0.51134464475],
      [0.020765163771, 0.44087932165, 0.46038460108, 0.077970913502]
    ],
    [
      [0.24174950526, 0.062512474577, 0.12249361935, 0.57324440081],
      [0.016751656299, 0.61680606337, 0.28556483956, 0.080877440773]
    ],
    [
      [0.19739785044, 0.091933883467, 0.15183392272, 0.55883434337],
      [0.010408598235, 0.63226446613, 0.29266430912, 0.06466262651]
    ],
    [
      [0.18366469997, 0.023343143939, 0.19270150703, 0.60029064907],
      [0.015962512574, 0.35664581913, 0.52800929757, 0.099382370728]
    ],
    [
      [0.28594600879, 0.046073815166, 0.20415388065, 0.4638262954],
      [0.019536443119, 0.44572231437, 0.47008778233, 0.064653460172]
    ],
    [
      [0.29846838852, 0.036901295039, 0.15444007686, 0.51019023958],
      [0.023694184813, 0.48760633047, 0.40843952788, 0.080259956839]
    ],
    [
      [0.19948493708, 0.041469486665, 0.12496061403, 0.63408496223],
      [0.016207392336, 0.55454546198, 0.3288101917, 0.10043695398]
    ],
    [
      [0.20579002006, 0.041112762439, 0.23285454528, 0.52024267222],
      [0.01341064055, 0.38210323679, 0.53335611327, 0.071130009393]
    ],
    [
      [0.18675854726, 0.052331101839, 0.13716591185, 0.62374443906],
      [0.013578742595, 0.56221590984, 0.33284771982, 0.091357627738]
    ],
    [
      [0.24577418696, 0.031408619631, 0.080292972867, 0.64252422054],
      [0.022677439123, 0.62577414111, 0.2391210814, 0.11242733837]
    ],
    [
      [0.22834561842, 0.060030692868, 0.15515023784, 0.55647345087],
      [0.015314404972, 0.55986017694, 0.34876002763, 0.076065390461]
    ],
    [
      [0.20048728318, 0.090650857781, 0.24907389333, 0.45978796572],
      [0.0053670148655, 0.50790615526, 0.4456097213, 0.041117108569]
    ],
    [
      [0.24279511429, 0.038645115248, 0.20519296552, 0.51336680494],
      [0.017557670643, 0.41419714026, 0.49365104174, 0.074594147361]
    ],
    [
      [0.27553207452, 0.044363450914, 0.079528721097, 0.60057575347],
      [0.023113553989, 0.66089321949, 0.21803453429, 0.097958692236]
    ],
    [
      [0.26893427548, 0.071596731261, 0.17854650951, 0.48092248375],
      [0.014307580376, 0.550316953, 0.37678357561, 0.058591891014]
    ],
    [
      [0.34694001177, 0.053148848172, 0.14491490528, 0.45499623478],
      [0.024939968183, 0.56000496605, 0.34893377462, 0.066121291143]
    ],
    [
      [0.34022776584, 0.0084687769017, 0.16006612569, 0.49123733157],
      [0.034889653497, 0.31947409472, 0.55108297052, 0.094553281259]
    ],
    [
      [0.27285532404, 0.038420737353, 0.16576432043, 0.52295961818],
      [0.021163304799, 0.47451246424, 0.42402946124, 0.08029476972]
    ],
    [
      [0.23611871601, 0.033421913484, 0.13017462376, 0.60028474675],
      [0.020277500598, 0.52026070778, 0.36027222467, 0.099189566953]
    ],
    [
      [0.25850578525, 0.017198362767, 0.15805248161, 0.56624337038],
      [0.024482644262, 0.3884049117, 0.48584255518, 0.10126988886]
    ],
    [
      [0.16478546712, 0.032317480713, 0.15845652203, 0.64444053013],
      [0.013544305717, 0.45702408631, 0.42603686102, 0.10339474695]
    ],
    [
      [0.3026176701, 0.034676327814, 0.15232612451, 0.51037987758],
      [0.030053983383, 0.46053255496, 0.4175110133, 0.091902448358]
    ],
    [
      [0.27497756771, 0.025763758924, 0.1185203167, 0.58073835667],
      [0.03852139513, 0.45040732795, 0.37727664548, 0.13379463144]
    ],
    [
      [0.31216629314, 0.062439071361, 0.14470614109, 0.48068849441],
      [0.014517199371, 0.59777359526, 0.33098031918, 0.056728886191]
    ],
    [
      [0.27641828902, 0.052345223504, 0.20313467263, 0.46810181484],
      [0.010988168722, 0.48160843498, 0.45565538529, 0.051748011002]
    ],
    [
      [0.17961258882, 0.036025626595, 0.12514125698, 0.65922052761],
      [0.019597047066, 0.48537670487, 0.36570760639, 0.12931864167]
    ],
    [
      [0.22717381129, 0.042177196395, 0.11311477714, 0.61753421517],
      [0.023051978446, 0.5458431751, 0.31686181981, 0.11424302664]
    ],
    [
      [0.25311282376, 0.064464430349, 0.19243242681, 0.48999031909],
      [0.0056630619239, 0.54491790285, 0.40536157977, 0.044057455456]
    ],
    [
      [0.13666016813, 0.055639865126, 0.15742071353, 0.65027925322],
      [0.0073166336085, 0.53975946942, 0.37022561871, 0.082698278264]
    ],
    [
      [0.23292659839, 0.045549215315, 0.18436248608, 0.53716170022],
      [0.014032170048, 0.46890463897, 0.44466313661, 0.072400054372]
    ],
    [
      [0.23232109079, 0.063272064842, 0.16945189724, 0.53495494712],
      [0.0083194866873, 0.55846020478, 0.37614028365, 0.057080024883]
    ],
    [
      [0.17847449648, 0.041259392835, 0.14135572855, 0.63891038213],
      [0.015848551568, 0.49536142722, 0.38014594558, 0.10864407564]
    ],
    [
      [0.12583708346, 0.042619396709, 0.16891139035, 0.66263212948],
      [0.0089625914361, 0.46625427877, 0.42633652407, 0.098446605724]
    ],
    [
      [0.21602655024, 0.047476523869, 0.14534774144, 0.59114918446],
      [0.015992511471, 0.52507072404, 0.36926089344, 0.089675871051]
    ],
    [
      [0.29793734006, 0.041523078447, 0.15017620325, 0.51036337825],
      [0.025515664986, 0.48961923039, 0.39995594919, 0.084909155437]
    ],
    [
      [0.167721463, 0.066853620221, 0.20967251189, 0.55575240489],
      [0.0018494331303, 0.53847229526, 0.41789002891, 0.041788242696]
    ],
    [
      [0.15145875347, 0.02709712476, 0.15861736908, 0.6628267527],
