{
  "X": [
    [37, 45, 3, 15],
    [31, 46, 4, 19],
    [35, 47, 4, 14],
    [31, 42, 10, 17],
    [38, 47, 3, 12],
    [36, 42, 2, 20],
    [32, 44, 5, 19],
    [45, 37, 4, 14],
    [36, 45, 4, 15],
    [46, 36, 1, 17],
    [42, 40, 1, 17],
    [43, 37, 5, 15],
    [37, 44, 5, 14],
    [38, 25, 9, 28],
    [37, 43, 3, 17],
    [48, 34, 7, 11],
    [32, 44, 3, 21],
    [40, 37, 4, 19],
    [32, 44, 7, 17],
    [33, 46, 2, 19],
    [41, 39, 2, 18],
    [40, 32, 2, 26],
    [36, 39, 5, 20],
    [44, 40, 2, 14],
    [31, 46, 5, 18],
    [45, 36, 7, 12],
    [47, 39, 5, 9],
    [52, 32, 5, 11],
    [38, 46, 7, 9],
    [47, 31, 7, 15],
    [47, 36, 7, 10],
    [46, 34, 5, 15],
    [43, 31, 2, 24],
    [43, 37, 7, 13],
    [40, 44, 6, 10],
    [49, 37, 5, 9],
    [42, 40, 7, 11],
    [43, 34, 9, 14],
    [40, 45, 9, 6],
    [46, 31, 8, 15],
    [39, 41, 7, 13],
    [49, 36, 5, 10],
    [49, 37, 2, 12],
    [46, 31, 10, 13],
    [39, 40, 9, 12],
    [50, 24, 9, 17],
    [46, 37, 5, 12],
    [49, 27, 7, 17],
    [38, 42, 8, 12],
    [42, 37, 4, 17]
  ],
  "W": [
    [65, 35],
    [80, 20],
    [70, 30],
    [70, 30],
    [75, 25],
    [75, 25],
    [80, 20],
    [77, 23],
    [76, 24],
    [74, 26],
    [72, 28],
    [77, 23],
    [75, 25],
    [72, 28],
    [72, 28],
    [75, 25],
    [75, 25],
    [75, 25],
    [75, 25],
    [75, 25],
    [75, 25],
    [78, 22],
    [70, 30],
    [74, 26],
    [76, 24],
    [25, 75],
    [27, 73],
    [28, 72],
    [29, 71],
    [24, 76],
    [31, 69],
    [21, 79],
    [27, 73],
    [31, 69],
    [23, 77],
    [28, 72],
    [21, 79],
    [26, 74],
    [25, 75],
    [23, 77],
    [21, 79],
    [17, 83],
    [24, 76],
    [33, 67],
    [24, 76],
    [17, 83],
    [33, 67],
    [26, 74],
    [25, 75],
    [33, 67]
  ],
  "method": "mult",
  "cond_prob": [
    [
      [0.32022724083, 0.48285571569, 0.018607460493, 0.17830958299],
      [0.46243512418, 0.38898224229, 0.051157573371, 0.097425060168]
    ],
    [
      [0.28391828034, 0.47785833911, 0.029483482854, 0.2087398977],
      [0.41432687865, 0.38856664358, 0.082066068584, 0.11504040918]
    ],
    [
      [0.31041715535, 0.50067860649, 0.026468694203, 0.16243554395],
      [0.44235997085, 0.39841658485, 0.07157304686, 0.087650397444]
    ],
    [
      [0.28012304176, 0.45254911907, 0.068412334292, 0.19891550488],
      [0.37971290255, 0.34405205551, 0.17370455332, 0.10253048861]
    ],
    [
      [0.34563782717, 0.4971179522, 0.021276240978, 0.13596797965],
      [0.48308651848, 0.3886461434, 0.056171277067, 0.072096061057]
    ],
    [
      [0.32170525581, 0.4396338746, 0.013729765231, 0.22493110436],
      [0.47488423257, 0.3610983762, 0.038810704306, 0.12520668692]
    ],
    [
      [0.29483374316, 0.4586554794, 0.037268123734, 0.2092426537],
      [0.42066502734, 0.36537808241, 0.10092750506, 0.11302938519]
    ],
    [
      [0.41888665239, 0.39321116262, 0.029893378753, 0.15800880624],
      [0.55416207677, 0.29229306428, 0.07383521026, 0.079709648686]
    ],
    [
      [0.3280677203, 0.47438583134, 0.028610107057, 0.1689363413],
      [0.4611188857, 0.37277820075, 0.076067994318, 0.090034919231]
    ],
    [
      [0.41734006393, 0.38189355257, 0.0070244880602, 0.19374189544],
      [0.58141674111, 0.29768758116, 0.018468764752, 0.10242691298]
    ],
    [
      [0.37454066323, 0.42373404532, 0.0067435793167, 0.19498171213],
      [0.5368954374, 0.33896959776, 0.018373653186, 0.10576131165]
    ],
    [
      [0.40019597051, 0.39316794394, 0.037354405021, 0.16928168053],
      [0.52977870741, 0.2924377529, 0.092335252756, 0.085448286936]
    ],
    [
      [0.33834256923, 0.46686065746, 0.035806504786, 0.15899026852],
      [0.4649722923, 0.35941802761, 0.092580485642, 0.083029194445]
    ],
    [
      [0.34541680895, 0.2679019119, 0.062822868714, 0.32385841044],
      [0.46892820556, 0.20396651226, 0.15988405188, 0.16722123029]
    ],
    [
      [0.32964410399, 0.45525791632, 0.020196457879, 0.19490152181],
      [0.47377230404, 0.36505107232, 0.055209108312, 0.10596751534]
    ],
    [
      [0.45280762859, 0.36756869021, 0.05299458371, 0.12662909748],
      [0.56157711422, 0.25729392936, 0.12101624887, 0.060112707552]
    ],
    [
      [0.28459590576, 0.45928408896, 0.020412114599, 0.23570789068],
      [0.42621228272, 0.38214773311, 0.058763656204, 0.13287632797]
    ],
    [
      [0.36440713563, 0.39171496701, 0.028450677758, 0.21542721961],
      [0.50677859312, 0.30485509897, 0.074647966727, 0.11371834118]
    ],
    [
      [0.29157041712, 0.46586421088, 0.049802877746, 0.19276249425],
      [0.40528874864, 0.36240736735, 0.13059136676, 0.10171251725]
    ],
    [
      [0.2932678588, 0.47995008353, 0.013588842036, 0.21319321563],
      [0.44019642359, 0.40014974942, 0.039233473892, 0.1204203531]
    ],
    [
      [0.37110349162, 0.41131014285, 0.014057726868, 0.20352863866],
      [0.52668952513, 0.32606957145, 0.037826819395, 0.10941408403]
    ],
    [
      [0.36335650761, 0.33376240885, 0.014366157608, 0.28851492593],
      [0.52991783664, 0.27120600498, 0.039974532116, 0.15890162626]
    ],
    [
      [0.31933995276, 0.4154971599, 0.033096214274, 0.23206667307],
      [0.45487344356, 0.3305066269, 0.089442166693, 0.12517776285]
    ],
    [
      [0.40073407973, 0.42530130332, 0.014147290373, 0.15981732657],
      [0.55175684999, 0.32798859824, 0.036657712016, 0.08359683976]
    ],
    [
      [0.28017519701, 0.48257991869, 0.035222003985, 0.20202288031],
      [0.40444520946, 0.38849692414, 0.096796987382, 0.11026087902]
    ],
    [
      [0.34866938283, 0.43288186009, 0.031777299324, 0.18667145776],
      [0.48377687239, 0.33570604664, 0.082740900225, 0.097776180748]
    ],
    [
      [0.36875493974, 0.46927128583, 0.02320306602, 0.13877070841],
      [0.50744680311, 0.36068048332, 0.05991119476, 0.071961518806]
    ],
    [
      [0.41574567245, 0.3896729117, 0.023804053629, 0.17077736222],
      [0.5605433496, 0.29290497878, 0.060187312478, 0.086364359136]
    ],
    [
      [0.29368371314, 0.53992072466, 0.03217380676, 0.13422175544],
      [0.41525594815, 0.42735632373, 0.085450135267, 0.071937592848]
    ],
    [
      [0.36177595308, 0.37249908998, 0.031423577959, 0.23430137897],
      [0.50417601482, 0.29026344527, 0.082182028013, 0.1233785119]
    ],
    [
      [0.37927201228, 0.43474493213, 0.034119761356, 0.15186329423],
      [0.51076184956, 0.32641894353, 0.086120107217, 0.076699099694]
    ],
    [
      [0.34232604978, 0.40217735043, 0.021390311336, 0.23410628845],
      [0.49128041715, 0.32347184356, 0.057605107113, 0.12764263218]
    ],
    [
      [0.30782411624, 0.34277957659, 0.0083471765775, 0.3410491306],
      [0.47518834057, 0.29787604702, 0.024309948389, 0.20262566403]
    ],
    [
      [0.33788174206, 0.43615468722, 0.033061729276, 0.19290184145],
      [0.47138646371, 0.34027832893, 0.086595454963, 0.10173975239]
    ],
    [
      [0.30037098359, 0.51929589623, 0.026109769524, 0.15422335066],
      [0.42975931659, 0.41631421281, 0.070123055856, 0.083803414739]
    ],
    [
      [0.38938054951, 0.44801726782, 0.023638934166, 0.13896324851],
      [0.5291297863, 0.3396599514, 0.060251525602, 0.070958736692]
    ],
    [
      [0.31668171648, 0.47913310816, 0.030374301627, 0.17381087373],
      [0.44746435385, 0.37896461682, 0.080533413492, 0.093037615844]
    ],
    [
      [0.33444185941, 0.40803148063, 0.041192975697, 0.21633368427],
      [0.46357448183, 0.31609704735, 0.10714841394, 0.11318005688]
    ],
    [
      [0.31473928308, 0.54902870115, 0.041562227804, 0.094669787968],
      [0.42842023897, 0.41699043295, 0.10614592407, 0.048443404011]
    ],
    [
      [0.35366462692, 0.37414954377, 0.035728030865, 0.23645779845],
      [0.49176251404, 0.29083844797, 0.093224094677, 0.12417494332]
    ],
    [
      [0.28784327009, 0.4811560633, 0.029678715071, 0.20132195154],
      [0.41715558643, 0.3910850971, 0.080718316247, 0.11104100022]
    ],
    [
