{
  "X": [
    [17, 7, 26, 16, 34],
    [13, 9, 22, 15, 41],
    [17, 6, 31, 16, 30],
    [17, 5, 28, 17, 33],
    [21, 7, 29, 14, 29],
    [21, 5, 26, 21, 27],
    [21, 3, 31, 13, 32],
    [28, 4, 23, 17, 28],
    [26, 8, 23, 8, 35],
    [20, 4, 22, 16, 38],
    [15, 3, 25, 25, 32],
    [17, 7, 33, 15, 28],
    [20, 3, 25, 16, 36],
    [24, 3, 26, 12, 35],
    [13, 3, 38, 25, 21],
    [17, 5, 25, 22, 31],
    [11, 3, 38, 15, 33],
    [18, 8, 29, 15, 30],
    [13, 9, 22, 23, 33],
    [13, 9, 30, 16, 32],
    [12, 4, 30, 21, 33],
    [10, 7, 28, 17, 38],
    [19, 5, 27, 20, 29],
    [18, 9, 29, 15, 29],
    [19, 8, 29, 14, 30],
    [21, 14, 11, 22, 32],
    [27, 15, 14, 20, 24],
    [23, 19, 11, 26, 21],
    [36, 17, 7, 14, 26],
    [28, 13, 11, 18, 30],
    [21, 13, 9, 22, 35],
    [26, 12, 9, 15, 38],
    [26, 24, 5, 21, 24],
    [26, 25, 8, 21, 20],
    [30, 9, 11, 13, 37],
    [22, 19, 7, 19, 33],
    [28, 22, 11, 19, 20],
    [25, 11, 17, 20, 27],
    [25, 16, 11, 19, 29],
    [31, 16, 5, 21, 27],
    [31, 14, 11, 21, 23],
    [34, 18, 12, 11, 25],
    [33, 12, 6, 19, 30],
    [23, 17, 13, 20, 27],
    [31, 8, 12, 23, 26],
    [19, 14, 8, 28, 31],
    [40, 5, 10, 19, 26],
    [32, 15, 9, 14, 30],
    [41, 15, 10, 15, 19],
    [32, 3, 14, 19, 32]
  ],
  "W": [
    [71, 29],
    [77, 23],
    [68, 32],
    [74, 26],
    [73, 27],
    [76, 24],
    [77, 23],
    [73, 27],
    [62, 38],
    [74, 26],
    [74, 26],
    [79, 21],
    [68, 32],
    [71, 29],
    [82, 18],
    [79, 21],
    [77, 23],
    [80, 20],
    [77, 23],
    [75, 25],
    [80, 20],
    [73, 27],
    [76, 24],
    [74, 26],
    [69, 31],
    [26, 74],
    [24, 76],
    [25, 75],
    [19, 81],
    [24, 76],
    [27, 73],
    [27, 73],
    [21, 79],
    [17, 83],
    [26, 74],
    [23, 77],
    [27, 73],
    [29, 71],
    [26, 74],
    [28, 72],
    [21, 79],
    [28, 72],
    [26, 74],
    [29, 71],
    [23, 77],
    [27, 73],
    [26, 74],
    [32, 68],
    [26, 74],
    [34, 66]
  ],
  "method": "mcmc",
  "mcmc_stepsize": 3000,
  "mcmc_samples": 100,
  "burn_in": 10000,
  "cond_prob": [
    [
      [0.056183608901, 0.038259851887, 0.36583277372, 0.1618516816, 0.37787208389],
      [0.44865392303, 0.14770863848, 0.00089217469165, 0.15546657264, 0.24727869115]
    ],
    [
      [0.051946189079, 0.055144964973, 0.28533447076, 0.15599855941, 0.45157581578],
      [0.39131058439, 0.20668859552, 0.0012715544179, 0.12991786633, 0.27081139935]
    ],
    [
      [0.044143848065, 0.029557480112, 0.45344608477, 0.1461642118, 0.32668837525],
      [0.43744432286, 0.12469035476, 0.0051770698546, 0.18940104993, 0.24328720259]
    ],
    [
      [0.063033616632, 0.027636545455, 0.37781067962, 0.17179034583, 0.35972881246],
      [0.47444278343, 0.11364983217, 0.0016157580033, 0.16490440032, 0.24538722608]
    ],
    [
      [0.10153822798, 0.045029659425, 0.3966034007, 0.14012369364, 0.31670501825],
      [0.50324849472, 0.13751240229, 0.0017759907066, 0.13966556904, 0.21779754324]
    ],
    [
      [0.12216776412, 0.029368063667, 0.34097684735, 0.22149371823, 0.28599360664],
      [0.48813541363, 0.11533446506, 0.0035733167196, 0.17360322561, 0.21935357898]
    ],
    [
      [0.11332616012, 0.020528759051, 0.40204920753, 0.12296871434, 0.34112715896],
      [0.53364720307, 0.061708067525, 0.0018352617524, 0.15353952157, 0.24926994608]
    ],
    [
      [0.17482550941, 0.034540116576, 0.31469226724, 0.16584031068, 0.3101017961],
      [0.56436065975, 0.054761907034, 0.0010172033889, 0.18124656742, 0.1986136624]
    ],
    [
      [0.063707416241, 0.052353291621, 0.36640312095, 0.073216691656, 0.44431947953],
      [0.58026684719, 0.12510778735, 0.0074475394988, 0.091067503088, 0.19611032287]
    ],
    [
      [0.09929248187, 0.030434360169, 0.29668207403, 0.14761083754, 0.42598024639],
      [0.48662909006, 0.067225282595, 0.0017510200648, 0.19526146239, 0.24913314489]
    ],
    [
      [0.039069653786, 0.014594088557, 0.33489661544, 0.25439049356, 0.35704914865],
      [0.46572483153, 0.073847594108, 0.0083711714355, 0.23750397986, 0.21455242307]
    ],
    [
      [0.091281518682, 0.048428270346, 0.41716831607, 0.15334262265, 0.28977927225],
      [0.46613142972, 0.15115079251, 0.0020810967017, 0.13742537193, 0.24321130914]
    ],
    [
      [0.069102886206, 0.0014494358337, 0.36230294564, 0.15037982727, 0.41676490505],
      [0.47815636681, 0.090669948853, 0.011356240518, 0.18044286704, 0.23937457677]
    ],
    [
      [0.10665233315, 0.021804932457, 0.36470272851, 0.10700488919, 0.3998351167],
      [0.56647187402, 0.050063786053, 0.0036588371015, 0.15181561613, 0.22798988669]
    ],
    [
      [0.052266231097, 0.02296163875, 0.46285410298, 0.24527164897, 0.21664637821],
      [0.48412050278, 0.062063645696, 0.0025535308753, 0.27154026581, 0.17972205484]
    ],
    [
      [0.085869568344, 0.033572510403, 0.31585897862, 0.23226676565, 0.33243217698],
      [0.48649067147, 0.11179865134, 0.0022447947168, 0.17385359587, 0.22561228661]
    ],
    [
      [0.028941343284, 0.016533782032, 0.485590926, 0.12432910575, 0.34460484293],
      [0.38137028553, 0.075082555808, 0.026499943388, 0.23594168945, 0.28110552583]
    ],
    [
      [0.11398503449, 0.048447438874, 0.36180301052, 0.15935319506, 0.31641132105],
      [0.44405986202, 0.2062102445, 0.0027879579182, 0.11258721978, 0.23435471578]
    ],
    [
      [0.052286124977, 0.061265693431, 0.28540353158, 0.24640353304, 0.35464111696],
      [0.39017253812, 0.18619746112, 0.0010403507837, 0.17508382415, 0.24750582582]
    ],
    [
      [0.038529080178, 0.054793959897, 0.399233512, 0.16574140404, 0.34170204389],
      [0.40441275947, 0.19561812031, 0.0022994640101, 0.14277578788, 0.25489386834]
    ],
    [
      [0.036760054845, 0.036843293567, 0.37454399458, 0.20885836034, 0.34299429667],
      [0.45295978062, 0.052626825732, 0.0018240216792, 0.21456655864, 0.27802281333]
    ],
    [
      [0.027299568294, 0.039052120545, 0.37471842951, 0.16803267319, 0.39089720846],
      [0.29656042646, 0.1536738963, 0.023909431312, 0.17531906879, 0.35053717713]
    ],
    [
      [0.097998261987, 0.028534270657, 0.35399834501, 0.21123910409, 0.30823001826],
      [0.48133883704, 0.11797480959, 0.0040052407951, 0.16440950373, 0.23227160885]
    ],
    [
      [0.077683393679, 0.050975172938, 0.39160516571, 0.16374656278, 0.3159897049],
      [0.4712088026, 0.20107066164, 0.00081606682711, 0.11087516748, 0.21602930145]
    ],
    [
      [0.078921927851, 0.042665360141, 0.41975337129, 0.1344112212, 0.32424811952],
      [0.43723828962, 0.16309968227, 0.0011941090678, 0.15243953991, 0.24602837914]
    ],
    [
      [0.070220510752, 0.072573917067, 0.41565975914, 0.1798001557, 0.26174565734],
      [0.25911171244, 0.16369024535, 0.0026060305719, 0.23412426962, 0.34046774202]
    ],
    [
      [0.0036214820768, 0.079722512882, 0.49675334496, 0.15293549223, 0.26696716785],
      [0.35411953198, 0.17219289067, 0.027341048959, 0.21486247614, 0.23148405226]
    ],
    [
      [0.030112274248, 0.072005165211, 0.42384753516, 0.23784867508, 0.2361863503],
      [0.29662924192, 0.2293316116, 0.0053841549459, 0.26738377497, 0.20127121657]
    ],
    [
      [0.033314561165, 0.094037678977, 0.33866145052, 0.1837987084, 0.35018760093],
      [0.43662991775, 0.18781832222, 0.0069806474085, 0.12972622889, 0.23884488373]
    ],
    [
      [0.011614178046, 0.071906472998, 0.43439651552, 0.19238756427, 0.28969526916],
      [0.36475341746, 0.14834532432, 0.0075589950987, 0.1760881376, 0.30325412553]
    ],
    [
      [0.055440020923, 0.063956389241, 0.32292811863, 0.25749054406, 0.30018492714],
      [0.26716601966, 0.15442708891, 0.0038485040681, 0.20613363439, 0.36842475297]
    ],
    [
      [0.044874288832, 0.043599148213, 0.29661354812, 0.18353807279, 0.43137494204],
      [0.33956704386, 0.14825784929, 0.013581290421, 0.13759550732, 0.36099830911]
    ],
    [
      [0.013228122614, 0.10930794963, 0.2280101076, 0.31297342028, 0.33648039988],
