{
  "X": [
    [16, 12, 36, 20, 16],
    [17, 16, 26, 24, 17],
    [17, 18, 34, 24, 7],
    [16, 11, 30, 27, 16],
    [19, 13, 39, 18, 11],
    [15, 18, 34, 22, 11],
    [19, 19, 35, 17, 10],
    [17, 12, 36, 22, 13],
    [21, 19, 28, 20, 12],
    [20, 10, 39, 21, 10],
    [10, 21, 40, 16, 13],
    [21, 16, 32, 20, 11],
    [12, 16, 29, 37, 6],
    [21, 12, 25, 29, 13],
    [8, 15, 46, 24, 7],
    [14, 15, 34, 22, 15],
    [17, 8, 38, 23, 14],
    [16, 16, 36, 21, 11],
    [17, 10, 30, 29, 14],
    [21, 21, 31, 19, 8],
    [20, 16, 39, 19, 6],
    [19, 9, 32, 21, 19],
    [18, 22, 37, 15, 8],
    [22, 13, 39, 19, 7],
    [20, 15, 39, 19, 7],
    [23, 30, 13, 12, 22],
    [19, 23, 15, 8, 35],
    [25, 25, 7, 8, 35],
    [18, 39, 12, 10, 21],
    [18, 28, 15, 9, 30],
    [24, 33, 10, 7, 26],
    [23, 25, 11, 5, 36],
    [20, 21, 22, 8, 29],
    [19, 25, 8, 16, 32],
    [18, 27, 15, 7, 33],
    [25, 23, 14, 8, 30],
    [19, 31, 11, 5, 34],
    [29, 25, 5, 6, 35],
    [19, 24, 14, 11, 32],
    [23, 30, 14, 4, 29],
    [25, 23, 11, 7, 34],
    [27, 29, 7, 9, 28],
    [20, 22, 19, 8, 31],
    [13, 24, 19, 12, 32],
    [23, 23, 18, 6, 30],
    [28, 27, 7, 9, 29],
    [25, 20, 7, 10, 38],
    [19, 34, 14, 5, 28],
    [24, 25, 14, 7, 30],
    [16, 27, 7, 13, 37]
  ],
  "W": [
    [77, 23],
    [72, 28],
    [74, 26],
    [68, 32],
    [74, 26],
    [73, 27],
    [71, 29],
    [73, 27],
    [70, 30],
    [81, 19],
    [74, 26],
    [78, 22],
    [81, 19],
    [71, 29],
    [84, 16],
    [69, 31],
    [76, 24],
    [83, 17],
    [77, 23],
    [70, 30],
    [77, 23],
    [73, 27],
    [76, 24],
    [80, 20],
    [75, 25],
    [28, 72],
    [26, 74],
    [19, 81],
    [24, 76],
    [20, 80],
    [27, 73],
    [18, 82],
    [34, 66],
    [30, 70],
    [22, 78],
    [31, 69],
    [22, 78],
    [20, 80],
    [27, 73],
    [21, 79],
    [20, 80],
    [19, 81],
    [30, 70],
    [38, 62],
    [33, 67],
    [18, 82],
    [25, 75],
    [23, 77],
    [23, 77],
    [25, 75]
  ],
  "method": "mcmc",
  "mcmc_stepsize": 3000,
  "mcmc_samples": 100,
  "burn_in": 10000,
  "cond_prob": [
    [
      [0.079221324523, 0.092654524008, 0.4663334331, 0.24621604177, 0.1155746766],
      [0.43043295703, 0.21154789789, 0.0040141587357, 0.045276729733, 0.30872825662]
    ],
    [
      [0.06921466498, 0.13903156146, 0.3609125803, 0.31934678173, 0.11149441153],
      [0.42916229005, 0.21391884197, 0.00051050779083, 0.035965418411, 0.32044294178]
    ],
    [
      [0.076138158497, 0.10090566477, 0.4570226272, 0.31374939172, 0.052184157814],
      [0.4371452412, 0.40511464644, 0.0069355994956, 0.030097885106, 0.12070662776]
    ],
    [
      [0.060543463252, 0.065335343552, 0.42136409162, 0.35779592758, 0.094961173994],
      [0.37134514059, 0.20491239495, 0.042101305306, 0.08343365389, 0.29820750526]
    ],
    [
      [0.080775933362, 0.10720136306, 0.52643920213, 0.22952666424, 0.056056837219],
      [0.50086849736, 0.19488842822, 0.0016730401023, 0.039039494098, 0.26353054022]
    ],
    [
      [0.057426504267, 0.1417459746, 0.46159479233, 0.28093478722, 0.058297941582],
      [0.40029130328, 0.28342755017, 0.01124370962, 0.055250390103, 0.24978704683]
    ],
    [
      [0.083761092518, 0.15090304451, 0.4928648847, 0.22624238913, 0.046228589131],
      [0.4501021528, 0.2857201324, 0.00022735124652, 0.032303116256, 0.2316472473]
    ],
    [
      [0.070211783006, 0.081976534092, 0.49177520493, 0.28506737657, 0.070969101406],
      [0.43979777187, 0.2228041856, 0.0037188903752, 0.044077092988, 0.28960205916]
    ],
    [
      [0.12859680599, 0.15555890916, 0.39965276327, 0.27105748747, 0.045134034116],
      [0.39994078602, 0.2703625453, 0.00081021903956, 0.034199195907, 0.29468725373]
    ],
    [
      [0.12737223733, 0.071614492051, 0.48007279957, 0.24881178056, 0.072128690492],
      [0.50962361981, 0.22101190231, 0.0060054334322, 0.044539251281, 0.21881979317]
    ],
    [
      [0.035821232614, 0.15031303786, 0.534258765, 0.19046466421, 0.089142300315],
      [0.28266264564, 0.37987827686, 0.017878899629, 0.073292878773, 0.2462872991]
    ],
    [
      [0.13999851594, 0.14137309473, 0.40968788599, 0.24367194108, 0.065268562262],
      [0.45818707986, 0.22604084595, 0.0020156769455, 0.045163117988, 0.26859327925]
    ],
    [
      [0.061585390063, 0.098910412491, 0.35764739391, 0.43549106464, 0.0463657389],
      [0.36903070552, 0.42043455728, 0.0016084786002, 0.090801250756, 0.11812500785]
    ],
    [
      [0.12571293117, 0.070688774843, 0.35166288133, 0.39056292419, 0.061372488468],
      [0.41635799611, 0.24072748228, 0.0011012215747, 0.043794220079, 0.29801907996]
    ],
    [
      [0.052869947975, 0.099285948154, 0.54538955569, 0.26384111073, 0.038613437452],
      [0.22243277313, 0.41624877219, 0.011704832605, 0.11483416869, 0.23477945338]
    ],
    [
      [0.052778892414, 0.09984149791, 0.47884408721, 0.28774251416, 0.080793008304],
      [0.33413730398, 0.26164311755, 0.030959934918, 0.069218274934, 0.30404136861]
    ],
    [
      [0.071665861725, 0.04926781948, 0.49655141161, 0.28299379393, 0.099521113256],
      [0.48139143787, 0.17731857165, 0.010920529913, 0.062186319213, 0.26818314136]
    ],
    [
      [0.12304412259, 0.13448450132, 0.43266064061, 0.24280733327, 0.067003402211],
      [0.34043163675, 0.28457567003, 0.0052451076199, 0.049823019924, 0.31992456568]
    ],
    [
      [0.082964456644, 0.067229686127, 0.38716938688, 0.36067707681, 0.10195939355],
      [0.46137986254, 0.20970931166, 0.0081720526251, 0.05338543852, 0.26735333465]
    ],
    [
      [0.094223438369, 0.15092841084, 0.43511861194, 0.26341879497, 0.056310743885],
      [0.48014531047, 0.34783370805, 0.018056572147, 0.018689478396, 0.13527493093]
    ],
    [
      [0.10065806119, 0.10657006319, 0.50634292163, 0.23450430943, 0.051924644555],
      [0.53257953426, 0.33887413628, 0.00050413193885, 0.041007311902, 0.08703488562]
    ],
    [
      [0.082179318969, 0.063903294973, 0.42984264985, 0.27175123255, 0.15232350366],
      [0.48151517464, 0.16055775804, 0.023018020769, 0.043042963845, 0.29186608271]
    ],
    [
      [0.085923064818, 0.17049180975, 0.48678206801, 0.19069918209, 0.066103875337],
      [0.47791029474, 0.3767759358, 0.00019011797603, 0.02111925671, 0.12400439477]
    ],
    [
      [0.13801736719, 0.099063753998, 0.48742379232, 0.22491036186, 0.050584724632],
      [0.54793053124, 0.25374498401, 0.00030483071449, 0.05035855257, 0.14766110147]
    ],
    [
      [0.08384629028, 0.10064030218, 0.51985660255, 0.24032076905, 0.055336035942],
      [0.54846112916, 0.29807909347, 0.00043019236365, 0.039037692835, 0.11399189217]
    ],
    [
      [0.049603193917, 0.1481620318, 0.43688675171, 0.30823171487, 0.057116307709],
      [0.30015431348, 0.35904809874, 0.010655152114, 0.046798777552, 0.28334365811]
    ],
    [
      [0.019677979377, 0.10011825185, 0.53947173406, 0.21263732116, 0.12809471356],
      [0.24984287211, 0.27563412773, 0.013158579924, 0.033397697972, 0.42796672226]
    ],
    [
      [0.084741421229, 0.1414332408, 0.32015053716, 0.30441808228, 0.14925671852],
      [0.28876435798, 0.27546627685, 0.011322713505, 0.02735872144, 0.39708793022]
    ],
    [
      [0.055664084347, 0.15562913963, 0.44897982413, 0.27572917631, 0.063997775581],
      [0.21926397336, 0.46401185064, 0.016111634484, 0.044506575901, 0.25610596561]
    ],
    [
      [0.01721703389, 0.064217334913, 0.59970953097, 0.22637151633, 0.092484583892],
      [0.22069574153, 0.33394566627, 0.037572617257, 0.055907120917, 0.35187885403]
    ],
    [
      [0.15069621792, 0.15465107474, 0.35931760665, 0.19482316415, 0.14051193654],
      [0.27303016597, 0.39485508195, 0.0040880085011, 0.023832528327, 0.30419421525]
    ],
    [
      [0.038801787464, 0.10555937739, 0.55212158478, 0.16034603298, 0.14317121738],
      [0.27197033934, 0.28170647813, 0.012948920414, 0.025777700077, 0.40759656204]
    ],
    [
