{
  "X": [
    [21, 15, 13, 16, 35],
    [21, 11, 25, 14, 29],
    [25, 18, 17, 17, 23],
    [29, 13, 18, 12, 28],
    [26, 18, 19, 15, 22],
    [21, 19, 15, 15, 30],
    [21, 22, 14, 20, 23],
    [26, 12, 17, 12, 33],
    [25, 15, 17, 21, 22],
    [24, 21, 15, 17, 23],
    [22, 23, 14, 11, 30],
    [24, 17, 17, 16, 26],
    [32, 14, 13, 21, 20],
    [25, 17, 17, 22, 19],
    [11, 24, 21, 17, 27],
    [22, 26, 19, 13, 20],
    [33, 12, 14, 21, 20],
    [25, 15, 13, 18, 29],
    [21, 15, 16, 15, 33],
    [21, 16, 26, 16, 21],
    [22, 19, 20, 17, 22],
    [17, 10, 19, 20, 34],
    [17, 24, 15, 16, 28],
    [21, 16, 22, 17, 24],
    [17, 15, 17, 18, 33],
    [65, 4, 6, 11, 14],
    [46, 7, 12, 25, 10],
    [58, 6, 5, 13, 18],
    [51, 7, 14, 16, 12],
    [64, 7, 6, 16, 7],
    [60, 8, 9, 14, 9],
    [62, 5, 9, 13, 11],
    [62, 6, 10, 13, 9],
    [65, 6, 7, 16, 6],
    [59, 8, 8, 10, 15],
    [55, 6, 6, 22, 11],
    [58, 5, 9, 16, 12],
    [62, 9, 6, 16, 7],
    [65, 6, 6, 11, 12],
    [54, 5, 2, 22, 17],
    [63, 5, 3, 22, 7],
    [48, 9, 8, 24, 11],
    [60, 4, 7, 17, 12],
    [55, 6, 13, 14, 12],
    [58, 4, 5, 17, 16],
    [66, 5, 3, 17, 9],
    [59, 6, 6, 21, 8],
    [64, 4, 2, 14, 16],
    [61, 9, 8, 7, 15],
    [53, 9, 7, 18, 13]
  ],
  "W": [
    [77, 23],
    [78, 22],
    [76, 24],
    [72, 28],
    [78, 22],
    [79, 21],
    [71, 29],
    [74, 26],
    [75, 25],
    [80, 20],
    [80, 20],
    [72, 28],
    [68, 32],
    [72, 28],
    [87, 13],
    [78, 22],
    [68, 32],
    [69, 31],
    [76, 24],
    [76, 24],
    [77, 23],
    [74, 26],
    [81, 19],
    [79, 21],
    [78, 22],
    [20, 80],
    [28, 72],
    [28, 72],
    [34, 66],
    [21, 79],
    [23, 77],
    [22, 78],
    [20, 80],
    [21, 79],
    [25, 75],
    [24, 76],
    [22, 78],
    [18, 82],
    [25, 75],
    [24, 76],
    [20, 80],
    [31, 69],
    [21, 79],
    [22, 78],
    [28, 72],
    [20, 80],
    [26, 74],
    [26, 74],
    [27, 73],
    [29, 71]
  ],
  "method": "mcmc",
  "mcmc_stepsize": 3000,
  "mcmc_samples": 100,
  "burn_in": 10000,
  "cond_prob": [
    [
      [0.068037439366, 0.19377077154, 0.16873178563, 0.17817861337, 0.39128139009],
      [0.68526596386, 0.0034630691808, 0.00033271767469, 0.099141163935, 0.21179708535]
    ],
    [
      [0.078160467589, 0.14072989688, 0.32037856048, 0.15277100568, 0.30796006938],
      [0.67743106946, 0.001048547443, 0.00047601285363, 0.094720979879, 0.22632339037]
    ],
    [
      [0.12311868249, 0.23524267332, 0.21203003603, 0.18993302315, 0.23967558502],
      [0.65179083879, 0.0050648678185, 0.036904885916, 0.10687876002, 0.19936064745]
    ],
    [
      [0.15278713203, 0.18055146373, 0.23611250008, 0.12498647594, 0.30556242822],
      [0.64283308906, 1.0521843891e-05, 0.03571071408, 0.10717763329, 0.21426804172]
    ],
    [
      [0.14410531247, 0.2292329986, 0.24358171784, 0.1620872917, 0.2209926794],
      [0.67089934671, 0.0054466413278, 2.8454945438e-05, 0.10714505672, 0.2164805003]
    ],
    [
      [0.080979690539, 0.23814977596, 0.18976628959, 0.15995490734, 0.33114933657],
      [0.69536211654, 0.008865128538, 0.00040300582962, 0.11255058668, 0.18281916241]
    ],
    [
      [0.044522114614, 0.30484791242, 0.17927600505, 0.21985809741, 0.2514958705],
      [0.6151355125, 0.012268904077, 0.04384150487, 0.15138189944, 0.17737217912]
    ],
    [
      [0.12167942993, 0.16214969278, 0.21622590646, 0.12158694486, 0.37835802598],
      [0.65368162252, 3.5489792707e-05, 0.038433958541, 0.11548331078, 0.19236561837]
    ],
    [
      [0.12468032853, 0.19847658162, 0.21476891346, 0.23224887355, 0.22982530283],
      [0.6259590144, 0.0045702551323, 0.035693259608, 0.14325337934, 0.19052409152]
    ],
    [
      [0.12864778102, 0.26067735182, 0.18749756765, 0.18386065599, 0.23931664352],
      [0.68540887594, 0.0072905927114, 9.7294009917e-06, 0.11455737602, 0.19273342593]
    ],
    [
      [0.089535579302, 0.28688480875, 0.17494873406, 0.11133329935, 0.33729757854],
      [0.74185768279, 0.0024607650128, 0.00020506377359, 0.1046668026, 0.15080968582]
    ],
    [
      [0.083437657987, 0.23607363894, 0.2222004573, 0.16659768471, 0.29169056106],
      [0.64258887946, 9.6357002963e-05, 0.035770252655, 0.14303452504, 0.17850998584]
    ],
    [
      [0.19117805578, 0.20580105878, 0.17647064142, 0.22060671898, 0.20594352504],
      [0.59374663147, 0.00017275009518, 0.03124988698, 0.18746072216, 0.1873700093]
    ],
    [
      [0.097428713689, 0.23602481591, 0.22218577772, 0.24980678073, 0.19455391195],
      [0.6423261648, 0.00022190194737, 0.035808000148, 0.14335399241, 0.1782899407]
    ],
    [
      [0.037094287693, 0.27316555138, 0.24105748444, 0.17414109645, 0.27454158004],
      [0.59790745928, 0.018045925391, 0.0021537579741, 0.1422865084, 0.23960634896]
    ],
    [
      [0.094128536509, 0.33124055699, 0.24139866495, 0.13695906215, 0.1962731794],
      [0.66627155238, 0.0074198434133, 0.0077683697082, 0.10532696147, 0.21321327303]
    ],
    [
      [0.20589287496, 0.1764279424, 0.19117888695, 0.22058020091, 0.20592009478],
      [0.59372764071, 9.0622395045e-05, 0.03124486523, 0.18751707307, 0.1874197986]
    ],
    [
      [0.086983747419, 0.21735871836, 0.17391289044, 0.18841806324, 0.33332658055],
      [0.61284262671, 7.2530107335e-05, 0.032258405159, 0.16126302054, 0.19356341748]
    ],
    [
      [0.069461086617, 0.19614023143, 0.19837121911, 0.16617388548, 0.36985357736],
      [0.65503989238, 0.0038892671437, 0.038491139491, 0.098782695974, 0.20379700501]
    ],
    [
      [0.082838758006, 0.20857801226, 0.33085118945, 0.16342896994, 0.21430307034],
      [0.61267726631, 0.0061696278413, 0.03563790008, 0.14914159519, 0.19637361058]
    ],
    [
      [0.10266989412, 0.24086890509, 0.25255383648, 0.17164811081, 0.2322592535],
      [0.61280078924, 0.019699752513, 0.024058895279, 0.16448241162, 0.17895815134]
    ],
    [
      [0.034361600548, 0.12364604757, 0.25459807817, 0.17289330856, 0.41450096516],
      [0.55604775229, 0.032699710767, 0.006143931372, 0.27714981411, 0.12795879146]
    ],
    [
      [0.052064464707, 0.29141465267, 0.18499982736, 0.16335455341, 0.30816650185],
      [0.67277780835, 0.020811217561, 0.00079020965937, 0.14569900913, 0.15992175529]
    ],
    [
      [0.094479273818, 0.19965767403, 0.278355653, 0.18121471734, 0.24629268181],
      [0.64457796992, 0.010811607209, 0.00047159110133, 0.12781130143, 0.21632753033]
    ],
    [
      [0.042597291152, 0.18666187096, 0.21762903609, 0.1840762281, 0.36903557369],
      [0.62170051319, 0.020017002945, 0.0011334175082, 0.16554791854, 0.19160114782]
    ],
    [
      [0.11995775787, 0.14738138202, 0.26498253261, 0.17518453281, 0.29249379469],
      [0.78251056053, 0.013154654495, 0.0087543668475, 0.093703866797, 0.10187655133]
    ],
    [
      [0.080402761797, 0.20728032037, 0.38340644719, 0.17991331794, 0.14899715271],
      [0.60762114819, 0.016613208746, 0.017564159427, 0.27725593191, 0.080945551725]
    ],
    [
      [0.1547352052, 0.19887092965, 0.1641914705, 0.15827615665, 0.323926238],
      [0.74538075353, 0.0059946384714, 0.0055922059165, 0.11900371686, 0.12402868522]
    ],
    [
      [0.077723229536, 0.17939035592, 0.40495776128, 0.16921353253, 0.16871512073],
      [0.73268803327, 0.013647392403, 0.003506607826, 0.15525363476, 0.094904331746]
    ],
    [
      [0.10101576033, 0.28426181236, 0.26303491575, 0.21143102587, 0.14025648569],
      [0.78327429156, 0.013044328361, 0.0060286932813, 0.14632846148, 0.051324225323]
    ],
    [
      [0.074498053838, 0.30317551242, 0.34508208888, 0.1497009705, 0.12754337436],
      [0.75696811379, 0.013337184602, 0.013806648776, 0.13710230751, 0.078785745321]
    ],
    [
      [0.086005013203, 0.19295331443, 0.35553908841, 0.17963927421, 0.18586330975],
      [0.77061397063, 0.0096798343922, 0.015104359678, 0.11599917907, 0.088602656225]
    ],
    [
      [0.084018996895, 0.25062166679, 0.41648739081, 0.1164489859, 0.13242295961],
