{
  "X": [
    [15, 3, 16, 56, 10],
    [15, 5, 23, 45, 12],
    [16, 3, 14, 56, 11],
    [6, 6, 18, 56, 14],
    [9, 8, 20, 53, 10],
    [12, 7, 20, 52, 9],
    [16, 4, 17, 52, 11],
    [15, 7, 13, 52, 13],
    [15, 4, 18, 57, 6],
    [15, 7, 17, 49, 12],
    [16, 5, 23, 43, 13],
    [13, 8, 16, 53, 10],
    [15, 2, 17, 52, 14],
    [18, 7, 15, 45, 15],
    [18, 5, 21, 43, 13],
    [18, 4, 18, 47, 13],
    [18, 5, 17, 51, 9],
    [22, 6, 14, 44, 14],
    [11, 8, 22, 44, 15],
    [18, 6, 14, 44, 18],
    [18, 7, 21, 43, 11],
    [14, 2, 24, 55, 5],
    [12, 5, 22, 41, 20],
    [13, 6, 26, 43, 12],
    [15, 6, 20, 44, 15],
    [9, 2, 16, 60, 13],
    [6, 4, 16, 59, 15],
    [4, 6, 17, 62, 11],
    [5, 1, 9, 73, 12],
    [3, 3, 16, 63, 15],
    [13, 2, 23, 52, 10],
    [10, 2, 15, 57, 16],
    [10, 3, 15, 62, 10],
    [6, 1, 15, 62, 16],
    [13, 6, 20, 48, 13],
    [9, 2, 13, 63, 13],
    [10, 4, 24, 51, 11],
    [5, 0, 21, 63, 11],
    [6, 3, 16, 64, 11],
    [10, 6, 22, 50, 12],
    [8, 6, 17, 61, 8],
    [9, 3, 23, 57, 8],
    [8, 2, 19, 57, 14],
    [7, 3, 19, 61, 10],
    [7, 2, 16, 58, 17],
    [5, 2, 14, 62, 17],
    [7, 2, 18, 59, 14],
    [9, 4, 21, 55, 11],
    [11, 0, 19, 56, 14],
    [6, 3, 24, 55, 12]
  ],
  "W": [
    [74, 26],
    [74, 26],
    [79, 21],
    [75, 25],
    [71, 29],
    [74, 26],
    [81, 19],
    [71, 29],
    [77, 23],
    [68, 32],
    [72, 28],
    [76, 24],
    [71, 29],
    [75, 25],
    [73, 27],
    [77, 23],
    [75, 25],
    [82, 18],
    [77, 23],
    [74, 26],
    [78, 22],
    [71, 29],
    [81, 19],
    [82, 18],
    [70, 30],
    [23, 77],
    [23, 77],
    [29, 71],
    [24, 76],
    [22, 78],
    [32, 68],
    [30, 70],
    [22, 78],
    [21, 79],
    [30, 70],
    [28, 72],
    [25, 75],
    [21, 79],
    [22, 78],
    [25, 75],
    [32, 68],
    [22, 78],
    [23, 77],
    [29, 71],
    [23, 77],
    [28, 72],
    [22, 78],
    [22, 78],
    [24, 76],
    [20, 80]
  ],
  "method": "mcmc",
  "mcmc_stepsize": 3000,
  "mcmc_samples": 100,
  "burn_in": 10000,
  "cond_prob": [
    [
      [0.20238189278, 0.039588372421, 0.13424074368, 0.50291069103, 0.12087830009],
      [0.0009130744073, 0.0027100169544, 0.23331480645, 0.7224849563, 0.040577145884]
    ],
    [
      [0.20060008865, 0.065164949176, 0.21333715342, 0.37366425111, 0.14723355764],
      [0.005984363075, 0.0068382215753, 0.27742502487, 0.66726328531, 0.042489105169]
    ],
    [
      [0.202239663, 0.037233417332, 0.11312785805, 0.52068678972, 0.12671227189],
      [0.0010984106216, 0.0027885728946, 0.24109043876, 0.70789255295, 0.047130024778]
    ],
    [
      [0.079400212188, 0.077524982904, 0.15778308541, 0.51477834543, 0.17051337407],
      [0.0017993634367, 0.0074250512888, 0.24665074376, 0.69566496372, 0.048459877794]
    ],
    [
      [0.12486800135, 0.10898975691, 0.19447377362, 0.44620671057, 0.12546175754],
      [0.0046335139322, 0.009025077903, 0.21352972665, 0.73514908791, 0.037662593607]
    ],
    [
      [0.1611329402, 0.092092965042, 0.17582565319, 0.46290599638, 0.10804244519],
      [0.0029293240531, 0.0071200225731, 0.26880391014, 0.682498318, 0.038648425227]
    ],
    [
      [0.19455730932, 0.048260294199, 0.13877191413, 0.49678821629, 0.12162226605],
      [0.01267673393, 0.0047850615717, 0.30313026081, 0.61895549896, 0.060452444725]
    ],
    [
      [0.21083076779, 0.096722331737, 0.083489089835, 0.45303284361, 0.15592496703],
      [0.0010694995459, 0.0045763602312, 0.24387153868, 0.68395407255, 0.066528528998]
    ],
    [
      [0.19447775042, 0.049496555627, 0.14488510129, 0.54540398409, 0.065736608576],
      [0.0010962268688, 0.0082071833369, 0.29755857395, 0.65234318368, 0.040794832158]
    ],
    [
      [0.21976146286, 0.10195675892, 0.14736254079, 0.38347412539, 0.14744511204],
      [0.0017568914256, 0.0020918872907, 0.21810460082, 0.71636748354, 0.06167913692]
    ],
    [
      [0.21905523958, 0.066052112308, 0.20861156975, 0.34226506245, 0.16401601592],
      [0.0081436696622, 0.0087231397798, 0.28499882064, 0.65560412514, 0.04253024478]
    ],
    [
      [0.16989320047, 0.10142442188, 0.12325792884, 0.48592732817, 0.11949712063],
      [0.0036715318382, 0.012155997368, 0.27634989202, 0.66956346078, 0.038259117996]
    ],
    [
      [0.21026843536, 0.026937441371, 0.14275147381, 0.43791663765, 0.18212601181],
      [0.0024462444701, 0.0030152297473, 0.23671190895, 0.72096271472, 0.036863902119]
    ],
    [
      [0.2289712821, 0.091218891829, 0.10278960833, 0.40239663486, 0.17462358288],
      [0.033086153697, 0.0063433245139, 0.29163117501, 0.59281009541, 0.076129251373]
    ],
    [
      [0.24463829968, 0.066428586309, 0.17884002094, 0.35892659045, 0.15116650262],
      [0.0052371897526, 0.0055819703489, 0.29424735079, 0.62216144062, 0.072772048484]
    ],
    [
      [0.22150822419, 0.049750106085, 0.15184467757, 0.42299566097, 0.15390133118],
      [0.041037684218, 0.0073583404969, 0.27425912293, 0.6273623524, 0.049982499954]
    ],
    [
      [0.23901523923, 0.064763359054, 0.1453751946, 0.45581176192, 0.095034445194],
      [0.0029542823052, 0.0057099228372, 0.24387441619, 0.67256471424, 0.074896664419]
    ],
    [
      [0.26127193276, 0.072270779439, 0.11163548748, 0.4059234513, 0.14889834901],
      [0.031983417412, 0.0040997825562, 0.26921611257, 0.59523761074, 0.099463076717]
    ],
    [
      [0.1393181917, 0.10149693678, 0.20139863241, 0.37904283749, 0.17874340161],
      [0.011847793012, 0.0080319942481, 0.28227414366, 0.64407397883, 0.053772090251]
    ],
    [
      [0.24208748832, 0.080049323685, 0.081944388075, 0.39313978765, 0.20277901227],
      [0.0032894563277, 0.0029365402819, 0.30523520317, 0.5733713736, 0.11516742662]
    ],
    [
      [0.21909403227, 0.087297858745, 0.18424307242, 0.39179541904, 0.11756961752],
      [0.041393885591, 0.0086712280874, 0.30132001597, 0.56545260521, 0.083162265141]
    ],
    [
      [0.19554907941, 0.027173231209, 0.24970918062, 0.47156836331, 0.056000145446],
      [0.0040005297097, 0.0024379511768, 0.21622924744, 0.74202228294, 0.035309988736]
    ],
    [
      [0.14314316796, 0.059628209885, 0.20758916379, 0.36143665702, 0.22820280135],
      [0.021337020817, 0.0089534210151, 0.27290935437, 0.61703319902, 0.079767004784]
    ],
    [
      [0.15522648041, 0.071842113571, 0.26659159592, 0.37509552853, 0.13124428157],
      [0.015079367041, 0.0060525937316, 0.22997161858, 0.68012037002, 0.068776050629]
    ],
    [
      [0.21190953918, 0.084161468318, 0.18263875261, 0.33532852968, 0.18596171022],
      [0.0055444085902, 0.0036232405909, 0.24050957725, 0.68423343076, 0.066089342814]
    ],
    [
      [0.29232904635, 0.070770967845, 0.11451476015, 0.37867501177, 0.14371021388],
      [0.029564051091, 0.0048346459684, 0.17358650022, 0.66611006142, 0.12590474131]
    ],
    [
      [0.20921010446, 0.13340453978, 0.11418807094, 0.34669948283, 0.196497802],
      [0.01543074802, 0.012099942663, 0.17368408271, 0.66267418045, 0.13611104616]
    ],
    [
      [0.12311684592, 0.16492394859, 0.11711925939, 0.45372531569, 0.1411146304],
      [0.0060508657504, 0.017143739307, 0.19159917574, 0.6879150119, 0.0972912073]
    ],
    [
      [0.16166009374, 0.040452142903, 0.062014260309, 0.57068449028, 0.16518901276],
      [0.014738917766, 0.00038353382005, 0.098837602008, 0.78031016096, 0.10572978544]
    ],
    [
      [0.11217636755, 0.10653340839, 0.10250791594, 0.47232200837, 0.20646029974],
      [0.0068220501776, 0.008413654043, 0.17621571602, 0.67447327969, 0.13407530007]
    ],
    [
      [0.32322703889, 0.055009041792, 0.15567377114, 0.34252894716, 0.12356120101],
      [0.039069628756, 0.0035251568036, 0.26497704888, 0.60351578957, 0.088912375993]
    ],
    [
      [0.28303210605, 0.05317166244, 0.10792227596, 0.39150920132, 0.16436475422],
      [0.021557668835, 0.0057835732398, 0.1680333103, 0.64649605658, 0.15812939105]
    ],
    [
      [0.32919839693, 0.11262887992, 0.088204271276, 0.37465346881, 0.095314983063],
