{
  "X": [
    [41, 59],
    [34, 66],
    [36, 64],
    [46, 54],
    [36, 64],
    [42, 58],
    [41, 59],
    [38, 62],
    [43, 57],
    [45, 55],
    [50, 50],
    [37, 63],
    [36, 64],
    [41, 59],
    [28, 72],
    [43, 57],
    [38, 62],
    [21, 79],
    [23, 77],
    [31, 69],
    [27, 73],
    [29, 71],
    [24, 76],
    [22, 78],
    [21, 79],
    [17, 83],
    [27, 73],
    [32, 68],
    [27, 73],
    [24, 76],
    [21, 79],
    [18, 82],
    [28, 72],
    [43, 57],
    [46, 54],
    [56, 44],
    [50, 50],
    [46, 54],
    [39, 61],
    [50, 50],
    [50, 50],
    [55, 45],
    [44, 56],
    [54, 46],
    [54, 46],
    [57, 43],
    [50, 50],
    [46, 54],
    [52, 48],
    [53, 47]
  ],
  "W": [
    [57, 20, 23],
    [65, 26, 9],
    [58, 23, 19],
    [63, 14, 23],
    [65, 20, 15],
    [68, 20, 12],
    [73, 11, 16],
    [65, 23, 12],
    [65, 22, 13],
    [63, 18, 19],
    [69, 14, 17],
    [68, 17, 15],
    [71, 15, 14],
    [64, 15, 21],
    [66, 15, 19],
    [67, 21, 12],
    [55, 32, 13],
    [17, 65, 18],
    [16, 65, 19],
    [16, 65, 19],
    [22, 58, 20],
    [19, 64, 17],
    [13, 68, 19],
    [17, 66, 17],
    [17, 75, 8],
    [14, 70, 16],
    [18, 65, 17],
    [20, 69, 11],
    [17, 67, 16],
    [17, 64, 19],
    [22, 64, 14],
    [14, 73, 13],
    [18, 65, 17],
    [21, 30, 49],
    [13, 22, 65],
    [18, 15, 67],
    [13, 14, 73],
    [21, 12, 67],
    [15, 18, 67],
    [17, 13, 70],
    [12, 22, 66],
    [12, 13, 75],
    [16, 16, 68],
    [23, 15, 62],
    [18, 13, 69],
    [10, 13, 77],
    [20, 20, 60],
    [16, 19, 65],
    [18, 10, 72],
    [25, 13, 62]
  ],
  "method": "mcmc",
  "mcmc_stepsize": 3000,
  "mcmc_samples": 100,
  "burn_in": 10000,
  "cond_prob": [
    [
      [0.42215539248, 0.57784460752],
      [0.077490268042, 0.92250973196],
      [0.66901466381, 0.33098533619]
    ],
    [
      [0.4073241226, 0.5926758774],
      [0.084306891464, 0.91569310854],
      [0.59243920591, 0.40756079409]
    ],
    [
      [0.37446083471, 0.62553916529],
      [0.078555424693, 0.92144457531],
      [0.65655246414, 0.34344753586]
    ],
    [
      [0.45980572047, 0.54019427953],
      [0.0971579708, 0.9028420292],
      [0.68139252257, 0.31860747743]
    ],
    [
      [0.37974180542, 0.62025819458],
      [0.088674574967, 0.91132542503],
      [0.6362194099, 0.3637805901]
    ],
    [
      [0.46211738061, 0.53788261939],
      [0.12449123568, 0.87550876432],
      [0.67384945042, 0.32615054958]
    ],
    [
      [0.40941289001, 0.59058710999],
      [0.094041545212, 0.90595845479],
      [0.62990012698, 0.37009987302]
    ],
    [
      [0.42754477836, 0.57245522164],
      [0.11061754438, 0.88938245562],
      [0.63878215717, 0.36121784283]
    ],
    [
      [0.48132339114, 0.51867660886],
      [0.12734381282, 0.87265618718],
      [0.68557043797, 0.31442956203]
    ],
    [
      [0.47147789244, 0.52852210756],
      [0.11490765947, 0.88509234053],
      [0.69623973186, 0.30376026814]
    ],
    [
      [0.52006735027, 0.47993264973],
      [0.13774719786, 0.86225280214],
      [0.71687600359, 0.28312399641]
    ],
    [
      [0.38015899327, 0.61984100673],
      [0.088480007447, 0.91151999255],
      [0.64300188875, 0.35699811125]
    ],
    [
      [0.36991559011, 0.63008440989],
      [0.074170537087, 0.92582946291],
      [0.61595964613, 0.38404035387]
    ],
    [
      [0.40229118727, 0.59770881273],
      [0.076983654219, 0.92301634578],
      [0.67136234291, 0.32863765709]
    ],
    [
      [0.25090602807, 0.74909397193],
      [0.097041240831, 0.90295875917],
      [0.52550439658, 0.47449560342]
    ],
    [
      [0.47974999414, 0.52025000586],
      [0.12743671178, 0.87256328822],
      [0.68171495378, 0.31828504622]
    ],
    [
      [0.46975092179, 0.53024907821],
      [0.10243034712, 0.89756965288],
      [0.68353293797, 0.31646706203]
    ],
    [
      [0.34894314464, 0.65105685536],
      [0.065860914572, 0.93413908543],
      [0.59927817188, 0.40072182812]
    ],
    [
      [0.38408495219, 0.61591504781],
      [0.077400730717, 0.92259926928],
      [0.62229438254, 0.37770561746]
    ],
    [
      [0.56679210846, 0.43320789154],
      [0.12214480444, 0.87785519556],
      [0.73641652504, 0.26358347496]
    ],
    [
      [0.41642143615, 0.58357856385],
      [0.080476939295, 0.9195230607],
      [0.65855329628, 0.34144670372]
    ],
    [
      [0.52749510361, 0.47250489639],
      [0.11538101179, 0.88461898821],
      [0.68195342807, 0.31804657193]
    ],
    [
      [0.4461313367, 0.5538686633],
      [0.087187854607, 0.91281214539],
      [0.64586939524, 0.35413060476]
    ],
    [
      [0.39347455383, 0.60652544617],
      [0.069548816304, 0.9304511837],
      [0.6306300417, 0.3693699583]
    ],
    [
      [0.49530128207, 0.50469871793],
      [0.097761136298, 0.9022388637],
      [0.65597412281, 0.34402587719]
    ],
    [
      [0.29678320192, 0.70321679808],
      [0.059264086162, 0.94073591384],
      [0.54353432136, 0.45646567864]
    ],
    [
      [0.50709329306, 0.49290670694],
      [0.098288328307, 0.90171167169],
      [0.6755046697, 0.3244953303]
    ],
    [
      [0.61556509675, 0.38443490325],
      [0.16358420051, 0.83641579949],
      [0.76376256634, 0.23623743366]
    ],
    [
      [0.52856148134, 0.47143851866],
      [0.10673315141, 0.89326684859],
      [0.67895835455, 0.32104164545]
    ],
    [
      [0.39281036685, 0.60718963315],
      [0.080143112674, 0.91985688733],
      [0.6417402396, 0.3582597604]
    ],
    [
      [0.3798978037, 0.6201021963],
      [0.069488999476, 0.93051100052],
      [0.58535373944, 0.41464626056]
    ],
    [
      [0.3992667655, 0.6007332345],
      [0.06933054156, 0.93066945844],
      [0.56531813455, 0.43468186545]
    ],
    [
      [0.52796287094, 0.47203712906],
      [0.10653765355, 0.89346234645],
      [0.68068946133, 0.31931053867]
    ],
    [
      [0.44143576161, 0.55856423839],
      [0.062886329239, 0.93711367076],
      [0.6498624312, 0.3501375688]
    ],
    [
      [0.40823047908, 0.59176952092],
      [0.080778854215, 0.91922114578],
      [0.5987056766, 0.4012943234]
    ],
    [
      [0.48848432301, 0.51151567699],
      [0.063747188385, 0.93625281161],
      [0.69031454269, 0.30968545731]
    ],
    [
      [0.41471023521, 0.58528976479],
      [0.068199986588, 0.93180001341],
      [0.59799954973, 0.40200045027]
    ],
    [
      [0.3915722991, 0.6084277009],
      [0.026585785673, 0.97341421433],
      [0.55907391479, 0.44092608521]
    ],
    [
      [0.34243148951, 0.65756851049],
      [0.061827837936, 0.93817216206],
      [0.48881532201, 0.51118467799]
    ],
    [
      [0.41914116104, 0.58085883896],
      [0.040938950186, 0.95906104981],
      [0.60489134157, 0.39510865843]
    ],
    [
      [0.45162034189, 0.54837965811],
      [0.094237808614, 0.90576219139],
      [0.64405036527, 0.35594963473]
    ],
    [
      [0.45607444408, 0.54392555592],
      [0.081475236264, 0.91852476374],
      [0.64623904799, 0.35376095201]
    ],
    [
      [0.39653077598, 0.60346922402],
      [0.044174695382, 0.95582530462],
      [0.5433634185, 0.4566365815]
    ],
    [
      [0.45276046118, 0.54723953882],
      [0.084041941266, 0.91595805873],
      [0.68267548829, 0.31732451171]
    ],
    [
      [0.45883679409, 0.54116320591],
      [0.049997223731, 0.95000277627],
      [0.65349237388, 0.34650762612]
    ],
    [
      [0.50153466721, 0.49846533279],
      [0.11201263106, 0.88798736894],
      [0.65621414447, 0.34378585553]
    ],
    [
      [0.45349766762, 0.54650233238],
      [0.065033150034, 0.93496684997],
      [0.66048972745, 0.33951027255]
    ],
    [
      [0.41688767818, 0.58311232182],
      [0.053157693635, 0.94684230637],
      [0.58953539954, 0.41046460046]
    ],
    [
      [0.42192857836, 0.57807142164],
      [0.03587188223, 0.96412811777],
      [0.61175787177, 0.38824212823]
    ],
    [
      [0.42775616046, 0.57224383954],
      [0.084013579049, 0.91598642095],
