{
  "X": [
    [56, 44],
    [54, 46],
    [56, 44],
    [51, 49],
    [47, 53],
    [54, 46],
    [65, 35],
    [55, 45],
    [60, 40],
    [73, 27],
    [60, 40],
    [48, 52],
    [53, 47],
    [62, 38],
    [55, 45],
    [58, 42],
    [61, 39],
    [31, 69],
    [37, 63],
    [30, 70],
    [33, 67],
    [31, 69],
    [30, 70],
    [31, 69],
    [35, 65],
    [32, 68],
    [27, 73],
    [31, 69],
    [26, 74],
    [38, 62],
    [26, 74],
    [31, 69],
    [33, 67],
    [16, 84],
    [28, 72],
    [19, 81],
    [15, 85],
    [24, 76],
    [22, 78],
    [22, 78],
    [25, 75],
    [22, 78],
    [32, 68],
    [12, 88],
    [25, 75],
    [20, 80],
    [23, 77],
    [20, 80],
    [18, 82],
    [14, 86]
  ],
  "W": [
    [65, 21, 14],
    [65, 20, 15],
    [69, 18, 13],
    [61, 18, 21],
    [59, 24, 17],
    [67, 17, 16],
    [74, 14, 12],
    [59, 21, 20],
    [68, 16, 16],
    [78, 13, 9],
    [67, 13, 20],
    [58, 19, 23],
    [65, 19, 16],
    [68, 14, 18],
    [71, 14, 15],
    [61, 21, 18],
    [57, 30, 13],
    [18, 69, 13],
    [21, 60, 19],
    [16, 67, 17],
    [22, 65, 13],
    [19, 67, 14],
    [20, 63, 17],
    [13, 75, 12],
    [14, 74, 12],
    [26, 63, 11],
    [18, 61, 21],
    [16, 66, 18],
    [16, 69, 15],
    [13, 71, 16],
    [11, 73, 16],
    [19, 60, 21],
    [22, 64, 14],
    [13, 34, 53],
    [19, 22, 59],
    [13, 17, 70],
    [14, 13, 73],
    [16, 12, 72],
    [12, 18, 70],
    [17, 18, 65],
    [23, 17, 60],
    [15, 19, 66],
    [21, 17, 62],
    [10, 14, 76],
    [21, 14, 65],
    [15, 20, 65],
    [20, 8, 72],
    [13, 15, 72],
    [13, 12, 75],
    [16, 18, 66]
  ],
  "method": "mcmc",
  "mcmc_stepsize": 3000,
  "mcmc_samples": 100,
  "burn_in": 10000,
  "cond_prob": [
    [
      [0.78225290507, 0.21774709493],
      [0.22669123063, 0.77330876937],
      [0.028074666243, 0.97192533376]
    ],
    [
      [0.76225749415, 0.23774250585],
      [0.20720666703, 0.79279333297],
      [0.020608635968, 0.97939136403]
    ],
    [
      [0.74866225194, 0.25133774806],
      [0.22631541954, 0.77368458046],
      [0.02066362033, 0.97933637967]
    ],
    [
      [0.76599036367, 0.23400963633],
      [0.21329499823, 0.78670500177],
      [0.020727516565, 0.97927248344]
    ],
    [
      [0.71736101815, 0.28263898185],
      [0.18701266598, 0.81298733402],
      [0.011023290927, 0.98897670907]
    ],
    [
      [0.73694943261, 0.26305056739],
      [0.24494595897, 0.75505404103],
      [0.028769169549, 0.97123083045]
    ],
    [
      [0.8148641391, 0.1851358609],
      [0.31094147986, 0.68905852014],
      [0.02890608235, 0.97109391765]
    ],
    [
      [0.83512775683, 0.16487224317],
      [0.23688127857, 0.76311872143],
      [0.03764777486, 0.96235222514]
    ],
    [
      [0.81050800312, 0.18949199688],
      [0.27680528662, 0.72319471338],
      [0.028535700136, 0.97146429986]
    ],
    [
      [0.87934177387, 0.12065822613],
      [0.3128633072, 0.6871366928],
      [0.038235404983, 0.96176459502]
    ],
    [
      [0.82565226945, 0.17434773055],
      [0.30908384862, 0.69091615138],
      [0.033160395729, 0.96683960427]
    ],
    [
      [0.74674053424, 0.25325946576],
      [0.21153290453, 0.78846709547],
      [0.029127122968, 0.97087287703]
    ],
    [
      [0.75125536151, 0.24874463849],
      [0.20435341812, 0.79564658188],
      [0.017855409842, 0.98214459016]
    ],
    [
      [0.83642235532, 0.16357764468],
      [0.32064909134, 0.67935090866],
      [0.035232919982, 0.96476708002]
    ],
    [
      [0.71882719519, 0.28117280481],
      [0.25384665366, 0.74615334634],
      [0.027294399355, 0.97270560065]
    ],
    [
      [0.84480153863, 0.15519846137],
      [0.26332048652, 0.73667951348],
      [0.052076440383, 0.94792355962]
    ],
    [
      [0.8642662208, 0.1357337792],
      [0.35811912732, 0.64188087268],
      [0.076403968803, 0.9235960312]
    ],
    [
      [0.78089772993, 0.21910227007],
      [0.24100483251, 0.75899516749],
      [0.024192878322, 0.97580712168]
    ],
    [
      [0.85965754396, 0.14034245604],
      [0.30293363052, 0.69706636948],
      [0.040588091876, 0.95941190812]
    ],
    [
      [0.81022741541, 0.18977258459],
      [0.24993665801, 0.75006334199],
      [0.017094427467, 0.98290557253]
    ],
    [
      [0.7969176283, 0.2030823717],
      [0.2290371623, 0.7709628377],
      [0.044645894433, 0.95535410557]
    ],
    [
      [0.78046717271, 0.21953282729],
      [0.23651767738, 0.76348232262],
      [0.023174238148, 0.97682576185]
    ],
    [
      [0.76353386497, 0.23646613503],
      [0.22890662371, 0.77109337629],
      [0.018129729826, 0.98187027017]
    ],
    [
      [0.85478836799, 0.14521163201],
      [0.25938052286, 0.74061947714],
      [0.0361843335, 0.9638156665]
    ],
    [
      [0.88186276479, 0.11813723521],
      [0.30059372253, 0.69940627747],
      [0.034165485452, 0.96583451455]
    ],
    [
      [0.72414722233, 0.27585277767],
      [0.20223880439, 0.79776119561],
      [0.039193413003, 0.960806587]
    ],
    [
      [0.75887963547, 0.24112036453],
      [0.2132328754, 0.7867671246],
      [0.015855293422, 0.98414470658]
    ],
    [
      [0.81639538616, 0.18360461384],
      [0.26601180467, 0.73398819533],
      [0.021160817389, 0.97883918261]
    ],
    [
      [0.76797582955, 0.23202417045],
      [0.19509161206, 0.80490838794],
      [0.016737699649, 0.98326230035]
    ],
    [
      [0.88850788468, 0.11149211532],
      [0.36381897013, 0.63618102987],
      [0.038640663748, 0.96135933625]
    ],
    [
      [0.82985555701, 0.17014444299],
      [0.22604701205, 0.77395298795],
      [0.02313481209, 0.97686518791]
    ],
    [
      [0.80146330109, 0.19853669891],
      [0.2575479294, 0.7424520706],
      [0.015205786446, 0.98479421355]
    ],
    [
      [0.79596018358, 0.20403981642],
      [0.2347608369, 0.7652391631],
      [0.033155885666, 0.96684411433]
    ],
    [
      [0.71613121538, 0.28386878462],
      [0.16405469731, 0.83594530269],
      [0.02098933003, 0.97901066997]
    ],
    [
      [0.8706489498, 0.1293510502],
      [0.34925863046, 0.65074136954],
      [0.063965764131, 0.93603423587]
    ],
    [
      [0.82400910113, 0.17599089887],
      [0.2991179772, 0.7008820228],
      [0.04575537247, 0.95424462753]
    ],
    [
      [0.75311454375, 0.24688545625],
      [0.19428698298, 0.80571301702],
      [0.026447474092, 0.97355252591]
    ],
    [
      [0.87847790443, 0.12152209557],
      [0.4026712193, 0.5973287807],
      [0.071004151354, 0.92899584865]
    ],
    [
      [0.84079048962, 0.15920951038],
      [0.38309295437, 0.61690704563],
      [0.071640584941, 0.92835941506]
    ],
    [
      [0.83608364002, 0.16391635998],
      [0.27240418988, 0.72759581012],
      [0.044358503106, 0.95564149689]
    ],
    [
      [0.80209095634, 0.19790904366],
      [0.25678212721, 0.74321787279],
      [0.036443530694, 0.96355646931]
    ],
    [
      [0.85329641623, 0.14670358377],
      [0.30221066101, 0.69778933899],
      [0.052402290869, 0.94759770913]
    ],
    [
      [0.90372409522, 0.09627590478],
      [0.42465255224, 0.57534744776],
      [0.09359194536, 0.90640805464]
    ],
    [
      [0.74335003385, 0.25664996615],
      [0.17775748603, 0.82224251397],
      [0.027340721804, 0.9726592782]
    ],
    [
      [0.84704880648, 0.15295119352],
      [0.30728801233, 0.69271198767],
      [0.044768352173, 0.95523164783]
    ],
    [
      [0.8114108607, 0.1885891393],
      [0.26517803358, 0.73482196642],
      [0.03885040643, 0.96114959357]
    ],
    [
      [0.8421278687, 0.1578721313],
      [0.30790776466, 0.69209223534],
      [0.05130806262, 0.94869193738]
    ],
    [
      [0.84156743697, 0.15843256303],
      [0.34780474624, 0.65219525376],
      [0.053368779524, 0.94663122048]
    ],
    [
      [0.82551277274, 0.17448722726],
      [0.31446632708, 0.68553367292],
      [0.04659650706, 0.95340349294]
    ],
    [
      [0.65006989516, 0.34993010484],
      [0.14009790182, 0.85990209818],
