{
  "X": [
    [10, 35, 55],
    [6, 52, 42],
    [6, 32, 62],
    [9, 50, 41],
    [4, 51, 45],
    [9, 31, 60],
    [13, 43, 44],
    [10, 46, 44],
    [9, 40, 51],
    [10, 44, 46],
    [8, 47, 45],
    [9, 42, 49],
    [10, 49, 41],
    [10, 44, 46],
    [8, 32, 60],
    [13, 39, 48],
    [9, 45, 46],
    [10, 39, 51],
    [6, 45, 49],
    [7, 43, 50],
    [8, 49, 43],
    [6, 51, 43],
    [10, 45, 45],
    [6, 43, 51],
    [8, 42, 50],
    [14, 31, 55],
    [23, 26, 51],
    [17, 34, 49],
    [32, 27, 41],
    [23, 31, 46],
    [16, 25, 59],
    [23, 31, 46],
    [21, 28, 51],
    [21, 28, 51],
    [26, 31, 43],
    [19, 26, 55],
    [21, 28, 51],
    [19, 29, 52],
    [31, 25, 44],
    [21, 28, 51],
    [19, 25, 56],
    [25, 32, 43],
    [29, 24, 47],
    [23, 36, 41],
    [23, 26, 51],
    [20, 23, 57],
    [20, 37, 43],
    [26, 22, 52],
    [18, 31, 51],
    [25, 33, 42]
  ],
  "W": [
    [67, 33],
    [87, 13],
    [70, 30],
    [80, 20],
    [76, 24],
    [83, 17],
    [72, 28],
    [78, 22],
    [74, 26],
    [73, 27],
    [77, 23],
    [73, 27],
    [65, 35],
    [77, 23],
    [71, 29],
    [67, 33],
    [73, 27],
    [70, 30],
    [74, 26],
    [75, 25],
    [72, 28],
    [73, 27],
    [70, 30],
    [77, 23],
    [75, 25],
    [23, 77],
    [26, 74],
    [29, 71],
    [25, 75],
    [24, 76],
    [23, 77],
    [28, 72],
    [27, 73],
    [24, 76],
    [24, 76],
    [33, 67],
    [26, 74],
    [24, 76],
    [26, 74],
    [25, 75],
    [30, 70],
    [24, 76],
    [22, 78],
    [26, 74],
    [34, 66],
    [27, 73],
    [28, 72],
    [27, 73],
    [27, 73],
    [19, 81]
  ],
  "method": "mcmc",
  "mcmc_stepsize": 3000,
  "mcmc_samples": 1000,
  "burn_in": 10000,
  "cond_prob": [
    [
      [0.015415029255, 0.43833336736, 0.54625160338],
      [0.27173312242, 0.17065649657, 0.55761038101]
    ],
    [
      [0.01892428828, 0.56214346599, 0.41893224573],
      [0.33489130151, 0.23796295841, 0.42714574008]
    ],
    [
      [0.0097737524852, 0.38658573916, 0.60364050835],
      [0.17719457753, 0.16463327529, 0.65817214718]
    ],
    [
      [0.021511460571, 0.56705005786, 0.41143848157],
      [0.36395415772, 0.23179976855, 0.40424607373]
    ],
    [
      [0.0068242213596, 0.57532083902, 0.41785493962],
      [0.14505663236, 0.30315067643, 0.55179269121]
    ],
    [
      [0.029302281195, 0.34863584401, 0.62206187479],
      [0.38634768593, 0.12136617336, 0.49228614071]
    ],
    [
      [0.025830096502, 0.51990929599, 0.45426060751],
      [0.39786546614, 0.19880466747, 0.4033298664]
    ],
    [
      [0.022933855363, 0.53126755035, 0.44579859429],
      [0.3732345128, 0.20732413966, 0.41944134753]
    ],
    [
      [0.017709370142, 0.47195813261, 0.51033249725],
      [0.29575025421, 0.1951960841, 0.50905366168]
    ],
    [
      [0.018829756946, 0.52342997619, 0.45774026687],
      [0.31946028678, 0.21443006439, 0.46610964884]
    ],
    [
      [0.016258373436, 0.54216698454, 0.44157464202],
      [0.29339588024, 0.22839748654, 0.47820663322]
    ],
    [
      [0.016926297876, 0.4982676034, 0.48480609872],
      [0.28756963908, 0.20838759079, 0.50404277013]
    ],
    [
      [0.012342716756, 0.5980823886, 0.38957489464],
      [0.26279209745, 0.28927556402, 0.44793233852]
    ],
    [
      [0.022152381993, 0.51114162251, 0.4667059955],
      [0.36062028637, 0.2018302203, 0.43754949333]
    ],
    [
      [0.013762904997, 0.38609920441, 0.6001378906],
      [0.24216668087, 0.15817091335, 0.59966240578]
    ],
    [
      [0.021936791165, 0.49124399424, 0.4868192146],
      [0.34940106036, 0.1844440117, 0.46615492794]
    ],
    [
      [0.016436182463, 0.53293596812, 0.45062784941],
      [0.28889476593, 0.22576571581, 0.48533951826]
    ],
    [
      [0.017314945702, 0.4751087814, 0.5075762729],
      [0.29293179336, 0.19141284341, 0.51565536323]
    ],
    [
      [0.011041744875, 0.51919885869, 0.46975939644],
      [0.19934272612, 0.25304940219, 0.54760787168]
    ],
    [
      [0.013604881956, 0.49898780426, 0.48740731379],
      [0.23918535413, 0.22303658723, 0.53777805863]
    ],
    [
      [0.012993945607, 0.57666409045, 0.41034196394],
      [0.25230128273, 0.2671494817, 0.48054923557]
    ],
    [
      [0.0094857478939, 0.58669614133, 0.40381811078],
      [0.19657557051, 0.30263635863, 0.50078807086]
    ],
    [
      [0.016979654737, 0.54383697886, 0.4391833664],
      [0.29371413895, 0.23104704933, 0.47523881172]
    ],
    [
      [0.012139008675, 0.4938996623, 0.49396132902],
      [0.22023027531, 0.21607504359, 0.56369468111]
    ],
    [
      [0.015870885906, 0.49089296005, 0.49323615404],
      [0.27238734228, 0.20732111985, 0.52029153787]
    ],
    [
      [0.0098029711687, 0.50798199661, 0.48221503222],
      [0.1788900216, 0.25086252049, 0.57024745791]
    ],
    [
      [0.018666673463, 0.46697496021, 0.51435836632],
      [0.30425224986, 0.18727906803, 0.5084686821]
    ],
    [
      [0.01404725313, 0.55487929286, 0.43107345401],
      [0.23369900928, 0.25223240151, 0.51406858921]
    ],
    [
      [0.027753365327, 0.52730477123, 0.44494186344],
      [0.41741554489, 0.18423174292, 0.39835271219]
    ],
    [
      [0.01565699132, 0.55319411001, 0.43114889867],
      [0.2976872659, 0.23320186, 0.4691108741]
    ],
    [
      [0.012535668302, 0.43980231645, 0.54766201525],
      [0.20404778739, 0.19330580158, 0.60264641103]
    ],
    [
      [0.018779618682, 0.53767079961, 0.44354958171],
      [0.3121412594, 0.22146135571, 0.46639738489]
    ],
    [
      [0.016061254016, 0.48749002268, 0.49644872331],
      [0.28173076906, 0.2032571149, 0.51501211604]
    ],
    [
      [0.016851121367, 0.49427508357, 0.48887379506],
      [0.27099438273, 0.21233418413, 0.51667143314]
    ],
    [
      [0.020572740881, 0.56275142415, 0.41667583497],
      [0.33560860814, 0.2301837608, 0.43420763106]
    ],
    [
      [0.017792680013, 0.42807846978, 0.55412885021],
      [0.27481853074, 0.17721508205, 0.54796638721]
    ],
    [
      [0.015863200467, 0.48919169613, 0.4949451034],
      [0.27821022686, 0.20650021487, 0.51528955826]
    ],
    [
      [0.014650322403, 0.50136896302, 0.48398071458],
      [0.2453735824, 0.22325190641, 0.53137451119]
    ],
    [
      [0.027694772685, 0.4829768246, 0.48932840272],
      [0.40918832311, 0.16814327784, 0.42266839905]
    ],
    [
      [0.016172178398, 0.49235402717, 0.49147379443],
      [0.27460927387, 0.20921532428, 0.51617540186]
    ],
    [
      [0.016146233678, 0.42232957977, 0.56152418655],
      [0.264508757, 0.17614446581, 0.55934677719]
    ],
    [
      [0.019354025164, 0.57250642262, 0.40813955222],
      [0.322835571, 0.2402611297, 0.4369032993]
    ],
    [
      [0.025823160872, 0.47058480936, 0.50359202976],
      [0.36451141616, 0.1749632589, 0.46052532494]
    ],
    [
      [0.017832935436, 0.6092327364, 0.37293432816],
      [0.30454518485, 0.27243174126, 0.42302307389]
    ],
    [
      [0.023591834626, 0.43678087224, 0.53962729313],
      [0.33633147913, 0.16893106581, 0.49473745505]
    ],
    [
      [0.015207179583, 0.40637546275, 0.57841735767],
      [0.26834802947, 0.1647652398, 0.56688673073]
    ],
    [
      [0.015090952809, 0.60247921648, 0.38242983071],
      [0.27190907391, 0.27959141581, 0.44849951028]
    ],
    [
      [0.021700151206, 0.40690717997, 0.57139266882],
      [0.34813830024, 0.15086994713, 0.50099175263]
    ],
    [
      [0.014187708863, 0.52111832074, 0.46469397039],
      [0.24132783371, 0.23191514164, 0.52675702465]
    ],
    [
      [0.017661147828, 0.59170509354, 0.39063375863],
      [0.30449923693, 0.26861238547, 0.4268883776]
    ]
  ],