{
  "X": [
    [73, 13, 14],
    [62, 22, 16],
    [74, 14, 12],
    [64, 17, 19],
    [64, 16, 20],
    [63, 26, 11],
    [71, 19, 10],
    [64, 15, 21],
    [68, 19, 13],
    [77, 10, 13],
    [65, 23, 12],
    [65, 19, 16],
    [66, 18, 16],
    [66, 21, 13],
    [62, 23, 15],
    [70, 15, 15],
    [71, 15, 14],
    [67, 20, 13],
    [70, 14, 16],
    [65, 20, 15],
    [70, 19, 11],
    [70, 14, 16],
    [76, 14, 10],
    [64, 18, 18],
    [66, 25, 9],
    [55, 39, 6],
    [55, 31, 14],
    [56, 41, 3],
    [42, 50, 8],
    [48, 49, 3],
    [42, 49, 9],
    [45, 45, 10],
    [43, 52, 5],
    [45, 50, 5],
    [57, 36, 7],
    [50, 43, 7],
    [47, 44, 9],
    [55, 39, 6],
    [51, 43, 6],
    [58, 39, 3],
    [53, 41, 6],
    [52, 35, 13],
    [47, 46, 7],
    [51, 42, 7],
    [49, 36, 15],
    [49, 45, 6],
    [49, 40, 11],
    [58, 34, 8],
    [49, 44, 7],
    [51, 44, 5]
  ],
  "W": [
    [76, 24],
    [73, 27],
    [83, 17],
    [74, 26],
    [80, 20],
    [72, 28],
    [72, 28],
    [72, 28],
    [83, 17],
    [80, 20],
    [72, 28],
    [83, 17],
    [74, 26],
    [74, 26],
    [67, 33],
    [77, 23],
    [75, 25],
    [72, 28],
    [70, 30],
    [71, 29],
    [79, 21],
    [85, 15],
    [76, 24],
    [71, 29],
    [69, 31],
    [29, 71],
    [27, 73],
    [20, 80],
    [21, 79],
    [20, 80],
    [22, 78],
    [30, 70],
    [19, 81],
    [21, 79],
    [29, 71],
    [19, 81],
    [21, 79],
    [26, 74],
    [30, 70],
    [23, 77],
    [27, 73],
    [26, 74],
    [25, 75],
    [21, 79],
    [22, 78],
    [21, 79],
    [36, 64],
    [34, 66],
    [23, 77],
    [28, 72]
  ],
  "method": "mcmc",
  "mcmc_stepsize": 3000,
  "mcmc_samples": 1000,
  "burn_in": 10000,
  "cond_prob": [
    [
      [0.7956733973, 0.036208607911, 0.16811799479],
      [0.52203424188, 0.42700607495, 0.050959683171]
    ],
    [
      [0.72563451031, 0.069020635643, 0.20534485405],
      [0.33439558323, 0.62820346659, 0.037400950172]
    ],
    [
      [0.80406125329, 0.057895556512, 0.1380431902],
      [0.42723035161, 0.54086287115, 0.031906777246]
    ],
    [
      [0.71825458751, 0.047072567253, 0.23467284523],
      [0.41727540477, 0.51987038551, 0.062854209722]
    ],
    [
      [0.70553045669, 0.058601413449, 0.23586812986],
      [0.37787817324, 0.56559434621, 0.056527480559]
    ],
    [
      [0.76111902111, 0.095647338158, 0.14323364073],
      [0.29283680285, 0.68262113045, 0.024542066695]
    ],
    [
      [0.81701476535, 0.054908782921, 0.12807645173],
      [0.43481917483, 0.53737741535, 0.027803409827]
    ],
    [
      [0.70274546186, 0.035875748309, 0.26137878983],
      [0.47865452666, 0.44346236149, 0.077883111853]
    ],
    [
      [0.75570568666, 0.093339326174, 0.15095498717],
      [0.31037811808, 0.66193152515, 0.027690356768]
    ],
    [
      [0.81951023874, 0.028844345923, 0.15164541533],
      [0.57195904502, 0.38462261631, 0.043418338667]
    ],
    [
      [0.76769028219, 0.077141386762, 0.15516833105],
      [0.34736784579, 0.62306500547, 0.029567148736]
    ],
    [
      [0.72152008542, 0.093018943557, 0.18546097103],
      [0.30081370061, 0.66349574616, 0.035690553228]
    ],
    [
      [0.74761622565, 0.052465119661, 0.19991865469],
      [0.41063074237, 0.5429838902, 0.046385367432]
    ],
    [
      [0.76519284767, 0.070068791232, 0.1647383611],
      [0.36060497203, 0.60826574803, 0.031129279941]
    ],
    [
      [0.7362631136, 0.060773210803, 0.2029636756],
      [0.38395064815, 0.57358166292, 0.04246768893]
    ],
    [
      [0.77238927814, 0.047670858051, 0.17993986381],
      [0.45765328621, 0.49258017087, 0.049766542912]
    ],
    [
      [0.78678118976, 0.042806693929, 0.17041211631],
      [0.47965643072, 0.47157991821, 0.048763651068]
    ],
    [
      [0.77441929057, 0.059236536738, 0.16634417269],
      [0.40149325282, 0.56196319125, 0.036543555939]
    ],
    [
      [0.76868886496, 0.030133473688, 0.20117766135],
      [0.53972598176, 0.39635522806, 0.063918790175]
    ],
    [
      [0.75140295189, 0.055443648628, 0.19315339948],
      [0.40173760054, 0.55391382577, 0.044348573689]
    ],
    [
      [0.79511768936, 0.072467799516, 0.13241451113],
      [0.34217631146, 0.63214494468, 0.025678743858]
    ],
    [
      [0.75517192396, 0.063029483122, 0.18179859291],
      [0.38735909754, 0.57616626231, 0.036474640153]
    ],
    [
      [0.83683111219, 0.04234287874, 0.12082600907],
      [0.51670147806, 0.44924755066, 0.034050971281]
    ],
    [
      [0.72474620375, 0.045384258065, 0.22986953818],
      [0.43251791495, 0.50957647163, 0.057905613414]
    ],
    [
      [0.80019380643, 0.079124644757, 0.12068154881],
      [0.34795572117, 0.63033546812, 0.021708810708]
    ],
    [
      [0.81131754579, 0.053878445525, 0.13480400869],
      [0.4432646644, 0.52728908563, 0.029446249973]
    ],
    [
      [0.69833611999, 0.039433776935, 0.26223010307],
      [0.49513595562, 0.41007243867, 0.094791605712]
    ],
    [
      [0.87080031209, 0.052525473482, 0.076674214425],
      [0.48229992198, 0.49936863163, 0.018331446394]
    ],
    [
      [0.70690715443, 0.07504072737, 0.2180521182],
      [0.34373354123, 0.61296385728, 0.043302601491]
    ],
    [
      [0.84487941938, 0.073816079686, 0.08130450093],
      [0.38878014515, 0.59404598008, 0.017173874768]
    ],
    [
      [0.69403484818, 0.073734042636, 0.23223110918],
      [0.34270811974, 0.60740834695, 0.049883533308]
    ],
    [
      [0.71072074762, 0.069541522006, 0.21973773037],
      [0.33826253673, 0.61305363343, 0.048683829841]
    ],
    [
      [0.7770506582, 0.077686402638, 0.14526293916],
      [0.34859305548, 0.62375257222, 0.027654372295]
    ],
    [
      [0.78508233402, 0.0775027537, 0.13741491228],
      [0.36092748083, 0.61230939459, 0.026763124584]
    ],
    [
      [0.80418718773, 0.045332553642, 0.15048025863],
      [0.47434607825, 0.48852614006, 0.037127781686]
    ],
    [
      [0.764600995, 0.053469532628, 0.18192947237],
      [0.43793309994, 0.51832196148, 0.043744938579]
    ],
    [
      [0.71630699602, 0.059960724952, 0.22373227902],
      [0.4045259884, 0.54102309843, 0.054450913171]
    ],
    [
      [0.80957120836, 0.050858805017, 0.13956998662],
      [0.45879930517, 0.50915771716, 0.032042977672]
    ],
    [
      [0.79639462446, 0.066466324769, 0.13713905077],
      [0.38725944666, 0.58580014653, 0.026940406812]
    ],
    [
      [0.87528942621, 0.051152377964, 0.073558195825],
      [0.4917966649, 0.49121422476, 0.016989110338]
    ],
    [
      [0.8024976583, 0.057299075408, 0.14020326629],
      [0.42921319487, 0.5404510269, 0.030335778223]
    ],
    [
      [0.69218377419, 0.047968329697, 0.25984789612],
      [0.45950299826, 0.45611923551, 0.08437776623]
    ],
    [
      [0.75878644326, 0.066701774688, 0.17451178205],
      [0.37373785225, 0.59109940844, 0.035162739316]
    ],
    [
      [0.77002687833, 0.054276753856, 0.17569636781],
      [0.44087893108, 0.51721757176, 0.041903497165]
    ],
    [
      [0.64371093265, 0.042031454359, 0.31425761299],
      [0.44664563438, 0.44968343595, 0.10367092967]
    ],
    [
      [0.78008792141, 0.063105276449, 0.15680680215],
      [0.41288802089, 0.55284543284, 0.034266546265]
    ],
    [
      [0.71602694217, 0.064757176802, 0.21921588102],
      [0.36285984503, 0.58857408805, 0.048566066924]
    ],
    [
      [0.7940995213, 0.048850566951, 0.15704991175],
      [0.46970630721, 0.48998607157, 0.04030762122]
    ],
    [
      [0.76417383345, 0.061167435758, 0.17465873079],
      [0.40810391988, 0.55315777893, 0.038738301192]
    ],
    [
      [0.81411229338, 0.067430150869, 0.11845755575],
      [0.39173410813, 0.58488827466, 0.023377617208]
    ]
  ],