{
  "X": [
    [33, 12, 55],
    [42, 10, 48],
    [29, 6, 65],
    [30, 12, 58],
    [33, 8, 59],
    [29, 9, 62],
    [33, 4, 63],
    [35, 8, 57],
    [30, 9, 61],
    [33, 12, 55],
    [44, 1, 55],
    [35, 3, 62],
    [41, 6, 53],
    [38, 5, 57],
    [36, 4, 60],
    [46, 1, 53],
    [37, 8, 55],
    [39, 9, 52],
    [44, 5, 51],
    [25, 6, 69],
    [38, 6, 56],
    [38, 1, 61],
    [37, 7, 56],
    [45, 6, 49],
    [34, 8, 58],
    [23, 12, 65],
    [25, 15, 60],
    [26, 15, 59],
    [31, 20, 49],
    [22, 19, 59],
    [20, 15, 65],
    [24, 19, 57],
    [32, 14, 54],
    [22, 20, 58],
    [22, 18, 60],
    [22, 16, 62],
    [25, 10, 65],
    [33, 18, 49],
    [31, 15, 54],
    [17, 23, 60],
    [29, 13, 58],
    [25, 11, 64],
    [24, 13, 63],
    [22, 18, 60],
    [21, 12, 67],
    [28, 12, 60],
    [21, 14, 65],
    [25, 11, 64],
    [24, 18, 58],
    [20, 25, 55]
  ],
  "W": [
    [78, 22],
    [78, 22],
    [77, 23],
    [72, 28],
    [75, 25],
    [76, 24],
    [67, 33],
    [73, 27],
    [71, 29],
    [70, 30],
    [76, 24],
    [68, 32],
    [72, 28],
    [69, 31],
    [82, 18],
    [81, 19],
    [71, 29],
    [74, 26],
    [78, 22],
    [74, 26],
    [78, 22],
    [76, 24],
    [79, 21],
    [77, 23],
    [79, 21],
    [29, 71],
    [23, 77],
    [33, 67],
    [24, 76],
    [27, 73],
    [23, 77],
    [25, 75],
    [24, 76],
    [25, 75],
    [25, 75],
    [31, 69],
    [25, 75],
    [21, 79],
    [23, 77],
    [23, 77],
    [28, 72],
    [29, 71],
    [23, 77],
    [33, 67],
    [21, 79],
    [23, 77],
    [24, 76],
    [25, 75],
    [20, 80],
    [22, 78]
  ],
  "method": "mcmc",
  "mcmc_stepsize": 3000,
  "mcmc_samples": 1000,
  "burn_in": 10000,
  "cond_prob": [
    [
      [0.38099838943, 0.057686107382, 0.56131550319],
      [0.1491875284, 0.34093107383, 0.50988139777]
    ],
    [
      [0.47873473235, 0.043117908193, 0.47814735945],
      [0.2117586762, 0.30167287095, 0.48656845285]
    ],
    [
      [0.33164064633, 0.025323571456, 0.64303578222],
      [0.15059435794, 0.17609065208, 0.67331498997]
    ],
    [
      [0.36067317753, 0.048666797517, 0.59066002495],
      [0.14398325777, 0.30342823496, 0.55258850728]
    ],
    [
      [0.38335797366, 0.033001916145, 0.5836401102],
      [0.16992607903, 0.22099425157, 0.6090796694]
    ],
    [
      [0.33690758566, 0.03979621231, 0.62329620203],
      [0.14145931209, 0.24897866102, 0.6095620269]
    ],
    [
      [0.394322106, 0.012303413009, 0.59337448099],
      [0.19940663327, 0.096232464497, 0.70436090224]
    ],
    [
      [0.41030566567, 0.030636174629, 0.5590581597],
      [0.18695134836, 0.21346515748, 0.59958349415]
    ],
    [
      [0.35927909312, 0.033947941945, 0.60677296494],
      [0.1548684272, 0.22723090075, 0.61790067205]
    ],
    [
      [0.40143180504, 0.044814514368, 0.55375368059],
      [0.16332578823, 0.29543279981, 0.54124141196]
    ],
    [
      [0.4905837589, 0.0032282006034, 0.5061880405],
      [0.27981809683, 0.031444031423, 0.68873787175]
    ],
    [
      [0.41584045338, 0.009299125944, 0.57486042068],
      [0.21008903657, 0.073989357369, 0.71592160606]
    ],
    [
      [0.47617799933, 0.021657399874, 0.50216460079],
      [0.23982800171, 0.15859525747, 0.60157674082]
    ],
    [
      [0.44872246084, 0.016478821897, 0.53479871727],
      [0.2270371033, 0.12461165449, 0.64835124221]
    ],
    [
      [0.39586215969, 0.018177128005, 0.58596071231],
      [0.1966279392, 0.13941530576, 0.66395675505]
    ],
    [
      [0.50016926888, 0.0039164570036, 0.49591427412],
      [0.28875206427, 0.035935104353, 0.67531283138]
    ],
    [
      [0.43619210208, 0.028689906742, 0.53511799117],
      [0.20794347421, 0.2056212628, 0.58643526299]
    ],
    [
      [0.45477762004, 0.034814053793, 0.51040832617],
      [0.20563292758, 0.24706769305, 0.54729937937]
    ],
    [
      [0.4929994871, 0.019207303801, 0.4877932091],
      [0.25209272755, 0.1591741047, 0.58873316774]
    ],
    [
      [0.29218731895, 0.024084086204, 0.68372859484],
      [0.1299283999, 0.16222221619, 0.70784938391]
    ],
    [
      [0.42904095614, 0.024585965316, 0.54637307855],
      [0.20612751915, 0.18555885024, 0.6083136306]
    ],
    [
      [0.42679757535, 0.0030487766737, 0.57015364798],
      [0.23180767806, 0.0320122072, 0.73618011474]
    ],
    [
      [0.4166984634, 0.031183917272, 0.55211761933],
      [0.19432482818, 0.21602240645, 0.58965276537]
    ],
    [
      [0.50747860854, 0.023197965409, 0.46932342605],
      [0.25757161489, 0.18320681146, 0.55922157365]
    ],
    [
      [0.38482483436, 0.036859816677, 0.57831534897],
      [0.17137324219, 0.24228926107, 0.58633749674]
    ],
    [
      [0.36979887859, 0.022751138151, 0.60744998326],
      [0.17289904959, 0.15972136611, 0.6673795843]
    ],
    [
      [0.42805566147, 0.028014997173, 0.54392934136],
      [0.19681454268, 0.18643707877, 0.61674837856]
    ],
    [
      [0.40646671171, 0.027064371507, 0.56646891678],
      [0.18785967931, 0.21055038418, 0.60158993651]
    ],
    [
      [0.51777885537, 0.036198387877, 0.44602275675],
      [0.24438562462, 0.25172682488, 0.5038875505]
    ],
    [
      [0.3781130773, 0.039992844639, 0.58189407806],
      [0.16151982072, 0.24548209856, 0.59299808072]
    ],
    [
      [0.36004626141, 0.029355815213, 0.61059792338],
      [0.15219397386, 0.18603657468, 0.66176945146]
    ],
    [
      [0.41886483884, 0.037747291577, 0.54338786958],
      [0.18037838705, 0.24075090281, 0.57887071014]
    ],
    [
      [0.50657949067, 0.024312337758, 0.46910817157],
      [0.26108016084, 0.17653294597, 0.56238689319]
    ],
    [
      [0.39417284479, 0.041785506636, 0.56404164857],
      [0.16194238507, 0.25273816445, 0.58531945048]
    ],
    [
      [0.39158314422, 0.036462258761, 0.57195459702],
      [0.16280561859, 0.22784591375, 0.60934846766]
    ],
    [
      [0.36048613089, 0.03250423889, 0.60700963022],
      [0.15688304264, 0.21728070427, 0.62583625309]
    ],
    [
      [0.40673470137, 0.016288399371, 0.57697689926],
      [0.19775509954, 0.12790386688, 0.67434103358]
    ],
    [
      [0.5431910608, 0.031304739308, 0.42550419989],
      [0.27332895852, 0.21952658829, 0.50714445319]
    ],
    [
      [0.49860703986, 0.027203838002, 0.47418912214],
      [0.25366283225, 0.18667937306, 0.55965779468]
    ],
    [
      [0.32355999131, 0.050773796808, 0.62566621188],
      [0.12413143117, 0.28353509965, 0.59233346918]
    ],
    [
      [0.45246390298, 0.021615266388, 0.52592083063],
      [0.22681959328, 0.17214961863, 0.60103078809]
    ],
    [
      [0.39479880428, 0.019777326211, 0.58542386951],
      [0.19085682642, 0.14685151465, 0.66229165893]
    ],
    [
      [0.40677891025, 0.021626220721, 0.57159486903],
      [0.19018292291, 0.16237138862, 0.64744568847]
    ],
    [
      [0.35994006195, 0.038460388516, 0.60159954954],
      [0.15107429785, 0.24971353998, 0.59921216217]
    ],
    [
      [0.36132449601, 0.020656708984, 0.61801879501],
      [0.16977450106, 0.14640771027, 0.68381778867]
    ],
    [
      [0.45077556343, 0.020294931821, 0.52892950475],
      [0.22898911742, 0.14978203335, 0.62122884923]
    ],
    [
      [0.36465405065, 0.026537773017, 0.60880817634],
      [0.16116187874, 0.17583017694, 0.66300794431]
    ],
    [
      [0.40820461649, 0.018296484056, 0.57349889945],
      [0.19726512784, 0.14056783865, 0.66216703352]
    ],
    [
      [0.42935488794, 0.034315770778, 0.53632934128],
      [0.19266127802, 0.21642105731, 0.59091766468]
    ],
    [
      [0.39106255042, 0.051516672003, 0.55742077758],
      [0.1461105627, 0.30598247713, 0.54790696017]
    ]
  ],