{
  "X": [
    [21, 6, 0, 10],
    [808, 111, 30, 136],
    [299, 29, 16, 34],
    [816, 383, 83, 187],
    [457, 371, 82, 152],
    [498, 458, 91, 147],
    [863, 103, 36, 93],
    [872, 79, 26, 100],
    [676, 97, 42, 76],
    [684, 51, 33, 74],
    [875, 48, 28, 97],
    [835, 54, 30, 98],
    [240, 17, 1, 21],
    [910, 38, 23, 93],
    [247, 6, 9, 25],
    [759, 30, 25, 81],
    [558, 109, 26, 78],
    [565, 129, 51, 99],
    [756, 42, 27, 94],
    [927, 36, 33, 83],
    [696, 116, 54, 128],
    [655, 32, 13, 66],
    [543, 84, 18, 63],
    [246, 55, 18, 42],
    [384, 213, 36, 64],
    [362, 142, 41, 52],
    [454, 154, 41, 82],
    [770, 219, 51, 107],
    [150, 29, 10, 22],
    [816, 211, 90, 124],
    [279, 63, 20, 34],
    [2256, 302, 80, 285],
    [81, 26, 7, 27]
  ],
  "W": [
    [0, 7, 14, 16],
    [42, 97, 749, 197],
    [19, 28, 302, 29],
    [39, 388, 778, 264],
    [13, 370, 434, 245],
    [19, 445, 487, 243],
    [38, 84, 836, 137],
    [44, 63, 837, 133],
    [20, 113, 639, 119],
    [25, 57, 659, 101],
    [73, 9, 860, 106],
    [46, 43, 795, 133],
    [9, 17, 228, 25],
    [32, 26, 889, 117],
    [10, 6, 232, 39],
    [27, 6, 759, 103],
    [22, 93, 533, 123],
    [30, 131, 550, 133],
    [27, 39, 747, 106],
    [26, 40, 888, 125],
    [35, 118, 662, 179],
    [25, 25, 613, 103],
    [14, 72, 530, 92],
    [6, 51, 245, 59],
    [18, 225, 379, 75],
    [17, 125, 363, 92],
    [12, 156, 447, 116],
    [30, 200, 731, 186],
    [2, 27, 153, 29],
    [39, 195, 813, 194],
    [14, 59, 264, 59],
    [115, 273, 2127, 408],
    [4, 25, 90, 22]
  ],
  "method": "mvn_pdf",
  "cond_prob": [
    [
      [0.93901645442, 0.01344201127, 0.0015656789309, 0.045975855375],
      [0.075031444041, 0.85714285714, 0, 0.067825698816],
      [0.94370182331, 0, 0, 0.056298176688],
      [0.45393464783, 0, 0, 0.54606535217]
    ],
    [
      [0.85440932841, 0.063982192027, 0.0076053077882, 0.074003171772],
      [0.00025358331462, 0.87875459828, 0.09716396173, 0.02382785667],
      [0.95331488202, 0.0027790290778, 0.0050841248333, 0.038821964068],
      [0.29470743143, 0.10655867575, 0.083490676573, 0.51524321625]
    ],
    [
      [0.790397259, 0.086027342778, 0.020536076807, 0.10303932141],
      [0.000173702898, 0.80743113594, 0.17133031405, 0.021064847113],
      [0.92132718758, 0.0056355001353, 0.019894140292, 0.05314317199],
      [0.19781992234, 0.10536164276, 0.16567363376, 0.53114480114]
    ],
    [
      [0.79661056081, 0.098447846614, 0.012942794131, 0.091998798442],
      [0.00012320488525, 0.87479640916, 0.10624382074, 0.018836565217],
      [0.93244517715, 0.0054077246173, 0.013956021321, 0.048191076916],
      [0.22515923035, 0.13459211166, 0.1152077424, 0.52504091559]
    ],
    [
      [0.75388592606, 0.13366616257, 0.01729755747, 0.095150353893],
      [0, 0.87945355565, 0.10522384653, 0.015322597822],
      [0.92059534392, 0.0068473533899, 0.019059875855, 0.053497426838],
      [0.19453511715, 0.16690927724, 0.1411033568, 0.49745224881]
    ],
    [
      [0.69686795926, 0.18827308308, 0.02104159682, 0.093817360844],
      [0.0014827491089, 0.89379111734, 0.091417155727, 0.01330897782],
      [0.91029714173, 0.0079738626532, 0.023159819504, 0.058569176114],
      [0.16783941316, 0.21729421025, 0.15901540438, 0.45585097221]
    ],
    [
      [0.82928317692, 0.093612295429, 0.011598559307, 0.065505968344],
      [0, 0.88561776325, 0.10003755716, 0.014344679585],
      [0.94889999639, 0.0049704049391, 0.012325486704, 0.033804111965],
      [0.27888206054, 0.15252249731, 0.12300724861, 0.44558819354]
    ],
    [
      [0.84538436606, 0.075094732267, 0.0088691304311, 0.070651771243],
      [4.6671743327e-05, 0.88502767764, 0.095628730129, 0.019296920487],
      [0.9513468808, 0.0040279935428, 0.0081129262075, 0.036512199452],
      [0.28964517553, 0.12456885334, 0.09620021825, 0.48958575288]
    ],
    [
      [0.89621100779, 0.037294424689, 0.010026333323, 0.056468234203],
      [0.00057477002153, 0.77983625059, 0.19219357502, 0.027395404373],
      [0.963471383, 0, 0.0081149799943, 0.028413637004],
      [0.35590434533, 0.068341304114, 0.125177539, 0.45057681156]
    ],
    [
      [0.88195004541, 0.04015440887, 0.011949029641, 0.065946516076],
      [0.00021487232877, 0.76423241956, 0.20667744609, 0.028875262015],
      [0.95513138695, 0, 0.010960389501, 0.033908223544],
      [0.32185561524, 0.063711800625, 0.13562141733, 0.47881116681]
    ],
    [
      [0.73693629626, 0.16572241516, 0.013764579348, 0.083576709238],
      [3.8624185357e-05, 0.92068645406, 0.068607125522, 0.010667796233],
      [0.93005171687, 0.0051203771263, 0.016091890371, 0.048736015633],
      [0.20149836082, 0.21898642716, 0.11828958358, 0.46122562845]
    ],
    [
      [0.8585173601, 0.060420730108, 0.010560724261, 0.070501185534],
      [4.4545721426e-05, 0.84335712524, 0.1338476998, 0.022750629234],
      [0.95128092235, 0.0020108404451, 0.010740649804, 0.035967587401],
      [0.29502220076, 0.10043362313, 0.11443563156, 0.49010854455]
    ],
    [
      [0.90379217276, 0.034330989036, 0.0031425512006, 0.058734287005],
      [0.019632220642, 0.89146001635, 0.057159825835, 0.031747937169],
      [0.9682045274, 0, 0, 0.031795472605],
      [0.43125961792, 0.061448032826, 0, 0.50729234925]
    ],
    [
      [0.86062036544, 0.059777679118, 0.0091873429178, 0.070414612523],
      [4.841327999e-05, 0.85742712559, 0.11929866751, 0.023225793622],
      [0.95310085029, 0.0022292517777, 0.0087221538428, 0.035947744092],
      [0.3004464415, 0.10095901002, 0.10128414449, 0.49731040399]
    ],
    [
      [0.90435179732, 0.030141364049, 0.010112542356, 0.055394296276],
      [0.00012722346224, 0.75572392278, 0.21464030409, 0.029508549675],
      [0.96048270848, 0, 0.011171261597, 0.028346029925],
      [0.3877879569, 0.029852380073, 0.12870000158, 0.45365966145]
    ],
    [
      [0.79774575465, 0.11319774781, 0.0132507786, 0.075805718942],
      [9.9158083358e-06, 0.89281299973, 0.093522835263, 0.013654249196],
      [0.93882749816, 0.0058750574514, 0.014515058408, 0.040782385977],
      [0.24165761187, 0.16628751656, 0.12683653044, 0.46521834114]
    ],
    [
      [0.82376532968, 0.098982981666, 0.009910989815, 0.067340698843],
      [0, 0.90326209275, 0.082510479905, 0.014227427348],
      [0.94920582298, 0.0056243215354, 0.0097021974108, 0.035467658072],
      [0.27601999266, 0.16114826341, 0.1051805884, 0.45765115553]
    ],
    [
      [0.80451913328, 0.086725339649, 0.017872337487, 0.090883189583],
      [0.00017602480358, 0.82360588913, 0.15616828844, 0.020049797628],
      [0.92982024737, 0.0056242815571, 0.016838326778, 0.047717144292],
      [0.22135511802, 0.11588355999, 0.15597522076, 0.50678610122]
    ],
    [
      [0.84962778265, 0.052898963905, 0.0113336415, 0.086139611942],
      [8.9138834746e-05, 0.81224666917, 0.15730376834, 0.030360423658],
      [0.9437548975, 0.00060456801488, 0.011703540601, 0.043936993888],
      [0.26482702853, 0.079646184621, 0.11147735741, 0.54404942944]
    ],
    [
      [0.9025490869, 0.032264112312, 0.01001877402, 0.055168026767],
      [0.00024438374647, 0.75704005218, 0.21296373881, 0.029751825271],
      [0.96314364159, 0, 0.0093939903791, 0.027462368029],
      [0.38601915726, 0.039036247943, 0.12703279093, 0.44791180387]
    ],
    [
      [0.83590279662, 0.064185520811, 0.014438874002, 0.085472808568],
      [0.00015879881634, 0.80772450211, 0.16699500475, 0.025121694325],
      [0.93928056572, 0.0026764950245, 0.01401330433, 0.044029634922],
      [0.25095491256, 0.093129473833, 0.13694090159, 0.51897471202]
    ],
    [
      [0.89510096288, 0.044277839833, 0.0061002262358, 0.054520971047],
      [0.00022260533981, 0.86621433517, 0.10924080354, 0.024322255941],
      [0.96954665719, 0.00013252294848, 0.0028848869823, 0.027435932877],
      [0.37169718384, 0.088897660751, 0.081048917819, 0.45835623759]
    ],
    [
      [0.83335222501, 0.092134113874, 0.0085167358042, 0.065996925314],
