{
  "X": [
    [78, 22],
    [78, 22],
    [84, 16],
    [83, 17],
    [77, 23],
    [86, 14],
    [78, 22],
    [85, 15],
    [82, 18],
    [82, 18],
    [85, 15],
    [88, 12],
    [82, 18],
    [79, 21],
    [78, 22],
    [78, 22],
    [79, 21],
    [66, 34],
    [69, 31],
    [61, 39],
    [62, 38],
    [57, 43],
    [66, 34],
    [62, 38],
    [57, 43],
    [63, 37],
    [72, 28],
    [57, 43],
    [55, 45],
    [52, 48],
    [61, 39],
    [56, 44],
    [56, 44],
    [69, 31],
    [76, 24],
    [71, 29],
    [74, 26],
    [67, 33],
    [77, 23],
    [76, 24],
    [74, 26],
    [71, 29],
    [68, 32],
    [68, 32],
    [84, 16],
    [75, 25],
    [74, 26],
    [60, 40],
    [79, 21],
    [80, 20]
  ],
  "W": [
    [61, 19, 20],
    [61, 19, 20],
    [66, 18, 16],
    [66, 12, 22],
    [63, 21, 16],
    [68, 16, 16],
    [62, 25, 13],
    [76, 15, 9],
    [71, 17, 12],
    [59, 23, 18],
    [72, 12, 16],
    [71, 13, 16],
    [70, 18, 12],
    [66, 17, 17],
    [61, 15, 24],
    [63, 22, 15],
    [51, 33, 16],
    [18, 64, 18],
    [19, 66, 15],
    [16, 63, 21],
    [15, 62, 23],
    [22, 63, 15],
    [22, 68, 10],
    [21, 65, 14],
    [20, 67, 13],
    [20, 57, 23],
    [26, 57, 17],
    [16, 71, 13],
    [17, 64, 19],
    [11, 74, 15],
    [16, 66, 18],
    [20, 66, 14],
    [15, 63, 22],
    [17, 40, 43],
    [20, 19, 61],
    [12, 21, 67],
    [15, 20, 65],
    [14, 25, 61],
    [11, 13, 76],
    [12, 18, 70],
    [17, 21, 62],
    [17, 16, 67],
    [17, 13, 70],
    [12, 13, 75],
    [19, 12, 69],
    [15, 15, 70],
    [21, 14, 65],
    [11, 24, 65],
    [13, 18, 69],
    [23, 14, 63]
  ],
  "method": "mult",
  "cond_prob": [
    [
      [0.91156168661, 0.088438313385],
      [0.43524059477, 0.56475940523],
      [0.72714149819, 0.27285850181]
    ],
    [
      [0.91156168661, 0.088438313385],
      [0.43524059477, 0.56475940523],
      [0.72714149819, 0.27285850181]
    ],
    [
      [0.93419001383, 0.065809986174],
      [0.51454936897, 0.48545063103],
      [0.78578959946, 0.21421040054]
    ],
    [
      [0.92158746026, 0.078412539741],
      [0.46680681031, 0.53319318969],
      [0.7521403837, 0.2478596163]
    ],
    [
      [0.90803653948, 0.091963460517],
      [0.42477332545, 0.57522667455],
      [0.71855393948, 0.28144606052]
    ],
    [
      [0.9398731348, 0.060126865201],
      [0.53827134741, 0.46172865259],
      [0.80149541469, 0.19850458531]
    ],
    [
      [0.91883494923, 0.081165050772],
      [0.45880416716, 0.54119583284],
      [0.74545444605, 0.25454555395]
    ],
    [
      [0.92774489399, 0.072255106007],
      [0.48852708107, 0.51147291893],
      [0.76816848503, 0.23183151497]
    ],
    [
      [0.91946120586, 0.08053879414],
      [0.45979408477, 0.54020591523],
      [0.74674204949, 0.25325795051]
    ],
    [
      [0.93545458983, 0.064545410173],
      [0.52044511921, 0.47955488079],
      [0.78943693207, 0.21056306793]
    ],
    [
      [0.92686451475, 0.073135485248],
      [0.485187372, 0.514812628],
      [0.76581430956, 0.23418569044]
    ],
    [
      [0.9443102885, 0.055689711502],
      [0.55790784422, 0.44209215578],
      [0.81400939174, 0.18599060826]
    ],
    [
      [0.92172256494, 0.078277435064],
      [0.46764564219, 0.53235435781],
      [0.75259133523, 0.24740866477]
    ],
    [
      [0.90894600254, 0.091053997462],
      [0.42696947662, 0.57303052338],
      [0.7206163862, 0.2793836138]
    ],
    [
      [0.90549833444, 0.094501665562],
      [0.41706451712, 0.58293548288],
      [0.71232167926, 0.28767832074]
    ],
    [
      [0.91410684832, 0.085893151685],
      [0.44325681034, 0.55674318966],
      [0.73348205638, 0.26651794362]
    ],
    [
      [0.93797213619, 0.062027863814],
      [0.53184634166, 0.46815365834],
      [0.79660456723, 0.20339543277]
    ],
    [
      [0.93782539749, 0.062174602508],
      [0.53249072134, 0.46750927866],
      [0.79650104571, 0.20349895429]
    ],
    [
      [0.94618901707, 0.053810982933],
      [0.57041863955, 0.42958136045],
      [0.82023481823, 0.17976518177]
    ],
    [
      [0.92413268045, 0.075867319554],
      [0.47911409606, 0.52088590394],
      [0.75966126978, 0.24033873022]
    ],
    [
      [0.92671794763, 0.073282052373],
      [0.48846512396, 0.51153487604],
      [0.76643332552, 0.23356667448]
    ],
    [
      [0.90822856677, 0.091771433229],
      [0.42764996711, 0.57235003289],
      [0.7197219913, 0.2802780087]
    ],
    [
      [0.93892697357, 0.061073026434],
      [0.53724881548, 0.46275118452],
      [0.79957583573, 0.20042416427]
    ],
    [
      [0.92626072918, 0.073739270823],
      [0.48678094728, 0.51321905272],
      [0.76522759282, 0.23477240718]
    ],
    [
      [0.9132080672, 0.086791932797],
      [0.44276770284, 0.55723229716],
      [0.73192892316, 0.26807107684]
    ],
    [
      [0.92308416729, 0.07691583271],
      [0.47529391395, 0.52470608605],
      [0.75690701312, 0.24309298688]
    ],
    [
      [0.94552504489, 0.054474955115],
      [0.56705807991, 0.43294192009],
      [0.81827490717, 0.18172509283]
    ],
    [
      [0.9189186701, 0.081081329897],
      [0.46123203002, 0.53876796998],
      [0.74627076198, 0.25372923802]
    ],
    [
      [0.90533798018, 0.09466201982],
      [0.419348766, 0.580651234],
      [0.71278651596, 0.28721348404]
    ],
    [
      [0.9084369393, 0.091563060699],
      [0.42843504365, 0.57156495635],
      [0.72027853155, 0.27972146845]
    ],
    [
      [0.92656363309, 0.073436366907],
      [0.48793663145, 0.51206336855],
      [0.76603689631, 0.23396310369]
    ],
    [
      [0.90896143528, 0.091038564715],
      [0.42986222256, 0.57013777744],
      [0.7215139718, 0.2784860282]
    ],
    [
      [0.90893648808, 0.091063511924],
      [0.42978805534, 0.57021194466],
      [0.72145331145, 0.27854668855]
    ],
    [
      [0.92854833657, 0.071451663435],
      [0.49488746204, 0.50511253796],
      [0.77117712095, 0.22882287905]
    ],
    [
      [0.9314441146, 0.068555885401],
      [0.50531502944, 0.49468497056],
      [0.77875637772, 0.22124362228]
    ],
    [
      [0.92036846349, 0.079631536513],
      [0.46518912655, 0.53481087345],
      [0.74971192067, 0.25028807933]
    ],
    [
      [0.92818051457, 0.071819485426],
      [0.49296264859, 0.50703735141],
      [0.77005819386, 0.22994180614]
    ],
    [
      [0.90877343616, 0.091226563842],
      [0.42856271856, 0.57143728144],
      [0.72083292706, 0.27916707294]
    ],
    [
      [0.93434049867, 0.065659501328],
      [0.51685071989, 0.48314928011],
      [0.78661940388, 0.21338059612]
    ],
    [
      [0.93479225946, 0.065207740542],
      [0.51886435485, 0.48113564515],
      [0.78789845368, 0.21210154632]
    ],
    [
      [0.92800207987, 0.071997920126],
      [0.49228750685, 0.50771249315],
      [0.76958263448, 0.23041736552]
    ],
    [
      [0.91166620982, 0.088333790178],
      [0.43687064728, 0.56312935272],
      [0.72778736099, 0.27221263901]
    ],
    [
      [0.8955140923, 0.1044859077],
      [0.39169512957, 0.60830487043],
      [0.68942455965, 0.31057544035]
    ],
    [
      [0.89954373487, 0.10045626513],
      [0.40230683724, 0.59769316276],
      [0.69876795457, 0.30123204543]
    ],
    [
      [0.95346626588, 0.046533734123],
      [0.60610917053, 0.39389082947],
      [0.84142420138, 0.15857579862]
    ],
    [
      [0.92690852626, 0.073091473736],
      [0.48804002305, 0.51195997695],
      [0.76663889726, 0.23336110274]
    ],
    [
      [0.91833185991, 0.08166814009],
      [0.45787662294, 0.54212337706],
      [0.74438525769, 0.25561474231]
    ],
    [
      [0.88149787956, 0.11850212044],
      [0.35900669346, 0.64099330654],
      [0.65849058152, 0.34150941848]
    ],
    [
      [0.94409576478, 0.055904235217],
      [0.55952819533, 0.44047180467],
      [0.81398480176, 0.18601519824]
    ],
    [
      [0.93947358152, 0.060526418479],
      [0.53823209597, 0.46176790403],
      [0.80077575966, 0.19922424034]
    ]
  ],