{
  "X": [
    [56, 44],
    [54, 46],
    [56, 44],
    [51, 49],
    [47, 53],
    [54, 46],
    [65, 35],
    [55, 45],
    [60, 40],
    [73, 27],
    [60, 40],
    [48, 52],
    [53, 47],
    [62, 38],
    [55, 45],
    [58, 42],
    [61, 39],
    [31, 69],
    [37, 63],
    [30, 70],
    [33, 67],
    [31, 69],
    [30, 70],
    [31, 69],
    [35, 65],
    [32, 68],
    [27, 73],
    [31, 69],
    [26, 74],
    [38, 62],
    [26, 74],
    [31, 69],
    [33, 67],
    [16, 84],
    [28, 72],
    [19, 81],
    [15, 85],
    [24, 76],
    [22, 78],
    [22, 78],
    [25, 75],
    [22, 78],
    [32, 68],
    [12, 88],
    [25, 75],
    [20, 80],
    [23, 77],
    [20, 80],
    [18, 82],
    [14, 86]
  ],
  "W": [
    [65, 21, 14],
    [65, 20, 15],
    [69, 18, 13],
    [61, 18, 21],
    [59, 24, 17],
    [67, 17, 16],
    [74, 14, 12],
    [59, 21, 20],
    [68, 16, 16],
    [78, 13, 9],
    [67, 13, 20],
    [58, 19, 23],
    [65, 19, 16],
    [68, 14, 18],
    [71, 14, 15],
    [61, 21, 18],
    [57, 30, 13],
    [18, 69, 13],
    [21, 60, 19],
    [16, 67, 17],
    [22, 65, 13],
    [19, 67, 14],
    [20, 63, 17],
    [13, 75, 12],
    [14, 74, 12],
    [26, 63, 11],
    [18, 61, 21],
    [16, 66, 18],
    [16, 69, 15],
    [13, 71, 16],
    [11, 73, 16],
    [19, 60, 21],
    [22, 64, 14],
    [13, 34, 53],
    [19, 22, 59],
    [13, 17, 70],
    [14, 13, 73],
    [16, 12, 72],
    [12, 18, 70],
    [17, 18, 65],
    [23, 17, 60],
    [15, 19, 66],
    [21, 17, 62],
    [10, 14, 76],
    [21, 14, 65],
    [15, 20, 65],
    [20, 8, 72],
    [13, 15, 72],
    [13, 12, 75],
    [16, 18, 66]
  ],
  "method": "mult",
  "cond_prob": [
    [
      [0.78019542834, 0.21980457166],
      [0.23322381816, 0.76677618184],
      [0.06124408849, 0.93875591151]
    ],
    [
      [0.76734312725, 0.23265687275],
      [0.22035327367, 0.77964672633],
      [0.057157298405, 0.9428427016]
    ],
    [
      [0.76301302708, 0.23698697292],
      [0.21617368571, 0.78382631429],
      [0.055844153567, 0.94415584643]
    ],
    [
      [0.76952258364, 0.23047741636],
      [0.22252028664, 0.77747971336],
      [0.057844657271, 0.94215534273]
    ],
    [
      [0.74276624561, 0.25723375439],
      [0.19841397445, 0.80158602555],
      [0.050421632366, 0.94957836763]
    ],
    [
      [0.7606031777, 0.2393968223],
      [0.21397730671, 0.78602269329],
      [0.055166995538, 0.94483300446]
    ],
    [
      [0.80604848178, 0.19395151822],
      [0.26241196433, 0.73758803567],
      [0.07087618407, 0.92912381593]
    ],
    [
      [0.80266131578, 0.19733868422],
      [0.25853612083, 0.74146387917],
      [0.069594116172, 0.93040588383]
    ],
    [
      [0.79876925852, 0.20123074148],
      [0.25377689359, 0.74622310641],
      [0.067980939727, 0.93201906027]
    ],
    [
      [0.84315212136, 0.15684787864],
      [0.31498384732, 0.68501615268],
      [0.089722500052, 0.91027749995]
    ],
    [
      [0.80701417737, 0.19298582263],
      [0.2638061905, 0.7361938095],
      [0.071374097304, 0.9286259027]
    ],
    [
      [0.76242439007, 0.23757560993],
      [0.21576145281, 0.78423854719],
      [0.055731110896, 0.9442688891]
    ],
    [
      [0.76143204617, 0.23856795383],
      [0.21477010692, 0.78522989308],
      [0.055415605413, 0.94458439459]
    ],
    [
      [0.8142064362, 0.1857935638],
      [0.27298008912, 0.72701991088],
      [0.074530531035, 0.92546946897]
    ],
    [
      [0.74993687712, 0.25006312288],
      [0.20436396618, 0.79563603382],
      [0.052207542515, 0.94779245749]
    ],
    [
      [0.81252961659, 0.18747038341],
      [0.27087956394, 0.72912043606],
      [0.073812498069, 0.92618750193]
    ],
    [
      [0.83791109066, 0.16208890934],
      [0.30707186841, 0.69292813159],
      [0.086811938018, 0.91318806198]
    ],
    [
      [0.78371753021, 0.21628246979],
      [0.23641149418, 0.76358850582],
      [0.062219728339, 0.93778027166]
    ],
    [
      [0.8219518293, 0.1780481707],
      [0.28291289987, 0.71708710013],
      [0.077961473972, 0.92203852603]
    ],
    [
      [0.79020095443, 0.20979904557],
      [0.24330840852, 0.75669159148],
      [0.064447602949, 0.93555239705]
    ],
    [
      [0.78236564355, 0.21763435645],
      [0.23513114264, 0.76486885736],
      [0.061822198304, 0.9381778017]
    ],
    [
      [0.78082743685, 0.21917256315],
      [0.23338964411, 0.76661035589],
      [0.061248679193, 0.93875132081]
    ],
    [
      [0.77260848293, 0.22739151707],
      [0.2250173721, 0.7749826279],
      [0.058579704316, 0.94142029568]
    ],
    [
      [0.80360900942, 0.19639099058],
      [0.25881419058, 0.74118580942],
      [0.069595324587, 0.93040467541]
    ],
    [
      [0.82686249056, 0.17313750944],
      [0.28960416409, 0.71039583591],
      [0.080320760806, 0.91967923919]
    ],
    [
      [0.75426252383, 0.24573747617],
      [0.20803837737, 0.79196162263],
      [0.053319930837, 0.94668006916]
    ],
    [
      [0.76152337858, 0.23847662142],
      [0.214244142, 0.785755858],
      [0.055193766891, 0.94480623311]
    ],
    [
      [0.79931502665, 0.20068497335],
      [0.25372635668, 0.74627364332],
      [0.067892410377, 0.93210758962]
    ],
    [
      [0.75215748218, 0.24784251782],
      [0.20579977032, 0.79420022968],
      [0.052598604036, 0.94740139596]
    ],
    [
      [0.8525966916, 0.1474033084],
      [0.33038749004, 0.66961250996],
      [0.095578934233, 0.90442106577]
    ],
    [
      [0.77791219545, 0.22208780455],
      [0.22993747687, 0.77006252313],
      [0.060098833763, 0.93990116624]
    ],
    [
      [0.79077222852, 0.20922777148],
      [0.24402585137, 0.75597414863],
      [0.064691310685, 0.93530868932]
    ],
    [
      [0.78374576104, 0.21625423896],
      [0.23658376934, 0.76341623066],
      [0.062290131481, 0.93770986852]
    ],
    [
      [0.72059657215, 0.27940342785],
      [0.17954737776, 0.82045262224],
      [0.044701517498, 0.9552984825]
    ],
    [
      [0.82274689762, 0.17725310238],
      [0.28299557033, 0.71700442967],
      [0.077875090672, 0.92212490933]
    ],
    [
      [0.79396819101, 0.20603180899],
      [0.24569082592, 0.75430917408],
      [0.065035984579, 0.93496401542]
    ],
    [
      [0.74347480637, 0.25652519363],
      [0.19676674085, 0.80323325915],
      [0.049714638915, 0.95028536109]
    ],
    [
      [0.82679376088, 0.17320623912],
      [0.28784249635, 0.71215750365],
      [0.079500094353, 0.92049990565]
    ],
    [
      [0.82783063357, 0.17216936643],
      [0.28879235317, 0.71120764683],
      [0.079778290167, 0.92022170983]
    ],
    [
      [0.7923035549, 0.2076964451],
      [0.24453913472, 0.75546086528],
      [0.064733931918, 0.93526606808]
    ],
    [
      [0.7811930587, 0.2188069413],
      [0.2331681796, 0.7668318204],
      [0.061115529559, 0.93888447044]
    ],
    [
      [0.80476162871, 0.19523837129],
      [0.25884977555, 0.74115022445],
      [0.069460054937, 0.93053994506]
    ],
    [
      [0.8449324043, 0.1550675957],
      [0.31672562616, 0.68327437384],
      [0.0902459063, 0.9097540937]
    ],
    [
      [0.73113847513, 0.26886152487],
      [0.18615949247, 0.81384050753],
      [0.046507200035, 0.95349279997]
    ],
    [
      [0.79905488904, 0.20094511096],
      [0.25269035891, 0.74730964109],
      [0.067468888483, 0.93253111152]
    ],
    [
      [0.78321422484, 0.21678577516],
      [0.23441188617, 0.76558811383],
      [0.061424613321, 0.93857538668]
    ],
    [
      [0.79803251365, 0.20196748635],
      [0.25117001405, 0.74882998595],
      [0.066928996949, 0.93307100305]
    ],
    [
      [0.80800014385, 0.19199985615],
      [0.26226559254, 0.73773440746],
      [0.070552041308, 0.92944795869]
    ],
    [
      [0.79318802316, 0.20681197684],
      [0.24454562319, 0.75545437681],
      [0.064633339623, 0.93536666038]
    ],
    [
      [0.69699608869, 0.30300391131],
      [0.16320178341, 0.83679821659],
      [0.040023333512, 0.95997666649]
    ]
  ],