{
  "X": [
    [16, 84],
    [14, 86],
    [20, 80],
    [10, 90],
    [9, 91],
    [16, 84],
    [14, 86],
    [13, 87],
    [25, 75],
    [22, 78],
    [18, 82],
    [17, 83],
    [6, 94],
    [24, 76],
    [15, 85],
    [17, 83],
    [22, 78],
    [47, 53],
    [51, 49],
    [46, 54],
    [47, 53],
    [38, 62],
    [35, 65],
    [43, 57],
    [44, 56],
    [41, 59],
    [43, 57],
    [45, 55],
    [42, 58],
    [51, 49],
    [39, 61],
    [43, 57],
    [43, 57],
    [36, 64],
    [33, 67],
    [35, 65],
    [37, 63],
    [37, 63],
    [37, 63],
    [39, 61],
    [35, 65],
    [36, 64],
    [33, 67],
    [43, 57],
    [37, 63],
    [32, 68],
    [39, 61],
    [27, 73],
    [36, 64],
    [41, 59]
  ],
  "W": [
    [71, 12, 17],
    [65, 12, 23],
    [66, 16, 18],
    [75, 14, 11],
    [71, 13, 16],
    [66, 18, 16],
    [69, 10, 21],
    [67, 13, 20],
    [62, 20, 18],
    [63, 21, 16],
    [66, 14, 20],
    [69, 13, 18],
    [73, 8, 19],
    [58, 24, 18],
    [67, 19, 14],
    [58, 22, 20],
    [56, 28, 16],
    [20, 63, 17],
    [13, 75, 12],
    [17, 59, 24],
    [14, 67, 19],
    [16, 71, 13],
    [11, 70, 19],
    [20, 70, 10],
    [15, 65, 20],
    [18, 69, 13],
    [21, 64, 15],
    [15, 69, 16],
    [13, 71, 16],
    [16, 63, 21],
    [18, 67, 15],
    [18, 60, 22],
    [12, 77, 11],
    [21, 23, 56],
    [17, 16, 67],
    [17, 18, 65],
    [13, 11, 76],
    [21, 17, 62],
    [19, 18, 63],
    [11, 18, 71],
    [16, 15, 69],
    [18, 16, 66],
    [15, 21, 64],
    [13, 20, 67],
    [13, 20, 67],
    [17, 22, 61],
    [23, 18, 59],
    [16, 17, 67],
    [23, 20, 57],
    [15, 20, 65]
  ],
  "method": "mult",
  "cond_prob": [
    [
      [0.021781188051, 0.97821881195],
      [0.5776312374, 0.4223687626],
      [0.42363154601, 0.57636845399]
    ],
    [
      [0.015806905997, 0.984193094],
      [0.49539855487, 0.50460144513],
      [0.34571259363, 0.65428740637]
    ],
    [
      [0.023691192491, 0.97630880751],
      [0.59721636902, 0.40278363098],
      [0.44385501185, 0.55614498815]
    ],
    [
      [0.014140506703, 0.9858594933],
      [0.46916549713, 0.53083450287],
      [0.32182665043, 0.67817334957]
    ],
    [
      [0.011293832916, 0.98870616708],
      [0.41222716642, 0.58777283358],
      [0.27376632345, 0.72623367655]
    ],
    [
      [0.017779328958, 0.98222067104],
      [0.52504156587, 0.47495843413],
      [0.37308464528, 0.62691535472]
    ],
    [
      [0.018037529684, 0.98196247032],
      [0.52985827211, 0.47014172789],
      [0.37729420725, 0.62270579275]
    ],
    [
      [0.015160578166, 0.98483942183],
      [0.48508521292, 0.51491478708],
      [0.33636321463, 0.66363678537]
    ],
    [
      [0.027313338831, 0.97268666117],
      [0.63101553907, 0.36898446093],
      [0.47954455959, 0.52045544041]
    ],
    [
      [0.02353922522, 0.97646077478],
      [0.59491197873, 0.40508802127],
      [0.44170971613, 0.55829028387]
    ],
    [
      [0.021305372557, 0.97869462744],
      [0.57097769827, 0.42902230173],
      [0.41733322255, 0.58266677745]
    ],
    [
      [0.021829671579, 0.97817032842],
      [0.57767632638, 0.42232367362],
      [0.42382710137, 0.57617289863]
    ],
    [
      [0.0082833989211, 0.99171660108],
      [0.33990049466, 0.66009950534],
      [0.21656928112, 0.78343071888]
    ],
    [
      [0.022818581936, 0.97718141806],
      [0.58651389951, 0.41348610049],
      [0.43337105562, 0.56662894438]
    ],
    [
      [0.016749055075, 0.98325094493],
      [0.50997222259, 0.49002777741],
      [0.35905317378, 0.64094682622]
    ],
    [
      [0.015188425831, 0.98481157417],
      [0.48377832577, 0.51622167423],
      [0.33566090736, 0.66433909264]
    ],
    [
      [0.018907955058, 0.98109204494],
      [0.53896995405, 0.46103004595],
      [0.38672983706, 0.61327016294]
    ],
    [
      [0.024438844708, 0.97556115529],
      [0.60107536322, 0.39892463678],
      [0.44896744043, 0.55103255957]
    ],
    [
      [0.02394378146, 0.97605621854],
      [0.59591592986, 0.40408407014],
      [0.44369807379, 0.55630192621]
    ],
    [
      [0.023011583121, 0.97698841688],
      [0.58618872395, 0.41381127605],
      [0.43375755215, 0.56624244785]
    ],
    [
      [0.021801222101, 0.9781987779],
      [0.57265138333, 0.42734861667],
      [0.4201866939, 0.5798133061]
    ],
    [
      [0.015258288851, 0.98474171115],
      [0.48230291575, 0.51769708425],
      [0.3350334538, 0.6649665462]
    ],
    [
      [0.012535168232, 0.98746483177],
      [0.43282998783, 0.56717001217],
      [0.29215146841, 0.70784853159]
    ],
    [
      [0.019994017205, 0.9800059828],
      [0.55094960305, 0.44905039695],
      [0.39885505216, 0.60114494784]
    ],
    [
      [0.019895100324, 0.98010489968],
      [0.54966315168, 0.45033684832],
      [0.39761905338, 0.60238094662]
    ],
    [
      [0.018008124802, 0.9819918752],
      [0.52442978754, 0.47557021246],
      [0.37357119819, 0.62642880181]
    ],
    [
      [0.021055831748, 0.97894416825],
      [0.56402777394, 0.43597222606],
      [0.41161894855, 0.58838105145]
    ],
    [
      [0.020206715944, 0.97979328406],
      [0.55356975055, 0.44643024945],
      [0.4014128602, 0.5985871398]
    ],
    [
      [0.017189388568, 0.98281061143],
      [0.51254997594, 0.48745002406],
      [0.36251913676, 0.63748086324]
    ],
    [
      [0.026900373952, 0.97309962605],
      [0.62439151788, 0.37560848212],
      [0.47340037719, 0.52659962281]
    ],
    [
      [0.016795125481, 0.98320487452],
      [0.50671612827, 0.49328387173],
      [0.35712404105, 0.64287595895]
    ],
    [
      [0.020617757827, 0.97938224217],
      [0.55872088809, 0.44127911191],
      [0.40641500398, 0.59358499602]
    ],
    [
      [0.017006433962, 0.98299356604],
      [0.50980700621, 0.49019299379],
      [0.35999241229, 0.64000758771]
    ],
    [
      [0.020452574146, 0.97954742585],
      [0.55706695833, 0.44293304167],
      [0.40469191214, 0.59530808786]
    ],
    [
      [0.017616186889, 0.98238381311],
      [0.51922833434, 0.48077166566],
      [0.36859954593, 0.63140045407]
    ],
    [
      [0.018979567883, 0.98102043212],
      [0.53812498, 0.46187502],
      [0.38642649477, 0.61357350523]
    ],
    [
      [0.020280803823, 0.97971919618],
      [0.55485607856, 0.44514392144],
      [0.4025605613, 0.5974394387]
    ],
    [
      [0.022190386376, 0.97780961362],
      [0.57758941139, 0.42241058861],
      [0.42496602037, 0.57503397963]
    ],
    [
      [0.021340886674, 0.97865911333],
      [0.5677536892, 0.4322463108],
      [0.41519545111, 0.58480454889]
    ],
    [
      [0.020425533418, 0.97957446658],
      [0.55653527779, 0.44346472221],
      [0.40422962417, 0.59577037583]
    ],
    [
      [0.01904363572, 0.98095636428],
      [0.53898434524, 0.46101565476],
      [0.38724513583, 0.61275486417]
    ],
    [
      [0.020394300016, 0.97960569998],
      [0.55634309326, 0.44365690674],
      [0.40398689387, 0.59601310613]
    ],
    [
      [0.016520726789, 0.98347927321],
      [0.50280460422, 0.49719539578],
      [0.35346552991, 0.64653447009]
    ],
    [
      [0.024463575595, 0.97553642441],
      [0.6015069848, 0.3984930152],
      [0.449357429, 0.550642571]
    ],
    [
      [0.01914904147, 0.98085095853],
      [0.54025829185, 0.45974170815],
      [0.38849734952, 0.61150265048]
    ],
    [
      [0.016202697487, 0.98379730251],
      [0.49790383079, 0.50209616921],
      [0.34898810436, 0.65101189564]
    ],
    [
      [0.024747677306, 0.97525232269],
      [0.60462732274, 0.39537267726],
      [0.45249810318, 0.54750189682]
    ],
    [
      [0.012989307778, 0.98701069222],
      [0.4421128971, 0.5578871029],
      [0.29990976461, 0.70009023539]
    ],
    [
      [0.021550317232, 0.97844968277],
      [0.57029708635, 0.42970291365],
      [0.41768803165, 0.58231196835]
    ],
    [
      [0.023299375912, 0.97670062409],
      [0.58952081072, 0.41047918928],
      [0.43706414337, 0.56293585663]
    ]
  ],