{
  "X": [
    [9, 91],
    [9, 91],
    [13, 87],
    [18, 82],
    [10, 90],
    [16, 84],
    [13, 87],
    [16, 84],
    [12, 88],
    [15, 85],
    [16, 84],
    [12, 88],
    [12, 88],
    [9, 91],
    [14, 86],
    [18, 82],
    [10, 90],
    [13, 87],
    [7, 93],
    [11, 89],
    [6, 94],
    [16, 84],
    [8, 92],
    [13, 87],
    [15, 85],
    [46, 54],
    [34, 66],
    [32, 68],
    [42, 58],
    [29, 71],
    [34, 66],
    [34, 66],
    [34, 66],
    [35, 65],
    [38, 62],
    [29, 71],
    [38, 62],
    [33, 67],
    [25, 75],
    [32, 68],
    [39, 61],
    [41, 59],
    [36, 64],
    [44, 56],
    [44, 56],
    [50, 50],
    [30, 70],
    [31, 69],
    [41, 59],
    [37, 63]
  ],
  "W": [
    [77, 23],
    [84, 16],
    [74, 26],
    [68, 32],
    [74, 26],
    [75, 25],
    [75, 25],
    [73, 27],
    [76, 24],
    [81, 19],
    [73, 27],
    [75, 25],
    [72, 28],
    [77, 23],
    [71, 29],
    [67, 33],
    [80, 20],
    [72, 28],
    [76, 24],
    [79, 21],
    [74, 26],
    [73, 27],
    [76, 24],
    [71, 29],
    [75, 25],
    [22, 78],
    [24, 76],
    [32, 68],
    [26, 74],
    [32, 68],
    [24, 76],
    [26, 74],
    [23, 77],
    [20, 80],
    [28, 72],
    [38, 62],
    [26, 74],
    [31, 69],
    [28, 72],
    [17, 83],
    [20, 80],
    [21, 79],
    [17, 83],
    [21, 79],
    [26, 74],
    [25, 75],
    [30, 70],
    [30, 70],
    [21, 79],
    [24, 76]
  ],
  "method": "mult",
  "cond_prob": [
    [
      [0, 1],
      [0.39130434783, 0.60869565217]
    ],
    [
      [0.015380113114, 0.98461988689],
      [0.48175440615, 0.51824559385]
    ],
    [
      [0.012379310209, 0.98762068979],
      [0.46476657863, 0.53523342137]
    ],
    [
      [0.024904417362, 0.97509558264],
      [0.50957811311, 0.49042188689]
    ],
    [
      [0, 1],
      [0.38461538462, 0.61538461538]
    ],
    [
      [0.033113952096, 0.9668860479],
      [0.54065814371, 0.45934185629]
    ],
    [
      [0.014823475926, 0.98517652407],
      [0.47552957222, 0.52447042778]
    ],
    [
      [0.027028784539, 0.97297121546],
      [0.51951476773, 0.48048523227]
    ],
    [
      [0.011836717332, 0.98816328267],
      [0.46251706178, 0.53748293822]
    ],
    [
      [0.046750568438, 0.95324943156],
      [0.59016862929, 0.40983137071]
    ],
    [
      [0.027028784539, 0.97297121546],
      [0.51951476773, 0.48048523227]
    ],
    [
      [0.0094986966561, 0.99050130334],
      [0.45150391003, 0.54849608997]
    ],
    [
      [0.0032163175025, 0.9967836825],
      [0.42030089785, 0.57969910215]
    ],
    [
      [0, 1],
      [0.39130434783, 0.60869565217]
    ],
    [
      [0.010627675573, 0.98937232443],
      [0.45673913911, 0.54326086089]
    ],
    [
      [0.022257435143, 0.97774256486],
      [0.50026520744, 0.49973479256]
    ],
    [
      [0.010763116451, 0.98923688355],
      [0.45694753419, 0.54305246581]
    ],
    [
      [0.0078612174457, 0.99213878255],
      [0.44407115514, 0.55592884486]
    ],
    [
      [0, 1],
      [0.29166666667, 0.70833333333]
    ],
    [
      [0.013777415222, 0.98622258478],
      [0.47198019988, 0.52801980012]
    ],
    [
      [0, 1],
      [0.23076923077, 0.76923076923]
    ],
    [
      [0.027028784539, 0.97297121546],
      [0.51951476773, 0.48048523227]
    ],
    [
      [0, 1],
      [0.33333333333, 0.66666666667]
    ],
    [
      [0.0057837925277, 0.99421620747],
      [0.43411554243, 0.56588445757]
    ],
    [
      [0.026664165963, 0.97333583404],
      [0.52000750211, 0.47999249789]
    ],
    [
      [0.030154605038, 0.96984539496],
      [0.58123844473, 0.41876155527]
    ],
    [
      [0.014304024701, 0.9856959753],
      [0.44285136062, 0.55714863938]
    ],
    [
      [0.015772407806, 0.98422759219],
      [0.46316592574, 0.53683407426]
    ],
    [
      [0.028332572023, 0.97166742798],
      [0.5576128801, 0.4423871199]
    ],
    [
      [0.010442528595, 0.98955747141],
      [0.42155645713, 0.57844354287]
    ],
    [
      [0.014304024701, 0.9856959753],
      [0.44285136062, 0.55714863938]
    ],
    [
      [0.015232026838, 0.98476797316],
      [0.45410766625, 0.54589233375]
    ],
    [
      [0.013919982502, 0.9860800175],
      [0.43740052471, 0.56259947529]
    ],
    [
      [0.014027751523, 0.98597224848],
      [0.43399306212, 0.56600693788]
    ],
    [
      [0.023305502353, 0.97669449765],
      [0.51871452686, 0.48128547314]
    ],
    [
      [0.014504661959, 0.98549533804],
      [0.45885198138, 0.54114801862]
    ],
    [
      [0.021329872898, 0.9786701271],
      [0.50601923385, 0.49398076615]
    ],
    [
      [0.016863838299, 0.9831361617],
      [0.4706843625, 0.5293156375]
    ],
    [
      [0.0045127543928, 0.99548724561],
      [0.34546726218, 0.65453273782]
    ],
    [
      [0.010819318452, 0.98918068155],
      [0.38332616369, 0.61667383631]
    ],
    [
      [0.018429196176, 0.98157080382],
      [0.48289270096, 0.51710729904]
    ],
    [
      [0.02161110594, 0.97838889406],
      [0.51324261741, 0.48675738259]
    ],
    [
      [0.014143386998, 0.985856613],
      [0.43083810146, 0.56916189854]
    ],
    [
      [0.02584481829, 0.97415518171],
      [0.55009188375, 0.44990811625]
    ],
    [
      [0.03218559839, 0.96781440161],
      [0.58328614111, 0.41671385889]
    ],
    [
      [0.043035756671, 0.95696424333],
      [0.65232141444, 0.34767858556]
    ],
    [
      [0.011197110823, 0.98880288918],
      [0.42377266679, 0.57622733321]
    ],
    [
      [0.012765971785, 0.98723402822],
      [0.43738601209, 0.56261398791]
    ],
    [
      [0.02161110594, 0.97838889406],
      [0.51324261741, 0.48675738259]
    ],
    [
      [0.018274826094, 0.98172517391],
      [0.48107110755, 0.51892889245]
    ]
  ],