{
  "X": [
    [69, 31],
    [60, 40],
    [61, 39],
    [64, 36],
    [63, 37],
    [70, 30],
    [69, 31],
    [57, 43],
    [68, 32],
    [75, 25],
    [58, 42],
    [66, 34],
    [69, 31],
    [67, 33],
    [67, 33],
    [65, 35],
    [71, 29],
    [64, 36],
    [64, 36],
    [68, 32],
    [68, 32],
    [73, 27],
    [61, 39],
    [67, 33],
    [64, 36],
    [37, 63],
    [37, 63],
    [28, 72],
    [44, 56],
    [38, 62],
    [38, 62],
    [44, 56],
    [49, 51],
    [39, 61],
    [40, 60],
    [36, 64],
    [30, 70],
    [35, 65],
    [32, 68],
    [32, 68],
    [49, 51],
    [44, 56],
    [37, 63],
    [29, 71],
    [38, 62],
    [39, 61],
    [36, 64],
    [33, 67],
    [29, 71],
    [38, 62]
  ],
  "W": [
    [79, 21],
    [75, 25],
    [74, 26],
    [71, 29],
    [72, 28],
    [77, 23],
    [80, 20],
    [68, 32],
    [79, 21],
    [86, 14],
    [73, 27],
    [71, 29],
    [73, 27],
    [75, 25],
    [82, 18],
    [69, 31],
    [81, 19],
    [78, 22],
    [69, 31],
    [73, 27],
    [77, 23],
    [79, 21],
    [74, 26],
    [75, 25],
    [77, 23],
    [33, 67],
    [26, 74],
    [22, 78],
    [26, 74],
    [19, 81],
    [23, 77],
    [26, 74],
    [33, 67],
    [21, 79],
    [32, 68],
    [21, 79],
    [18, 82],
    [22, 78],
    [20, 80],
    [23, 77],
    [32, 68],
    [25, 75],
    [28, 72],
    [15, 85],
    [28, 72],
    [26, 74],
    [27, 73],
    [22, 78],
    [21, 79],
    [24, 76]
  ],
  "method": "mult",
  "cond_prob": [
    [
      [0.81055801193, 0.18944198807],
      [0.23647224083, 0.76352775917]
    ],
    [
      [0.73959765284, 0.26040234716],
      [0.18120704149, 0.81879295851]
    ],
    [
      [0.75649977796, 0.24350022204],
      [0.19303909351, 0.80696090649]
    ],
    [
      [0.80623731388, 0.19376268612],
      [0.23300519705, 0.76699480295]
    ],
    [
      [0.78986388327, 0.21013611673],
      [0.21892144302, 0.78107855698]
    ],
    [
      [0.83230772659, 0.16769227341],
      [0.2570567414, 0.7429432586]
    ],
    [
      [0.8046961763, 0.1953038237],
      [0.23121529481, 0.76878470519]
    ],
    [
      [0.7501127793, 0.2498872207],
      [0.18726034399, 0.81273965601]
    ],
    [
      [0.80030068795, 0.19969931205],
      [0.22744026915, 0.77255973085]
    ],
    [
      [0.83038244654, 0.16961755346],
      [0.2562221141, 0.7437778859]
    ],
    [
      [0.73002180129, 0.26997819871],
      [0.17438550022, 0.82561449978]
    ],
    [
      [0.82668754363, 0.17331245637],
      [0.25190291043, 0.74809708957]
    ],
    [
      [0.84523582623, 0.15476417377],
      [0.27028832168, 0.72971167832]
    ],
    [
      [0.81355610282, 0.18644389718],
      [0.23933169155, 0.76066830845]
    ],
    [
      [0.77221038701, 0.22778961299],
      [0.20437490362, 0.79562509638]
    ],
    [
      [0.82811549124, 0.17188450876],
      [0.25354939046, 0.74645060954]
    ],
    [
      [0.81920136007, 0.18079863993],
      [0.24445735969, 0.75554264031]
    ],
    [
      [0.76441233424, 0.23558766576],
      [0.19890172406, 0.80109827594]
    ],
    [
      [0.81797370941, 0.18202629059],
      [0.24386496938, 0.75613503062]
    ],
    [
      [0.83529186917, 0.16470813083],
      [0.26013679817, 0.73986320183]
    ],
    [
      [0.81205874273, 0.18794125727],
      [0.23789029606, 0.76210970394]
    ],
    [
      [0.85058494853, 0.14941505147],
      [0.27637090792, 0.72362909208]
    ],
    [
      [0.75649977796, 0.24350022204],
      [0.19303909351, 0.80696090649]
    ],
    [
      [0.81355610282, 0.18644389718],
      [0.23933169155, 0.76066830845]
    ],
    [
      [0.77040391095, 0.22959608905],
      [0.20343038509, 0.79656961491]
    ],
    [
      [0.75910317428, 0.24089682572],
      [0.17835216789, 0.82164783211]
    ],
    [
      [0.79530613535, 0.20469386465],
      [0.22056811461, 0.77943188539]
    ],
    [
      [0.73466237291, 0.26533762709],
      [0.15176189482, 0.84823810518]
    ],
    [
      [0.84627785884, 0.15372214116],
      [0.29725372527, 0.70274627473]
    ],
    [
      [0.83194693805, 0.16805306195],
      [0.27398775527, 0.72601224473]
    ],
    [
      [0.81623233277, 0.18376766723],
      [0.24969683566, 0.75030316434]
    ],
    [
      [0.84627785884, 0.15372214116],
      [0.29725372527, 0.70274627473]
    ],
    [
      [0.85613986905, 0.14386013095],
      [0.30966245256, 0.69033754744]
    ],
    [
      [0.83112321362, 0.16887678638],
      [0.27273939891, 0.72726060109]
    ],
    [
      [0.79124428074, 0.20875571926],
      [0.21588504436, 0.78411495564]
    ],
    [
      [0.80990878474, 0.19009121526],
      [0.24040399393, 0.75959600607]
    ],
    [
      [0.77541725702, 0.22458274298],
      [0.19564011431, 0.80435988569]
    ],
    [
      [0.7978182646, 0.2021817354],
      [0.22369228434, 0.77630771566]
    ],
    [
      [0.78276400085, 0.21723599915],
      [0.20430899979, 0.79569100021]
    ],
    [
      [0.76762282548, 0.23237717452],
      [0.1862944807, 0.8137055193]
    ],
    [
      [0.85946238352, 0.14053761648],
      [0.31613534893, 0.68386465107]
    ],
    [
      [0.84963736411, 0.15036263589],
      [0.30345421196, 0.69654578804]
    ],
    [
      [0.78565989541, 0.21434010459],
      [0.20835448512, 0.79164551488]
    ],
    [
      [0.78157110494, 0.21842889506],
      [0.20325215795, 0.79674784205]
    ],
    [
      [0.79399705988, 0.20600294012],
      [0.21900114338, 0.78099885662]
    ],
    [
      [0.81099329424, 0.18900670576],
      [0.24208343716, 0.75791656284]
    ],
    [
      [0.7821430458, 0.2178569542],
      [0.20386490087, 0.79613509913]
    ],
    [
      [0.78143836732, 0.21856163268],
      [0.20267122973, 0.79732877027]
    ],
    [
      [0.75035240043, 0.24964759957],
      [0.16762784292, 0.83237215708]
    ],
    [
      [0.81203294502, 0.18796705498],
      [0.24356854368, 0.75643145632]
    ]
  ],