{
  "X": [
    [42, 58],
    [46, 54],
    [34, 66],
    [28, 72],
    [37, 63],
    [31, 69],
    [43, 57],
    [40, 60],
    [38, 62],
    [33, 67],
    [36, 64],
    [30, 70],
    [38, 62],
    [42, 58],
    [34, 66],
    [39, 61],
    [24, 76],
    [36, 64],
    [37, 63],
    [40, 60],
    [29, 71],
    [41, 59],
    [36, 64],
    [48, 52],
    [44, 56],
    [19, 81],
    [17, 83],
    [19, 81],
    [26, 74],
    [24, 76],
    [25, 75],
    [18, 82],
    [15, 85],
    [17, 83],
    [19, 81],
    [15, 85],
    [20, 80],
    [18, 82],
    [19, 81],
    [17, 83],
    [19, 81],
    [13, 87],
    [17, 83],
    [18, 82],
    [16, 84],
    [17, 83],
    [27, 73],
    [18, 82],
    [20, 80],
    [16, 84]
  ],
  "W": [
    [65, 35],
    [80, 20],
    [70, 30],
    [70, 30],
    [75, 25],
    [75, 25],
    [80, 20],
    [77, 23],
    [76, 24],
    [74, 26],
    [72, 28],
    [77, 23],
    [75, 25],
    [72, 28],
    [72, 28],
    [75, 25],
    [75, 25],
    [75, 25],
    [75, 25],
    [75, 25],
    [75, 25],
    [78, 22],
    [70, 30],
    [74, 26],
    [76, 24],
    [25, 75],
    [27, 73],
    [28, 72],
    [29, 71],
    [24, 76],
    [31, 69],
    [21, 79],
    [27, 73],
    [31, 69],
    [23, 77],
    [28, 72],
    [21, 79],
    [26, 74],
    [25, 75],
    [23, 77],
    [21, 79],
    [17, 83],
    [24, 76],
    [33, 67],
    [24, 76],
    [17, 83],
    [33, 67],
    [26, 74],
    [25, 75],
    [33, 67]
  ],
  "method": "mult",
  "cond_prob": [
    [
      [0.57006852443, 0.42993147557],
      [0.14130131178, 0.85869868822]
    ],
    [
      [0.54339888162, 0.45660111838],
      [0.12640447351, 0.87359552649]
    ],
    [
      [0.44699299777, 0.55300700223],
      [0.090349671881, 0.90965032812]
    ],
    [
      [0.37154087406, 0.62845912594],
      [0.066404627194, 0.93359537281]
    ],
    [
      [0.46148396961, 0.53851603039],
      [0.095548091183, 0.90445190882]
    ],
    [
      [0.38917574777, 0.61082425223],
      [0.072472756682, 0.92752724332]
    ],
    [
      [0.50929602204, 0.49070397796],
      [0.11281591183, 0.88718408817]
    ],
    [
      [0.48811280947, 0.51188719053],
      [0.10501363787, 0.89498636213]
    ],
    [
      [0.46899649075, 0.53100350925],
      [0.098177779281, 0.90182222072]
    ],
    [
      [0.41750254753, 0.58249745247],
      [0.080954287801, 0.9190457122]
    ],
    [
      [0.46269679248, 0.53730320752],
      [0.095922533625, 0.90407746637]
    ],
    [
      [0.36954550424, 0.63045449576],
      [0.067173746687, 0.93282625331]
    ],
    [
      [0.47341850906, 0.52658149094],
      [0.099744472835, 0.90025552717]
    ],
    [
      [0.53515877255, 0.46484122745],
      [0.12387744202, 0.87612255798]
    ],
    [
      [0.43819787441, 0.56180212559],
      [0.087491180079, 0.91250881992]
    ],
    [
      [0.48531754897, 0.51468245103],
      [0.10404735308, 0.89595264692]
    ],
    [
      [0.30343564615, 0.69656435385],
      [0.049693061553, 0.95030693845]
    ],
    [
      [0.44951477945, 0.55048522055],
      [0.09145566166, 0.90854433834]
    ],
    [
      [0.46148396961, 0.53851603039],
      [0.095548091183, 0.90445190882]
    ],
    [
      [0.49718019274, 0.50281980726],
      [0.10845942177, 0.89154057823]
    ],
    [
      [0.36482262789, 0.63517737211],
      [0.065532116322, 0.93446788368]
    ],
    [
      [0.49528577589, 0.50471422411],
      [0.1076231582, 0.8923768418]
    ],
    [
      [0.47177980566, 0.52822019434],
      [0.099180453465, 0.90081954654]
    ],
    [
      [0.59569602602, 0.40430397398],
      [0.15071131056, 0.84928868944]
    ],
    [
      [0.53943723634, 0.46056276366],
      [0.12511541825, 0.87488458175]
    ],
    [
      [0.46899525445, 0.53100474555],
      [0.09700158185, 0.90299841815]
    ],
    [
      [0.42171397834, 0.57828602166],
      [0.07690030938, 0.92309969062]
    ],
    [
      [0.45033177178, 0.54966822822],
      [0.088759866529, 0.91124013347]
    ],
    [
      [0.55142459089, 0.44857540911],
      [0.14096742062, 0.85903257938]
    ],
    [
      [0.55305775076, 0.44694224924],
      [0.14113965766, 0.85886034234]
    ],
    [
      [0.52562025403, 0.47437974597],
      [0.12617061051, 0.87382938949]
    ],
    [
      [0.477847398, 0.522152602],
      [0.10082537522, 0.89917462478]
    ],
    [
      [0.38466575356, 0.61533424644],
      [0.063205817175, 0.93679418283]
    ],
    [
      [0.3977773038, 0.6022226962],
      [0.067665269305, 0.93233473069]
    ],
    [
      [0.48180684472, 0.51819315528],
      [0.10283691651, 0.89716308349]
    ],
    [
      [0.37869578858, 0.62130421142],
      [0.061062748884, 0.93893725112]
    ],
    [
      [0.51141310582, 0.48858689418],
      [0.11721930099, 0.88278069901]
    ],
    [
      [0.4455789656, 0.5544210344],
      [0.086688471545, 0.91331152845]
    ],
    [
      [0.46899525445, 0.53100474555],
      [0.09700158185, 0.90299841815]
    ],
    [
      [0.44694815689, 0.55305184311],
      [0.087275225863, 0.91272477414]
    ],
    [
      [0.49493866054, 0.50506133946],
      [0.10894035606, 0.89105964394]
    ],
    [
      [0.40854523702, 0.59145476298],
      [0.072948565911, 0.92705143409]
    ],
    [
      [0.44050982186, 0.55949017814],
      [0.084575845728, 0.91542415427]
    ],
    [
      [0.40363580657, 0.59636419343],
      [0.069851020643, 0.93014897936]
    ],
    [
      [0.42215374842, 0.57784625158],
      [0.077214605762, 0.92278539424]
    ],
    [
      [0.48762663106, 0.51237336894],
      [0.10494394304, 0.89505605696]
    ],
    [
      [0.54244851933, 0.45755148067],
      [0.13580893824, 0.86419106176]
    ],
    [
      [0.4455789656, 0.5544210344],
      [0.086688471545, 0.91331152845]
    ],
    [
      [0.48557448937, 0.51442551063],
      [0.10480850354, 0.89519149646]
    ],
    [
      [0.36843469163, 0.63156530837],
      [0.057338136959, 0.94266186304]
    ]
  ],