{
  "X": [
    [62, 38],
    [52, 48],
    [64, 36],
    [48, 52],
    [58, 42],
    [60, 40],
    [60, 40],
    [60, 40],
    [57, 43],
    [65, 35],
    [68, 32],
    [56, 44],
    [60, 40],
    [58, 42],
    [55, 45],
    [55, 45],
    [60, 40],
    [58, 42],
    [52, 48],
    [59, 41],
    [56, 44],
    [56, 44],
    [56, 44],
    [66, 34],
    [56, 44],
    [57, 43],
    [54, 46],
    [66, 34],
    [63, 37],
    [66, 34],
    [51, 49],
    [63, 37],
    [61, 39],
    [58, 42],
    [65, 35],
    [60, 40],
    [71, 29],
    [56, 44],
    [56, 44],
    [66, 34],
    [66, 34],
    [59, 41],
    [63, 37],
    [66, 34],
    [66, 34],
    [66, 34],
    [72, 28],
    [58, 42],
    [51, 49],
    [59, 41]
  ],
  "W": [
    [77, 23],
    [72, 28],
    [74, 26],
    [68, 32],
    [74, 26],
    [73, 27],
    [71, 29],
    [73, 27],
    [70, 30],
    [81, 19],
    [74, 26],
    [78, 22],
    [81, 19],
    [71, 29],
    [84, 16],
    [69, 31],
    [76, 24],
    [83, 17],
    [77, 23],
    [70, 30],
    [77, 23],
    [73, 27],
    [76, 24],
    [80, 20],
    [75, 25],
    [28, 72],
    [26, 74],
    [19, 81],
    [24, 76],
    [20, 80],
    [27, 73],
    [18, 82],
    [34, 66],
    [30, 70],
    [22, 78],
    [31, 69],
    [22, 78],
    [20, 80],
    [27, 73],
    [21, 79],
    [20, 80],
    [19, 81],
    [30, 70],
    [38, 62],
    [33, 67],
    [18, 82],
    [25, 75],
    [23, 77],
    [23, 77],
    [25, 75]
  ],
  "method": "mult",
  "cond_prob": [
    [
      [0.60742414245, 0.39257585755],
      [0.66210178396, 0.33789821604]
    ],
    [
      [0.50350168652, 0.49649831348],
      [0.56242423466, 0.43757576534]
    ],
    [
      [0.62611131594, 0.37388868406],
      [0.67952933156, 0.32047066844]
    ],
    [
      [0.4610441968, 0.5389558032],
      [0.5202810818, 0.4797189182]
    ],
    [
      [0.56518600564, 0.43481399436],
      [0.62216290701, 0.37783709299]
    ],
    [
      [0.5848797313, 0.4151202687],
      [0.64088072648, 0.35911927352]
    ],
    [
      [0.58374172768, 0.41625827232],
      [0.63980473567, 0.36019526433]
    ],
    [
      [0.5848797313, 0.4151202687],
      [0.64088072648, 0.35911927352]
    ],
    [
      [0.55274829613, 0.44725170387],
      [0.61025397569, 0.38974602431]
    ],
    [
      [0.64004605243, 0.35995394757],
      [0.69243525015, 0.30756474985]
    ],
    [
      [0.66695869522, 0.33304130478],
      [0.71711755976, 0.28288244024]
    ],
    [
      [0.54730275891, 0.45269724109],
      [0.60501749113, 0.39498250887]
    ],
    [
      [0.58940682419, 0.41059317581],
      [0.6451603811, 0.3548396189]
    ],
    [
      [0.56345404238, 0.43654595762],
      [0.62050906867, 0.37949093133]
    ],
    [
      [0.54072927955, 0.45927072045],
      [0.59867128235, 0.40132871765]
    ],
    [
      [0.53194721421, 0.46805278579],
      [0.59018200708, 0.40981799292]
    ],
    [
      [0.58658208918, 0.41341791082],
      [0.64249005094, 0.35750994906]
    ],
    [
      [0.57035496601, 0.42964503399],
      [0.62709046008, 0.37290953992]
    ],
    [
      [0.50646050597, 0.49353949403],
      [0.56532787132, 0.43467212868]
    ],
    [
      [0.57301698001, 0.42698301999],
      [0.62962704664, 0.37037295336]
    ],
    [
      [0.54672047542, 0.45327952458],
      [0.6044575388, 0.3955424612]
    ],
    [
      [0.54438765436, 0.45561234564],
      [0.60221115674, 0.39778884326]
    ],
    [
      [0.54613781066, 0.45386218934],
      [0.60389693291, 0.39610306709]
    ],
    [
      [0.64967487075, 0.35032512925],
      [0.70130051698, 0.29869948302]
    ],
    [
      [0.54555477687, 0.45444522313],
      [0.60333566939, 0.39666433061]
    ],
    [
      [0.5280944911, 0.4719055089],
      [0.5862965868, 0.4137034132]
    ],
    [
      [0.49652332256, 0.50347667744],
      [0.55527558937, 0.44472441063]
    ],
    [
      [0.61602310848, 0.38397689152],
      [0.67031556715, 0.32968443285]
    ],
    [
      [0.58748419673, 0.41251580327],
      [0.64342604314, 0.35657395686]
    ],
    [
      [0.61659379343, 0.38340620657],
      [0.67085155164, 0.32914844836]
    ],
    [
      [0.46704076636, 0.53295923364],
      [0.52588903162, 0.47411096838]
    ],
    [
      [0.58398377905, 0.41601622095],
      [0.64010112167, 0.35989887833]
    ],
    [
      [0.5726094196, 0.4273905804],
      [0.62926181415, 0.37073818585]
    ],
    [
      [0.53947537961, 0.46052462039],
      [0.59736769445, 0.40263230555]
    ],
    [
      [0.60722314043, 0.39277685957],
      [0.66206526809, 0.33793473191]
    ],
    [
      [0.56055862608, 0.43944137392],
      [0.61772003756, 0.38227996244]
    ],
    [
      [0.67088374558, 0.32911625442],
      [0.72103278971, 0.27896721029]
    ],
    [
      [0.51317726651, 0.48682273349],
      [0.57170568337, 0.42829431663]
    ],
    [
      [0.5173381093, 0.4826618907],
      [0.57577905546, 0.42422094454]
    ],
    [
      [0.61716406589, 0.38283593411],
      [0.67138676729, 0.32861323271]
    ],
    [
      [0.61659379343, 0.38340620657],
      [0.67085155164, 0.32914844836]
    ],
    [
      [0.5431944823, 0.4568055177],
      [0.60097907205, 0.39902092795]
    ],
    [
      [0.59096954773, 0.40903045227],
      [0.64672733669, 0.35327266331]
    ],
    [
      [0.62679441823, 0.37320558177],
      [0.68035180818, 0.31964819182]
    ],
    [
      [0.62397532972, 0.37602467028],
      [0.67774349432, 0.32225650568]
    ],
    [
      [0.61545200674, 0.38454799326],
      [0.66977882779, 0.33022117221]
    ],
    [
      [0.68321451505, 0.31678548495],
      [0.73226182832, 0.26773817168]
    ],
    [
      [0.53532938945, 0.46467061055],
      [0.59334316938, 0.40665683062]
    ],
    [
      [0.46469199536, 0.53530800464],
      [0.52353355983, 0.47646644017]
    ],
    [
      [0.54675271146, 0.45324728854],
      [0.60441576285, 0.39558423715]
    ]
  ],