{
  "X": [
    [35, 20, 27, 12, 6],
    [45, 17, 29, 7, 2],
    [41, 16, 30, 10, 3],
    [43, 17, 30, 4, 6],
    [43, 13, 36, 5, 3],
    [40, 14, 26, 16, 4],
    [45, 19, 27, 8, 1],
    [45, 12, 24, 12, 7],
    [50, 13, 23, 10, 4],
    [45, 16, 25, 8, 6],
    [36, 16, 36, 8, 4],
    [46, 19, 16, 14, 5],
    [47, 18, 18, 11, 6],
    [47, 14, 28, 9, 2],
    [44, 18, 29, 7, 2],
    [42, 11, 35, 6, 6],
    [43, 14, 30, 9, 4],
    [45, 17, 24, 7, 7],
    [56, 11, 19, 8, 6],
    [40, 14, 34, 9, 3],
    [40, 11, 32, 12, 5],
    [43, 20, 24, 10, 3],
    [51, 16, 28, 5, 0],
    [47, 16, 24, 5, 8],
    [41, 16, 35, 5, 3],
    [39, 6, 30, 20, 5],
    [40, 4, 33, 19, 4],
    [45, 4, 22, 22, 7],
    [47, 7, 30, 13, 3],
    [45, 9, 23, 19, 4],
    [43, 3, 35, 17, 2],
    [52, 2, 26, 15, 5],
    [38, 11, 31, 15, 5],
    [44, 7, 28, 16, 5],
    [43, 7, 30, 16, 4],
    [34, 5, 35, 24, 2],
    [40, 8, 30, 20, 2],
    [34, 6, 30, 24, 6],
    [44, 2, 26, 18, 10],
    [39, 4, 36, 18, 3],
    [39, 8, 28, 22, 3],
    [40, 7, 26, 24, 3],
    [44, 8, 29, 16, 3],
    [46, 8, 21, 21, 4],
    [45, 10, 27, 17, 1],
    [35, 9, 35, 15, 6],
    [43, 6, 32, 13, 6],
    [42, 7, 26, 20, 5],
    [39, 6, 27, 18, 10],
    [37, 6, 34, 16, 7]
  ],
  "W": [
    [78, 22],
    [79, 21],
    [78, 22],
    [84, 16],
    [77, 23],
    [72, 28],
    [73, 27],
    [67, 33],
    [73, 27],
    [75, 25],
    [78, 22],
    [77, 23],
    [73, 27],
    [81, 19],
    [79, 21],
    [79, 21],
    [74, 26],
    [68, 32],
    [73, 27],
    [74, 26],
    [69, 31],
    [76, 24],
    [78, 22],
    [74, 26],
    [73, 27],
    [27, 73],
    [24, 76],
    [19, 81],
    [25, 75],
    [31, 69],
    [24, 76],
    [18, 82],
    [34, 66],
    [27, 73],
    [23, 77],
    [24, 76],
    [30, 70],
    [29, 71],
    [15, 85],
    [21, 79],
    [24, 76],
    [25, 75],
    [27, 73],
    [29, 71],
    [26, 74],
    [20, 80],
    [24, 76],
    [25, 75],
    [25, 75],
    [22, 78]
  ],
  "method": "mvn_cdf",
  "mvncdf_method": "genz",
  "mvncdf_samples": 5000,
  "mvncdf_error": 0.001,
  "cond_prob": [
    [
      [0.36181867659, 0.24957787411, 0.26960945266, 0.06185436126, 0.057139635374],
      [0.30809741935, 0.024223900874, 0.27138466784, 0.32615271917, 0.070141292766]
    ],
    [
      [0.45471614696, 0.20896041497, 0.28136259037, 0.037282799018, 0.017678048683],
      [0.43225830431, 0.023434629406, 0.3224931124, 0.19307899417, 0.028734959715]
    ],
    [
      [0.4219218234, 0.19935800358, 0.29660395441, 0.053711458122, 0.028404760481],
      [0.36773171702, 0.020457987299, 0.31204052527, 0.2641139212, 0.035655849204]
    ],
    [
      [0.43245418947, 0.19809553922, 0.29226059505, 0.020819087025, 0.056370589234],
      [0.41711550528, 0.022498419102, 0.34063187598, 0.14069979312, 0.07905440652]
    ],
    [
      [0.4377718835, 0.16339269887, 0.3480305429, 0.022826407176, 0.027978467554],
      [0.40398108568, 0.01820705161, 0.40007166072, 0.14097246293, 0.036767739059]
    ],
    [
      [0.43283963595, 0.18777025675, 0.26931753253, 0.070286097151, 0.039786477622],
      [0.31555522184, 0.01716219694, 0.23604063063, 0.39069289304, 0.040549057544]
    ],
    [
      [0.45083432507, 0.24970016624, 0.2564359418, 0.036797983518, 0.0062315833781],
      [0.44774423222, 0.02858843943, 0.3066731944, 0.19680545197, 0.020188681978]
    ],
    [
      [0.47438937007, 0.17063424227, 0.23800637857, 0.053477597736, 0.063492411359],
      [0.40048218805, 0.017197144485, 0.24404765563, 0.2550606349, 0.083212376939]
    ],
    [
      [0.51599281953, 0.1714378593, 0.22552038095, 0.049238849355, 0.03781009087],
      [0.4567601546, 0.017964306345, 0.24211156263, 0.237243111, 0.045920865426]
    ],
    [
      [0.4576698904, 0.20581913015, 0.24216144291, 0.039297752336, 0.055051784202],
      [0.42699032881, 0.022542609545, 0.27351567126, 0.20210674299, 0.074844647395]
    ],
    [
      [0.36767587, 0.1990131105, 0.35128685296, 0.043855529772, 0.038168636763],
      [0.33278555182, 0.021680790034, 0.39089206677, 0.20814857626, 0.046493015114]
    ],
    [
      [0.48407347054, 0.23980136911, 0.15849340636, 0.068640083274, 0.048991670709],
      [0.37940620731, 0.023273677321, 0.16504381348, 0.37890059078, 0.053375711106]
    ],
    [
      [0.48243240254, 0.23712673988, 0.17246840268, 0.05268297125, 0.055289483662],
      [0.43638646722, 0.025546221817, 0.20036320758, 0.26496826292, 0.072735840468]
    ],
    [
      [0.48238326184, 0.16882601544, 0.27792584337, 0.052496014733, 0.018368864624],
      [0.41720819952, 0.017110144724, 0.28884245722, 0.24988541088, 0.026953787655]
    ],
    [
      [0.44356915888, 0.22121797671, 0.28057943446, 0.03702348105, 0.017609948898],
      [0.42657316422, 0.024941897134, 0.32543927036, 0.19405452367, 0.028991144622]
    ],
    [
      [0.43117636732, 0.13569173216, 0.34389325711, 0.032452759414, 0.056785883988],
      [0.37795557056, 0.013350150429, 0.37297298515, 0.16363009554, 0.07209119833]
    ],
    [
      [0.44182002334, 0.18245691851, 0.29345985858, 0.04458968762, 0.037673511947],
      [0.39635839511, 0.019161078077, 0.31861424866, 0.21924473524, 0.04662154292]
    ],
    [
      [0.45140457536, 0.23710191298, 0.22539317998, 0.026434767574, 0.0596655641],
      [0.44701527735, 0.027408434911, 0.27103949254, 0.16257611891, 0.091960676288]
    ],
    [
      [0.57482406165, 0.14496058493, 0.18423135094, 0.040118905375, 0.055865097114],
      [0.51992012962, 0.01547693705, 0.20559671784, 0.18782666324, 0.071179552246]
    ],
    [
      [0.41192089669, 0.18234114663, 0.33230703939, 0.045491630803, 0.027939286489],
      [0.36607129404, 0.019490582678, 0.36189534942, 0.21667766618, 0.035865107686]
    ],
    [
      [0.42335007292, 0.1530994954, 0.32019464369, 0.055697180088, 0.047658607901],
      [0.34802725705, 0.014068865074, 0.31956676082, 0.26312563142, 0.05521148564]
    ],
    [
      [0.4361330564, 0.25464338844, 0.2320062345, 0.049594333443, 0.02762298722],
      [0.41057865475, 0.026962603277, 0.26531359074, 0.2596179441, 0.037527207135]
    ],
    [
      [0.50827127139, 0.19839032072, 0.27010389606, 0.023234511826, 0],
      [0.51612912871, 0.023888862901, 0.31508618669, 0.14489582171, 0]
    ],
    [
      [0.47469104278, 0.20756223964, 0.23023182138, 0.019381390082, 0.068133506116],
      [0.45664857054, 0.02463054871, 0.26780173915, 0.13714527438, 0.11377386721]
    ],
    [
      [0.41285179431, 0.20990459488, 0.33190316182, 0.018234857901, 0.027105591099],
      [0.40228959317, 0.025072761998, 0.39892848843, 0.13588353234, 0.037825624066]
    ],
    [
      [0.44251353875, 0.1714012553, 0.2951262774, 0.051383477918, 0.039575450637],
      [0.3705771843, 0.018796795986, 0.30180260973, 0.25496775474, 0.053855655244]
    ],
    [
      [0.45963554263, 0.13096696943, 0.32905776893, 0.048467992852, 0.03187172617],
      [0.38116772338, 0.011273588603, 0.33029754665, 0.23469431805, 0.042566823315]
    ],
    [
      [0.52185475468, 0.14622956466, 0.22274981034, 0.053373298849, 0.055792571464],
      [0.433145181, 0.015081953968, 0.21935498276, 0.25908527558, 0.073332606694]
    ],
    [
      [0.48372082011, 0.20117332642, 0.26441213767, 0.028497097094, 0.022196618702],
      [0.4654263933, 0.026275557859, 0.31186262078, 0.16383430097, 0.032601127099]
    ],
    [
      [0.47701608398, 0.23059985628, 0.21440247053, 0.047470461732, 0.030511127473],
      [0.43786233908, 0.026831948629, 0.2370075857, 0.25403500995, 0.044263116643]
    ],
    [
      [0.48564430652, 0.10723983853, 0.34533861676, 0.043323758563, 0.01845347963],
      [0.41242811373, 0.0056084720429, 0.35147201576, 0.21000302361, 0.020488374854]
    ],
    [
      [0.5880381543, 0.095134289378, 0.24575814426, 0.034662074499, 0.036407337561],
      [0.5050647954, 0.0035071072097, 0.26312626102, 0.17531808121, 0.05298375517]
    ],
    [
      [0.38410004483, 0.26840117584, 0.27413334979, 0.036547833643, 0.036817595901],
      [0.3778878557, 0.028399394263, 0.3284767592, 0.2084450554, 0.056790935445]
    ],
    [
