{
  "X": [
    [27, 5, 56, 8, 4],
    [29, 3, 62, 6, 0],
    [32, 6, 53, 5, 4],
    [32, 7, 47, 10, 4],
    [33, 5, 50, 11, 1],
    [39, 4, 44, 10, 3],
    [33, 7, 46, 8, 6],
    [30, 9, 51, 6, 4],
    [28, 6, 51, 9, 6],
    [30, 10, 49, 9, 2],
    [38, 10, 39, 8, 5],
    [32, 5, 54, 5, 4],
    [35, 4, 46, 12, 3],
    [29, 10, 50, 9, 2],
    [29, 3, 61, 6, 1],
    [32, 3, 55, 6, 4],
    [34, 9, 44, 7, 6],
    [27, 5, 53, 10, 5],
    [33, 6, 55, 5, 1],
    [37, 4, 47, 6, 6],
    [38, 5, 41, 6, 10],
    [45, 5, 43, 3, 4],
    [40, 2, 51, 4, 3],
    [34, 3, 54, 6, 3],
    [34, 7, 50, 7, 2],
    [22, 10, 53, 8, 7],
    [24, 13, 40, 17, 6],
    [15, 15, 45, 19, 6],
    [19, 14, 43, 15, 9],
    [22, 15, 36, 25, 2],
    [19, 13, 44, 17, 7],
    [21, 12, 37, 23, 7],
    [19, 13, 43, 20, 5],
    [14, 16, 43, 22, 5],
    [20, 10, 51, 11, 8],
    [23, 14, 44, 14, 5],
    [18, 18, 39, 14, 11],
    [15, 18, 38, 21, 8],
    [16, 15, 47, 16, 6],
    [25, 12, 41, 17, 5],
    [19, 6, 51, 15, 9],
    [20, 15, 41, 15, 9],
    [15, 20, 33, 22, 10],
    [31, 6, 44, 12, 7],
    [18, 17, 33, 26, 6],
    [21, 15, 38, 20, 6],
    [17, 13, 48, 18, 4],
    [23, 18, 39, 17, 3],
    [23, 16, 41, 18, 2],
    [19, 16, 39, 17, 9]
  ],
  "W": [
    [78, 22],
    [78, 22],
    [77, 23],
    [72, 28],
    [75, 25],
    [76, 24],
    [67, 33],
    [73, 27],
    [71, 29],
    [70, 30],
    [76, 24],
    [68, 32],
    [72, 28],
    [69, 31],
    [82, 18],
    [81, 19],
    [71, 29],
    [74, 26],
    [78, 22],
    [74, 26],
    [78, 22],
    [76, 24],
    [79, 21],
    [77, 23],
    [79, 21],
    [29, 71],
    [23, 77],
    [33, 67],
    [24, 76],
    [27, 73],
    [23, 77],
    [25, 75],
    [24, 76],
    [25, 75],
    [25, 75],
    [31, 69],
    [25, 75],
    [21, 79],
    [23, 77],
    [23, 77],
    [28, 72],
    [29, 71],
    [23, 77],
    [33, 67],
    [21, 79],
    [23, 77],
    [24, 76],
    [25, 75],
    [20, 80],
    [22, 78]
  ],
  "method": "mvn_cdf",
  "mvncdf_method": "genz",
  "mvncdf_samples": 5000,
  "mvncdf_error": 0.001,
  "cond_prob": [
    [
      [0.31736765299, 0.019011589849, 0.60437990088, 0.028775225994, 0.030465630292],
      [0.1020601394, 0.15986799963, 0.40265307871, 0.26161510784, 0.073803674421]
    ],
    [
      [0.32707853659, 0.0080810258254, 0.64241765841, 0.022422779176, 0],
      [0.15853973391, 0.10771272662, 0.5405192111, 0.19322832838, 0]
    ],
    [
      [0.37485415719, 0.020076455986, 0.56126054352, 0.015158573416, 0.028650269885],
      [0.13635782157, 0.19365708213, 0.42534513691, 0.16664303682, 0.07799692256]
    ],
    [
      [0.39676231357, 0.02271162686, 0.52214982589, 0.029628902274, 0.028747331405],
      [0.12261119366, 0.19159867379, 0.33590044772, 0.2809542513, 0.068935433531]
    ],
    [
      [0.39806220122, 0.019049345966, 0.54763589946, 0.031770646878, 0.0034819064744],
      [0.12581339634, 0.1428519621, 0.35709230161, 0.34468805937, 0.029554280577]
    ],
    [
      [0.4631868372, 0.01298523364, 0.4730203073, 0.029387108104, 0.021420513755],
      [0.15824168221, 0.12554676014, 0.33543569353, 0.32360749101, 0.057168373108]
    ],
    [
      [0.41987133865, 0.018304607875, 0.50460052425, 0.020619426156, 0.036604103064],
      [0.1475339488, 0.17495731128, 0.36944742046, 0.20056055902, 0.10750076045]
    ],
    [
      [0.36744619485, 0.02346505086, 0.560884895, 0.019302975437, 0.028900883852],
      [0.11764547318, 0.26989078842, 0.37242232093, 0.17003269604, 0.070008721438]
    ],
    [
      [0.34889150601, 0.018593952807, 0.5651887757, 0.027294455416, 0.04003131006],
      [0.11133458873, 0.16137342589, 0.37488265259, 0.24352047122, 0.10888886158]
    ],
    [
      [0.37968216757, 0.02484695746, 0.55295332865, 0.030499270372, 0.012018275948],
      [0.11407494233, 0.27535709926, 0.34310889982, 0.2288350358, 0.038624022788]
    ],
    [
      [0.46148513395, 0.026640485808, 0.43729270196, 0.034792596151, 0.039789082124],
      [0.12196374248, 0.33230512828, 0.24023977711, 0.22315677885, 0.082334573275]
    ],
    [
      [0.39328312104, 0.011216955539, 0.56391070039, 0.0072435481024, 0.024345674931],
      [0.16427336779, 0.13241396948, 0.48918976167, 0.14085746028, 0.073265440772]
    ],
    [
      [0.43167476118, 0.011173137947, 0.50674468737, 0.029584313777, 0.020823099732],
      [0.13997918554, 0.11412621671, 0.33979937535, 0.35249747886, 0.053597743547]
    ],
    [
      [0.36959177248, 0.024623541497, 0.56464782385, 0.029508203019, 0.011628659149],
      [0.11284411932, 0.26777340764, 0.35610645658, 0.22464303199, 0.038632984474]
    ],
    [
      [0.3263395434, 0.010707283487, 0.6336597276, 0.024700847197, 0.0045925983221],
      [0.1244531912, 0.11788904189, 0.5022167965, 0.22080725166, 0.034633718755]
    ],
    [
      [0.36336190893, 0.009261886321, 0.57461488035, 0.022749998664, 0.030011325734],
      [0.13514133561, 0.11840985305, 0.44506287851, 0.21880263727, 0.082583295557]
    ],
    [
      [0.42433597628, 0.023793372338, 0.48907782555, 0.022389351073, 0.040403474761],
      [0.13352226498, 0.25209208841, 0.31984394434, 0.18656400254, 0.10797769972]
    ],
    [
      [0.32949614563, 0.017309579583, 0.58579018309, 0.030738436578, 0.036665655117],
      [0.10066481629, 0.1430419658, 0.37121255581, 0.29712906512, 0.087951596974]
    ],
    [
      [0.38217696565, 0.021183164949, 0.57678764506, 0.016554412188, 0.0032978121526],
      [0.14500893997, 0.19762332427, 0.45502562205, 0.16857981133, 0.033762302368]
    ],
    [
      [0.44006084936, 0.0098040285871, 0.49512411167, 0.017282931537, 0.037728078843],
      [0.17059604413, 0.12594238018, 0.39849291293, 0.1815793487, 0.12338931406]
    ],
    [
      [0.44978530755, 0.023487856192, 0.44996246274, 0.028541457899, 0.048222915628],
      [0.13257936416, 0.14399760077, 0.26831490485, 0.17153483109, 0.28357329914]
    ],
    [
      [0.51814895928, 0.015805546225, 0.43812237169, 0.0014015717328, 0.02652155107],
      [0.23419496227, 0.15828243695, 0.40427915632, 0.12056168951, 0.082681754944]
    ],
    [
      [0.4517433648, 0.00057234729309, 0.51685480104, 0.010550210648, 0.020279276224],
      [0.20534638957, 0.093084979231, 0.48421289134, 0.1507873028, 0.066568437061]
    ],
    [
      [0.39398354235, 0.0060151349705, 0.56036155581, 0.019345134478, 0.020294632387],
      [0.15927248864, 0.11029715684, 0.47183305229, 0.19610541936, 0.062491882879]
    ],
    [
      [0.39650728029, 0.024691346384, 0.53747814866, 0.027473228525, 0.013849996137],
      [0.1274249932, 0.24044683979, 0.35901077407, 0.22998166412, 0.043135728816]
    ],
    [
      [0.36946615377, 0.011723290925, 0.58990446855, 0.0038964722469, 0.025009614513],
      [0.15895044423, 0.13605668399, 0.50553197764, 0.1110845395, 0.088376354635]
    ],
    [
      [0.46559363987, 0.014451269154, 0.47959661573, 0.019235353584, 0.021123121669],
      [0.17261488679, 0.16451455597, 0.37622438751, 0.21503359568, 0.071612574047]
    ],
    [
      [0.29699123743, 0.024601268528, 0.61741047655, 0.031235043245, 0.029761974245],
      [0.077601330817, 0.21176355431, 0.36754409364, 0.26819766527, 0.074893355969]
    ],
    [
      [0.37732849857, 0.017356549924, 0.55201894707, 0.018494159713, 0.034801844728],
      [0.13084363203, 0.17872951055, 0.39146770093, 0.19152816009, 0.1074309964]
    ],
    [
      [0.4405492941, 0.023752143812, 0.49308290594, 0.033541663291, 0.0090739928573],
      [0.13842697341, 0.19669441256, 0.31077755534, 0.33005993276, 0.024041125929]
    ],
    [
      [0.37813239044, 0.015351097814, 0.55978464285, 0.020452688665, 0.026279180227],
      [0.13380461065, 0.16424577598, 0.40422017161, 0.21466997611, 0.083059465646]
    ],
    [
      [0.42666951059, 0.016305901684, 0.4985426267, 0.029237964883, 0.029243996136],
      [0.1377768298, 0.15456469944, 0.32715245777, 0.29692067837, 0.083585334621]
    ],
    [
      [0.38032511282, 0.016329558192, 0.55864820436, 0.025005536557, 0.019691588075],
