{
  "X": [
    [16, 12, 36, 20, 16],
    [17, 16, 26, 24, 17],
    [17, 18, 34, 24, 7],
    [16, 11, 30, 27, 16],
    [19, 13, 39, 18, 11],
    [15, 18, 34, 22, 11],
    [19, 19, 35, 17, 10],
    [17, 12, 36, 22, 13],
    [21, 19, 28, 20, 12],
    [20, 10, 39, 21, 10],
    [10, 21, 40, 16, 13],
    [21, 16, 32, 20, 11],
    [12, 16, 29, 37, 6],
    [21, 12, 25, 29, 13],
    [8, 15, 46, 24, 7],
    [14, 15, 34, 22, 15],
    [17, 8, 38, 23, 14],
    [16, 16, 36, 21, 11],
    [17, 10, 30, 29, 14],
    [21, 21, 31, 19, 8],
    [20, 16, 39, 19, 6],
    [19, 9, 32, 21, 19],
    [18, 22, 37, 15, 8],
    [22, 13, 39, 19, 7],
    [20, 15, 39, 19, 7],
    [23, 30, 13, 12, 22],
    [19, 23, 15, 8, 35],
    [25, 25, 7, 8, 35],
    [18, 39, 12, 10, 21],
    [18, 28, 15, 9, 30],
    [24, 33, 10, 7, 26],
    [23, 25, 11, 5, 36],
    [20, 21, 22, 8, 29],
    [19, 25, 8, 16, 32],
    [18, 27, 15, 7, 33],
    [25, 23, 14, 8, 30],
    [19, 31, 11, 5, 34],
    [29, 25, 5, 6, 35],
    [19, 24, 14, 11, 32],
    [23, 30, 14, 4, 29],
    [25, 23, 11, 7, 34],
    [27, 29, 7, 9, 28],
    [20, 22, 19, 8, 31],
    [13, 24, 19, 12, 32],
    [23, 23, 18, 6, 30],
    [28, 27, 7, 9, 29],
    [25, 20, 7, 10, 38],
    [19, 34, 14, 5, 28],
    [24, 25, 14, 7, 30],
    [16, 27, 7, 13, 37]
  ],
  "W": [
    [77, 23],
    [72, 28],
    [74, 26],
    [68, 32],
    [74, 26],
    [73, 27],
    [71, 29],
    [73, 27],
    [70, 30],
    [81, 19],
    [74, 26],
    [78, 22],
    [81, 19],
    [71, 29],
    [84, 16],
    [69, 31],
    [76, 24],
    [83, 17],
    [77, 23],
    [70, 30],
    [77, 23],
    [73, 27],
    [76, 24],
    [80, 20],
    [75, 25],
    [28, 72],
    [26, 74],
    [19, 81],
    [24, 76],
    [20, 80],
    [27, 73],
    [18, 82],
    [34, 66],
    [30, 70],
    [22, 78],
    [31, 69],
    [22, 78],
    [20, 80],
    [27, 73],
    [21, 79],
    [20, 80],
    [19, 81],
    [30, 70],
    [38, 62],
    [33, 67],
    [18, 82],
    [25, 75],
    [23, 77],
    [23, 77],
    [25, 75]
  ],
  "method": "mvn_cdf",
  "mvncdf_method": "genz",
  "mvncdf_samples": 5000,
  "mvncdf_error": 0.001,
  "cond_prob": [
    [
      [0.15378406761, 0.086087982535, 0.46322436988, 0.25655844184, 0.040345138133],
      [0.18080986061, 0.23353153673, 0.014422761708, 0.010652172967, 0.56058366799]
    ],
    [
      [0.16394106637, 0.11045555508, 0.35756211503, 0.32807421781, 0.039967045701],
      [0.18558011504, 0.28740000121, 0.0091259899176, 0.013523439919, 0.50437045391]
    ],
    [
      [0.13550682928, 0.092314141692, 0.4507714531, 0.31644676428, 0.0049608116467],
      [0.2681728705, 0.42956744288, 0.024727402715, 0.022420747829, 0.25511153608]
    ],
    [
      [0.11940698173, 0.044432711259, 0.42818302153, 0.38525629517, 0.022720990311],
      [0.24626016382, 0.24933048858, 0.027611079257, 0.025080372757, 0.45171789559]
    ],
    [
      [0.1549823257, 0.069327723539, 0.51816948617, 0.23778298477, 0.019737479817],
      [0.28966568838, 0.302682633, 0.025209923975, 0.015540735658, 0.36690101898]
    ],
    [
      [0.12625996966, 0.099567850013, 0.45825583493, 0.29485153016, 0.021064815245],
      [0.21418600796, 0.39746470182, 0.020271261122, 0.017623640687, 0.35045438841]
    ],
    [
      [0.16079880469, 0.1040811399, 0.48435657332, 0.23416670474, 0.016596777354],
      [0.26149258163, 0.40035307127, 0.021058044627, 0.012902205646, 0.30419409682]
    ],
    [
      [0.13769227997, 0.061140245465, 0.48435487842, 0.29408413398, 0.02272846217],
      [0.25735050232, 0.27913933634, 0.02378125464, 0.019698452576, 0.42003045413]
    ],
    [
      [0.1878691169, 0.11345675848, 0.39403386747, 0.27955096545, 0.025089291696],
      [0.26163872724, 0.36860089687, 0.013920975907, 0.014381080608, 0.34145831938]
    ],
    [
      [0.17729400985, 0.063843920848, 0.47650003578, 0.25575308882, 0.026608944698],
      [0.29679922118, 0.25413907428, 0.021236689552, 0.01494735817, 0.41287765682]
    ],
    [
      [0.088441638329, 0.13039079594, 0.53295356671, 0.21262384915, 0.035590149874],
      [0.13289687553, 0.43658004232, 0.021593694754, 0.010224429345, 0.39870495805]
    ],
    [
      [0.19724962938, 0.11193352802, 0.40631453374, 0.25315307128, 0.031349237578],
      [0.25520585948, 0.33041749156, 0.013975744016, 0.011548201809, 0.38885270313]
    ],
    [
      [0.097497459625, 0.09164564479, 0.35232547437, 0.44933866836, 0.0091927528607],
      [0.21593188265, 0.45140540905, 0.024296661916, 0.031766729629, 0.27659931675]
    ],
    [
      [0.17023519421, 0.061313051796, 0.34497869719, 0.39937487496, 0.024098181845],
      [0.30735521418, 0.26368183871, 0.017465948264, 0.022220133714, 0.38927686514]
    ],
    [
      [0.064122282197, 0.09445927436, 0.54179213612, 0.2816534657, 0.017972841617],
      [0.16335801847, 0.44158880961, 0.030591285356, 0.021319305057, 0.34314258151]
    ],
    [
      [0.11000223285, 0.074545687933, 0.48224360898, 0.30971965795, 0.023488812293],
      [0.20676922367, 0.3179466946, 0.023393257441, 0.020301406493, 0.4315894178]
    ],
    [
      [0.14363965836, 0.038930036219, 0.49240162961, 0.29646089876, 0.028567777043],
      [0.25347441519, 0.21005488531, 0.024061506224, 0.019540487247, 0.49286870603]
    ],
    [
      [0.15622944097, 0.12355422659, 0.43098353522, 0.25093975337, 0.038293043852],
      [0.17840919998, 0.33794112898, 0.013433328037, 0.010117674742, 0.46009866825]
    ],
    [
      [0.15168637454, 0.060755394637, 0.38464993177, 0.37104457953, 0.031863719525],
      [0.23131083306, 0.23138411361, 0.016606750172, 0.018676842443, 0.50202146072]
    ],
    [
      [0.17800868661, 0.11415016706, 0.43462959004, 0.26472472187, 0.0084868344274],
      [0.28464639792, 0.43364961018, 0.019197623248, 0.015642315647, 0.246864053]
    ],
    [
      [0.16447963039, 0.090481367714, 0.49867079291, 0.24179120485, 0.0045770041363],
      [0.31891601999, 0.3927362907, 0.02618908462, 0.016612053323, 0.24554655137]
    ],
    [
      [0.1823450409, 0.058013748022, 0.43317271589, 0.2830259757, 0.043442519499],
      [0.21069674128, 0.17648134794, 0.014014508898, 0.012559399045, 0.58624800284]
    ],
    [
      [0.16724224086, 0.13756282298, 0.48042038215, 0.19490560476, 0.019868949259],
      [0.22039957062, 0.48105106057, 0.020335456534, 0.007798918259, 0.27041499401]
    ],
    [
      [0.18839482077, 0.081617603673, 0.4815699709, 0.23386478291, 0.014552821743],
      [0.3464207169, 0.32352958531, 0.023720116416, 0.014540868347, 0.29178871303]
    ],
    [
      [0.15768346895, 0.0787870148, 0.51058461369, 0.24721297515, 0.0057319274131],
      [0.32694959316, 0.3636389556, 0.028246158927, 0.018361074556, 0.26280421776]
    ],
    [
      [0.13168661307, 0.082485991988, 0.40467406949, 0.36852473869, 0.012628586765],
      [0.26823298381, 0.38458878089, 0.023182306309, 0.02335149051, 0.30064443848]
    ],
    [
      [0.12487138677, 0.07299343911, 0.51686181467, 0.25908636416, 0.026186995293],
      [0.21288302627, 0.28516446734, 0.021102605657, 0.017077763944, 0.46377213679]
    ],
    [
      [0.19598139954, 0.093690006378, 0.33189996478, 0.34699700516, 0.031431624139],
      [0.26267102974, 0.28666530715, 0.0085666749288, 0.017371072863, 0.42472591533]
    ],
    [
      [0.10759877502, 0.11097785072, 0.42496232198, 0.34245391609, 0.014007136191],
      [0.20286354473, 0.47811225767, 0.02369610885, 0.023435605445, 0.27189248331]
    ],
    [
      [0.06276734723, 0.044341582233, 0.57723284059, 0.30417927309, 0.01147895686],
      [0.20930816319, 0.33891460444, 0.043191789852, 0.036455181728, 0.37213026079]
    ],
    [
      [0.22945203679, 0.16161936511, 0.34543718693, 0.23053708255, 0.032954328617],
      [0.24390130146, 0.39227776907, 0.00922186237, 0.010623270836, 0.34397579627]
    ],
    [
      [0.15472819287, 0.079367092469, 0.5179392306, 0.22116256783, 0.026802916229],
      [0.24652307961, 0.28745600409, 0.020452364014, 0.012427729012, 0.43314082327]
    ],
    [
      [0.11877129925, 0.060747403256, 0.59438730363, 0.20522741996, 0.020866573909],
