{
  "X": [
    [11, 6, 0, 42, 41],
    [17, 3, 2, 32, 46],
    [15, 7, 2, 24, 52],
    [17, 7, 3, 25, 48],
    [16, 6, 1, 33, 44],
    [28, 3, 2, 25, 42],
    [15, 5, 3, 32, 45],
    [14, 4, 1, 29, 52],
    [25, 7, 4, 25, 39],
    [16, 5, 2, 35, 42],
    [14, 8, 5, 29, 44],
    [20, 7, 3, 25, 45],
    [24, 6, 1, 25, 44],
    [20, 6, 1, 30, 43],
    [13, 6, 2, 32, 47],
    [22, 4, 3, 30, 41],
    [14, 7, 1, 28, 50],
    [24, 6, 1, 21, 48],
    [19, 4, 0, 27, 50],
    [23, 6, 0, 35, 36],
    [26, 6, 0, 31, 37],
    [25, 7, 0, 24, 44],
    [16, 9, 4, 26, 45],
    [23, 3, 2, 34, 38],
    [23, 6, 1, 26, 44],
    [18, 1, 0, 44, 37],
    [16, 1, 2, 55, 26],
    [17, 1, 2, 46, 34],
    [12, 4, 4, 47, 33],
    [12, 5, 3, 44, 36],
    [18, 1, 1, 47, 33],
    [16, 2, 2, 49, 31],
    [16, 3, 3, 50, 28],
    [26, 3, 2, 46, 23],
    [17, 0, 4, 47, 32],
    [20, 3, 0, 42, 35],
    [23, 2, 2, 39, 34],
    [17, 3, 4, 34, 42],
    [22, 3, 2, 39, 34],
    [18, 5, 2, 44, 31],
    [21, 3, 1, 41, 34],
    [19, 4, 0, 54, 23],
    [18, 3, 2, 47, 30],
    [27, 3, 1, 42, 27],
    [18, 7, 0, 43, 32],
    [12, 2, 1, 55, 30],
    [18, 4, 2, 45, 31],
    [16, 1, 0, 52, 31],
    [23, 6, 4, 34, 33],
    [17, 2, 3, 44, 34]
  ],
  "W": [
    [79, 21],
    [75, 25],
    [75, 25],
    [83, 17],
    [75, 25],
    [76, 24],
    [67, 33],
    [79, 21],
    [78, 22],
    [77, 23],
    [81, 19],
    [74, 26],
    [66, 34],
    [71, 29],
    [68, 32],
    [76, 24],
    [75, 25],
    [74, 26],
    [75, 25],
    [78, 22],
    [70, 30],
    [81, 19],
    [59, 41],
    [80, 20],
    [76, 24],
    [27, 73],
    [25, 75],
    [20, 80],
    [23, 77],
    [28, 72],
    [23, 77],
    [17, 83],
    [27, 73],
    [27, 73],
    [20, 80],
    [27, 73],
    [25, 75],
    [29, 71],
    [25, 75],
    [34, 66],
    [23, 77],
    [29, 71],
    [21, 79],
    [28, 72],
    [19, 81],
    [27, 73],
    [31, 69],
    [23, 77],
    [28, 72],
    [26, 74]
  ],
  "method": "mvn_cdf",
  "mvncdf_method": "genz",
  "mvncdf_samples": 5000,
  "mvncdf_error": 0.001,
  "cond_prob": [
    [
      [0.11553935777, 0.071707941657, 0, 0.34473135918, 0.4680213414],
      [0.089161463641, 0.015955838527, 0, 0.70315345832, 0.19172923951]
    ],
    [
      [0.17688619866, 0.036869852917, 0.020780879717, 0.23958327639, 0.52587979232],
      [0.14934140403, 0.0093904412502, 0.01765736085, 0.56125017083, 0.26236062304]
    ],
    [
      [0.14978443539, 0.084685807922, 0.020100622619, 0.16598857914, 0.57944055493],
      [0.15064669382, 0.025942576234, 0.019698132142, 0.46203426259, 0.34167833522]
    ],
    [
      [0.17225336529, 0.079785314904, 0.029957939589, 0.19787765367, 0.52012572655],
      [0.15899827536, 0.022224639, 0.030205353772, 0.5044796909, 0.28409204096]
    ],
    [
      [0.16632059859, 0.073550169932, 0.010130286668, 0.24682533224, 0.50317361257],
      [0.14103820424, 0.019349490203, 0.0096091399952, 0.57952400328, 0.25047916228]
    ],
    [
      [0.28420210041, 0.036303572223, 0.020588730857, 0.18547583405, 0.47342976246],
      [0.26669334871, 0.01003868796, 0.018135685618, 0.4543265255, 0.2508057522]
    ],
    [
      [0.15510713365, 0.065366397081, 0.029947319448, 0.21593863783, 0.533640512],
      [0.13963097108, 0.018801557442, 0.030106957484, 0.53127609895, 0.28018441504]
    ],
    [
      [0.14254515693, 0.047185829838, 0.010015934392, 0.22298304077, 0.57727003807],
      [0.13042536203, 0.012967592515, 0.0099400563331, 0.54211141804, 0.30455557109]
    ],
    [
      [0.25486922281, 0.083226540238, 0.038121657285, 0.18926751551, 0.43451506416],
      [0.23273639187, 0.023105902793, 0.046659578716, 0.46532426319, 0.23217386344]
    ],
    [
      [0.16783181893, 0.06046719338, 0.021002991411, 0.27226257698, 0.47843541931],
      [0.13378043229, 0.014957656944, 0.016642159189, 0.61025137273, 0.22436837884]
    ],
    [
      [0.14348529656, 0.092989527425, 0.044759751419, 0.23307230185, 0.48569312275],
      [0.12514163047, 0.024623593607, 0.072340007108, 0.53269176578, 0.24520300303]
    ],
    [
      [0.20278639279, 0.085765910534, 0.029605396982, 0.17410510678, 0.50773719291],
      [0.19206949745, 0.025127793095, 0.031123100898, 0.46600854223, 0.28567106632]
    ],
    [
      [0.24144187698, 0.078320450514, 0.0096395230964, 0.15628739999, 0.51431074942],
      [0.23720106233, 0.024436772531, 0.010699749283, 0.43191269413, 0.29574972172]
    ],
    [
      [0.20639895083, 0.075795636932, 0.0099513494653, 0.20972711662, 0.49812694615],
      [0.18433360314, 0.021327923373, 0.01011910993, 0.52101292137, 0.26320644218]
    ],
    [
      [0.13277480451, 0.077675619776, 0.020407730308, 0.21680784651, 0.5523339989],
      [0.12410354042, 0.022439307976, 0.019133573096, 0.53928332618, 0.29504025233]
    ],
    [
      [0.22830468662, 0.048610810791, 0.030476482, 0.22692296027, 0.46568506032],
      [0.1937018257, 0.012732432494, 0.028491140334, 0.53141062581, 0.23366397567]
    ],
    [
      [0.14132206182, 0.085114575976, 0.0098717504594, 0.20109642082, 0.56259519093],
      [0.13603381455, 0.024656272073, 0.010384748622, 0.51671073754, 0.31221442722]
    ],
    [
      [0.23967434329, 0.073108706065, 0.009713278345, 0.14010487666, 0.53739879563],
      [0.24092686909, 0.022690605815, 0.010816053941, 0.40893227412, 0.31663419704]
    ],
    [
      [0.19277088634, 0.04867279114, 0, 0.19483452268, 0.56372179984],
      [0.18168734097, 0.013981626579, 0, 0.49549643196, 0.30883460049]
    ],
    [
      [0.24115866385, 0.071988779666, 0, 0.27850152081, 0.40835103568],
      [0.19043746454, 0.017494326639, 0, 0.60349460804, 0.18857360078]
    ],
    [
      [0.26854980316, 0.076594010356, 0, 0.22125621285, 0.43359997363],
      [0.24005045929, 0.021280642503, 0, 0.51706883669, 0.22160006153]
    ],
    [
      [0.25182399456, 0.081060684897, 0, 0.18552669708, 0.48158862346],
      [0.24222402318, 0.022846553862, 0, 0.47222829141, 0.26270113155]
    ],
    [
      [0.15753815544, 0.12819787648, 0.034930091615, 0.14647682756, 0.53285704891],
      [0.16354265437, 0.03503232409, 0.047295721823, 0.42336261399, 0.33076668572]
    ],
    [
      [0.24116808525, 0.03540029403, 0.021035744909, 0.27611081984, 0.42628505597],
      [0.18532765898, 0.0083988238789, 0.015857020365, 0.59555672064, 0.19485977613]
    ],
    [
      [0.23415843458, 0.072445641424, 0.009928259129, 0.18934909664, 0.49411856823],
      [0.21683162384, 0.020588802157, 0.010227179425, 0.48372786064, 0.26862453394]
    ],
    [
      [0.19537642716, 0.027566162418, 0, 0.21367991206, 0.56337749835],
      [0.17431282831, 0.0035029262289, 0, 0.52370742978, 0.29847681568]
    ],
    [
      [0.19442299785, 0.030138615758, 0.018249921126, 0.30811813214, 0.44907033313],
      [0.14852566738, 0.0032871280805, 0.020583359625, 0.63062728929, 0.19697655562]
    ],
    [
      [0.18587983184, 0.029585090616, 0.016131992372, 0.21540179658, 0.5530012886],
      [0.16603004204, 0.0051037273459, 0.020967001907, 0.52114955086, 0.28674967785]
    ],
    [
      [0.13558560663, 0.083623396366, 0.039928882552, 0.22240575003, 0.51845636442],
      [0.11534455906, 0.026969634852, 0.040021242874, 0.54395672402, 0.2737078392]
    ],
    [
      [0.13042891952, 0.1016513029, 0.025813538785, 0.20794175253, 0.53416448627],
      [0.11594430908, 0.029913382207, 0.03162806825, 0.53024487402, 0.29226936645]
    ],
    [
      [0.20001684293, 0.029253602464, 0.0092661602346, 0.23024479545, 0.53121859892],
      [0.17402094302, 0.0042489239394, 0.010219198891, 0.54161519097, 0.26989574318]
    ],
    [
      [0.18039034315, 0.04622605644, 0.016179908628, 0.23082248098, 0.5263812108],
      [0.15582366466, 0.014628398078, 0.020782428353, 0.54308455209, 0.26568095682]
    ],
    [
      [0.18613734547, 0.060059299764, 0.02831258416, 0.26628322255, 0.45920754806],
      [0.15033276263, 0.0188821768, 0.030624112708, 0.58644319166, 0.2137177562]
    ],
    [
      [0.30641849645, 0.058248652909, 0.017326044622, 0.24004160298, 0.37796520304],
