{
  "X": [
    [32, 12, 10, 24, 22],
    [42, 14, 15, 14, 15],
    [41, 9, 13, 24, 13],
    [28, 7, 13, 29, 23],
    [34, 13, 15, 17, 21],
    [32, 16, 12, 19, 21],
    [38, 12, 15, 19, 16],
    [39, 8, 16, 13, 24],
    [33, 17, 7, 25, 18],
    [41, 15, 16, 10, 18],
    [34, 9, 23, 17, 17],
    [31, 5, 14, 19, 31],
    [40, 6, 14, 19, 21],
    [37, 11, 10, 23, 19],
    [36, 13, 9, 27, 15],
    [46, 3, 12, 24, 15],
    [30, 16, 13, 19, 22],
    [37, 13, 10, 20, 20],
    [41, 8, 10, 22, 19],
    [32, 9, 10, 25, 24],
    [44, 13, 10, 18, 15],
    [49, 12, 12, 14, 13],
    [48, 8, 8, 16, 20],
    [35, 5, 21, 16, 23],
    [43, 7, 8, 20, 22],
    [31, 15, 18, 30, 6],
    [28, 25, 8, 31, 8],
    [29, 17, 11, 39, 4],
    [26, 25, 5, 36, 8],
    [33, 23, 12, 26, 6],
    [29, 20, 12, 27, 12],
    [25, 23, 10, 30, 12],
    [31, 20, 12, 29, 8],
    [24, 21, 14, 28, 13],
    [25, 18, 13, 34, 10],
    [29, 21, 9, 34, 7],
    [27, 24, 7, 33, 9],
    [29, 22, 12, 26, 11],
    [25, 27, 8, 30, 10],
    [34, 18, 11, 34, 3],
    [27, 24, 12, 28, 9],
    [34, 19, 7, 33, 7],
    [32, 27, 3, 29, 9],
    [34, 28, 3, 29, 6],
    [26, 26, 9, 28, 11],
    [25, 20, 8, 41, 6],
    [23, 33, 6, 23, 15],
    [27, 23, 13, 29, 8],
    [28, 21, 15, 31, 5],
    [30, 26, 10, 23, 11]
  ],
  "W": [
    [73, 27],
    [72, 28],
    [76, 24],
    [71, 29],
    [75, 25],
    [79, 21],
    [75, 25],
    [81, 19],
    [77, 23],
    [72, 28],
    [79, 21],
    [79, 21],
    [82, 18],
    [72, 28],
    [69, 31],
    [70, 30],
    [74, 26],
    [77, 23],
    [79, 21],
    [70, 30],
    [67, 33],
    [73, 27],
    [82, 18],
    [81, 19],
    [79, 21],
    [25, 75],
    [32, 68],
    [21, 79],
    [22, 78],
    [21, 79],
    [26, 74],
    [30, 70],
    [24, 76],
    [33, 67],
    [29, 71],
    [24, 76],
    [24, 76],
    [25, 75],
    [15, 85],
    [22, 78],
    [29, 71],
    [26, 74],
    [23, 77],
    [18, 82],
    [25, 75],
    [20, 80],
    [26, 74],
    [20, 80],
    [23, 77],
    [33, 67]
  ],
  "method": "mvn_cdf",
  "mvncdf_method": "genz",
  "mvncdf_samples": 5000,
  "mvncdf_error": 0.001,
  "cond_prob": [
    [
      [0.36588620586, 0.05859594246, 0.11306100126, 0.1748537764, 0.28760307402],
      [0.19593729528, 0.28601837779, 0.064686922507, 0.41613608602, 0.037221318396]
    ],
    [
      [0.47620253425, 0.062922065517, 0.1681128311, 0.095173058853, 0.19758951029],
      [0.27547919765, 0.33820040296, 0.10342414861, 0.25526927724, 0.027626973551]
    ],
    [
      [0.46224673098, 0.046724336047, 0.14539629005, 0.18079673396, 0.16483590897],
      [0.24455201856, 0.22703960252, 0.081245081524, 0.42747700912, 0.019686288269]
    ],
    [
      [0.3201045312, 0.027994089368, 0.14723793169, 0.19824805069, 0.30641539705],
      [0.1818130443, 0.17284205706, 0.087796787929, 0.51463408279, 0.042914027917]
    ],
    [
      [0.38085730919, 0.061605312412, 0.16633678186, 0.12352004189, 0.26768055465],
      [0.21742807244, 0.33518406276, 0.10098965442, 0.30943987432, 0.03695833605]
    ],
    [
      [0.36168209613, 0.085799654994, 0.13485753869, 0.15949662745, 0.25816408274],
      [0.16319592409, 0.43913463121, 0.06410735447, 0.30475078244, 0.028811307787]
    ],
    [
      [0.42828962108, 0.059094186376, 0.16736595872, 0.14082783466, 0.20442239916],
      [0.23513113677, 0.30271744087, 0.09790212384, 0.33751649601, 0.026732802505]
    ],
    [
      [0.41489730481, 0.039554428891, 0.16858896616, 0.091772768544, 0.28518653159],
      [0.28385885843, 0.25242585578, 0.12338388109, 0.29296872357, 0.047362681117]
    ],
    [
      [0.38352237553, 0.095334517824, 0.080409937383, 0.21400697409, 0.22672619517],
      [0.15081639496, 0.41996704902, 0.035149340064, 0.3704983911, 0.023568824852]
    ],
    [
      [0.46125886755, 0.065682439059, 0.17763132306, 0.059471642259, 0.23595572807],
      [0.27819148344, 0.36681658528, 0.11466231214, 0.20421577705, 0.036113842101]
    ],
    [
      [0.37149805263, 0.047985844284, 0.24472883936, 0.12898930411, 0.20679795961],
      [0.22150732581, 0.24805325246, 0.17459150908, 0.32427833214, 0.031569580503]
    ],
    [
      [0.32863511075, 0.016363460471, 0.1474451202, 0.13249624431, 0.37506006427],
      [0.23989648813, 0.17653745823, 0.11199216687, 0.40632365236, 0.065250234413]
    ],
    [
      [0.42866833671, 0.029555780364, 0.14906468289, 0.14487904875, 0.24783215129],
      [0.26939979943, 0.1986903339, 0.098705333514, 0.39555100015, 0.03765353301]
    ],
    [
      [0.42252159214, 0.051011201542, 0.11274873853, 0.16306742347, 0.25065104431],
      [0.23494447736, 0.26168548175, 0.06721752949, 0.40211233964, 0.034040171762]
    ],
    [
      [0.42828751338, 0.06331928119, 0.10564682852, 0.19638194444, 0.20636443247],
      [0.20800521215, 0.27841837413, 0.055173188139, 0.43385954302, 0.024543682569]
    ],
    [
      [0.50748000849, 0, 0.13267103324, 0.15957885391, 0.20027010435],
      [0.34921331351, 0.1, 0.090434255773, 0.42764934087, 0.032703089849]
    ],
    [
      [0.34453472341, 0.075708258106, 0.14809635948, 0.14658396777, 0.28507669124],
      [0.17324732569, 0.39990726539, 0.078494976865, 0.31356870712, 0.034781724929]
    ],
    [
      [0.41600678579, 0.067393895583, 0.11132276642, 0.15498233136, 0.25029422084],
      [0.21597728236, 0.33959434957, 0.062093347187, 0.35071132545, 0.031623695435]
    ],
    [
      [0.45068692028, 0.041743705907, 0.10886195968, 0.16676632207, 0.23194109206],
      [0.25693968085, 0.22391653492, 0.066662151662, 0.42026002652, 0.032221606049]
    ],
    [
      [0.36274982307, 0.036308516048, 0.11179660193, 0.16608086509, 0.32306419387],
      [0.22025041285, 0.21528012922, 0.072474595505, 0.44581131479, 0.046183547639]
    ],
    [
      [0.50728336443, 0.053110405098, 0.11356230482, 0.11733603957, 0.20870788608],
      [0.30339438132, 0.28610917753, 0.07246441142, 0.30722682875, 0.030805200985]
    ],
    [
      [0.54703803693, 0.055966157724, 0.13299760197, 0.094951311095, 0.16904689228],
      [0.33578604831, 0.29312853653, 0.084858335404, 0.26179830704, 0.02442877272]
    ],
    [
      [0.51379076661, 0.043441679049, 0.084420721994, 0.12243830746, 0.23590852489],
      [0.32606428542, 0.24654346211, 0.059861155362, 0.33111437714, 0.036416719963]
    ],
    [
      [0.37192883927, 0.020017364707, 0.21828642254, 0.11684151474, 0.27292585875],
      [0.25651389576, 0.17782070835, 0.17467367233, 0.34399143718, 0.047000286384]
    ],
    [
      [0.46657872137, 0.033156174303, 0.085312682073, 0.14738046029, 0.26757196196],
      [0.29239433388, 0.20860296334, 0.06001419601, 0.39794969699, 0.041038809777]
    ],
    [
      [0.4162150851, 0.031189591237, 0.26153650391, 0.12827653824, 0.16278228151],
      [0.27459497163, 0.18960346959, 0.15282116536, 0.35724115392, 0.025739239497]
    ],
    [
      [0.4325775492, 0.072052007768, 0.11893877926, 0.1757625318, 0.20066913196],
      [0.20819880038, 0.33374023164, 0.061675868583, 0.37317057327, 0.023214526134]
    ],
    [
      [0.45873436226, 0.041141246398, 0.16200709272, 0.19288704323, 0.14523025539],
      [0.24514656193, 0.20425359273, 0.096175329784, 0.44239711509, 0.012027400465]
    ],
    [
      [0.42142723539, 0.063303239602, 0.087124125031, 0.18402345434, 0.24412194564],
      [0.2144692413, 0.30265806063, 0.03952909294, 0.40963441031, 0.03370919482]
    ],
    [
      [0.48770925934, 0.049240419714, 0.16509939382, 0.11389456956, 0.18405635756],
      [0.28807728549, 0.27805001501, 0.10801155354, 0.29883815239, 0.027022993561]
    ],
    [
      [0.38170193737, 0.039901364967, 0.14955835727, 0.10977772347, 0.31906061692],
      [0.25778040038, 0.25625087177, 0.10961463123, 0.32629431337, 0.050059783243]
    ],
    [
      [0.36090899503, 0.056007648309, 0.13517515028, 0.14589748363, 0.30201072274],
      [0.20246757356, 0.30456815072, 0.084924935593, 0.36604393559, 0.04199540454]
    ],
    [
      [0.44447203047, 0.043130548956, 0.16201004527, 0.12762513408, 0.22276224122],
