{
  "X": [
    [2, 59, 22, 7, 10],
    [0, 76, 11, 7, 6],
    [1, 64, 18, 7, 10],
    [4, 56, 18, 12, 10],
    [1, 58, 21, 9, 11],
    [1, 63, 18, 12, 6],
    [1, 71, 17, 5, 6],
    [2, 61, 23, 9, 5],
    [3, 67, 16, 2, 12],
    [2, 69, 9, 6, 14],
    [1, 64, 14, 5, 16],
    [3, 62, 17, 9, 9],
    [2, 61, 19, 6, 12],
    [5, 59, 19, 10, 7],
    [1, 66, 24, 4, 5],
    [5, 58, 18, 9, 10],
    [2, 67, 14, 7, 10],
    [1, 60, 17, 6, 16],
    [3, 67, 15, 6, 9],
    [2, 70, 17, 4, 7],
    [1, 63, 19, 6, 11],
    [1, 63, 14, 11, 11],
    [1, 64, 15, 9, 11],
    [4, 60, 20, 3, 13],
    [4, 65, 13, 8, 10],
    [4, 23, 43, 8, 22],
    [4, 21, 39, 10, 26],
    [3, 27, 37, 19, 14],
    [6, 22, 45, 8, 19],
    [6, 26, 29, 15, 24],
    [6, 22, 38, 12, 22],
    [1, 24, 45, 12, 18],
    [3, 21, 46, 10, 20],
    [4, 18, 44, 13, 21],
    [1, 25, 44, 13, 17],
    [2, 32, 39, 15, 12],
    [4, 23, 37, 18, 18],
    [3, 27, 42, 14, 14],
    [3, 26, 43, 10, 18],
    [9, 16, 43, 9, 23],
    [2, 17, 43, 9, 29],
    [4, 19, 42, 16, 19],
    [7, 15, 47, 10, 21],
    [3, 21, 37, 15, 24],
    [4, 26, 40, 14, 16],
    [5, 27, 39, 11, 18],
    [3, 30, 31, 17, 19],
    [6, 27, 35, 8, 24],
    [7, 20, 34, 18, 21],
    [3, 20, 36, 14, 27]
  ],
  "W": [
    [77, 23],
    [84, 16],
    [74, 26],
    [68, 32],
    [74, 26],
    [75, 25],
    [75, 25],
    [73, 27],
    [76, 24],
    [81, 19],
    [73, 27],
    [75, 25],
    [72, 28],
    [77, 23],
    [71, 29],
    [67, 33],
    [80, 20],
    [72, 28],
    [76, 24],
    [79, 21],
    [74, 26],
    [73, 27],
    [76, 24],
    [71, 29],
    [75, 25],
    [22, 78],
    [24, 76],
    [32, 68],
    [26, 74],
    [32, 68],
    [24, 76],
    [26, 74],
    [23, 77],
    [20, 80],
    [28, 72],
    [38, 62],
    [26, 74],
    [31, 69],
    [28, 72],
    [17, 83],
    [20, 80],
    [21, 79],
    [17, 83],
    [21, 79],
    [26, 74],
    [25, 75],
    [30, 70],
    [30, 70],
    [21, 79],
    [24, 76]
  ],
  "method": "mvn_cdf",
  "mvncdf_method": "genz",
  "mvncdf_samples": 5000,
  "mvncdf_error": 0.001,
  "cond_prob": [
    [
      [0.015655246833, 0.76246874808, 0.09755788825, 0.05832277636, 0.06599534048],
      [0.034545477994, 0.012604626003, 0.62991489586, 0.10909331392, 0.21384168622]
    ],
    [
      [0, 0.89509286993, 0.034136721047, 0.04380787804, 0.026962530983],
      [0, 0.050762432867, 0.5082822145, 0.20750864029, 0.23344671234]
    ],
    [
      [0.0044009605924, 0.85760736744, 0.051257279786, 0.042818212736, 0.043916179446],
      [0.025935727545, 0.02065595421, 0.5464215883, 0.14736354837, 0.25962318158]
    ],
    [
      [0.019268808361, 0.8154634294, 0.053629921704, 0.067813077708, 0.04382476283],
      [0.084053782233, 0.01714021253, 0.44853641638, 0.23089720987, 0.21937237899]
    ],
    [
      [0.0059548474666, 0.77921986608, 0.083015601171, 0.06781717108, 0.063992514201],
      [0.021513126441, 0.012989611924, 0.57141713513, 0.15313574385, 0.24094438266]
    ],
    [
      [0.0053253045118, 0.83312073785, 0.065067664678, 0.070251221067, 0.026235071896],
      [0.024024086465, 0.020637786458, 0.52479700597, 0.2692463368, 0.16129478431]
    ],
    [
      [0.0031800590999, 0.93196374024, 0.030897976066, 0.021080463183, 0.012877761413],
      [0.0304598227, 0.044108779286, 0.5873060718, 0.13675861045, 0.20136671576]
    ],
    [
      [0.013361274966, 0.82945627093, 0.077092913881, 0.061684348906, 0.018405191319],
      [0.037949145462, 0.016655267493, 0.64341545506, 0.16655713074, 0.13542300125]
    ],
    [
      [0.016753374418, 0.87390038145, 0.051191279249, 0.0046983063472, 0.05345665854],
      [0.071947647678, 0.024315458751, 0.50456094905, 0.068455363234, 0.33072058129]
    ],
    [
      [0.013752108582, 0.84673230326, 0.031706212857, 0.042837465891, 0.064971909408],
      [0.046635747624, 0.021825443986, 0.33851561887, 0.13316659278, 0.45985659673]
    ],
    [
      [0.0043347567395, 0.8676102939, 0.041482523874, 0.028698723433, 0.057873702053],
      [0.025317139186, 0.02460920538, 0.40636206508, 0.10759234035, 0.43611925001]
    ],
    [
      [0.018013723927, 0.82135712039, 0.057094433713, 0.059386339782, 0.044148382184],
      [0.065958828219, 0.015928638817, 0.50871669886, 0.18184098066, 0.22755485345]
    ],
    [
      [0.011953164756, 0.84062910032, 0.056560127036, 0.037268074018, 0.053589533868],
      [0.040691862055, 0.01695374203, 0.53313110191, 0.11845352395, 0.29076977005]
    ],
    [
      [0.022703847104, 0.76139448332, 0.092168085464, 0.079650705381, 0.044082878727],
      [0.14138277274, 0.016201077568, 0.51752423562, 0.16812589938, 0.1567660147]
    ],
    [
      [0.0035666990598, 0.91539602687, 0.054818743446, 0.016919685613, 0.009298845011],
      [0.025750495405, 0.034720072146, 0.69337480053, 0.096506976602, 0.14964765532]
    ],
    [
      [0.013022408125, 0.85495187114, 0.044962735605, 0.049677674215, 0.037385310911],
      [0.12507571684, 0.02176438283, 0.4541665671, 0.17186654023, 0.227126793]
    ],
    [
      [0.013510885912, 0.83305452349, 0.051729470091, 0.049171726571, 0.052533393938],
      [0.045956456353, 0.017781906047, 0.49308211964, 0.15331309372, 0.28986642425]
    ],
    [
      [0.0048382927633, 0.82667016134, 0.059898528102, 0.040006688513, 0.068586329279],
      [0.023272961466, 0.017133870836, 0.45311807059, 0.11141137239, 0.39506372471]
    ],
    [
      [0.015546533579, 0.87363984599, 0.039331722575, 0.034716638698, 0.036765259159],
      [0.075769310333, 0.025140487706, 0.50044954518, 0.14006397745, 0.25857667933]
    ],
    [
      [0.012631770426, 0.87946530161, 0.052886121723, 0.023206301393, 0.031810504848],
      [0.04771857792, 0.024868627279, 0.61057125637, 0.10317629476, 0.21366524367]
    ],
    [
      [0.004781215579, 0.84506621942, 0.059568422621, 0.038521719468, 0.052062422909],
      [0.024853463352, 0.017888452412, 0.56122833562, 0.12113049075, 0.27489925787]
    ],
    [
      [0.0041301916756, 0.85423368531, 0.036968214914, 0.058165815809, 0.046502092289],
      [0.025870222507, 0.023738554526, 0.41856741894, 0.25014427577, 0.28167952825]
    ],
    [
      [0.0050657285276, 0.83618066657, 0.04888458431, 0.057386450637, 0.052482569953],
      [0.025625192996, 0.01876122252, 0.47019881635, 0.19327623965, 0.29213852848]
    ],
    [
      [0.019656256145, 0.83781642077, 0.067254837643, 0.013927515596, 0.061344969849],
      [0.089807097025, 0.017759797432, 0.5249967768, 0.069349875609, 0.29808645313]
    ],
    [
      [0.01584782492, 0.85884806703, 0.034607739792, 0.047920632315, 0.042775735942],
      [0.11245652524, 0.023455798907, 0.41617678062, 0.17623810305, 0.27167279217]
    ],
    [
      [0.0062836548343, 0.91731072123, 0.033007251086, 0.015647055012, 0.02775131784],
      [0.04950973838, 0.03614312991, 0.5419723138, 0.098150830638, 0.27422398728]
    ],
    [
      [0.011078784689, 0.82940399314, 0.059152180262, 0.038760228116, 0.061604813793],
      [0.049133015361, 0.014398739009, 0.49447825886, 0.11933887533, 0.32265111143]
    ],
    [
      [0.0097891160673, 0.80751715451, 0.066956348122, 0.078247227436, 0.037490153861],
      [0.039511004204, 0.017050750817, 0.51260877735, 0.24258954003, 0.18823992759]
    ],
    [
      [0.018810765584, 0.81147039561, 0.079862088289, 0.036086274856, 0.053770475662],
      [0.074471893173, 0.012186077218, 0.58004845547, 0.095429146672, 0.23786442747]
    ],
    [
      [0.01985618559, 0.78374430063, 0.054611960164, 0.07065536481, 0.071132188808],
      [0.078891206781, 0.013532093822, 0.40077084228, 0.18733865185, 0.31946720527]
    ],
    [
      [0.013450331197, 0.85718393397, 0.046680643925, 0.038932065665, 0.043753025246],
      [0.074699895412, 0.018784020852, 0.48525874402, 0.14560040032, 0.2756569394]
    ],
    [
      [0.00085046563143, 0.86537545952, 0.05697430562, 0.039720927483, 0.037078841745],
      [0.013214701265, 0.020273487196, 0.58809010884, 0.14820616061, 0.23021554209]
    ],
    [
      [0.0072863679107, 0.85462386462, 0.060629241073, 0.034572879551, 0.042887646842],
