{
  "X": [
    [31, 13, 3, 19, 34],
    [22, 22, 3, 10, 43],
    [21, 29, 5, 15, 30],
    [24, 18, 5, 17, 36],
    [36, 19, 0, 8, 37],
    [28, 22, 4, 14, 32],
    [21, 29, 2, 14, 34],
    [21, 15, 3, 16, 45],
    [27, 18, 8, 10, 37],
    [29, 25, 8, 12, 26],
    [29, 20, 4, 8, 39],
    [30, 18, 2, 16, 34],
    [24, 25, 3, 10, 38],
    [30, 20, 2, 16, 32],
    [25, 19, 6, 16, 34],
    [25, 27, 4, 11, 33],
    [28, 23, 3, 12, 34],
    [27, 20, 4, 10, 39],
    [27, 19, 1, 15, 38],
    [28, 20, 4, 13, 35],
    [27, 26, 1, 12, 34],
    [30, 18, 3, 7, 42],
    [27, 18, 6, 15, 34],
    [32, 19, 1, 15, 33],
    [27, 17, 3, 13, 40],
    [39, 12, 17, 19, 13],
    [45, 9, 4, 24, 18],
    [49, 8, 8, 20, 15],
    [42, 16, 8, 22, 12],
    [42, 13, 12, 21, 12],
    [36, 14, 19, 20, 11],
    [34, 13, 11, 29, 13],
    [42, 18, 5, 20, 15],
    [40, 10, 5, 31, 14],
    [41, 12, 14, 19, 14],
    [34, 18, 11, 25, 12],
    [35, 14, 15, 28, 8],
    [40, 19, 9, 16, 16],
    [42, 18, 6, 19, 15],
    [38, 24, 12, 17, 9],
    [40, 17, 13, 20, 10],
    [53, 7, 11, 22, 7],
    [38, 9, 15, 20, 18],
    [28, 10, 13, 32, 17],
    [48, 12, 11, 19, 10],
    [47, 9, 7, 25, 12],
    [36, 14, 9, 22, 19],
    [44, 13, 7, 26, 10],
    [49, 17, 7, 18, 9],
    [40, 17, 10, 20, 13]
  ],
  "W": [
    [65, 35],
    [80, 20],
    [70, 30],
    [70, 30],
    [75, 25],
    [75, 25],
    [80, 20],
    [77, 23],
    [76, 24],
    [74, 26],
    [72, 28],
    [77, 23],
    [75, 25],
    [72, 28],
    [72, 28],
    [75, 25],
    [75, 25],
    [75, 25],
    [75, 25],
    [75, 25],
    [75, 25],
    [78, 22],
    [70, 30],
    [74, 26],
    [76, 24],
    [25, 75],
    [27, 73],
    [28, 72],
    [29, 71],
    [24, 76],
    [31, 69],
    [21, 79],
    [27, 73],
    [31, 69],
    [23, 77],
    [28, 72],
    [21, 79],
    [26, 74],
    [25, 75],
    [23, 77],
    [21, 79],
    [17, 83],
    [24, 76],
    [33, 67],
    [24, 76],
    [17, 83],
    [33, 67],
    [26, 74],
    [25, 75],
    [33, 67]
  ],
  "method": "mvn_cdf",
  "mvncdf_method": "genz",
  "mvncdf_samples": 5000,
  "mvncdf_error": 0.001,
  "cond_prob": [
    [
      [0.21215952971, 0.16692100168, 0.0028675998417, 0.10653841264, 0.51151345612],
      [0.49170373053, 0.061432425448, 0.080388743151, 0.34500009081, 0.021475010066]
    ],
    [
      [0.15441718998, 0.24533082312, 0.0076260529322, 0.061500416705, 0.53112551726],
      [0.4823312401, 0.11867670751, 0.11949578827, 0.25399833318, 0.025497930941]
    ],
    [
      [0.13548991287, 0.34897336833, 0.010928295297, 0.085342698538, 0.41926572496],
      [0.38385686996, 0.1523954739, 0.14116731097, 0.30086703674, 0.021713308423]
    ],
    [
      [0.16489693889, 0.21991736895, 0.010819831714, 0.098537183448, 0.505828677],
      [0.41524047593, 0.086859472458, 0.14142039267, 0.33674657196, 0.019733086993]
    ],
    [
      [0.24343022473, 0.22250236995, 0, 0.04832747842, 0.4857399269],
      [0.70970932582, 0.092492890139, 0, 0.17501756474, 0.022780219299]
    ],
    [
      [0.2122176769, 0.26207401857, 0.010596983457, 0.09320238696, 0.42190893411],
      [0.48334696929, 0.093777944284, 0.12820904963, 0.28039283912, 0.014273197675]
    ],
    [
      [0.15620766946, 0.32676495035, 0.004404260971, 0.092424191464, 0.42019892776],
      [0.42516932216, 0.1429401986, 0.082382956116, 0.33030323414, 0.019204288974]
    ],
    [
      [0.14769643752, 0.17151882326, 0.007508473009, 0.096703974788, 0.57657229143],
      [0.41858149178, 0.077958722144, 0.1052977208, 0.37190408441, 0.026257980877]
    ],
    [
      [0.22628272104, 0.21637747636, 0, 0.075143264249, 0.48219653835],
      [0.40843805004, 0.064804658187, 0.33333333333, 0.17871299654, 0.014710961897]
    ],
    [
      [0.24716559758, 0.30815854888, 0.0038743600437, 0.092190721569, 0.34861077193],
      [0.4119132992, 0.084471822427, 0.29666528295, 0.19914948476, 0.0078001106613]
    ],
    [
      [0.18655215341, 0.2346408656, 0.008496549453, 0.038533821911, 0.53177660963],
      [0.55600874838, 0.11092348847, 0.12100887284, 0.18662731509, 0.02543157523]
    ],
    [
      [0.23686653899, 0.21204102728, 0.0036484232738, 0.11053024501, 0.43691376545],
      [0.51135984774, 0.072732213004, 0.074742235127, 0.32561613628, 0.015549567846]
    ],
    [
      [0.15554928783, 0.28590791502, 0.0058329418362, 0.054599638734, 0.49811021658],
      [0.49335213652, 0.14227625493, 0.10250117449, 0.2362010838, 0.025669350257]
    ],
    [
      [0.21840465877, 0.24269603304, 0.00051728098618, 0.10020727951, 0.4381747477],
      [0.50981659174, 0.090210200753, 0.070098420321, 0.31375270984, 0.016122077349]
    ],
    [
      [0.18702556947, 0.2323823313, 0.011324806376, 0.10318713644, 0.4660801564],
      [0.41193424993, 0.081016862359, 0.18516478361, 0.30609022058, 0.01579388353]
    ],
    [
      [0.17522853463, 0.31478447958, 0.0096571448403, 0.066771745588, 0.43355809536],
      [0.4743143961, 0.13564656125, 0.13102856548, 0.23968476324, 0.019325713931]
    ],
    [
      [0.200599743, 0.27006601421, 0.0066893032179, 0.075246343666, 0.4473985959],
      [0.518200771, 0.10980195736, 0.099932090346, 0.254260969, 0.017804212291]
    ],
    [
      [0.18670371918, 0.23267106716, 0.0092581248027, 0.058699929695, 0.51266715917],
      [0.51988884247, 0.10198679853, 0.13222562559, 0.22390021092, 0.021998522493]
    ],
    [
      [0.18657458764, 0.2218362491, 0, 0.092002283302, 0.49958687995],
      [0.52027623708, 0.094491252692, 0.04, 0.32399315009, 0.021239360135]
    ],
    [
      [0.2072605274, 0.2368919314, 0.010170110904, 0.084590485134, 0.46108694517],
      [0.4982184178, 0.089324205815, 0.12948966729, 0.2662285446, 0.016739164498]
    ],
    [
      [0.18067184023, 0.30091099759, 0, 0.072131607729, 0.44628555445],
      [0.5379844793, 0.13726700723, 0.04, 0.26360517681, 0.021143336653]
    ],
    [
      [0.21531908033, 0.20514305168, 0.0081058536141, 0.039786760383, 0.53164525399],
      [0.60023235155, 0.090856453142, 0.10762470082, 0.17711966773, 0.024166826755]
    ],
    [
      [0.19460928936, 0.22264699472, 0.010976762598, 0.093177905428, 0.47858904789],
      [0.44591165816, 0.080490345651, 0.17438755394, 0.28258488734, 0.016625554917]
    ],
    [
      [0.23363600487, 0.22743849767, 0, 0.098804771993, 0.44012072547],
      [0.5658052169, 0.083444275873, 0.038461538462, 0.2957094951, 0.016579473672]
    ],
    [
      [0.19403135574, 0.19755455455, 0.0069311999311, 0.081887697419, 0.51959519236],
      [0.5105673735, 0.0827439106, 0.10305120022, 0.28235562484, 0.021281890844]
    ],
    [
      [0.20883799017, 0.23440498199, 0.0069182393918, 0.078708482293, 0.47113030616],
      [0.45038733661, 0.081865006003, 0.22436058687, 0.22709717257, 0.016289897946]
    ],
    [
      [0.18363740581, 0.15170280597, 0, 0.076627078533, 0.58803270969],
      [0.54851767183, 0.067178414229, 0.054794520548, 0.30042560109, 0.029083792307]
    ],
    [
      [0.26492792465, 0.16312759921, 0.006932575818, 0.083889825748, 0.48112207458],
      [0.5775280293, 0.047672600309, 0.1084151094, 0.24515395665, 0.021230304331]
    ],
    [
      [0.22456830893, 0.29517662407, 0.0063611252712, 0.091036272139, 0.38285766959],
      [0.49982421184, 0.1047870127, 0.11007785024, 0.27267532546, 0.012635599746]
    ],
    [
      [0.2118445103, 0.25023393543, 0.0085766668794, 0.081072211339, 0.44827267605],
      [0.48573331254, 0.092031388812, 0.15518631572, 0.25071403852, 0.016334944406]
    ],
    [
      [0.25625197133, 0.28297361609, 0.0031271622713, 0.11338817635, 0.34425907397],
      [0.40661143317, 0.075765476831, 0.27395736188, 0.23891255845, 0.004753169667]
    ],
    [
      [0.14277700766, 0.22962290016, 0.0069981814267, 0.091990213924, 0.52861169682],
      [0.39242636505, 0.10351796325, 0.13738023025, 0.34263551275, 0.024039928693]
    ],
    [
      [0.16500034822, 0.28990898827, 0, 0.06071567843, 0.48437498508],
      [0.5143149397, 0.13934873037, 0.068493150685, 0.25151611894, 0.026327060313]
    ],
    [
