{
  "X": [
    [86, 14],
    [86, 14],
    [80, 20],
    [84, 16],
    [83, 17],
    [83, 17],
    [78, 22],
    [79, 21],
    [84, 16],
    [76, 24],
    [85, 15],
    [82, 18],
    [66, 34],
    [60, 40],
    [60, 40],
    [63, 37],
    [66, 34],
    [64, 36],
    [60, 40],
    [55, 45],
    [60, 40],
    [54, 46],
    [55, 45],
    [56, 44],
    [65, 35],
    [69, 31],
    [67, 33],
    [79, 21],
    [84, 16],
    [75, 25],
    [72, 28],
    [70, 30],
    [69, 31],
    [72, 28],
    [73, 27],
    [73, 27],
    [80, 20],
    [79, 21],
    [79, 21],
    [82, 18],
    [73, 27],
    [79, 21],
    [76, 24],
    [77, 23],
    [81, 19],
    [76, 24],
    [80, 20],
    [83, 17],
    [70, 30],
    [76, 24]
  ],
  "W": [
    [59, 14, 13, 14],
    [58, 14, 15, 13],
    [59, 17, 10, 14],
    [61, 10, 15, 14],
    [60, 15, 13, 12],
    [64, 15, 10, 11],
    [54, 21, 17, 8],
    [74, 7, 13, 6],
    [65, 12, 14, 9],
    [55, 17, 15, 13],
    [68, 11, 7, 14],
    [67, 12, 11, 10],
    [42, 40, 11, 7],
    [10, 62, 14, 14],
    [10, 59, 11, 20],
    [15, 55, 19, 11],
    [12, 62, 13, 13],
    [13, 64, 10, 13],
    [13, 66, 10, 11],
    [9, 61, 13, 17],
    [8, 59, 15, 18],
    [18, 55, 15, 12],
    [20, 62, 11, 7],
    [17, 64, 11, 8],
    [17, 62, 12, 9],
    [15, 10, 60, 15],
    [20, 12, 52, 16],
    [13, 8, 69, 10],
    [14, 8, 65, 13],
    [9, 12, 67, 12],
    [12, 14, 62, 12],
    [10, 20, 62, 8],
    [8, 16, 60, 16],
    [11, 22, 56, 11],
    [16, 13, 62, 9],
    [8, 16, 62, 14],
    [13, 11, 66, 10],
    [10, 15, 48, 27],
    [9, 6, 13, 72],
    [7, 15, 13, 65],
    [14, 15, 12, 59],
    [11, 15, 11, 63],
    [11, 12, 8, 69],
    [7, 11, 12, 70],
    [15, 10, 10, 65],
    [11, 9, 14, 66],
    [18, 8, 12, 62],
    [10, 10, 19, 61],
    [11, 12, 11, 66],
    [19, 14, 6, 61]
  ],
  "method": "mcmc",
  "mcmc_stepsize": 3000,
  "mcmc_samples": 100,
  "burn_in": 10000,
  "cond_prob": [
    [
      [0.9171007337, 0.082899266301],
      [0.61602014619, 0.38397985381],
      [0.81977717957, 0.18022282043],
      [0.90069080934, 0.099309190665]
    ],
    [
      [0.91992853795, 0.080071462051],
      [0.60886234961, 0.39113765039],
      [0.82508375481, 0.17491624519],
      [0.9033704294, 0.096629570597]
    ],
    [
      [0.86891007334, 0.13108992666],
      [0.55607604354, 0.44392395646],
      [0.72814383421, 0.27185616579],
      [0.85711247077, 0.14288752923]
    ],
    [
      [0.8905369208, 0.1094630792],
      [0.58021492543, 0.41978507457],
      [0.79020037955, 0.20979962045],
      [0.85872092026, 0.14127907974]
    ],
    [
      [0.90255343542, 0.097446564579],
      [0.55891726323, 0.44108273677],
      [0.76914194801, 0.23085805199],
      [0.87201580018, 0.12798419982]
    ],
    [
      [0.8930682745, 0.1069317255],
      [0.58096442359, 0.41903557641],
      [0.76132278459, 0.23867721541],
      [0.86508511205, 0.13491488795]
    ],
    [
      [0.87714819041, 0.12285180959],
      [0.50412533852, 0.49587466148],
      [0.76125927469, 0.23874072531],
      [0.88824474235, 0.11175525765]
    ],
    [
      [0.83584259585, 0.16415740415],
      [0.50140486969, 0.49859513031],
      [0.67049333395, 0.32950666605],
      [0.82023341297, 0.17976658703]
    ],
    [
      [0.89589802481, 0.10410197519],
      [0.57312749939, 0.42687250061],
      [0.7949979486, 0.2050020514],
      [0.86212523491, 0.13787476509]
    ],
    [
      [0.83495942481, 0.16504057519],
      [0.45845899302, 0.54154100698],
      [0.73285501423, 0.26714498577],
      [0.86850796468, 0.13149203532]
    ],
    [
      [0.89649921617, 0.10350078383],
      [0.58436254026, 0.41563745974],
      [0.78478299739, 0.21521700261],
      [0.86547031256, 0.13452968744]
    ],
    [
      [0.87476458569, 0.12523541431],
      [0.54701058854, 0.45298941146],
      [0.74942205946, 0.25057794054],
      [0.8583003042, 0.1416996958]
    ],
    [
      [0.83770970816, 0.16229029184],
      [0.42722896013, 0.57277103987],
      [0.75413492903, 0.24586507097],
      [0.77593566185, 0.22406433815]
    ],
    [
      [0.77597394754, 0.22402605246],
      [0.49549003413, 0.50450996587],
      [0.69642249968, 0.30357750032],
      [0.84071167237, 0.15928832763]
    ],
    [
      [0.79172258693, 0.20827741307],
      [0.48157855629, 0.51842144371],
      [0.68187767216, 0.31812232784],
      [0.8084492458, 0.1915507542]
    ],
    [
      [0.81786148791, 0.18213851209],
      [0.50866838992, 0.49133161008],
      [0.69293095378, 0.30706904622],
      [0.871784374, 0.128215626]
    ],
    [
      [0.8008949968, 0.1991050032],
      [0.57615558649, 0.42384441351],
      [0.71575455284, 0.28424544716],
      [0.87406188377, 0.12593811623]
    ],
    [
      [0.81610702998, 0.18389297002],
      [0.55774144989, 0.44225855011],
      [0.70949955906, 0.29050044094],
      [0.8153969405, 0.1846030595]
    ],
    [
      [0.79067801988, 0.20932198012],
      [0.51500592582, 0.48499407418],
      [0.67833140387, 0.32166859613],
      [0.81340732717, 0.18659267283]
    ],
    [
      [0.76818278672, 0.23181721328],
      [0.43672643641, 0.56327356359],
      [0.65423178289, 0.34576821711],
      [0.76123700709, 0.23876299291]
    ],
    [
      [0.75059198167, 0.24940801833],
      [0.48563748928, 0.51436251072],
      [0.71206803343, 0.28793196657],
      [0.81453509877, 0.18546490123]
    ],
    [
      [0.8370511888, 0.1629488112],
      [0.35609160563, 0.64390839437],
      [0.61046824712, 0.38953175288],
      [0.84925138211, 0.15074861789]
    ],
    [
      [0.81474363599, 0.18525636401],
      [0.4168391841, 0.5831608159],
      [0.67663642638, 0.32336357362],
      [0.77401388222, 0.22598611778]
    ],
    [
      [0.80234555462, 0.19765444538],
      [0.44350089385, 0.55649910615],
      [0.67082730797, 0.32917269203],
      [0.82462099714, 0.17537900286]
    ],
    [
      [0.82336737275, 0.17663262725],
      [0.56365677728, 0.43634322272],
      [0.7018370683, 0.2981629317],
      [0.84822107249, 0.15177892751]
    ],
    [
      [0.81390983601, 0.18609016399],
      [0.39890713415, 0.60109286585],
      [0.68037106665, 0.31962893335],
      [0.79866780794, 0.20133219206]
    ],
    [
      [0.83038597622, 0.16961402378],
      [0.44271200646, 0.55728799354],
      [0.63708634029, 0.36291365971],
      [0.74695291893, 0.25304708107]
    ],
    [
      [0.88612471949, 0.11387528051],
      [0.58721462228, 0.41278537772],
      [0.77967042435, 0.22032957565],
      [0.89854023884, 0.10145976116]
    ],
    [
      [0.92426981965, 0.075730180349],
      [0.69417349634, 0.30582650366],
      [0.82181841549, 0.17818158451],
      [0.92989519595, 0.070104804049]
    ],
    [
      [0.88726085809, 0.11273914191],
      [0.53000136845, 0.46999863155],
      [0.74770737059, 0.25229262941],
      [0.8798535022, 0.1201464978]
    ],
    [
      [0.81770726622, 0.18229273378],
      [0.50485908203, 0.49514091797],
      [0.72182192671, 0.27817807329],
      [0.8638771834, 0.1361228166]
    ],
    [
      [0.86479772994, 0.13520227006],
      [0.50190749063, 0.49809250937],
      [0.71886647162, 0.28113352838],
      [0.84301895593, 0.15698104407]
    ],
    [
      [0.79875650485, 0.20124349515],
      [0.45222379569, 0.54777620431],
      [0.7031721635, 0.2968278365],
      [0.82400233874, 0.17599766126]
    ],
    [
      [0.85047587187, 0.14952412813],
      [0.5338700834, 0.4661299166],
      [0.74325150723, 0.25674849277],
      [0.8434126518, 0.1565873482]
    ],
    [
      [0.8413801016, 0.1586198984],
      [0.50282819711, 0.49717180289],
      [0.73123014777, 0.26876985223],
      [0.85165362778, 0.14834637222]
    ],
    [
      [0.84545197728, 0.15454802272],
      [0.5389335115, 0.4610664885],
      [0.73221931622, 0.26778068378],
      [0.8725607423, 0.1274392577]
    ],
    [
      [0.87860858435, 0.12139141565],
      [0.5845100783, 0.4154899217],
      [0.8081689107, 0.1918310893],
      [0.8809329436, 0.1190670564]
    ],
    [
      [0.89044423979, 0.10955576021],
