{
  "X": [
    [21, 79],
    [20, 80],
    [25, 75],
    [15, 85],
    [17, 83],
    [22, 78],
    [23, 77],
    [23, 77],
    [36, 64],
    [24, 76],
    [25, 75],
    [24, 76],
    [32, 68],
    [43, 57],
    [54, 46],
    [49, 51],
    [47, 53],
    [48, 52],
    [43, 57],
    [51, 49],
    [48, 52],
    [44, 56],
    [48, 52],
    [49, 51],
    [47, 53],
    [36, 64],
    [36, 64],
    [43, 57],
    [45, 55],
    [46, 54],
    [36, 64],
    [42, 58],
    [46, 54],
    [39, 61],
    [42, 58],
    [43, 57],
    [36, 64],
    [47, 53],
    [58, 42],
    [72, 28],
    [62, 38],
    [62, 38],
    [63, 37],
    [61, 39],
    [56, 44],
    [57, 43],
    [62, 38],
    [65, 35],
    [53, 47],
    [57, 43]
  ],
  "W": [
    [64, 13, 7, 16],
    [64, 10, 10, 16],
    [65, 10, 12, 13],
    [74, 5, 13, 8],
    [68, 10, 8, 14],
    [62, 14, 12, 12],
    [64, 10, 8, 18],
    [64, 9, 14, 13],
    [57, 16, 15, 12],
    [60, 17, 10, 13],
    [59, 16, 10, 15],
    [63, 15, 8, 14],
    [42, 35, 8, 15],
    [4, 62, 24, 10],
    [8, 69, 11, 12],
    [12, 55, 18, 15],
    [15, 69, 7, 9],
    [15, 63, 9, 13],
    [10, 68, 14, 8],
    [13, 57, 12, 18],
    [9, 60, 14, 17],
    [12, 63, 14, 11],
    [9, 63, 12, 16],
    [11, 75, 8, 6],
    [9, 64, 13, 14],
    [13, 10, 66, 11],
    [17, 14, 61, 8],
    [11, 12, 65, 12],
    [12, 8, 69, 11],
    [12, 12, 63, 13],
    [13, 12, 64, 11],
    [15, 11, 56, 18],
    [9, 9, 71, 11],
    [17, 7, 56, 20],
    [10, 14, 61, 15],
    [13, 13, 60, 14],
    [10, 9, 66, 15],
    [16, 17, 27, 40],
    [12, 15, 16, 57],
    [7, 11, 15, 67],
    [16, 5, 14, 65],
    [12, 14, 14, 60],
    [10, 14, 16, 60],
    [11, 14, 10, 65],
    [11, 9, 15, 65],
    [15, 14, 16, 55],
    [15, 17, 12, 56],
    [10, 15, 14, 61],
    [17, 15, 14, 54],
    [13, 11, 18, 58]
  ],
  "method": "mcmc",
  "mcmc_stepsize": 3000,
  "mcmc_samples": 100,
  "burn_in": 10000,
  "cond_prob": [
    [
      [0.047230347719, 0.95276965228],
      [0.35733872413, 0.64266127587],
      [0.31435044494, 0.68564955506],
      [0.6957125761, 0.3042874239]
    ],
    [
      [0.042960629522, 0.95703937048],
      [0.34392886724, 0.65607113276],
      [0.29238589953, 0.70761410047],
      [0.68046075268, 0.31953924732]
    ],
    [
      [0.071211645594, 0.92878835441],
      [0.4456230681, 0.5543769319],
      [0.43071189603, 0.56928810397],
      [0.82665150793, 0.17334849207]
    ],
    [
      [0.043960675391, 0.95603932461],
      [0.39142318599, 0.60857681401],
      [0.31564874554, 0.68435125446],
      [0.71079504989, 0.28920495011]
    ],
    [
      [0.032916785787, 0.96708321421],
      [0.32097587601, 0.67902412399],
      [0.30064768695, 0.69935231305],
      [0.6533370222, 0.3466629778]
    ],
    [
      [0.05016759655, 0.94983240345],
      [0.36810021303, 0.63189978697],
      [0.39233235393, 0.60766764607],
      [0.75235148202, 0.24764851798]
    ],
    [
      [0.050934854341, 0.94906514566],
      [0.38556931824, 0.61443068176],
      [0.35675155632, 0.64324844368],
      [0.7239146494, 0.2760853506]
    ],
    [
      [0.062112418579, 0.93788758142],
      [0.37733274397, 0.62266725603],
      [0.39059139054, 0.60940860946],
      [0.78157931136, 0.21842068864]
    ],
    [
      [0.13672006536, 0.86327993464],
      [0.58709740798, 0.41290259202],
      [0.55882092904, 0.44117907096],
      [0.86925698427, 0.13074301573]
    ],
    [
      [0.060688908092, 0.93931109191],
      [0.34823798234, 0.65176201766],
      [0.39836373675, 0.60163626325],
      [0.80422941901, 0.19577058099]
    ],
    [
      [0.064751672523, 0.93524832748],
      [0.36535311518, 0.63464688482],
      [0.37484109921, 0.62515890079],
      [0.77237269908, 0.22762730092]
    ],
    [
      [0.064319183654, 0.93568081635],
      [0.40353612129, 0.59646387871],
      [0.32713202261, 0.67286797739],
      [0.80555667354, 0.19444332646]
    ],
    [
      [0.057980850268, 0.94201914973],
      [0.42571740057, 0.57428259943],
      [0.36487220967, 0.63512779033],
      [0.78304783944, 0.21695216056]
    ],
    [
      [0.023024246387, 0.97697575361],
      [0.41543506226, 0.58456493774],
      [0.40915813543, 0.59084186457],
      [0.73311339041, 0.26688660959]
    ],
    [
      [0.091943800004, 0.9080562],
      [0.54743090135, 0.45256909865],
      [0.47166162139, 0.52833837861],
      [0.85861996431, 0.14138003569]
    ],
    [
      [0.07403919884, 0.92596080116],
      [0.47743952747, 0.52256047253],
      [0.51849812095, 0.48150187905],
      [0.83462596174, 0.16537403826]
    ],
    [
      [0.071219895154, 0.92878010485],
      [0.50915120882, 0.49084879118],
      [0.50360702699, 0.49639297301],
      [0.80833544173, 0.19166455827]
    ],
    [
      [0.11061543923, 0.88938456077],
      [0.49243657465, 0.50756342535],
      [0.48558327082, 0.51441672918],
      [0.84207805931, 0.15792194069]
    ],
    [
      [0.043596429448, 0.95640357055],
      [0.43381207942, 0.56618792058],
      [0.4739064692, 0.5260935308],
      [0.80376546703, 0.19623453297]
    ],
    [
      [0.039300352454, 0.96069964755],
      [0.51529231725, 0.48470768275],
      [0.51355976039, 0.48644023961],
      [0.83081756724, 0.16918243276]
    ],
    [
      [0.099334338441, 0.90066566156],
      [0.43893347887, 0.56106652113],
      [0.4887064949, 0.5112935051],
      [0.81929948784, 0.18070051216]
    ],
    [
      [0.089154857107, 0.91084514289],
      [0.4366699756, 0.5633300244],
      [0.51333095805, 0.48666904195],
      [0.74848180354, 0.25151819646]
    ],
    [
      [0.060116466943, 0.93988353306],
      [0.46216510501, 0.53783489499],
      [0.44418502853, 0.55581497147],
      [0.81327061498, 0.18672938502]
    ],
    [
      [0.023229959691, 0.97677004031],
      [0.52619556905, 0.47380443095],
      [0.52414740732, 0.47585259268],
      [0.84777058435, 0.15222941565]
    ],
    [
      [0.066780303168, 0.93321969683],
      [0.44530997331, 0.55469002669],
      [0.43555683167, 0.56444316833],
      [0.87406429769, 0.12593570231]
    ],
    [
      [0.039762064226, 0.96023793577],
      [0.38824359941, 0.61175640059],
      [0.3547702832, 0.6452297168],
      [0.74416531634, 0.25583468366]
    ],
    [
      [0.072408326276, 0.92759167372],
      [0.33595104915, 0.66404895085],
      [0.38129630148, 0.61870369852],
      [0.85083367188, 0.14916632812]
    ],
    [
      [0.051164894088, 0.94883510591],
      [0.44135612798, 0.55864387202],
      [0.43394246157, 0.56605753843],
      [0.7445543856, 0.2554456144]
    ],
    [
      [0.064681980603, 0.9353180194],
      [0.44809484002, 0.55190515998],
      [0.46054200281, 0.53945799719],
      [0.8056053926, 0.1943946074]
    ],
    [
      [0.11678824351, 0.88321175649],
      [0.45234956186, 0.54765043814],
      [0.4609258886, 0.5390741114],
      [0.77938579645, 0.22061420355]
    ],
    [
      [0.03919252343, 0.96080747657],
      [0.3612967955, 0.6387032045],
      [0.35872328008, 0.64127671992],
      [0.74514961128, 0.25485038872]
    ],
    [
      [0.065815149074, 0.93418485093],
      [0.42341024024, 0.57658975976],
      [0.41288511606, 0.58711488394],
      [0.73520520121, 0.26479479879]
    ],
    [
      [0.067106214455, 0.93289378555],
      [0.46814177225, 0.53185822775],
      [0.46871708228, 0.53128291772],
      [0.71853229797, 0.28146770203]
    ],
    [
      [0.055038906929, 0.94496109307],
      [0.40416635516, 0.59583364484],
      [0.37037821687, 0.62962178313],
      [0.72469969756, 0.27530030244]
    ],
    [
      [0.10277165384, 0.89722834616],
      [0.40459367914, 0.59540632086],
      [0.39629474592, 0.60370525408],
      [0.74226616349, 0.25773383651]
    ],
    [
      [0.10700058575, 0.89299941425],
      [0.42846004835, 0.57153995165],
      [0.42599484154, 0.57400515846],
      [0.74852294743, 0.25147705257]
    ],
    [
      [0.05556773831, 0.94443226169],
      [0.35427846546, 0.64572153454],
      [0.33996559165, 0.66003440835],
      [0.65453915857, 0.34546084143]
    ],
    [
