{
  "X": [
    [74, 26],
    [77, 23],
    [82, 18],
    [74, 26],
    [70, 30],
    [80, 20],
    [79, 21],
    [64, 36],
    [83, 17],
    [77, 23],
    [72, 28],
    [71, 29],
    [66, 34],
    [56, 44],
    [56, 44],
    [51, 49],
    [51, 49],
    [53, 47],
    [55, 45],
    [56, 44],
    [47, 53],
    [51, 49],
    [46, 54],
    [42, 58],
    [53, 47],
    [64, 36],
    [68, 32],
    [78, 22],
    [81, 19],
    [84, 16],
    [78, 22],
    [71, 29],
    [82, 18],
    [79, 21],
    [78, 22],
    [76, 24],
    [81, 19],
    [51, 49],
    [38, 62],
    [34, 66],
    [32, 68],
    [35, 65],
    [35, 65],
    [32, 68],
    [44, 56],
    [32, 68],
    [37, 63],
    [38, 62],
    [36, 64],
    [33, 67]
  ],
  "W": [
    [60, 16, 13, 11],
    [60, 13, 12, 15],
    [69, 14, 6, 11],
    [63, 11, 10, 16],
    [67, 13, 8, 12],
    [65, 7, 14, 14],
    [61, 11, 12, 16],
    [63, 9, 9, 19],
    [70, 13, 12, 5],
    [63, 17, 14, 6],
    [61, 11, 11, 17],
    [59, 24, 4, 13],
    [38, 36, 12, 14],
    [14, 60, 14, 12],
    [8, 59, 22, 11],
    [16, 61, 9, 14],
    [12, 63, 11, 14],
    [16, 56, 7, 21],
    [10, 60, 15, 15],
    [13, 58, 14, 15],
    [7, 72, 10, 11],
    [13, 72, 7, 8],
    [13, 63, 12, 12],
    [9, 62, 12, 17],
    [10, 59, 16, 15],
    [18, 11, 55, 16],
    [12, 15, 57, 16],
    [10, 10, 72, 8],
    [7, 14, 68, 11],
    [12, 8, 71, 9],
    [11, 11, 65, 13],
    [12, 18, 52, 18],
    [8, 11, 72, 9],
    [12, 9, 69, 10],
    [14, 15, 61, 10],
    [8, 11, 67, 14],
    [10, 11, 70, 9],
    [14, 12, 33, 41],
    [20, 10, 10, 60],
    [13, 10, 14, 63],
    [11, 16, 11, 62],
    [7, 19, 16, 58],
    [14, 11, 12, 63],
    [9, 12, 16, 63],
    [16, 6, 19, 59],
    [13, 8, 13, 66],
    [21, 15, 9, 55],
    [17, 17, 11, 55],
    [8, 15, 12, 65],
    [13, 15, 9, 63]
  ],
  "method": "mcmc",
  "mcmc_stepsize": 3000,
  "mcmc_samples": 100,
  "burn_in": 10000,
  "cond_prob": [
    [
      [0.87692944776, 0.12307055224],
      [0.46456612973, 0.53543387027],
      [0.93685282244, 0.063147177562],
      [0.16109894247, 0.83890105753]
    ],
    [
      [0.94806630503, 0.051933694973],
      [0.49395114525, 0.50604885475],
      [0.98173986213, 0.018260137867],
      [0.12758523097, 0.87241476903]
    ],
    [
      [0.95339606482, 0.046603935184],
      [0.56585240744, 0.43414759256],
      [0.96964475355, 0.030355246447],
      [0.22507902747, 0.77492097253]
    ],
    [
      [0.92103808929, 0.078961910706],
      [0.4250091012, 0.5749908988],
      [0.98315931192, 0.01684068808],
      [0.091744196382, 0.90825580362]
    ],
    [
      [0.86322689842, 0.13677310158],
      [0.34909180543, 0.65090819457],
      [0.8907288586, 0.1092711414],
      [0.041647788856, 0.95835221114]
    ],
    [
      [0.95157533436, 0.048424665637],
      [0.38948067525, 0.61051932475],
      [0.96319799251, 0.036802007492],
      [0.13831904603, 0.86168095397]
    ],
    [
      [0.96911209976, 0.030887900237],
      [0.4590549476, 0.5409450524],
      [0.97567377075, 0.024326229249],
      [0.19540451512, 0.80459548488]
    ],
    [
      [0.82354378646, 0.17645621354],
      [0.30153755908, 0.69846244092],
      [0.91536923463, 0.084630765372],
      [0.061293700508, 0.93870629949]
    ],
    [
      [0.92242776996, 0.077572230043],
      [0.52388849691, 0.47611150309],
      [0.92424340452, 0.075756595484],
      [0.10571695781, 0.89428304219]
    ],
    [
      [0.89296168051, 0.10703831949],
      [0.42174120265, 0.57825879735],
      [0.93253924166, 0.06746075834],
      [0.086377383252, 0.91362261675]
    ],
    [
      [0.90626736671, 0.093732633294],
      [0.40139718368, 0.59860281632],
      [0.96864820665, 0.031351793347],
      [0.096893608078, 0.90310639192]
    ],
    [
      [0.8997691364, 0.1002308636],
      [0.45242234204, 0.54757765796],
      [0.97496543955, 0.025034560445],
      [0.24274022961, 0.75725977039]
    ],
    [
      [0.90800699981, 0.091993000191],
      [0.44659319959, 0.55340680041],
      [0.96453087514, 0.035469124863],
      [0.27457202288, 0.72542797712]
    ],
    [
      [0.8961727992, 0.1038272008],
      [0.48132309674, 0.51867690326],
      [0.87338975668, 0.12661024332],
      [0.19556153446, 0.80443846554]
    ],
    [
      [0.97904634388, 0.020953656116],
      [0.46376783168, 0.53623216832],
      [0.88970863532, 0.11029136468],
      [0.11197610936, 0.88802389064]
    ],
    [
      [0.90786709587, 0.092132904131],
      [0.4342246415, 0.5657753585],
      [0.81958298459, 0.18041701541],
      [0.18644117666, 0.81355882334]
    ],
    [
      [0.90882268619, 0.091177313805],
      [0.44394088031, 0.55605911969],
      [0.90990601895, 0.090093981051],
      [0.15120614983, 0.84879385017]
    ],
    [
      [0.93285675526, 0.067143244744],
      [0.53575777515, 0.46424222485],
      [0.858388449, 0.141611551],
      [0.098244636416, 0.90175536358]
    ],
    [
      [0.89348170724, 0.10651829276],
      [0.51500514839, 0.48499485161],
      [0.86517822465, 0.13482177535],
      [0.14581337695, 0.85418662305]
    ],
    [
      [0.91247353026, 0.087526469743],
      [0.51034374525, 0.48965625475],
      [0.86544295522, 0.13455704478],
      [0.16144703393, 0.83855296607]
    ],
    [
      [0.93863672097, 0.061363279033],
      [0.40560644715, 0.59439355285],
      [0.90358689162, 0.096413108382],
      [0.19909180384, 0.80090819616]
    ],
    [
      [0.9547627609, 0.0452372391],
      [0.42701738273, 0.57298261727],
      [0.9588937722, 0.041106227797],
      [0.14132201829, 0.85867798171]
    ],
    [
      [0.89931422327, 0.10068577673],
      [0.35310438985, 0.64689561015],
      [0.82596016493, 0.17403983507],
      [0.17931804647, 0.82068195353]
    ],
    [
      [0.89910333825, 0.10089666175],
      [0.35485522966, 0.64514477034],
      [0.81854170416, 0.18145829584],
      [0.12262030984, 0.87737969016]
    ],
    [
      [0.89669900831, 0.10330099169],
      [0.47526081354, 0.52473918646],
      [0.86901781219, 0.13098218781],
      [0.13922246153, 0.86077753847]
    ],
    [
      [0.78244809638, 0.21755190362],
      [0.23880158912, 0.76119841088],
      [0.85110373797, 0.14889626203],
      [0.029900699803, 0.9700993002]
    ],
    [
      [0.95021774159, 0.04978225841],
      [0.30252527604, 0.69747472396],
      [0.89380203516, 0.10619796484],
      [0.069549497259, 0.93045050274]
    ],
    [
      [0.84750082164, 0.15249917836],
      [0.35961850361, 0.64038149639],
      [0.90795964542, 0.092040354578],
      [0.069464034642, 0.93053596536]
    ],
    [
      [0.95250941479, 0.047490585213],
      [0.52815735104, 0.47184264896],
      [0.95422451951, 0.04577548049],
      [0.18645125957, 0.81354874043]
    ],
    [
      [0.92645027573, 0.073549724269],
      [0.50562230159, 0.49437769841],
      [0.93908915709, 0.060910842911],
      [0.24025423613, 0.75974576387]
    ],
    [
      [0.94843379579, 0.051566204205],
      [0.39648144855, 0.60351855145],
      [0.93989894023, 0.060101059772],
      [0.16250009211, 0.83749990789]
    ],
    [
      [0.97259177559, 0.027408224412],
      [0.47052395463, 0.52947604537],
      [0.93844539537, 0.061554604632],
      [0.11446149725, 0.88553850275]
    ],
    [
      [0.87045873457, 0.12954126543],
      [0.49354147451, 0.50645852549],
      [0.94661273842, 0.053387261578],
      [0.16125074861, 0.83874925139]
    ],
    [
      [0.90736163635, 0.092638363654],
      [0.38760740833, 0.61239259167],
      [0.91838103223, 0.081618967773],
      [0.12549024652, 0.87450975348]
    ],
    [
      [0.94094306328, 0.059056936725],
      [0.41946066203, 0.58053933797],
      [0.93955290124, 0.060447098757],
      [0.12221602078, 0.87778397922]
    ],
    [
      [0.92540436085, 0.074595639154],
      [0.3633308144, 0.6366691856],
      [0.93186820959, 0.068131790409],
      [0.1546397223, 0.8453602777]
    ],
    [
      [0.89493385731, 0.10506614269],
      [0.39857292605, 0.60142707395],
      [0.93677533441, 0.063224665589],
      [0.23245398129, 0.76754601871]
    ],
