{
  "X": [
    [57, 43],
    [58, 42],
    [52, 48],
    [52, 48],
    [51, 49],
    [50, 50],
    [60, 40],
    [51, 49],
    [66, 34],
    [60, 40],
    [60, 40],
    [58, 42],
    [57, 43],
    [54, 46],
    [55, 45],
    [63, 37],
    [60, 40],
    [55, 45],
    [60, 40],
    [55, 45],
    [65, 35],
    [64, 36],
    [60, 40],
    [55, 45],
    [59, 41],
    [26, 74],
    [30, 70],
    [19, 81],
    [23, 77],
    [24, 76],
    [32, 68],
    [25, 75],
    [40, 60],
    [36, 64],
    [26, 74],
    [37, 63],
    [21, 79],
    [53, 47],
    [76, 24],
    [77, 23],
    [80, 20],
    [73, 27],
    [75, 25],
    [68, 32],
    [79, 21],
    [82, 18],
    [73, 27],
    [77, 23],
    [79, 21],
    [76, 24]
  ],
  "W": [
    [66, 11, 12, 11],
    [63, 9, 13, 15],
    [62, 12, 12, 14],
    [55, 13, 22, 10],
    [64, 10, 16, 10],
    [63, 10, 19, 8],
    [58, 13, 16, 13],
    [63, 10, 11, 16],
    [58, 12, 10, 20],
    [61, 20, 7, 12],
    [65, 9, 11, 15],
    [63, 15, 13, 9],
    [40, 41, 9, 10],
    [14, 57, 17, 12],
    [15, 69, 10, 6],
    [5, 64, 12, 19],
    [13, 63, 10, 14],
    [16, 67, 9, 8],
    [12, 65, 12, 11],
    [17, 53, 12, 18],
    [8, 69, 11, 12],
    [9, 64, 13, 14],
    [12, 64, 13, 11],
    [11, 69, 9, 11],
    [11, 64, 15, 10],
    [14, 14, 62, 10],
    [10, 16, 63, 11],
    [12, 7, 65, 16],
    [11, 13, 69, 7],
    [11, 9, 71, 9],
    [13, 14, 58, 15],
    [10, 8, 72, 10],
    [26, 8, 47, 19],
    [21, 9, 56, 14],
    [10, 12, 66, 12],
    [16, 15, 57, 12],
    [12, 10, 68, 10],
    [9, 11, 37, 43],
    [13, 14, 10, 63],
    [12, 9, 13, 66],
    [11, 9, 8, 72],
    [11, 8, 22, 59],
    [13, 17, 10, 60],
    [18, 20, 9, 53],
    [18, 15, 12, 55],
    [12, 6, 13, 69],
    [8, 17, 15, 60],
    [13, 10, 12, 65],
    [10, 13, 7, 70],
    [12, 13, 14, 61]
  ],
  "method": "mcmc",
  "mcmc_stepsize": 3000,
  "mcmc_samples": 100,
  "burn_in": 10000,
  "cond_prob": [
    [
      [0.57963791575, 0.42036208425],
      [0.64265143558, 0.35734856442],
      [0.091245258102, 0.9087547419],
      [0.96179897018, 0.038201029816]
    ],
    [
      [0.58595221782, 0.41404778218],
      [0.5881923454, 0.4118076546],
      [0.084402215965, 0.91559778403],
      [0.97960335743, 0.02039664257]
    ],
    [
      [0.49328879358, 0.50671120642],
      [0.58007366118, 0.41992633882],
      [0.09713437774, 0.90286562226],
      [0.94925702363, 0.050742976369]
    ],
    [
      [0.59671494084, 0.40328505916],
      [0.6128147279, 0.3871852721],
      [0.07109382128, 0.92890617872],
      [0.96500227228, 0.034997727722]
    ],
    [
      [0.54625809174, 0.45374190826],
      [0.54477601451, 0.45522398549],
      [0.065133089625, 0.93486691038],
      [0.95495925497, 0.045040745035]
    ],
    [
      [0.55846288172, 0.44153711828],
      [0.59512798246, 0.40487201754],
      [0.061520664516, 0.93847933548],
      [0.96208325014, 0.037916749857]
    ],
    [
      [0.6409045369, 0.3590954631],
      [0.6900273333, 0.3099726667],
      [0.071988984724, 0.92801101528],
      [0.97733521318, 0.022664786818]
    ],
    [
      [0.47838366326, 0.52161633674],
      [0.46800779282, 0.53199220718],
      [0.1030108447, 0.8969891553],
      [0.94053949968, 0.059460500321]
    ],
    [
      [0.64594411611, 0.35405588389],
      [0.66867594052, 0.33132405948],
      [0.10663415841, 0.89336584159],
      [0.97223941976, 0.02776058024]
    ],
    [
      [0.5760141944, 0.4239858056],
      [0.60997144959, 0.39002855041],
      [0.15429888218, 0.84570111782],
      [0.96530108122, 0.034698918782]
    ],
    [
      [0.5978567297, 0.4021432703],
      [0.60175286311, 0.39824713689],
      [0.10172827295, 0.89827172705],
      [0.97363505329, 0.026364946714]
    ],
    [
      [0.60520918487, 0.39479081513],
      [0.65031610705, 0.34968389295],
      [0.11334023595, 0.88665976405],
      [0.96040629776, 0.039593702244]
    ],
    [
      [0.5973299362, 0.4026700638],
      [0.55165931889, 0.44834068111],
      [0.11256285818, 0.88743714182],
      [0.94757047539, 0.05242952461]
    ],
    [
      [0.53691686973, 0.46308313027],
      [0.59960128664, 0.40039871336],
      [0.074485949019, 0.92551405098],
      [0.91996911265, 0.080030887346]
    ],
    [
      [0.49843922899, 0.50156077101],
      [0.5827245036, 0.4172754964],
      [0.17355002596, 0.82644997404],
      [0.92998675953, 0.070013240472]
    ],
    [
      [0.65199211939, 0.34800788061],
      [0.62135959784, 0.37864040216],
      [0.16649100757, 0.83350899243],
      [0.94605963422, 0.05394036578]
    ],
    [
      [0.53567311107, 0.46432688893],
      [0.61852586226, 0.38147413774],
      [0.11687833803, 0.88312166197],
      [0.92145263237, 0.078547367634]
    ],
    [
      [0.50474478549, 0.49525521451],
      [0.56673031331, 0.43326968669],
      [0.12811281542, 0.87188718458],
      [0.97501713771, 0.024982862288]
    ],
    [
      [0.56303881074, 0.43696118926],
      [0.64308364719, 0.35691635281],
      [0.064916840143, 0.93508315986],
      [0.96946319289, 0.030536807111]
    ],
    [
      [0.39553503879, 0.60446496121],
      [0.56750983185, 0.43249016815],
      [0.092205731316, 0.90779426868],
      [0.94952302648, 0.050476973525]
    ],
    [
      [0.62580203917, 0.37419796083],
      [0.69036090174, 0.30963909826],
      [0.10276518277, 0.89723481723],
      [0.93568870468, 0.064311295321]
    ],
    [
      [0.69381652309, 0.30618347691],
      [0.66498688055, 0.33501311945],
      [0.14749353591, 0.85250646409],
      [0.94850535503, 0.051494644969]
    ],
    [
      [0.5651893508, 0.4348106492],
      [0.65326267463, 0.34673732537],
      [0.056908893884, 0.94309110612],
      [0.96991827216, 0.030081727841]
    ],
    [
      [0.45367805871, 0.54632194129],
      [0.56102560094, 0.43897439906],
      [0.079079812675, 0.92092018732],
      [0.96245968868, 0.037540311324]
    ],
    [
      [0.61444467724, 0.38555532276],
      [0.64519755354, 0.35480244646],
      [0.089951347095, 0.91004865291],
      [0.95991949176, 0.040080508238]
    ],
    [
      [0.47936782566, 0.52063217434],
      [0.46924932974, 0.53075067026],
      [0.050603031905, 0.94939696809],
      [0.95819718464, 0.041802815361]
    ],
    [
      [0.60343021176, 0.39656978824],
      [0.58641476272, 0.41358523728],
      [0.063658380172, 0.93634161983],
      [0.96114397528, 0.038856024723]
    ],
    [
      [0.21604378406, 0.78395621594],
      [0.28865131067, 0.71134868933],
      [0.028487717965, 0.97151228204],
      [0.78345085931, 0.21654914069]
    ],
    [
      [0.5248381225, 0.4751618775],
      [0.5385816241, 0.4614183759],
      [0.051478943838, 0.94852105616],
      [0.95331034492, 0.046689655084]
    ],
    [
      [0.59133608914, 0.40866391086],
      [0.46631447499, 0.53368552501],
      [0.067597906181, 0.93240209382],
      [0.94433571174, 0.055664288259]
    ],
    [
      [0.6031773919, 0.3968226081],
      [0.48402146927, 0.51597853073],
      [0.050447508733, 0.94955249127],
      [0.96376252194, 0.03623747806]
    ],
    [
      [0.64963263221, 0.35036736779],
      [0.50218256712, 0.49781743288],
      [0.068518008486, 0.93148199151],
      [0.95529165299, 0.044708347006]
    ],
    [
      [0.60037366617, 0.39962633383],
      [0.5026242134, 0.4973757866],
      [0.042364202023, 0.95763579798],
      [0.96727228828, 0.032727711717]
    ],
    [
      [0.69508469226, 0.30491530774],
      [0.47990202778, 0.52009797222],
      [0.068717723507, 0.93128227649],
      [0.94542219257, 0.054577807426]
    ],
    [
      [0.54161771216, 0.45838228784],
      [0.46738797177, 0.53261202823],
      [0.053293041653, 0.94670695835],
      [0.95481887234, 0.045181127664]
    ],
    [
      [0.70098622478, 0.29901377522],
      [0.64501928445, 0.35498071555],
      [0.080770041634, 0.91922995837],
      [0.9587532303, 0.041246769697]
    ],
    [
      [0.45442233278, 0.54557766722],
      [0.31094686872, 0.68905313128],
      [0.045891706112, 0.95410829389],
      [0.93168273038, 0.068317269621]
    ],
