{
  "X": [
    [45, 55],
    [41, 59],
    [43, 57],
    [36, 64],
    [39, 61],
    [48, 52],
    [38, 62],
    [35, 65],
    [42, 58],
    [38, 62],
    [38, 62],
    [40, 60],
    [32, 68],
    [19, 81],
    [20, 80],
    [28, 72],
    [21, 79],
    [34, 66],
    [22, 78],
    [37, 63],
    [22, 78],
    [24, 76],
    [22, 78],
    [33, 67],
    [25, 75],
    [44, 56],
    [41, 59],
    [43, 57],
    [52, 48],
    [46, 54],
    [54, 46],
    [48, 52],
    [36, 64],
    [44, 56],
    [43, 57],
    [49, 51],
    [43, 57],
    [42, 58],
    [35, 65],
    [47, 53],
    [37, 63],
    [40, 60],
    [32, 68],
    [31, 69],
    [47, 53],
    [33, 67],
    [39, 61],
    [37, 63],
    [42, 58],
    [35, 65]
  ],
  "W": [
    [56, 9, 21, 14],
    [58, 22, 16, 4],
    [54, 16, 20, 10],
    [57, 13, 11, 19],
    [61, 14, 12, 13],
    [64, 11, 16, 9],
    [68, 12, 9, 11],
    [63, 14, 13, 10],
    [63, 13, 15, 9],
    [59, 15, 12, 14],
    [66, 6, 12, 16],
    [63, 14, 10, 13],
    [43, 32, 15, 10],
    [11, 61, 16, 12],
    [9, 63, 12, 16],
    [12, 63, 15, 10],
    [13, 62, 15, 10],
    [16, 59, 13, 12],
    [12, 63, 13, 12],
    [14, 61, 16, 9],
    [16, 59, 14, 11],
    [14, 64, 10, 12],
    [9, 61, 14, 16],
    [12, 62, 11, 15],
    [14, 62, 18, 6],
    [10, 15, 62, 13],
    [14, 13, 61, 12],
    [12, 16, 64, 8],
    [13, 16, 57, 14],
    [15, 9, 63, 13],
    [17, 14, 59, 10],
    [11, 10, 69, 10],
    [14, 13, 60, 13],
    [13, 18, 54, 15],
    [10, 13, 67, 10],
    [14, 14, 56, 16],
    [11, 10, 65, 14],
    [17, 9, 34, 40],
    [13, 12, 14, 61],
    [12, 11, 10, 67],
    [7, 14, 16, 63],
    [9, 8, 12, 71],
    [13, 11, 10, 66],
    [18, 15, 7, 60],
    [14, 10, 10, 66],
    [8, 9, 11, 72],
    [16, 17, 11, 56],
    [12, 14, 13, 61],
    [13, 12, 9, 66],
    [17, 16, 7, 60]
  ],
  "method": "mcmc",
  "mcmc_stepsize": 3000,
  "mcmc_samples": 100,
  "burn_in": 10000,
  "cond_prob": [
    [
      [0.50915396618, 0.49084603382],
      [0.25389035372, 0.74610964628],
      [0.47737612342, 0.52262387658],
      [0.29839043704, 0.70160956296]
    ],
    [
      [0.45925789418, 0.54074210582],
      [0.1595746264, 0.8404253736],
      [0.55502499524, 0.44497500476],
      [0.49300010829, 0.50699989171]
    ],
    [
      [0.48591691989, 0.51408308011],
      [0.15346816852, 0.84653183148],
      [0.5754480557, 0.4245519443],
      [0.27960345155, 0.72039654845]
    ],
    [
      [0.39295277259, 0.60704722741],
      [0.18129123454, 0.81870876546],
      [0.44395644209, 0.55604355791],
      [0.3348097395, 0.6651902605]
    ],
    [
      [0.45614550755, 0.54385449245],
      [0.13916672276, 0.86083327724],
      [0.45409920472, 0.54590079528],
      [0.29058457418, 0.70941542582]
    ],
    [
      [0.52855471296, 0.47144528704],
      [0.1758593329, 0.8241406671],
      [0.53013120031, 0.46986879969],
      [0.41732738933, 0.58267261067]
    ],
    [
      [0.40803056997, 0.59196943003],
      [0.14949902911, 0.85050097089],
      [0.56405335637, 0.43594664363],
      [0.30758660774, 0.69241339226]
    ],
    [
      [0.39281711681, 0.60718288319],
      [0.13234602468, 0.86765397532],
      [0.41963757442, 0.58036242558],
      [0.29443888279, 0.70556111721]
    ],
    [
      [0.47893821712, 0.52106178288],
      [0.15244144622, 0.84755855378],
      [0.46104693468, 0.53895306532],
      [0.32549438895, 0.67450561105]
    ],
    [
      [0.45510325215, 0.54489674785],
      [0.13472512404, 0.86527487596],
      [0.44435186287, 0.55564813713],
      [0.27112920773, 0.72887079227]
    ],
    [
      [0.41322102402, 0.58677897598],
      [0.16535540181, 0.83464459819],
      [0.43308611114, 0.56691388886],
      [0.2836404169, 0.7163595831]
    ],
    [
      [0.45330993281, 0.54669006719],
      [0.14682479385, 0.85317520615],
      [0.52679268729, 0.47320731271],
      [0.3167692497, 0.6832307503]
    ],
    [
      [0.43386516018, 0.56613483982],
      [0.11695469839, 0.88304530161],
      [0.42592191223, 0.57407808777],
      [0.32124190804, 0.67875809196]
    ],
    [
      [0.33740486695, 0.66259513305],
      [0.094920433048, 0.90507956695],
      [0.38265757936, 0.61734242064],
      [0.28132323149, 0.71867676851]
    ],
    [
      [0.38900223965, 0.61099776035],
      [0.11609237359, 0.88390762641],
      [0.39271293845, 0.60728706155],
      [0.27953781536, 0.72046218464]
    ],
    [
      [0.50336102629, 0.49663897371],
      [0.17584984416, 0.82415015584],
      [0.48604889046, 0.51395110954],
      [0.35903941453, 0.64096058547]
    ],
    [
      [0.38284715887, 0.61715284113],
      [0.10968494588, 0.89031505412],
      [0.4401289212, 0.5598710788],
      [0.26205864724, 0.73794135276]
    ],
    [
      [0.5449682281, 0.4550317719],
      [0.22377929217, 0.77622070783],
      [0.5576605652, 0.4423394348],
      [0.40232856371, 0.59767143629]
    ],
    [
      [0.43668128477, 0.56331871523],
      [0.11666492719, 0.88333507281],
      [0.43849796482, 0.56150203518],
      [0.30912171891, 0.69087828109]
    ],
    [
      [0.59433395455, 0.40566604545],
      [0.2372603204, 0.7627396796],
      [0.60867187697, 0.39132812303],
      [0.49641056226, 0.50358943774]
    ],
    [
      [0.40003146504, 0.59996853496],
      [0.10927970152, 0.89072029848],
      [0.42540980805, 0.57459019195],
      [0.29056880521, 0.70943119479]
    ],
    [
      [0.44703213692, 0.55296786308],
      [0.13882858996, 0.86117141004],
      [0.47947289581, 0.52052710419],
      [0.33848261394, 0.66151738606]
    ],
    [
      [0.39188034549, 0.60811965451],
      [0.1220260181, 0.8779739819],
      [0.42612788479, 0.57387211521],
      [0.31648121245, 0.68351878755]
    ],
    [
      [0.5577240914, 0.4422759086],
      [0.22285085323, 0.77714914677],
      [0.53899634606, 0.46100365394],
      [0.43743987975, 0.56256012025]
    ],
    [
      [0.4633120514, 0.5366879486],
      [0.12599364496, 0.87400635504],
      [0.49711086497, 0.50288913503],
      [0.29233828728, 0.70766171272]
    ],
    [
      [0.44757937369, 0.55242062631],
      [0.1450577905, 0.8549422095],
      [0.53588801162, 0.46411198838],
      [0.31717559115, 0.68282440885]
    ],
    [
      [0.45080525751, 0.54919474249],
      [0.12320527435, 0.87679472565],
      [0.48150527235, 0.51849472765],
      [0.30960301792, 0.69039698208]
    ],
    [
      [0.46113450459, 0.53886549541],
      [0.11708672351, 0.88291327649],
      [0.50679499999, 0.49320500001],
      [0.39476479616, 0.60523520384]
    ],
    [
      [0.52912837454, 0.47087162546],
      [0.1988389738, 0.8011610262],
      [0.62756020831, 0.37243979169],
      [0.44064111975, 0.55935888025]
    ],
    [
      [0.4719565115, 0.5280434885],
      [0.12757952155, 0.87242047845],
      [0.52235659321, 0.47764340679],
      [0.37415163548, 0.62584836452]
    ],
    [
      [0.54016037628, 0.45983962372],
      [0.19321535417, 0.80678464583],
      [0.63107794177, 0.36892205823],
      [0.48786600803, 0.51213399197]
    ],
    [
      [0.46995860305, 0.53004139695],
      [0.12795900219, 0.87204099781],
      [0.54987104718, 0.45012895282],
      [0.36097630892, 0.63902369108]
    ],
    [
      [0.40561335865, 0.59438664135],
      [0.10727765313, 0.89272234687],
      [0.41911983992, 0.58088016008],
      [0.29073946869, 0.70926053131]
    ],
    [
      [0.47719332088, 0.52280667912],
      [0.12414914157, 0.87585085843],
      [0.5480913115, 0.4519086885],
      [0.39765809729, 0.60234190271]
    ],
    [
      [0.43453884514, 0.56546115486],
      [0.12334889007, 0.87665110993],
      [0.50196386619, 0.49803613381],
      [0.34194969432, 0.65805030568]
    ],
    [
      [0.49589858788, 0.50410141212],
      [0.18429074007, 0.81570925993],
      [0.58611948305, 0.41388051695],
      [0.41591614737, 0.58408385263]
    ],
    [
      [0.41595802539, 0.58404197461],
      [0.11304524352, 0.88695475648],
      [0.50977175013, 0.49022824987],
      [0.29706039478, 0.70293960522]
    ],
    [
      [0.39011070231, 0.60988929769],
