{
  "X": [
    [1044, 816, 198],
    [456, 235, 99],
    [816, 479, 142],
    [800, 705, 164],
    [403, 218, 85],
    [517, 901, 83],
    [485, 1154, 117],
    [281, 426, 59],
    [815, 1003, 144],
    [241, 238, 53],
    [544, 432, 128],
    [325, 334, 60],
    [49, 39, 14],
    [18, 20, 12],
    [407, 559, 114],
    [549, 683, 142],
    [270, 387, 67],
    [1121, 1002, 214],
    [596, 812, 109],
    [448, 820, 73],
    [611, 1051, 171],
    [926, 1560, 207],
    [18, 23, 6],
    [39, 46, 13],
    [125, 100, 43],
    [1138, 1415, 248],
    [155, 111, 38],
    [1057, 1039, 274],
    [217, 246, 37]
  ],
  "W": [
    [155, 906, 690, 140, 167],
    [31, 404, 225, 45, 85],
    [66, 759, 442, 83, 87],
    [96, 699, 621, 113, 140],
    [43, 364, 200, 49, 50],
    [97, 487, 759, 58, 100],
    [68, 474, 1004, 56, 154],
    [41, 253, 378, 23, 71],
    [132, 697, 876, 87, 170],
    [20, 221, 221, 28, 42],
    [49, 513, 394, 57, 91],
    [18, 314, 296, 33, 58],
    [5, 44, 36, 3, 14],
    [1, 21, 20, 3, 5],
    [50, 404, 485, 58, 83],
    [41, 524, 605, 94, 110],
    [26, 281, 326, 44, 47],
    [89, 1097, 836, 101, 214],
    [86, 558, 701, 47, 125],
    [98, 392, 707, 62, 82],
    [64, 585, 932, 89, 163],
    [101, 907, 1319, 131, 235],
    [3, 13, 24, 3, 4],
    [6, 38, 42, 3, 9],
    [4, 117, 107, 21, 19],
    [135, 1006, 1284, 153, 223],
    [7, 147, 112, 12, 26],
    [164, 986, 933, 109, 178],
    [47, 182, 237, 11, 23]
  ],
  "method": "mult",
  "cond_prob": [
    [
      [0.66323234299, 0.31735070809, 0.019416948925],
      [0.87582993933, 0.012534981324, 0.11163507935],
      [0.02326954309, 0.96402933721, 0.012701119704],
      [0.47304523123, 0.11228891314, 0.41466585563],
      [0.39170505808, 0.44642668655, 0.16186825536]
    ],
    [
      [0.70417472599, 0.27189734627, 0.023927927744],
      [0.86032038439, 0, 0.13967961561],
      [0.13711569899, 0.84484271258, 0.018041588432],
      [0.45205734542, 0.08657272066, 0.46136993392],
      [0.4165592398, 0.38336234712, 0.20007841308]
    ],
    [
      [0.6821589219, 0.29825463039, 0.019586447706],
      [0.88681256682, 0, 0.11318743318],
      [0.050629512642, 0.9357867472, 0.013583740157],
      [0.4813865934, 0.10440361788, 0.41420978871],
      [0.40866024252, 0.42565461893, 0.16568513855]
    ],
    [
      [0.66474430192, 0.31500148468, 0.020254213406],
      [0.87881590644, 0.0035640586161, 0.11762003494],
      [0.023469091691, 0.96319645755, 0.013334450761],
      [0.46556786945, 0.10944888541, 0.42498324514],
      [0.39077680874, 0.44111325935, 0.1681099319]
    ],
    [
      [0.68628252002, 0.29067669686, 0.023040783115],
      [0.86562546979, 0, 0.13437453021],
      [0.080973700125, 0.90271098193, 0.016315317944],
      [0.45064068757, 0.094661184639, 0.45469812779],
      [0.40252093842, 0.40640615202, 0.19107290956]
    ],
    [
      [0.61778507234, 0.36648253516, 0.015732392498],
      [0.80664109006, 0.096902995958, 0.096455913985],
      [0, 1, 0],
      [0.48584830854, 0.14300352138, 0.37114817008],
      [0.36061435229, 0.50965230818, 0.12973333953]
    ],
    [
      [0.60532372463, 0.37348793822, 0.021188337151],
      [0.77661862795, 0.095311411946, 0.1280699601],
      [0, 0.9958018114, 0.004198188602],
      [0.42446799442, 0.12995464795, 0.44557735763],
      [0.3373412298, 0.49586189617, 0.16679687404]
    ],
    [
      [0.64203973423, 0.33669177855, 0.021268487219],
      [0.83926356042, 0.037815797726, 0.12292064185],
      [0.015983575807, 0.97177837986, 0.012238044332],
      [0.44293026607, 0.11525871222, 0.44181102171],
      [0.36779580753, 0.45978960967, 0.1724145828]
    ],
    [
      [0.65410883458, 0.32786767004, 0.018023495379],
      [0.85847984445, 0.03700416178, 0.10451599377],
      [0.02572862347, 0.96451893018, 0.009752446354],
      [0.4821121276, 0.11989413333, 0.39799373907],
      [0.38714795879, 0.46223643741, 0.1506156038]
    ],
    [
      [0.66500286232, 0.3127042741, 0.022292863584],
      [0.86875593668, 0, 0.13124406332],
      [0.031902611255, 0.9533616784, 0.014735710345],
      [0.4455940427, 0.10395178928, 0.45045416802],
      [0.38518501107, 0.43196032124, 0.18285466769]
    ],
    [
      [0.66398955203, 0.3111483729, 0.024862075065],
      [0.85399261654, 0, 0.14600738346],
      [0.037498104688, 0.94599718633, 0.016504708983],
      [0.42447079441, 0.098673178461, 0.47685602713],
      [0.37799133117, 0.42204908947, 0.19995957936]
    ],
    [
      [0.65186690033, 0.32939249226, 0.018740607401],
      [0.85648216553, 0.036385109022, 0.10713272545],
      [0.022028277838, 0.96614973112, 0.011821991041],
      [0.4726897892, 0.11849646756, 0.40881374324],
      [0.38296314714, 0.46129839768, 0.15573845518]
    ],
    [
      [0.67621658191, 0.29294308103, 0.03084033706],
      [0.8171455663, 0, 0.1828544337],
      [0.092784840938, 0.88589857651, 0.021316582547],
      [0.37807979482, 0.081204494737, 0.54071571044],
      [0.37071560821, 0.38566588258, 0.24361850921]
    ],
    [
      [0.6133242704, 0.32949878286, 0.057176946743],
      [0.68418597512, 0, 0.31581402488],
      [0.048307909101, 0.88570130321, 0.065990787692],
      [0.23076316073, 0.06149056632, 0.70774627295],
      [0.27206451757, 0.35440069081, 0.37353479162]
    ],
    [
      [0.61994657648, 0.35410866963, 0.025944753895],
      [0.80459002544, 0.045534333344, 0.14987564122],
      [0, 0.98590627274, 0.014093727259],
      [0.39373758582, 0.1115831927, 0.49467922148],
      [0.33869302313, 0.46099190834, 0.20031506853]
    ],
    [
      [0.63756674794, 0.33950589617, 0.022927355885],
      [0.83009718654, 0.038002963751, 0.13189984971],
      [0.013457046471, 0.97240293895, 0.014140014576],
      [0.42691810619, 0.11278900743, 0.46029288638],
      [0.36015474992, 0.45691600442, 0.18292924565]
    ],
    [
      [0.60767510067, 0.3702263977, 0.022098501631],
      [0.78290961492, 0.084572099609, 0.13251828547],
      [0, 0.99708825075, 0.0029117492467],
      [0.41729580005, 0.1261406122, 0.45656358775],
      [0.33706022102, 0.48954036143, 0.17339941755]
    ],
    [
      [0.64292837568, 0.33721552, 0.019856104324],
      [0.83870322611, 0.047801409244, 0.11349536464],
      [0.021285620474, 0.9664589529, 0.012255426626],
      [0.45771026784, 0.11909760757, 0.42319212459],
      [0.3724225222, 0.46523892425, 0.16233855355]
    ],
    [
      [0.63650722768, 0.34435854224, 0.01913423008],
      [0.84791779924, 0.039442614362, 0.1126395864],
      [0.00056599019054, 0.99171098346, 0.0077230263484],
      [0.46083616617, 0.12369808876, 0.41546574507],
      [0.36852950008, 0.4749838158, 0.15648668411]
    ],
    [
      [0.62772722689, 0.35670226152, 0.015570511598],
      [0.83052790817, 0.074846740915, 0.09462535092],
      [0, 0.99862079503, 0.0013792049698],
      [0.49347145169, 0.1391383813, 0.367390167],
      [0.36976294829, 0.50063139275, 0.12960565896]
    ],
    [
      [0.62353297764, 0.35184823398, 0.024618788384],
      [0.81767879852, 0.039676276695, 0.14264492478],
      [0.00047991893889, 0.98674583778, 0.012774243284],
      [0.40597222555, 0.11366299513, 0.48036477932],
      [0.34461950779, 0.46323904162, 0.1921414506]
    ],
    [
      [0.61446569058, 0.3657157836, 0.019818525824],
      [0.79845105665, 0.082177377967, 0.11937156539],
      [0, 0.99731603375, 0.002683966251],
      [0.44230276393, 0.1306092257, 0.42708801037],
      [0.34809444596, 0.49343900834, 0.15846654571]
    ],
    [
      [0.69899592054, 0.27082396109, 0.030180118372],
      [0.8157910906, 0.02655846378, 0.15765044562],
      [0.10921939826, 0.84024691345, 0.050533688282],
      [0.3768185376, 0.072760871272, 0.55042059113],
      [0.38650172236, 0.36451488772, 0.24898338991]
    ],
    [
      [0.63661597357, 0.32855298567, 0.034831040762],
      [0.77674048656, 0.034116559179, 0.18914295426],
      [0.040264127896, 0.92364637136, 0.036089500743],
      [0.33476191172, 0.085743386604, 0.57949470168],
      [0.3298651736, 0.40909723114, 0.26103759526]
    ],
